date,GOLD,BTC,VIX,DXY,FED,BEI,EPU,SENT_G,SENT_C,HSHARE_G,HSHARE_C
2017-01-03,-0.5549809897020808,4.831479070106326,12.850000381469728,-0.2828313349366063,0.10999999999999999,0.030000000000000027,4.498141613229568,-0.2,-0.0358565737051792,1.0,0.25
2017-01-04,0.29257608917383493,10.096034523200359,11.850000381469728,-0.49536514880665905,0.0,0.010000000000000009,4.624874769262426,-0.125,-0.0588235294117647,0.9375,0.2891566265060241
2017-01-05,1.3569572279167552,-13.05752503587252,11.670000076293944,-1.1556296879835948,0.0,-0.040000000000000036,4.901341125835779,-0.0555555555555555,-0.0514018691588785,0.5,0.1726190476190476
2017-01-06,-0.6633743360060507,-11.620924119418063,11.31999969482422,0.687157494264401,0.0,0.010000000000000009,4.574401652316455,0.0,-0.0531400966183574,0.0,0.1654676258992805
2017-01-09,-0.6633743360060507,0.5897382845302168,11.5600004196167,0.687157494264401,0.0,-0.010000000000000009,5.123963979403259,-0.0828680897646415,-0.07991062317444107,0.7666666666666666,0.32656602904675314
2017-01-10,0.05912499106308644,0.015610584716529985,11.489999771118164,0.0784562461515037,0.0,0.0,4.803201036487226,-0.0909090909090909,-0.0805369127516778,0.5,0.38
2017-01-11,0.9580731125188535,-15.447664907682235,11.260000228881836,-0.22572594686698366,0.0,0.040000000000000036,4.824787527525743,0.0,-0.048076923076923,1.0,0.1698113207547169
2017-01-12,0.27563590874688515,3.422186501689417,11.539999961853027,-0.42337513246710756,0.0,-0.010000000000000009,4.730215674962316,0.0,-0.043859649122807,0.0,0.2073170731707317
2017-01-13,-0.30072493432919956,2.3515097351718417,11.229999542236328,-0.16787459625122736,0.0,0.010000000000000009,4.909414346738851,0.0,-0.0052910052910052,0.0,0.2155172413793103
2017-01-17,-0.30072493432919956,9.710913393486376,11.869999885559082,-0.16787459625122736,0.0,-0.020000000000000018,5.081155886911374,-0.1428571428571428,-0.0615384615384615,1.0,0.217391304347826
2017-01-18,-0.05776842959903661,-2.376187851963607,12.479999542236328,0.5962439086563798,0.0,0.030000000000000027,4.909635626474218,0.25,-0.0816326530612244,0.0,0.2826086956521739
2017-01-19,-0.8622907336826913,1.3950027432390044,12.779999732971191,0.2177368424656656,0.0,0.040000000000000036,4.559754322457609,-1.0,-0.023391812865497,0.0,0.2254901960784313
2017-01-20,0.2827229814809762,-0.45114611140766314,11.539999961853027,-0.4061659586943378,0.0,0.0,4.952653011557909,0.0,-0.06,0.0,0.2758620689655172
2017-01-23,0.2827229814809762,3.0225211533732477,11.770000457763672,-0.4061659586943378,0.0,-0.020000000000000018,5.1000899800703055,-0.022660818713450267,-0.0705373763348691,1.0,0.3413778549942886
2017-01-24,-0.38757736862713443,-3.2841952113294326,11.06999969482422,0.18951161223963453,0.0,0.040000000000000036,4.913757219119769,0.0,-0.1264367816091954,1.0,0.4
2017-01-25,-1.0799240583716951,0.987059326696027,10.8100004196167,-0.31939312430582234,0.0,0.020000000000000018,5.1655856540940785,-0.3333333333333333,-0.0347222222222222,1.0,0.3023255813953488
2017-01-26,-0.6536011761648197,1.7639684998949967,10.630000114440918,0.34928280712227533,0.0,0.0,4.491441420659749,-0.217391304347826,-0.0719424460431654,0.8,0.3548387096774194
2017-01-27,-0.11776788275987826,0.23555870752023367,10.579999923706056,0.14932214097118646,0.0,0.0,4.9056450802386244,0.0714285714285714,-0.1073825503355704,0.0,0.3402061855670103
2017-01-30,-0.11776788275987826,0.0803525081484402,11.880000114440918,0.14932214097118646,0.0,-0.010000000000000231,5.018228613956582,-0.1272727272727273,-0.04670823586100426,0.3333333333333333,0.30363279332351495
2017-01-31,1.2823912008577132,5.280604566573377,11.989999771118164,-0.9202807349372399,-0.09999999999999998,-0.020000000000000018,4.93655809069994,-0.1818181818181818,-0.0844155844155844,1.0,0.2123893805309734
2017-02-01,-0.24852966654380637,1.9006132801863806,11.8100004196167,0.13055211738457473,0.09999999999999998,0.0,5.0643656165172235,0.0454545454545454,-0.0470588235294117,0.75,0.2148760330578512
2017-02-02,0.916488760006029,2.2768592259201803,11.93000030517578,0.21053603116998332,0.0,0.0,4.732067119176442,-0.0714285714285714,-0.0355029585798816,0.5,0.2016806722689075
2017-02-03,0.14783584034638864,1.7740542159063288,10.970000267028809,0.02003231765037583,0.0,0.0,4.8773324467818355,-0.1666666666666666,-0.1162790697674418,0.75,0.2150537634408602
2017-02-06,0.14783584034638864,0.6021170332942027,11.369999885559082,0.02003231765037583,0.0,-0.029999999999999805,5.012367126941014,0.0,-0.08192780066683514,0.16666666666666666,0.2778712542318919
2017-02-07,0.3408777957932152,2.4049036402440827,11.289999961853027,0.34970157432550053,0.0,-0.020000000000000018,4.802544545408338,0.0,-0.0448717948717948,1.0,0.2967032967032967
2017-02-08,0.27510532075201155,0.1619238325925032,11.449999809265137,0.019942797488159414,0.0,-0.040000000000000036,4.779039455967062,0.1538461538461538,-0.0274725274725274,1.0,0.2920353982300885
2017-02-09,-0.2022081854818225,-6.679373711864844,10.880000114440918,0.3682906128902097,0.0,0.030000000000000027,4.308649164869106,0.0,-0.0952380952380952,0.5,0.2457627118644068
2017-02-10,-0.05668768500655119,-0.5757777136341957,10.850000381469728,0.14892186665944607,0.0,0.019999999999999796,5.443456132214275,-0.12,-0.0594594594594594,0.5,0.3095238095238095
2017-02-13,-0.05668768500655119,0.9479815569256367,11.06999969482422,0.14892186665944607,0.0,-0.009999999999999787,4.597406795370257,-0.037037037037037035,-0.03409174300515553,0.6666666666666666,0.2718954248366013
2017-02-14,-0.04084466748182081,0.6450468544622723,10.739999771118164,0.28683162619644875,0.0,0.009999999999999787,4.789157022101107,0.0,-0.0391061452513966,1.0,0.352
2017-02-15,0.6352787968514129,0.2912476248507545,11.970000267028809,-0.06915941066916176,0.0,0.050000000000000266,4.868764462910782,-0.0454545454545454,-0.0774193548387096,0.9166666666666666,0.3055555555555556
2017-02-16,0.6716090294516697,1.9618070354986195,11.760000228881836,-0.7340553283461837,0.0,-0.040000000000000036,4.489422577443778,0.5,-0.0594594594594594,1.0,0.2826086956521739
2017-02-17,-0.19373790671677327,1.8103858479592283,11.489999771118164,0.5064755931961429,0.0,-0.010000000000000231,4.964870548728511,-0.1428571428571428,-0.0552763819095477,0.8,0.3928571428571428
2017-02-21,-0.19373790671677327,5.014097471920564,11.56999969482422,0.5064755931961429,0.0,0.020000000000000018,4.47209583176275,-0.2307692307692307,-0.0773480662983425,1.0,0.336
2017-02-22,-0.4454350349380576,0.19168315546735926,11.739999771118164,-0.03946809584931543,0.0,0.010000000000000231,5.423671667700738,0.0,-0.09,1.0,0.3309859154929577
2017-02-23,1.4664634347995253,4.315606560435903,11.710000038146973,-0.27670614803367855,0.0,-0.010000000000000231,4.439587745198413,-0.0625,-0.0561224489795918,0.875,0.1783439490445859
2017-02-24,0.5344891913360961,0.5947789654450197,11.470000267028809,0.03956988896351987,0.0,-0.029999999999999805,4.59511985013459,0.0909090909090909,-0.0472103004291845,1.0,0.2588235294117647
2017-02-27,0.5344891913360961,-0.9138450117042396,12.09000015258789,0.03956988896351987,0.0,0.009999999999999787,4.51455231340435,-0.3703703703703704,-0.08456700931138554,0.6666666666666666,0.34367362691760484
2017-02-28,-0.38247447646631016,1.4483282102024653,12.920000076293944,-0.009883319499692789,-0.09000000000000008,0.010000000000000231,4.738389029774314,0.4,-0.0706521739130434,1.0,0.4146341463414634
2017-03-01,-0.2958188183111332,3.540895276981093,12.539999961853027,0.6505651606983243,0.09000000000000008,0.009999999999999787,4.71760561531788,-0.2,-0.0872093023255814,1.0,0.3953488372093023
2017-03-02,-1.3705470631345307,2.305329049724314,11.8100004196167,0.41180387418195963,0.0,-0.020000000000000018,4.8304714078561,0.1428571428571428,-0.0320855614973262,0.0,0.3897058823529412
2017-03-03,-0.5208788817978593,1.8987094918869296,10.960000038146973,-0.6478829373291362,0.0,0.03000000000000025,4.487624622133048,-0.1428571428571428,-0.0560344827586206,1.0,0.367816091954023
2017-03-06,-0.5208788817978593,-0.7839861922602331,11.239999771118164,-0.6478829373291362,0.0,-0.03000000000000025,4.676342902108674,-0.0396825396825397,-0.0632490955451426,0.5,0.3767024398603345
2017-03-07,-0.7706239569881035,-3.3350137474830177,11.449999809265137,0.16711546921497344,0.0,0.020000000000000018,4.26507138131118,-0.0714285714285714,-0.0818181818181818,0.5,0.2166666666666666
2017-03-08,-0.5446436678803401,-6.198638601041129,11.859999656677246,0.2550542286459567,0.0,-0.020000000000000018,4.824386033964322,-0.125,-0.0561797752808988,0.0,0.2926829268292683
2017-03-09,-0.5060341400330515,3.2921643223535746,12.300000190734863,-0.21577217343535793,0.0,-0.009999999999999787,4.557764063590821,0.0,-0.093167701863354,0.5,0.3611111111111111
2017-03-10,-0.14149003729180265,-6.228779461108402,11.65999984741211,-0.590842170453687,0.0,0.009999999999999787,4.402441819416474,0.0,-0.065,1.0,0.2469135802469135
2017-03-13,-0.14149003729180265,7.998487181969605,11.350000381469728,-0.590842170453687,0.0,0.0,4.705618657284897,-0.0969498910675381,-0.05210116304586343,0.6666666666666666,0.2692749778956675
2017-03-14,-0.0415921471574876,2.473071680963912,12.300000190734863,0.3151467094810734,0.0,-0.019999999999999796,4.8064770426931265,-0.1,-0.0838709677419354,0.6666666666666666,0.2577319587628865
2017-03-15,-0.14987919775935055,0.7720111292730536,11.630000114440918,-0.9484353934943179,0.0,0.019999999999999796,5.071918522513154,-0.1379310344827586,-0.0542635658914728,1.0,0.3285714285714285
2017-03-16,2.175971840450508,-5.072016609052099,11.210000038146973,-0.4676405055228372,0.25,0.010000000000000231,4.515683019486556,-0.125,-0.1212121212121212,1.0,0.2857142857142857
2017-03-17,0.26870095249433845,-7.659209371416775,11.279999732971191,0.029921133729793326,0.0,-0.010000000000000231,5.023946308155928,-0.1428571428571428,-0.059171597633136,0.5,0.209090909090909
2017-03-20,0.26870095249433845,-7.415313259290368,11.34000015258789,0.029921133729793326,0.0,-0.009999999999999787,4.908922438617367,-0.011904761904761899,-0.12152038922117424,1.0,0.17418225871584325
2017-03-21,1.0081950338284962,9.244464831896515,12.470000267028809,-0.5993486124947545,0.0,-0.020000000000000018,5.217486848633488,-0.3333333333333333,-0.078125,0.0,0.2558139534883721
2017-03-22,0.256477916572706,-6.58399519210997,12.8100004196167,-0.13032961372596574,0.0,-0.010000000000000009,4.186619838331271,0.0,-0.125,0.6666666666666666,0.3023255813953488
2017-03-23,-0.1922942939821759,-1.0106803783773266,13.119999885559082,0.08022646847809511,0.0,-0.020000000000000018,3.885062823845363,-0.0833333333333333,-0.0802919708029197,1.0,0.3125
2017-03-24,0.10419837987623026,-10.238115832507777,12.960000038146973,-0.13040262965349214,0.0,0.030000000000000027,4.666923582263574,0.5,-0.1013513513513513,0.0,0.2549019607843137
2017-03-27,0.10419837987623026,5.959640904130126,12.5,-0.13040262965349214,0.0,-0.010000000000000009,4.728920566757509,-0.08333333333333333,-0.09471677747539814,1.0,0.20014564874377952
2017-03-28,-0.00796396089333129,5.099296957475374,11.529999732971191,0.5430432924563355,0.0,0.0,4.496805161309966,0.0,-0.0382165605095541,1.0,0.2323232323232323
2017-03-29,-0.15147484528919009,-0.68803730046616,11.420000076293944,0.2904222329290995,0.0,0.010000000000000009,4.1993049978585875,-0.1818181818181818,-0.1370967741935483,0.6666666666666666,0.275
2017-03-30,-0.6724348370036104,-1.3105023821427864,11.539999961853027,0.40916543748128475,0.0,-0.020000000000000018,4.51688527112052,0.0833333333333333,-0.0519480519480519,0.5,0.3229166666666667
2017-03-31,0.18457243799128165,4.32433697911625,12.369999885559082,-0.05977803261272285,-0.09000000000000008,0.010000000000000009,5.399835509738385,-0.3333333333333333,-0.0222222222222222,1.0,0.2127659574468085
2017-04-03,0.18457243799128165,3.3972245631223252,12.380000114440918,-0.05977803261272285,0.030000000000000027,-0.010000000000000009,5.094302195668827,-0.08333333333333333,-0.0767510517457357,0.6666666666666666,0.37040639573617584
2017-04-04,0.33521869446824226,2.178718082537223,11.789999961853027,0.0,0.06000000000000005,0.0,4.643910014304022,-0.2,-0.0597014925373134,1.0,0.2988505747126437
2017-04-05,-0.767878952414236,-0.7502123814714601,12.890000343322754,0.01988726333577162,0.0,0.010000000000000009,4.3212144952771245,0.0,-0.0559006211180124,1.0,0.2244897959183673
2017-04-06,0.3926778512338913,5.019560806332191,12.390000343322754,0.10932825487621756,0.0,-0.020000000000000018,4.411342689007935,0.125,-0.0859375,1.0,0.1923076923076923
2017-04-07,0.3194125405133086,-0.4899211441568241,12.869999885559082,0.5053289327308086,0.0,-0.010000000000000009,4.218477763203211,-0.5,-0.1079136690647482,0.0,0.2637362637362637
2017-04-10,0.3194125405133086,0.5718987256433827,14.050000190734863,0.5053289327308086,0.0,-0.010000000000000009,4.570958241317902,-0.08333333333333333,-0.05788655788655783,0.6666666666666666,0.33322464063476537
2017-04-11,1.5938153002180933,1.7885002865261512,15.06999969482422,-0.3073393240195621,0.0,-0.020000000000000018,3.7343307170178535,-0.25,-0.0634920634920634,0.5,0.2962962962962963
2017-04-12,0.3220185508955531,-0.3858035232978452,15.770000457763672,0.06948205705743504,0.0,-0.010000000000000009,4.375631227585021,0.0555555555555555,-0.0069930069930069,1.0,0.1875
2017-04-13,0.8277397941952813,-2.6241638711645088,15.960000038146973,-0.21853711360115824,0.0,0.020000000000000018,4.089834406744215,-0.2666666666666666,-0.1081081081081081,1.0,0.2738095238095238
2017-04-17,0.8277397941952813,1.3258828232979525,14.65999984741211,-0.21853711360115824,0.0,-0.040000000000000036,4.650143551630823,-0.196969696969697,-0.055700485499026335,0.5,0.32219364820506385
2017-04-18,0.17821296255693397,2.3841776707549833,14.420000076293944,-0.8008081229641917,0.0,-0.029999999999999805,4.268157803514369,-0.25,-0.081081081081081,1.0,0.3956043956043956
2017-04-19,-0.800589317895728,-0.11395770242774717,14.93000030517578,0.24091345354380067,0.0,0.0,4.535927283245931,-0.25,-0.0822784810126582,1.0,0.3831775700934579
2017-04-20,0.03901221057365234,1.5405853693440719,14.149999618530272,0.04009714989603452,0.0,0.0,4.022848560517031,0.0,-0.0916030534351145,1.0,0.3536585365853658
2017-04-21,0.42813282190623525,-0.5736069884235917,14.630000114440918,0.20024493625294681,0.0,-0.010000000000000009,4.824386033964322,-0.0434782608695652,-0.0903225806451612,1.0,0.3495145631067961
2017-04-24,0.42813282190623525,0.6232274140452354,10.84000015258789,0.20024493625294681,0.0,0.030000000000000027,4.945041401435206,-0.08333333333333333,-0.07287302500068453,0.6666666666666666,0.3095479082321187
2017-04-25,-0.8027172357524037,2.8697300700945227,10.760000228881836,-0.27284807839960123,0.0,0.039999999999999813,4.074481933125849,0.0,-0.0993377483443708,1.0,0.3947368421052631
2017-04-26,-0.2769317802299831,1.2244046631327166,10.850000381469728,0.14157085033383865,0.0,-0.010000000000000009,4.254193263163997,-0.1111111111111111,-0.0738636363636363,1.0,0.2945736434108527
2017-04-27,0.12669062050330027,2.8207106559154482,10.359999656677246,0.12119042689828774,0.0,0.010000000000000009,4.144086654116915,-0.25,-0.1095890410958904,1.0,0.3258426966292135
2017-04-28,0.18974031177032558,-0.09490512239791471,10.81999969482422,-0.030281914689123113,-0.08000000000000007,0.010000000000000009,4.139795825126018,-0.3333333333333333,-0.0635838150289017,0.0,0.2654867256637168
2017-05-01,0.18974031177032558,3.528410481490507,10.109999656677246,-0.030281914689123113,0.026666666666666616,0.0,4.883559211528279,-0.12087912087912085,-0.07891379751844864,1.0,0.2834213546529723
2017-05-02,0.14351196373922903,6.326086029848987,10.59000015258789,-0.1615142996955754,0.053333333333333455,-0.040000000000000036,4.495132080779154,0.1666666666666666,-0.06875,1.0,0.2769230769230769
2017-05-03,-0.6955815510368168,2.5330039559928963,10.68000030517578,0.2320962994624587,0.0,-0.009999999999999787,4.463491407656154,0.0,-0.0742574257425742,0.0,0.2567567567567567
2017-05-04,-1.609483100560194,3.1431814391310375,10.460000038146973,-0.45461203261334404,0.0,-0.010000000000000009,5.217486848633488,0.0,-0.0173160173160173,1.0,0.193717277486911
2017-05-05,-0.1386979488867901,1.1496549171071457,10.56999969482422,-0.11144381712764329,0.0,0.0,4.27957854046309,0.0,-0.0851063829787234,1.0,0.2071428571428571
2017-05-08,-0.1386979488867901,4.862537188700955,9.770000457763672,-0.11144381712764329,0.0,0.0,4.87106666636795,0.0,-0.07260244367185813,0.5,0.30646153846153845
2017-05-09,-0.9017932534638007,7.228372241291581,9.960000038146973,0.4427850816283829,0.0,0.0,4.442062848117941,0.0,-0.0856031128404669,1.0,0.2010869565217391
2017-05-10,0.24675122566781837,1.7937028143165001,10.210000038146973,0.08029894365035872,0.0,-0.010000000000000009,4.209457369322605,0.0,-0.0637254901960784,1.0,0.2152777777777778
2017-05-11,0.44261566880958725,3.380135427898434,10.600000381469728,-0.050173539246678445,0.0,0.029999999999999805,3.907613296939446,-0.0769230769230769,-0.0638297872340425,1.0,0.291044776119403
2017-05-12,0.2858428292429771,-6.9625970138522675,10.399999618530272,-0.37210556484259527,0.0,-0.039999999999999813,4.8629083820668,-0.1666666666666666,-0.0941176470588235,1.0,0.2719298245614035
2017-05-15,0.2858428292429771,3.411839935817973,10.420000076293944,-0.37210556484259527,0.0,-0.020000000000000018,4.6608571474023455,0.0,-0.053685920195993934,1.0,0.2501861403100604
2017-05-16,0.5195680203700093,-2.8214435274867,10.649999618530272,-0.8121078380017188,0.0,0.0,4.770684624465665,0.25,-0.0674157303370786,0.5,0.390625
2017-05-17,1.8054652911816405,5.858053337167224,15.59000015258789,-0.7057794813467133,0.0,-0.040000000000000036,4.139795825126018,0.0,-0.0608108108108108,1.0,0.2978723404255319
2017-05-18,-0.46230346493647545,2.6591435579729428,14.65999984741211,0.47107009308362535,0.0,0.020000000000000018,4.494015136621929,0.0909090909090909,-0.0802919708029197,1.0,0.268041237113402
2017-05-19,0.07985945473087952,5.112090162962346,12.039999961853027,-0.7486018983891896,0.0,0.020000000000000018,4.468548308445127,0.0,-0.0387096774193548,1.0,0.2743362831858407
2017-05-22,0.07985945473087952,5.484776082302822,10.93000030517578,-0.7486018983891896,0.0,0.0,4.456360771726585,0.0,-0.054473316311740995,0.3333333333333333,0.16244342320025
2017-05-23,-0.4690847276664023,9.991720659467784,10.720000267028809,0.3807909852149294,0.0,0.010000000000000009,4.174079530240954,-0.3333333333333333,-0.0709219858156028,1.0,0.2307692307692307
2017-05-24,-0.19145062835237425,5.1740516883191034,10.020000457763672,-0.11305886647718921,0.0,-0.020000000000000018,4.33204826486764,1.0,-0.0748663101604278,1.0,0.2032520325203252
2017-05-25,0.2711128616023295,-5.841669584305009,9.989999771118164,0.010285501927320695,0.0,-0.010000000000000009,3.9444901955656477,-0.0625,-0.0501930501930501,0.9,0.1642512077294686
2017-05-26,0.9352470994601347,-4.551527081265316,9.8100004196167,0.1541243816041593,0.0,0.010000000000000009,4.141705133581938,0.0,-0.0389610389610389,1.0,0.2598870056497175
2017-05-30,0.9352470994601347,1.1733444166426743,10.380000114440918,0.1541243816041593,0.0,0.0,3.8146306594194965,-0.1111111111111111,-0.0476190476190476,0.5,0.3232323232323232
2017-05-31,0.7813483979482783,4.97381437480966,10.40999984741211,-0.37075286136198926,-0.08000000000000007,0.0,5.124915907128641,-0.4,-0.0632183908045977,1.0,0.2631578947368421
2017-06-01,-0.39385635789290774,5.176378021810457,9.890000343322754,0.28848030138171055,0.08000000000000007,0.0,4.605570106009418,0.0,-0.0297619047619047,1.0,0.2773109243697479
2017-06-02,0.7705084616984159,3.2953587511441285,9.75,-0.4950461142170681,0.0,-0.020000000000000018,4.116758157059,-0.125,-0.0251572327044025,0.0,0.27
2017-06-05,0.7705084616984159,3.272047876779993,10.06999969482422,-0.4950461142170681,0.0,0.0,5.099500507224884,-0.047619047619047596,-0.02612228674895663,0.9583333333333334,0.2393391800680645
2017-06-06,1.173419467468939,10.751915348729746,10.449999809265137,-0.1654297938173066,0.0,-0.020000000000000018,4.446174454497633,-0.1111111111111111,-0.0604395604395604,1.0,0.2086330935251798
2017-06-07,-0.3327570358595544,-4.684739043749975,10.390000343322754,0.11376040391102293,0.0,0.010000000000000009,3.830161978947826,0.0,-0.0706521739130434,1.0,0.2068965517241379
2017-06-08,-1.0754410560722683,2.6532117208717843,10.15999984741211,0.17555451459996263,0.0,0.0,3.501344330267094,0.25,-0.0471204188481675,0.0,0.2684563758389262
2017-06-09,-0.6130205206869022,0.6462467476990419,10.699999809265137,0.36047053139576235,0.0,0.0,4.186619838331271,-0.1333333333333333,-0.075,1.0,0.2442748091603053
2017-06-12,-0.6130205206869022,1.1037317767592647,11.460000038146973,0.36047053139576235,0.0,-0.030000000000000027,4.6565918054749575,0.0,-0.0684584257987506,0.8888888888888888,0.29994724731566835
2017-06-13,-0.023691832720373895,-4.958867676619683,10.420000076293944,-0.16484243424779166,0.0,0.0,4.973763819320351,-0.1111111111111111,-0.0277777777777777,1.0,0.1923076923076923
2017-06-14,0.5514864470222314,-8.070016068395969,10.640000343322754,-0.04125506899610443,0.0,-0.040000000000000036,3.8860896234016415,-0.1428571428571428,-0.056701030927835,1.0,0.2237762237762237
2017-06-15,-1.6317271069000938,-1.6814098700645985,10.899999618530272,0.5041918967562786,0.2499999999999999,-0.040000000000000036,4.205438609727688,-0.5,-0.0892857142857142,0.5,0.1988636363636363
2017-06-16,0.14364768755275037,2.1665893608168396,10.380000114440918,-0.27750327440028144,0.0,0.0,4.382901252084542,0.0,-0.0807453416149068,0.0,0.3018867924528302
2017-06-19,0.14364768755275037,3.102507755044037,10.369999885559082,-0.27750327440028144,0.0,0.0,4.65224459337402,-0.03333333333333333,-0.022317689335602898,0.6666666666666666,0.17138835549866058
2017-06-20,-0.25752076317164807,4.657735601026403,10.859999656677246,0.22531883977325862,0.0,-0.010000000000000009,4.535176814167556,0.0,-0.0384615384615384,1.0,0.175438596491228
2017-06-21,0.19320762655521406,-1.2083164993093476,10.75,-0.19456505424200188,0.0,0.0,4.510419849442281,0.0,-0.0984455958549222,0.0,0.2080536912751678
2017-06-22,0.3372103694666784,0.6046838033450186,10.479999542236328,-0.020498865497486918,0.0,0.030000000000000027,4.541058240520847,0.0,-0.0452261306532663,1.0,0.2597402597402597
2017-06-23,0.6869565985747172,1.449481602903635,10.020000457763672,-0.24635391117042715,0.0,0.010000000000000009,4.905571030847647,0.0,-0.0748663101604278,1.0,0.2408759124087591
2017-06-26,0.6869565985747172,-7.018643033508809,9.899999618530272,-0.24635391117042715,0.0,0.010000000000000009,4.289408660961706,-0.0787037037037037,-0.07501890517964303,0.8333333333333334,0.22532086465555967
2017-06-27,0.008021469334718034,-0.2508162087836219,11.0600004196167,-0.9902082733337814,0.0,0.0,4.533674184283021,-0.125,-0.0697674418604651,0.8,0.2086330935251798
2017-06-28,0.12828542252272257,0.8714329466792847,10.029999732971191,-0.4363170849008391,0.0,0.020000000000000018,4.557134736949535,-0.125,-0.0637254901960784,1.0,0.2689655172413793
2017-06-29,-0.3049556093049688,-1.3871636990232084,11.4399995803833,-0.43823713466348835,0.0,-0.010000000000000009,4.181286492355909,0.0,-0.0824175824175824,0.0,0.261744966442953
2017-06-30,-0.2817016742802103,-2.329910763998555,11.18000030517578,0.03137268941806326,-0.09999999999999987,0.010000000000000009,4.717516245819629,0.0,-0.0552486187845303,0.8,0.208
2017-07-03,-0.2817016742802103,0.8370598397507756,11.220000267028809,0.03137268941806326,0.03333333333333344,0.020000000000000018,4.892802257189831,-0.16666666666666666,-0.050576442742929405,0.5555555555555555,0.22482555534216755
2017-07-05,-0.2817016742802103,0.013455901540382342,11.06999969482422,0.03137268941806326,0.06666666666666643,0.0,4.04375277610604,-0.0967741935483871,-0.0685714285714285,1.0,0.1864406779661017
2017-07-06,0.14737796623212063,0.2521834270758916,12.539999961853027,-0.4893052490123395,0.0,0.010000000000000009,4.336636932375072,-0.2,-0.0809248554913294,0.6666666666666666,0.3414634146341463
2017-07-07,-1.1189828782629085,-3.5071388234270806,11.1899995803833,0.19809466895255312,0.0,-0.030000000000000027,5.07773303762875,0.0,-0.0114942528735632,0.0,0.2047244094488189
2017-07-10,-1.1189828782629085,-1.2470218106102493,11.109999656677246,0.19809466895255312,0.0,-0.010000000000000009,4.672641901103104,-0.12222222222222219,-0.05842418469749816,0.2222222222222222,0.2785852040422741
2017-07-11,0.12367565827515747,-6.2050705696974795,10.890000343322754,-0.3232759335629609,0.0,0.030000000000000027,4.445353484534206,-0.4,-0.1363636363636363,0.0,0.1437908496732026
2017-07-12,0.3701118745908616,2.577926845050005,10.300000190734863,0.05221433009197085,0.0,0.010000000000000009,4.249066507417651,-0.1875,-0.1030927835051546,0.875,0.1917808219178082
2017-07-13,-0.1478743893978951,-1.721397283791859,9.899999618530272,-0.06265409275068023,0.0,0.010000000000000009,4.297829475873126,-0.0833333333333333,-0.0695652173913043,1.0,0.3401360544217687
2017-07-14,0.8432590518839156,-5.427308882536774,9.510000228881836,-0.649764111332729,0.0,-0.010000000000000009,4.5065645822339695,-0.1428571428571428,-0.0616740088105726,1.0,0.2434210526315789
2017-07-17,0.8432590518839156,-8.450631286746813,9.81999969482422,-0.649764111332729,0.0,0.010000000000000009,4.572888012067367,0.0,-0.06277974796718257,1.0,0.17143727342432502
2017-07-18,0.6710018850760946,12.20923106704106,9.890000343322754,-0.49527851814046286,0.0,-0.010000000000000009,4.486611849863956,0.0,-0.0986842105263157,1.0,0.1696428571428571
2017-07-19,0.008055077060920013,-1.9794585747284543,9.789999961853027,0.14778782874342866,0.0,0.0,3.9400272018377436,0.0,-0.1135135135135135,1.0,0.2554744525547445
2017-07-20,0.28962994150303345,21.45958192106443,9.579999923706056,-0.5606471654231449,0.0,0.010000000000000009,4.609162207257629,-0.2,-0.0748663101604278,1.0,0.2434210526315789
2017-07-21,0.7602773309408839,-5.464632077387588,9.359999656677246,-0.35066632104383544,0.0,-0.010000000000000009,4.295378827948209,0.3333333333333333,-0.0451977401129943,1.0,0.1386861313868613
2017-07-24,0.7602773309408839,3.58472873131479,9.43000030517578,-0.35066632104383544,0.0,0.020000000000000018,5.126084744862623,0.0,-0.0404156698564593,0.5833333333333334,0.23687899437031693
2017-07-25,-0.17561253424647205,-7.066234125149506,9.43000030517578,0.07445588009584725,0.0,0.030000000000000027,5.091785081039024,0.0,-0.0520231213872832,0.6666666666666666,0.2272727272727272
2017-07-26,-0.21593571989519944,-1.8422250208638857,9.600000381469728,-0.40486405221793476,0.0,-0.010000000000000009,4.385395952143486,0.0,-0.0878048780487804,1.0,0.2785714285714286
2017-07-27,0.8450959718898865,5.474305942230462,10.109999656677246,0.20263691959501173,0.0,0.030000000000000027,3.70080802497921,-0.2142857142857142,-0.0898203592814371,1.0,0.2478632478632478
2017-07-28,0.6962092067635872,5.008718365744613,10.289999961853027,-0.6413002582702276,0.0,0.0,3.8137484361598055,-0.1666666666666666,-0.0892857142857142,0.5,0.2
2017-07-31,0.6962092067635872,-0.8109189986486243,10.260000228881836,-0.6413002582702276,-0.030000000000000027,-0.010000000000000009,4.544889255103161,0.1111111111111111,-0.05110188557048893,0.6666666666666666,0.23508876419756952
2017-08-01,0.47259068072404986,-2.4730948272536857,10.09000015258789,0.18290194942691684,0.030000000000000027,-0.030000000000000027,4.259435182087693,-0.1578947368421052,-0.0794701986754966,0.6666666666666666,0.2389380530973451
2017-08-02,-0.06287743880610819,-0.2796165333308842,10.279999732971191,-0.21521255222021196,0.0,0.0,4.049695810553219,0.0,-0.005813953488372,0.75,0.2362204724409448
2017-08-03,-0.3150104862108982,3.4111462707778095,10.4399995803833,-0.021551683477838424,0.0,-0.010000000000000009,4.110873864173311,-0.2,-0.0177514792899408,0.0,0.2063492063492063
2017-08-04,-0.7521510961367994,3.198518258855554,10.029999732971191,0.783479578341062,0.0,0.020000000000000018,4.157319361383489,-0.2,-0.0602409638554216,0.5,0.2598425196850393
2017-08-07,-0.7521510961367994,12.513918987110273,9.93000030517578,0.783479578341062,0.0,0.0,4.5462690780679305,-0.023809523809523798,-0.040289229472874964,0.6111111111111112,0.2410602318524262
2017-08-08,-0.14315812317580168,4.119134677482172,10.960000038146973,0.2245140033423354,0.0,0.030000000000000027,4.040767961318708,-0.1111111111111111,-0.0432432432432432,1.0,0.291970802919708
2017-08-09,1.3125811461156545,-2.291294405722333,11.109999656677246,-0.12823548361877712,0.0,-0.010000000000000009,4.128423875874963,-0.1052631578947368,-0.0806451612903225,0.6666666666666666,0.2898550724637681
2017-08-10,0.837017549645136,1.154429882536867,16.040000915527344,-0.12839196966272226,0.0,-0.020000000000000018,4.198554416122531,0.0,-0.0426829268292682,0.6,0.2869565217391304
2017-08-11,0.31111483070125345,7.664270358758429,15.510000228881836,-0.35394666532031493,0.0,-0.010000000000000009,3.7360015611826713,-0.125,-0.0966183574879227,0.75,0.2307692307692307
2017-08-14,0.31111483070125345,11.471498497984989,12.329999923706056,-0.35394666532031493,0.0,-0.020000000000000018,4.695894107392903,0.1111111111111111,-0.052126761478018,1.0,0.16410968870897077
2017-08-15,-0.8209906077677687,2.116087123362398,12.039999961853027,0.4164219297465799,0.0,0.010000000000000009,4.463952184072554,0.0,-0.0458015267175572,1.0,0.215962441314554
2017-08-16,0.2509272290370568,4.550609057771382,11.739999771118164,-0.384329092042357,0.0,0.0,3.8651410195280156,0.0,-0.0841121495327102,1.0,0.2012195121951219
2017-08-17,0.7412353852867426,-1.0321242503652073,15.550000190734863,0.13896093560852307,0.0,-0.010000000000000009,4.039888376426042,0.0,-0.064516129032258,1.0,0.1927710843373494
2017-08-18,-0.05443592909450956,-4.029362277580262,14.260000228881836,-0.20315691382588597,0.0,-0.010000000000000009,4.099995233730915,0.0,-0.0348258706467661,0.0,0.1884057971014492
2017-08-21,-0.05443592909450956,-1.6052076655741487,13.1899995803833,-0.20315691382588597,0.0,-0.010000000000000009,4.505091990575154,-0.14444444444444446,-0.020365458296492767,0.25,0.2535366931918656
2017-08-22,-0.44257016903035407,0.15017465598052837,11.350000381469728,0.48219174484298577,0.0,0.020000000000000018,4.307841736484505,0.0,-0.1017964071856287,1.0,0.1858407079646017
2017-08-23,0.29526430372124324,1.2360737249258236,12.25,-0.4284971913297575,0.0,-0.020000000000000018,4.235120483100881,-0.0769230769230769,-0.0679012345679012,1.0,0.2352941176470588
2017-08-24,-0.1863807630716252,4.317329334896414,12.229999542236328,0.1394596087266109,0.0,0.0,3.758871825933971,-0.0666666666666666,-0.0706521739130434,1.0,0.2482269503546099
2017-08-25,0.46529746607850697,0.8481266861428693,11.279999732971191,-0.5805853587045995,0.0,0.0,4.27874728521988,0.1111111111111111,-0.0192307692307692,1.0,0.2809917355371901
2017-08-28,0.46529746607850697,0.023936869914820136,11.31999969482422,-0.5805853587045995,0.0,0.0,4.346917457560314,-0.1338272150965649,-0.058641279747286466,1.0,0.29452064052009314
2017-08-29,0.25926692188278366,4.611653983836739,11.699999809265137,0.1517115500138111,0.0,-0.010000000000000009,4.400112102220266,-0.0833333333333333,-0.044776119402985,1.0,0.2360248447204969
2017-08-30,-0.38150512418457794,-0.30008191758987834,11.220000267028809,0.572261769587179,0.0,0.020000000000000018,3.7381456954168546,0.0,-0.0880829015544041,1.0,0.3088235294117647
2017-08-31,0.6173075893794788,2.979936786414683,10.59000015258789,-0.22635319786115105,-0.08999999999999986,0.0,3.769075996108213,-0.0131578947368421,-0.0317460317460317,0.951219512195122,0.2265193370165746
2017-09-01,0.6286269787906917,3.9319659681867236,10.130000114440918,0.15095904621516,0.08999999999999986,0.030000000000000027,4.052306550875202,0.0,-0.0163934426229508,1.0,0.2074468085106383
2017-09-05,0.6286269787906917,-2.0240017979748615,12.229999542236328,0.15095904621516,0.0,-0.020000000000000018,4.958148305082534,-0.0416666666666666,-0.1287128712871287,0.5,0.2115384615384615
2017-09-06,-0.3965383824777291,4.91739220862204,11.630000114440918,-0.021664835655421655,0.0,0.010000000000000009,5.289175708630753,0.0,-0.0157894736842105,0.0,0.277027027027027
2017-09-07,0.8361341114399679,0.06001447663006587,11.550000190734863,-0.8269029137556672,0.0,0.010000000000000009,4.482324355989245,0.0,-0.0687830687830687,0.0,0.3733333333333333
2017-09-08,0.06688896405071532,-8.412374960926705,12.119999885559082,-0.2187433307679676,0.0,0.020000000000000018,4.233816607508695,-0.1,-0.099502487562189,0.0,0.2215568862275449
2017-09-11,0.06688896405071532,-1.3968821239943807,10.729999542236328,-0.2187433307679676,0.0,0.020000000000000018,4.461838546485333,-0.3333333333333333,-0.04705702793938083,0.6,0.1559896790840187
2017-09-12,-0.22564883587330442,-0.9464092037511307,10.579999923706056,0.05441916725175133,0.0,0.010000000000000009,4.077876369514794,0.0,-0.1096491228070175,1.0,0.2857142857142857
2017-09-13,-0.3469850010435316,-6.197104848606649,10.5,0.6614923865376987,0.0,0.010000000000000009,4.267036570040212,-0.0588235294117647,-0.0989010989010989,1.0,0.2233009708737864
2017-09-14,0.09817808045111676,-20.7529846818872,10.4399995803833,-0.4332696312161488,0.0,0.0,4.7902379684500715,0.0,-0.0590551181102362,0.5,0.2061855670103092
2017-09-15,-0.3251242361518081,14.23295036032819,10.170000076293944,-0.2717540587974909,0.0,0.0,4.281653660527095,0.0,-0.1535433070866141,0.7692307692307693,0.15
2017-09-18,-0.3251242361518081,3.2506694846132334,10.149999618530272,-0.2717540587974909,0.0,0.020000000000000018,4.367335919263878,-0.047619047619047596,-0.05367603169879606,1.0,0.25077969308550646
2017-09-19,-0.007662978472566806,4.354986944902883,10.18000030517578,-0.2828571627197185,0.0,0.0,4.06474409244581,0.0,-0.0533333333333333,1.0,0.3
2017-09-20,0.44305694172912524,-0.4857681376487122,9.779999732971191,0.7813400669962611,0.0,-0.020000000000000018,3.9583339082913964,0.0,-0.0222222222222222,1.0,0.3577235772357723
2017-09-21,-1.6445482919126064,-7.298189967391799,9.670000076293944,-0.2706068590979882,0.0,-0.020000000000000018,4.013676659154646,0.0,-0.0959595959595959,1.0,0.2302631578947368
2017-09-22,0.20899215909677693,-0.009366567553570349,9.59000015258789,-0.09760231446200862,0.0,0.010000000000000009,4.144562278382718,0.0,-0.0529100529100529,0.9,0.2244897959183673
2017-09-25,0.20899215909677693,4.569052384745298,10.210000038146973,-0.09760231446200862,0.0,0.0,4.607899790558958,-0.16666666666666666,-0.0551970350122713,0.9333333333333332,0.2793042193296862
2017-09-26,-0.7527532775120527,2.3897135876961073,10.170000076293944,0.3447904397191337,0.0,0.0,4.06285389513073,-0.3333333333333333,-0.0060240963855421,0.0,0.2807017543859649
2017-09-27,-1.0541079977072876,7.623090435074964,9.869999885559082,0.41861209180718006,0.0,0.030000000000000027,4.15166962884137,0.0,-0.0185185185185185,1.0,0.2605633802816901
2017-09-28,0.1634922366573477,-0.6194336903600828,9.550000190734863,-0.2896266726965635,0.0,0.0,4.635214307336468,0.0,-0.0751173708920187,1.0,0.3529411764705882
2017-09-29,-0.3116480901819152,-0.27969402299081736,9.510000228881836,-0.010736968301916505,-0.09999999999999987,-0.030000000000000027,4.678513580212301,0.0,-0.072289156626506,1.0,0.2393162393162393
2017-10-02,-0.3116480901819152,5.169132249877251,9.449999809265137,-0.010736968301916505,0.03333333333333344,-0.010000000000000009,4.134739799027568,-0.08333333333333333,-0.0574327275402163,0.5555555555555555,0.24988231209298753
2017-10-03,-0.09432837700495966,-1.527216894947614,9.510000228881836,0.010690040492455921,0.06666666666666643,0.010000000000000009,3.9602415776986204,-0.0588235294117647,-0.0180722891566265,0.6666666666666666,0.358974358974359
2017-10-04,0.17287063978832506,-2.062124514520569,9.630000114440918,-0.11762885499981834,0.0,0.010000000000000009,3.872450230308323,-0.0714285714285714,-0.0588235294117647,1.0,0.2894736842105263
2017-10-05,-0.29878358398844895,2.3149656085278636,9.1899995803833,0.5335622570560083,0.0,0.010000000000000009,3.7133281345162463,0.0,-0.0693641618497109,1.0,0.3083333333333333
2017-10-06,0.13377544169914657,0.9748054894298974,9.649999618530272,-0.17042615000031347,0.0,0.010000000000000009,4.450619426139493,-0.1111111111111111,-0.0611111111111111,0.75,0.2556390977443609
2017-10-09,0.13377544169914657,5.1788156759077,10.329999923706056,-0.17042615000031347,0.0,0.010000000000000009,4.02749225523426,-0.0303030303030303,-0.04947339678576997,0.8888888888888888,0.2792164868280354
2017-10-10,0.6841829421378343,3.8120310083437303,10.079999923706056,-0.4812038919022932,0.0,0.010000000000000009,4.310262068444571,-0.0588235294117647,-0.0414746543778801,0.4444444444444444,0.2670807453416149
2017-10-11,-0.37260769024234364,0.926059259103873,9.850000381469728,-0.3543647531662586,0.0,0.010000000000000009,4.101651137404539,0.0,-0.065,1.0,0.2253521126760563
2017-10-12,0.5815998493391206,12.093108463263746,9.90999984741211,0.17197302232236922,0.0,0.0,3.627269972482245,0.0,-0.0632911392405063,1.0,0.2670454545454545
2017-10-13,0.6320316258744185,3.6113106875085066,9.609999656677246,-0.03222856892612924,0.0,-0.039999999999999813,4.1570063233468115,-0.1538461538461538,-0.0464135021097046,1.0,0.2209944751381215
2017-10-16,0.6320316258744185,1.720136182233567,9.90999984741211,-0.03222856892612924,0.0,-0.010000000000000009,4.32055008757213,-0.0465293668954996,-0.057289260455799663,0.6428571428571429,0.2720435682460998
2017-10-17,-1.3086271579829223,-2.461297203126378,10.3100004196167,0.22487463376528183,0.0,-0.020000000000000018,3.8995454839170334,-0.0666666666666666,-0.055,0.8333333333333334,0.2357142857142857
2017-10-18,-0.2419116678914257,-0.2647296986753034,10.06999969482422,-0.1391461337481914,0.0,0.020000000000000018,4.606269581431392,-0.0697674418604651,-0.0469483568075117,0.9310344827586208,0.19375
2017-10-19,0.5454275534116704,2.085709532306268,10.050000190734863,-0.09645177687103157,0.0,0.0,4.412555839708705,0.0,-0.02,0.7142857142857143,0.2193548387096774
2017-10-20,-0.7409463231041968,5.170621739978287,9.970000267028809,0.4599679927719258,0.0,0.030000000000000027,4.132282401562493,0.0,-0.0643776824034334,0.6666666666666666,0.2023121387283237
2017-10-23,-0.7409463231041968,-0.35556928202389315,11.06999969482422,0.4599679927719258,0.0,-0.010000000000000009,4.617625627255437,-0.047619047619047596,-0.07123940703185483,1.0,0.2227921768644365
2017-10-24,-0.21153697891094225,-8.053026300135357,11.15999984741211,0.021284345906913416,0.0,0.010000000000000009,3.6176519448255684,0.0,-0.0409090909090909,0.0,0.2215189873417721
2017-10-25,0.031369543092374386,3.9758880928573603,11.229999542236328,-0.2664252680974144,0.0,0.009999999999999787,4.09617621705107,-0.1428571428571428,-0.0662983425414364,1.0,0.2109375
2017-10-26,-0.7160573007205961,2.6431731700242267,11.300000190734863,0.9558287801651133,0.0,0.010000000000000009,4.7394388067931255,0.0,-0.0695652173913043,0.0,0.2948717948717949
2017-10-27,0.17357990230921772,-2.1211310291384677,9.800000190734863,0.32712271094679224,0.0,-0.010000000000000009,4.4703808596394525,-0.1176470588235294,-0.0533333333333333,0.5,0.3727810650887574
2017-10-30,0.17357990230921772,3.9279594056926825,10.5,0.32712271094679224,0.0,-0.009999999999999787,4.334541868102138,0.0,-0.0369914874551971,0.7222222222222222,0.21298685006170612
2017-10-31,-0.5588126504386004,7.308981055479791,10.18000030517578,0.06348411945928945,-0.08999999999999986,0.009999999999999787,3.9197927426925068,0.0,-0.0833333333333333,1.0,0.3067484662576687
2017-11-01,0.5588126504386004,4.517490778615674,10.199999809265137,0.28515268743758426,0.08999999999999986,0.0,4.200204952921578,-0.1818181818181818,-0.0717131474103585,0.8,0.2279792746113989
2017-11-02,0.06277354683383862,4.495834544204236,9.93000030517578,-0.13719304769415075,0.0,-0.009999999999999787,4.446291680920603,-0.125,-0.0869565217391304,0.8333333333333334,0.1666666666666666
2017-11-03,-0.6610572852133068,1.809617004484565,9.140000343322754,0.2636715059869843,0.0,-0.010000000000000009,4.64333264708244,-0.0833333333333333,-0.0338983050847457,1.0,0.1693989071038251
2017-11-06,-0.6610572852133068,0.8603608069384094,9.399999618530272,0.2636715059869843,0.0,0.0,4.522911135150663,-0.05555555555555553,-0.06400412679482444,0.8888888888888888,0.21678706824213698
2017-11-07,-0.44652248384107196,-1.7435781720456234,9.890000343322754,0.2003928704287894,0.0,0.019999999999999796,4.614427207250769,-0.0303030303030303,-0.1,0.9333333333333332,0.2348993288590604
2017-11-08,0.6183266004363475,4.318783329154741,9.779999732971191,-0.04215503716817892,0.0,-0.009999999999999787,4.211831257677767,0.0,-0.0917874396135265,1.0,0.1935483870967742
2017-11-09,0.31162381684790574,-4.329978834888415,10.5,-0.4542824287080194,0.0,0.0,4.176078147248771,-0.2727272727272727,-0.0473684210526315,0.8,0.2205882352941176
2017-11-10,-1.0320616370499636,-7.639967782768053,11.289999961853027,-0.052960919813305196,0.0,0.009999999999999787,4.039008017182635,0.0,-0.1055045871559633,0.75,0.197452229299363
2017-11-13,-1.0320616370499636,-5.100382013863758,11.5,-0.052960919813305196,0.0,0.0,4.806286236810275,-0.08333333333333333,-0.0561894693776121,1.0,0.16919207750305096
2017-11-14,0.32827535277863973,5.3661134098840435,11.59000015258789,-0.7009332369973365,0.0,-0.009999999999999787,4.681019498271529,0.1,-0.0649350649350649,0.8888888888888888,0.2260869565217391
2017-11-15,-0.39093091225872456,9.75291596816703,13.130000114440918,-0.021321970370635768,0.0,-0.020000000000000018,4.062165663857866,0.0,-0.0656565656565656,1.0,0.2013888888888889
2017-11-16,0.07048235582587381,7.327191344658601,11.760000228881836,0.12783931425452977,0.0,-0.010000000000000009,4.428313668625195,-0.3333333333333333,-0.0358565737051792,0.3333333333333333,0.2814070351758794
2017-11-17,1.4301521457896982,-2.0885560755640853,11.43000030517578,-0.28785843999630245,0.0,0.020000000000000018,4.59127408079598,0.0,-0.0990990990990991,1.0,0.2422360248447205
2017-11-20,1.4301521457896982,3.819034319440995,10.649999618530272,-0.28785843999630245,0.0,-0.010000000000000009,4.430261088909591,0.010752688172043,-0.07017137002023653,0.598531211750306,0.2331098534523667
2017-11-21,0.508668007937807,0.7732020996618516,9.729999542236328,-0.13828102363699912,0.0,-0.010000000000000009,5.295764109760319,0.0,-0.0734463276836158,0.9333333333333332,0.176056338028169
2017-11-22,0.8162676176656447,2.2333812274014875,9.880000114440918,-0.7800389337229596,0.0,0.0,3.9689702858698963,-0.0769230769230769,-0.0747126436781609,1.0,0.2222222222222222
2017-11-24,0.8162676176656447,2.6384336294809074,9.670000076293944,-0.7800389337229596,0.0,0.0,3.551913599040779,0.0,-0.0410958904109589,1.0,0.3235294117647059
2017-11-27,0.8162676176656447,12.078017385855233,9.869999885559082,-0.7800389337229596,0.0,-0.010000000000000009,4.121256931550785,-0.07230196703880913,-0.042583619778438574,1.0,0.19873443995877507
2017-11-28,0.0695308000776329,7.700725484951221,10.029999732971191,0.3867652041601666,0.0,0.010000000000000009,5.330929754275513,-0.1025641025641025,-0.0129870129870129,1.0,0.1818181818181818
2017-11-29,-0.9779630834338526,-1.7064228542038151,10.699999809265137,0.0,0.0,0.0,4.6441985729555695,0.0,-0.0566037735849056,1.0,0.1522842639593908
2017-11-30,-0.696596145918349,3.4292760743307227,11.279999732971191,-0.268427706422969,-0.08999999999999986,0.020000000000000018,4.6198617347310815,-0.074074074074074,-0.0472103004291845,1.0,0.1785714285714285
2017-12-01,0.43887983112291806,6.999820553385128,11.43000030517578,-0.1183374977371976,0.08999999999999986,0.0,4.465333240800292,-0.1538461538461538,-0.072289156626506,0.9166666666666666,0.2486486486486486
2017-12-04,0.43887983112291806,3.3689984444707832,11.68000030517578,-0.1183374977371976,0.0,0.010000000000000009,4.544747627088904,-0.12023809523809524,-0.04868394726741307,0.8809523809523809,0.23437567931829048
2017-12-05,-1.001630923867669,4.857621803543388,11.329999923706056,0.20367141341113282,0.0,-0.010000000000000009,4.55849777778966,-0.0666666666666666,-0.1159420289855072,0.8888888888888888,0.1946308724832214
2017-12-06,0.09507790532286009,18.17241608818083,11.020000457763672,0.2460061773974509,0.0,0.0,4.056815750329687,-0.05,-0.084070796460177,1.0,0.1676300578034682
2017-12-07,-1.0347938786658517,22.51189543413279,10.15999984741211,0.20276666431033874,0.0,0.010000000000000009,3.7059823620135983,-0.1714285714285714,-0.0576131687242798,0.96,0.1319796954314721
2017-12-08,-0.3687457209357703,-7.72262649438904,9.579999923706056,0.10655139173483263,0.0,0.009999999999999787,4.1513548169388805,-0.1,-0.0625,0.9666666666666668,0.217877094972067
2017-12-11,-0.3687457209357703,-4.3959185197904205,9.34000015258789,0.10655139173483263,0.0,0.0,4.601162164590552,-0.058666745058843096,-0.06261940424271917,1.0,0.21661278789892946
2017-12-12,-0.4189798469907302,9.375643554724,9.920000076293944,0.24471547675064542,0.010000000000000009,0.010000000000000009,4.19614876167715,-0.05,-0.018348623853211,1.0,0.1290322580645161
2017-12-13,0.5555813112327002,-5.957373243077235,10.18000030517578,-0.714553430460807,0.0,-0.010000000000000009,3.9514360077849813,-0.1052631578947368,-0.0292682926829268,1.0,0.2151898734177215
2017-12-14,0.6722195742235648,0.9450503424906387,10.489999771118164,0.06419597821736289,0.24,-0.009999999999999787,3.4840054928494704,-0.1052631578947368,-0.1,1.0,0.2738095238095238
2017-12-15,0.03987081752363508,6.672275050137522,9.420000076293944,0.4695371401998827,0.0,0.009999999999999787,4.6524353784552055,-0.0625,-0.0442477876106194,0.7,0.2865853658536585
2017-12-18,0.03987081752363508,8.359820889091552,9.529999732971191,0.4695371401998827,0.0033333333333334103,0.010000000000000009,4.7059200890882344,-0.010416666666666666,-0.04970816125752194,0.903030303030303,0.21661955156872595
2017-12-19,-0.11891079589432252,-7.96640579637522,10.029999732971191,-0.24576144205914474,0.006666666666666599,0.020000000000000018,4.411585436915426,0.0,-0.0208333333333333,1.0,0.2751677852348993
2017-12-20,0.4274206737060915,-6.700506450657429,9.720000267028809,-0.1284688612383178,0.0,0.010000000000000009,4.046553898385752,0.0714285714285714,-0.1229946524064171,0.8888888888888888,0.1748251748251748
2017-12-21,0.09474013739518838,-5.069001039219856,9.619999885559082,-0.07501441262052211,0.0,0.010000000000000009,4.531954123656832,-0.0769230769230769,-0.0753768844221105,1.0,0.2808219178082192
2017-12-22,0.6371182406176956,-13.322321728215947,9.899999618530272,0.07501441262052211,0.0,0.010000000000000009,4.286203823496544,-0.1304347826086956,-0.0916030534351145,1.0,0.1401869158878504
2017-12-26,0.6371182406176956,12.435434736007345,10.25,0.07501441262052211,0.0,0.0,4.666359354300514,-0.0357142857142857,-0.0454545454545454,0.8333333333333334,0.2606060606060606
2017-12-27,0.22558637714853447,-1.636315248910769,10.470000267028809,-0.24693056274962544,0.0,0.0,4.068000586882499,-0.0526315789473684,-0.0441176470588235,1.0,0.26875
2017-12-28,0.5501525365827931,-8.097704981335418,10.18000030517578,-0.46328834849003186,0.0,0.020000000000000018,4.146937012341271,0.0,-0.0272727272727272,1.0,0.2662721893491124
2017-12-29,0.9383296909513561,0.33968323339585993,11.039999961853027,-0.5197020406211728,-0.08999999999999986,0.0,4.986547498567166,-0.125,-0.051063829787234,0.75,0.3402061855670103
2018-01-02,0.9383296909513561,9.762490401032942,9.770000457763672,-0.5197020406211728,0.08999999999999986,0.040000000000000036,4.711330381816482,0.0,0.0,1.0,0.2459016393442623
2018-01-03,0.19012136171543403,1.450508605496914,9.149999618530272,0.3369441635602044,0.0,-0.020000000000000018,3.9598603348423063,-0.1875,-0.0462184873949579,0.8571428571428571,0.3157894736842105
2018-01-04,0.24283463684655615,2.5858428248032084,9.220000267028809,-0.3369441635602044,0.0,0.029999999999999805,5.495034803625724,-0.0714285714285714,-0.0398406374501992,1.0,0.2897196261682243
2018-01-05,0.06819141750700197,11.094452953729395,9.220000267028809,0.10881228126029541,0.0,0.0,4.688407784558147,0.0,0.0037037037037037,0.8888888888888888,0.2831858407079646
2018-01-08,0.06819141750700197,-6.139721390694497,9.520000457763672,0.10881228126029541,0.0,0.010000000000000231,4.688008980963629,0.029914529914529902,-0.04570193226580887,0.9333333333333332,0.30463270579549645
2018-01-09,-0.5246580568031511,-11.60605217000601,10.079999923706056,0.2163767452257659,0.0,0.009999999999999787,5.059933265817542,0.1428571428571428,-0.0689655172413793,0.75,0.3160377358490566
2018-01-10,0.43361471425678033,2.5562164635523743,9.81999969482422,-0.2163767452257659,0.0,0.0,4.49065679919933,-0.074074074074074,-0.0530612244897959,0.9411764705882352,0.2464454976303317
2018-01-11,0.24260445347756843,-11.058116741362234,9.880000114440918,-0.5212340567760876,0.0,-0.029999999999999805,4.715995741076976,-0.1515151515151515,-0.0509090909090909,1.0,0.1814159292035398
2018-01-12,0.9645929220218896,4.198319183702104,10.15999984741211,-0.9626999795694147,0.0,0.009999999999999787,4.679256729340789,-0.125,-0.0717488789237668,1.0,0.2617801047120419
2018-01-16,0.9645929220218896,-19.639321189835712,11.65999984741211,-0.9626999795694147,0.0,0.020000000000000018,4.120174738923119,-0.0384615384615384,-0.0643086816720257,1.0,0.1860465116279069
2018-01-17,0.19450709821953183,-2.662523913776127,11.90999984741211,0.16581170617708807,0.0,0.010000000000000231,4.124388683570477,-0.0869565217391304,-0.057347670250896,0.9565217391304348,0.1799163179916318
2018-01-18,-0.90090699423655,2.5266707476315986,12.220000267028809,-0.04419014137866384,0.0,0.009999999999999787,4.752382565668478,-0.0666666666666666,-0.0330578512396694,0.9629629629629628,0.2731707317073171
2018-01-19,0.4439620791428567,1.1480784055017068,11.270000457763672,0.07731783114746094,0.0,0.010000000000000231,4.481193006168381,0.0526315789473684,-0.0246305418719211,1.0,0.2732919254658385
2018-01-22,0.4439620791428567,1.7323533386077727,11.029999732971191,0.07731783114746094,0.0,0.0,4.694797582656918,-0.0253968253968254,-0.020234802166145868,0.8888888888888888,0.28684066187589274
2018-01-23,0.3600038990317245,-8.31068606663532,11.100000381469728,-0.3102138236337204,0.0,0.0,4.311067545733388,0.0,-0.0543933054393305,1.0,0.3432835820895522
2018-01-24,1.5009996047209206,4.418609725643563,11.470000267028809,-1.0149015377901804,0.0,0.009999999999999787,4.535498512738772,-0.1764705882352941,-0.0539215686274509,0.8333333333333334,0.3475609756097561
2018-01-25,0.4782409794310105,-0.8842259367552785,11.579999923706056,0.20156816087153473,0.0,0.0,4.356324137321509,-0.064516129032258,-0.0738916256157635,0.9230769230769232,0.3248407643312102
2018-01-26,-0.7958810491319745,-0.784639410255572,11.079999923706056,-0.3586238254267293,0.0,0.020000000000000018,4.700480365792417,-0.3076923076923077,-0.0299145299145299,1.0,0.328042328042328
2018-01-30,-0.7958810491319745,-12.986610519986641,14.789999961853027,-0.13444833082703056,0.0,0.010000000000000231,4.226103551734458,-0.1176470588235294,-0.0574162679425837,0.6666666666666666,0.2033898305084746
2018-01-31,0.2692175985194112,1.1295200421317375,13.539999961853027,-0.06730057240451615,-0.07999999999999985,0.009999999999999787,4.274441423993944,-0.1764705882352941,-0.048,0.75,0.2139303482587064
2018-02-01,0.3950401091376676,-10.845799638872755,13.470000267028809,-0.5174354585465224,0.07999999999999985,0.0,3.907613296939446,0.0,-0.0813953488372093,1.0,0.1534653465346534
2018-02-02,-0.791646976522653,-3.775622775012444,17.309999465942383,0.5959412631732164,0.0,0.03000000000000025,4.11414718951828,-0.0666666666666666,-0.0739436619718309,1.0,0.131004366812227
2018-02-05,-0.791646976522653,-8.197447876699648,37.31999969482422,0.5959412631732164,0.0,-0.040000000000000036,4.715189831026641,-0.09249786871270242,-0.09352080317917244,0.8333333333333334,0.17935704378158646
2018-02-06,-0.5189755905579574,-4.805663070547617,29.979999542236328,0.04465031476330594,0.0,0.0,4.528181144459956,0.1176470588235294,-0.0836012861736334,0.375,0.1495726495726495
2018-02-07,-1.0994537916590552,-1.7261906053983367,27.729999542236328,0.7450752333208577,0.0,0.0,4.0654305520574585,0.0,-0.0585585585585585,0.75,0.2258064516129032
2018-02-08,0.4032760898676102,8.115416198670111,33.459999084472656,-0.03324148557828366,0.0,-0.010000000000000231,4.491889499529125,-0.0769230769230769,-0.0572687224669603,0.875,0.2048192771084337
2018-02-09,-0.2889772982946681,5.5463550667886,29.059999465942383,0.2324671193936645,0.0,-0.040000000000000036,4.414977734813568,-0.0625,-0.0738916256157635,0.6,0.2392638036809816
2018-02-12,-0.2889772982946681,-2.0525169455837045,25.61000061035156,0.2324671193936645,0.0,0.020000000000000018,4.798926120407709,-0.05555555555555553,-0.08208749440753214,0.9166666666666666,0.27831591130052974
2018-02-13,0.29408644064385925,0.45261459536281023,24.96999931335449,-0.5669540476778145,0.0,-0.020000000000000018,4.649665425874643,0.125,-0.1121495327102803,1.0,0.2558139534883721
2018-02-14,2.042105891521473,9.916074093751703,19.26000022888184,-0.6486928045031704,0.0,0.040000000000000036,4.67292228803891,-0.1,-0.0861244019138756,0.6666666666666666,0.2264150943396226
2018-02-15,-0.25114686304110734,6.836184023154956,19.1299991607666,-0.5964863911680496,0.0,0.020000000000000018,4.484470400750307,0.25,-0.021551724137931,0.0,0.2651933701657458
2018-02-16,0.08132005147931665,0.6617573638271423,19.459999084472656,0.5740374265086778,0.0,-0.020000000000000018,4.388505600771591,-0.1,-0.0403587443946188,0.5,0.3105263157894737
2018-02-20,0.08132005147931665,3.9387596572087347,20.600000381469727,0.5740374265086778,0.0,0.010000000000000231,4.383899879055562,0.0,-0.063063063063063,1.0,0.2485875706214689
2018-02-21,0.09026261706850391,-6.459170224791144,20.020000457763672,0.40044614606591367,0.0,0.020000000000000018,4.562367063662782,-0.1538461538461538,-0.0656565656565656,0.625,0.2098765432098765
2018-02-22,0.045100774382689224,-6.626121098880944,18.71999931335449,-0.36701573499744455,0.0,-0.010000000000000231,3.917010546939185,0.0,-0.0714285714285714,0.875,0.2134146341463414
2018-02-23,-0.18053446156436337,2.916567969339212,16.489999771118164,0.14473893904165536,0.0,0.010000000000000231,4.020339148911605,0.0,-0.059322033898305,0.8333333333333334,0.2204301075268817
2018-02-26,-0.18053446156436337,-3.4862335420227097,15.800000190734863,0.14473893904165536,0.0,0.009999999999999787,4.372186714391908,0.0,-0.055216401914886394,0.3333333333333333,0.2671498530459721
2018-02-27,-1.1488261375784958,7.524505857647945,18.59000015258789,0.599403409251309,0.0,0.0,3.9634762870170617,0.0,-0.0808080808080808,1.0,0.240506329113924
2018-02-28,0.0,-3.1029470636465106,19.850000381469727,0.2762890615530367,-0.06999999999999984,-0.009999999999999787,3.8433158074183553,0.0,-0.101010101010101,0.0,0.282051282051282
2018-03-01,-0.96242535332145,5.182687604474623,22.46999931335449,-0.32056725074198766,0.06999999999999984,-0.020000000000000018,4.238444906195857,0.0,-0.0257731958762886,0.0,0.2751677852348993
2018-03-02,1.3872136457073303,1.228839083196931,19.59000015258789,-0.4216107975184791,0.0,0.020000000000000018,3.679586407202344,-0.05,-0.0717703349282296,1.0,0.2795031055900621
2018-03-05,1.3872136457073303,3.8816763888018357,18.729999542236328,-0.4216107975184791,0.0,0.009999999999999787,4.542123884270456,-0.0847222222222222,-0.025297409309037164,0.4380952380952381,0.2524132279597155
2018-03-06,1.1690746933441076,-6.68526057772123,18.36000061035156,-0.5119644713389881,0.0,-0.009999999999999787,4.896869179797807,0.0,-0.0879629629629629,0.8571428571428571,0.2203389830508474
2018-03-07,-0.5715142383890814,-7.854714164884058,17.760000228881836,0.022310211883347364,0.0,0.009999999999999787,4.469694046425642,0.0,-0.1698113207547169,1.0,0.2781065088757396
2018-03-08,-0.4610897113995982,-5.895751127349236,16.540000915527344,0.5340503917178552,0.0,-0.020000000000000018,4.04305126783455,0.0,-0.0823045267489712,1.0,0.2060301507537688
2018-03-09,0.18922913369374683,-0.6134788034012573,14.640000343322754,-0.03330160270920146,0.0,0.010000000000000231,4.887110807810759,-0.1428571428571428,-0.119298245614035,1.0,0.1716738197424892
2018-03-12,0.18922913369374683,-1.3039486612012041,15.779999732971191,-0.03330160270920146,0.0,-0.020000000000000018,4.747219365712963,-0.16111111111111112,-0.07307762597161117,0.5,0.2305649083426861
2018-03-13,0.49143862411904493,-0.23608954415408334,16.350000381469727,-0.2673178878945137,0.0,-0.010000000000000231,4.00460218672124,0.0,-0.1014492753623188,0.8333333333333334,0.2387096774193548
2018-03-14,-0.11319474267272867,-10.60320200204039,17.229999542236328,0.0445955471225723,0.0,-0.020000000000000018,4.377139713100487,-0.1388888888888889,-0.1319148936170212,1.0,0.1639344262295081
2018-03-15,-0.575495710344498,0.37476840392205446,16.59000015258789,0.48932754484276586,0.010000000000000009,0.010000000000000231,3.783734985126615,-0.0588235294117647,-0.0959409594095941,1.0,0.1556603773584905
2018-03-16,-0.4185539229897728,0.4506141978666278,15.800000190734863,0.09979927192418359,0.0,0.0,4.7091697760065765,0.0,-0.0365296803652968,1.0,0.2857142857142857
2018-03-19,-0.4185539229897728,-0.9795506746232974,19.020000457763672,0.09979927192418359,0.0,0.0,4.57188913141943,-0.05555555555555553,-0.1035155411585617,0.9259259259259259,0.178857172429599
2018-03-20,-0.4338127119398294,7.649378356821046,18.200000762939453,0.5214425855851523,0.010000000000000009,0.0,4.373490303651595,-0.04,-0.0208333333333333,0.75,0.3103448275862069
2018-03-21,0.7295401194057582,0.17722101148152092,17.860000610351562,-0.6550164549312676,0.0,0.009999999999999787,4.022311359322269,0.0,-0.019047619047619,0.8,0.3012820512820512
2018-03-22,0.4457397609610503,-2.2745729727736475,23.34000015258789,0.08906906770818068,0.24,-0.009999999999999787,4.0493471962913645,0.1666666666666666,-0.1004566210045662,1.0,0.2781065088757396
2018-03-23,1.6966715936515442,1.7168711059966313,24.8700008392334,-0.46848737308939903,0.0,-0.010000000000000231,4.1993049978585875,0.0625,-0.0465116279069767,0.75,0.293103448275862
2018-03-26,1.6966715936515442,-4.86735943270844,21.030000686645508,-0.46848737308939903,0.0,0.010000000000000231,4.221172984495168,-0.0175438596491228,-0.07374327703128086,0.8333333333333334,0.2367117845844118
2018-03-27,-0.9719240533039297,-7.673449220668616,22.5,0.38117082515709555,0.0,-0.010000000000000231,3.1126260250254902,-0.2,-0.0892857142857142,0.8,0.2134831460674157
2018-03-28,-1.2830862694559464,1.5384599545303246,22.8700008392334,0.7691001638754358,0.0,-0.020000000000000018,3.2763897310688073,-0.1333333333333333,-0.0622406639004149,1.0,0.2698412698412698
2018-03-29,-0.10577275967262878,-10.442950860100275,19.96999931335449,0.09988788105648183,0.0,0.0,2.8183982582710754,0.0,-0.1019607843137254,0.0,0.234375
2018-04-02,-0.10577275967262878,1.1064931397447353,23.6200008392334,0.09988788105648183,-0.006666666666666821,0.0,4.750712491278749,-0.0606060606060606,-0.08607916341315286,0.8055555555555555,0.20393842559186337
2018-04-03,-0.6953504164492585,6.782232404908228,21.100000381469727,0.16642877237851295,0.01666666666666683,0.03000000000000025,4.485598050847247,0.0,-0.0980392156862745,0.6666666666666666,0.1869158878504672
2018-04-04,0.22483707966793887,-8.422475580705502,20.059999465942383,-0.0665382743990861,0.0,0.0,3.9684033388642534,0.0,-0.1178861788617886,1.0,0.2146892655367231
2018-04-05,-0.864634504119266,-0.6201068910305807,18.940000534057617,0.35437434375475974,0.0,0.0,4.692081557977388,-0.0857142857142857,-0.0862068965517241,0.7777777777777778,0.331578947368421
2018-04-06,0.5722457733424058,-2.605042094133836,21.489999771118164,-0.38766009085478004,0.0,-0.010000000000000231,4.25731339050024,-0.2,-0.0763052208835341,0.5,0.3224043715846995
2018-04-09,0.5722457733424058,3.9221775304367767,21.770000457763672,-0.38766009085478004,2.220446049250313e-16,0.0,5.180321808310329,-0.016381766381766364,-0.06251997185320907,0.2333333333333333,0.21409405396731349
2018-04-10,0.42564012048202926,-0.9758019921720873,20.46999931335449,-0.2786603934448628,-2.220446049250313e-16,0.010000000000000231,4.028382806544341,-0.0909090909090909,-0.0760456273764258,0.75,0.3490566037735849
2018-04-11,1.0746814567358598,1.9352815614150032,20.239999771118164,-0.022322665318430523,0.0,0.029999999999999805,4.380525508547614,-0.3,-0.0805084745762711,0.3333333333333333,0.2692307692307692
2018-04-12,-1.3432964185141394,12.412693581038248,18.489999771118164,0.20075882884054153,0.0,0.020000000000000018,5.247602852003535,0.0,-0.0445344129554655,0.8,0.1477832512315271
2018-04-13,0.47704504893983923,0.0850158009713553,17.40999984741211,0.05569819237045692,0.0,0.0,4.951168335262708,-0.2,-0.0341880341880341,1.0,0.1897435897435897
2018-04-16,0.47704504893983923,2.8554311798449916,16.559999465942383,0.05569819237045692,2.220446049250313e-16,-0.009999999999999787,4.300680995219929,-0.014285714285714263,-0.07439025477904156,1.0,0.251745233545495
2018-04-17,-0.022269553924481045,-2.777828144079031,15.25,0.10058267338663995,-2.220446049250313e-16,0.020000000000000018,4.182813210209709,-0.3333333333333333,-0.0528846153846153,1.0,0.3012048192771084
2018-04-18,0.29647221128232815,3.2535927574945944,15.600000381469728,0.11165135005626325,0.0,0.020000000000000018,4.268857936568244,0.0,-0.0313901345291479,1.0,0.2914285714285714
2018-04-19,-0.3261605814892654,1.5906496489627386,15.960000038146973,0.35642684824201964,0.0,0.009999999999999787,3.8418151103846494,-0.1428571428571428,-0.0594059405940594,0.5,0.320754716981132
2018-04-20,-0.7527591093269059,6.437648463048973,16.8799991607666,0.4216107975184791,0.010000000000000009,0.0,3.861571461932048,0.0,-0.0641025641025641,0.5,0.273224043715847
2018-04-23,-0.7527591093269059,0.34393812695157067,16.34000015258789,0.4216107975184791,0.0,0.010000000000000231,3.954827034419711,0.003795721187025531,-0.06311881188118806,0.7161654135338346,0.26400792859832123
2018-04-24,0.6707153771284169,8.848256869467797,18.020000457763672,-0.18711776875237618,0.0,-0.010000000000000231,3.5579161895951237,-0.0555555555555555,-0.0329218106995884,1.0,0.2637362637362637
2018-04-25,-0.7690660944510874,-9.193210663750406,17.84000015258789,0.43970779571687046,0.0,0.0,4.688499793575096,0.0,-0.0365853658536585,1.0,0.1720430107526881
2018-04-26,-0.37155700328845853,4.808821013231679,16.239999771118164,0.42685929069650186,0.0,0.010000000000000231,4.225665179549459,0.0,-0.0476190476190476,0.75,0.2573099415204678
2018-04-27,0.30342129414098196,-3.2239593306844228,15.40999984741211,-0.021842319292808554,0.0,-0.010000000000000231,3.2511493854184965,0.0,-0.0657276995305164,0.3333333333333333,0.2222222222222222
2018-04-30,0.30342129414098196,3.809720445805631,15.93000030517578,-0.021842319292808554,-0.0033333333333334103,0.0,4.246111450694083,-0.11666666666666665,-0.03570269018925267,0.8666666666666667,0.35573773391093777
2018-05-01,-0.9465644983154498,-2.35206151174161,15.489999771118164,0.6620032126942732,0.0033333333333334103,-0.009999999999999787,4.623697490601975,0.0,-0.0299145299145299,1.0,0.329608938547486
2018-05-02,-0.092086657132473,1.2739001376983694,15.970000267028809,0.06488450518000732,0.0,0.009999999999999787,4.5635145107192585,0.0,-0.0246305418719211,1.0,0.2689655172413793
2018-05-03,0.6199060002289869,5.3537157891065945,15.899999618530272,-0.10815323462356474,0.0,-0.009999999999999787,4.045854353061666,0.0,-0.0326530612244898,1.0,0.2538071065989847
2018-05-04,0.1524739240619688,-0.44331703335629413,14.770000457763672,0.17298742535389877,0.0,0.0,3.6509179478268177,-0.074074074074074,-0.0118110236220472,0.6153846153846154,0.3069306930693069
2018-05-07,0.1524739240619688,-0.7460834891334756,14.75,0.17298742535389877,0.0,0.009999999999999787,4.878499752215472,0.0,-0.047034195591359705,1.0,0.24607232450250394
2018-05-08,-0.015239019585600033,-4.176221766977406,14.710000038146973,0.3981311990664871,0.0,-0.009999999999999787,4.605370165990758,0.0,-0.026431718061674,1.0,0.272189349112426
2018-05-09,-0.05336417302306273,0.9737078547251699,13.420000076293944,-0.08594954276519573,0.0,0.020000000000000018,4.130354999745133,-0.0869565217391304,-0.1013824884792626,0.75,0.2550335570469799
2018-05-10,0.7218601800712321,-3.0623267109053387,13.229999542236328,-0.4200548849906838,0.0,-0.010000000000000231,4.30433532695801,-0.3333333333333333,-0.0407239819004524,0.0,0.2696629213483146
2018-05-11,-0.13637768572012376,-6.8936106596698465,12.649999618530272,-0.11879758284818465,0.0,-0.020000000000000018,4.360164387816747,-0.2,-0.1336206896551724,1.0,0.1475409836065573
2018-05-14,-0.13637768572012376,2.4231664011825416,12.93000030517578,-0.11879758284818465,0.0,0.0,4.649665425874643,0.0,-0.04488675936468434,0.6666666666666666,0.32220743578203487
2018-05-15,-2.1187539583849,-1.6103943919894448,14.630000114440918,0.6781199131391524,0.0,0.03000000000000025,3.7549012496559335,0.0,-0.0607476635514018,1.0,0.3202247191011236
2018-05-16,0.10080469002327064,-1.6772482047846538,13.420000076293944,0.18219625466553424,0.0,-0.010000000000000231,3.913222286003628,0.0,-0.0729613733905579,1.0,0.3404255319148936
2018-05-17,-0.15513500441075578,-3.335153970564164,13.43000030517578,0.08562756682177763,0.0,-0.009999999999999787,4.310664888188185,-0.0952380952380952,-0.0707964601769911,0.75,0.1976744186046511
2018-05-18,0.15513500441075578,1.916817663872017,13.420000076293944,0.18170938503141443,0.0,-0.010000000000000231,4.862289952857232,-0.0555555555555555,-0.0854700854700854,0.9,0.3352601156069364
2018-05-21,0.15513500441075578,1.7083966373343529,13.079999923706056,0.18170938503141443,0.0,0.010000000000000231,4.47418792252372,-0.10694444444444444,-0.036502822079018164,0.75,0.3222093055340611
2018-05-22,0.1161935183777274,-4.276427742004429,13.220000267028809,-0.07475006432962061,0.0,-0.010000000000000231,4.523634698005573,0.0,-0.0380952380952381,0.0,0.3664596273291925
2018-05-23,-0.18596691479242367,-6.2067659444725365,12.579999923706056,0.4263960410091805,0.0,-0.009999999999999787,5.14300768200088,-0.125,-0.073170731707317,1.0,0.2074468085106383
2018-05-24,1.1106864926633264,0.38982826938891435,12.529999732971191,-0.2449581669126566,0.0,-0.020000000000000018,3.8897773964808264,-0.0909090909090909,-0.0723404255319148,0.7142857142857143,0.2526881720430107
2018-05-25,-0.03067912135685802,-1.4229521588760008,13.220000267028809,0.4362444109968777,0.0,-0.03000000000000025,4.625952725170619,-0.25,-0.0717948717948717,1.0,0.2430555555555555
2018-05-29,-0.03067912135685802,2.519131198599567,17.020000457763672,0.4362444109968777,0.0,-0.04999999999999982,3.9207845110967185,0.0,-0.0403587443946188,1.0,0.3146067415730337
2018-05-30,0.2153718916270364,-0.8880942351451537,14.9399995803833,-0.7196562894394631,0.0,0.020000000000000018,4.906829125370667,-0.0909090909090909,-0.0944206008583691,0.6666666666666666,0.3121387283236994
2018-05-31,-0.10762796451002643,1.176467849979801,15.43000030517578,-0.17009004061181443,0.0,0.009999999999999787,4.34795265434013,0.0714285714285714,-0.0585365853658536,1.0,0.4125
2018-06-01,-0.40848850264909586,0.6289122618005294,13.460000038146973,0.21256738508048656,0.0,0.020000000000000018,4.697019839617971,-0.1538461538461538,-0.0676328502415458,0.6666666666666666,0.294478527607362
2018-06-04,-0.40848850264909586,1.115641293312386,12.739999771118164,0.21256738508048656,0.0,0.03000000000000025,4.415944852877343,-0.10416666666666667,-0.06851549584050173,0.7833333333333333,0.32263630089717044
2018-06-05,0.3396918618496336,0.10095747690037626,12.399999618530272,-0.13836121217742914,0.0,0.009999999999999787,3.5920931854262443,0.1666666666666666,-0.0579710144927536,0.0,0.282051282051282
2018-06-06,-0.030835151545183237,0.26452866114361484,11.640000343322754,-0.24526349143156878,0.0,0.010000000000000231,3.63705970538414,0.1666666666666666,-0.0506912442396313,1.0,0.3976608187134502
2018-06-07,0.1232741993757891,0.3164613319277976,12.130000114440918,-0.2779881283601071,0.0,-0.010000000000000231,4.025173103360802,0.1111111111111111,-0.09,1.0,0.3419354838709677
2018-06-08,-0.04620884269366243,-0.6968564365646301,12.18000030517578,0.16047237699439165,0.0,-0.020000000000000018,4.72304210658298,0.0,-0.0461538461538461,0.5,0.4039735099337748
2018-06-11,-0.04620884269366243,-7.485814968793036,12.350000381469728,0.16047237699439165,0.0,0.020000000000000018,5.037125747596297,-0.13968253968253966,-0.09691845816929906,0.7138888888888889,0.22776091335846818
2018-06-12,-0.29298778307511597,-7.21703478245459,12.34000015258789,0.23481835421090835,0.0,0.0,5.462093006054893,0.0,-0.1422018348623853,1.0,0.2457142857142857
2018-06-13,0.13889267881950218,-3.595427350674818,12.9399995803833,-0.09599911809710093,0.0,-0.009999999999999787,4.920491744243289,0.0,-0.0957854406130268,0.0,0.2128712871287128
2018-06-14,0.5459643319964513,4.998260262806298,12.119999885559082,1.1247970694262754,0.19999999999999996,0.0,4.571820206306537,0.0,-0.0674603174603174,1.0,0.2184466019417475
2018-06-15,-2.280407876069823,-3.332187405601239,11.979999542236328,0.021106006322835213,0.0,0.0,4.229894749042985,0.0,-0.0178571428571428,0.6666666666666666,0.2808988764044944
2018-06-18,-2.280407876069823,2.117410000311004,12.3100004196167,0.021106006322835213,-2.220446049250313e-16,0.0,4.487849543411548,0.027777777777777766,-0.05467201449282727,0.6666666666666666,0.2839409443399256
2018-06-19,-0.047023717706196067,2.6218337655590673,13.350000381469728,0.3581929076782231,0.010000000000000231,0.0,5.111144059023058,0.0,-0.0462962962962962,0.5,0.3132530120481928
2018-06-20,-0.3455339185167716,0.09758784644162688,12.789999961853027,-0.03155275362471954,0.010000000000000009,0.0,5.402902581738111,-0.0769230769230769,-0.0746268656716417,0.4285714285714285,0.3533333333333333
2018-06-21,-0.31515942835920185,-0.6931549314602492,14.640000343322754,-0.20006831472780817,0.0,-0.010000000000000231,4.272072250005828,0.0,-0.0545454545454545,1.0,0.2752808988764045
2018-06-22,0.015787362465857768,-10.09251346030755,13.770000457763672,-0.36961455526762776,0.0,0.010000000000000231,4.386392092183521,0.125,-0.0809716599190283,0.75,0.2684210526315789
2018-06-25,0.015787362465857768,1.8125193520940996,17.329999923706055,-0.36961455526762776,0.0,-0.020000000000000018,4.1465679794667984,-0.14583333333333334,-0.08812471053850361,0.7777777777777777,0.19861200890612654
2018-06-26,-0.7136657182704731,-1.6486089016320093,15.920000076293944,0.4233722748722357,0.0,0.020000000000000018,5.388660686445639,-0.0588235294117647,-0.0964912280701754,0.6666666666666666,0.2873563218390804
2018-06-27,-0.30285563284468964,1.036022620030863,17.90999984741211,0.6422095098880476,-0.010000000000000009,-0.010000000000000231,3.6783239401744194,0.1111111111111111,-0.0901287553648068,0.5,0.3107344632768362
2018-06-28,-0.3999045403676682,-4.20755189266746,16.850000381469727,0.10488617907338238,0.0,-0.009999999999999787,4.491777498633001,-0.1428571428571428,-0.0560344827586206,0.5,0.2899408284023668
2018-06-29,0.28010100848696595,5.196130416250178,16.09000015258789,-0.7999223262922683,0.0,0.009999999999999787,3.98935434836447,0.0,-0.064516129032258,1.0,0.2546296296296296
2018-07-02,0.28010100848696595,3.9370415626690303,15.600000381469728,-0.7999223262922683,0.0,0.03000000000000025,4.703868558772367,0.0,-0.05766328972575583,0.3333333333333333,0.27555101113383323
2018-07-03,0.947259763675401,0.9477188536463288,16.139999389648438,-0.2955838846322223,0.0,-0.020000000000000018,4.785239207728752,0.0,-0.0787037037037037,1.0,0.3053892215568862
2018-07-05,0.947259763675401,0.6284119229603036,14.970000267028809,-0.2955838846322223,0.0,0.009999999999999787,4.382901252084542,0.0,-0.0854271356783919,0.0,0.4662162162162162
2018-07-06,-0.23889164756205616,0.5162002311365654,13.369999885559082,-0.45621032952603,0.0,-0.009999999999999787,5.217595261469674,0.0,-0.0708333333333333,0.0,0.320855614973262
2018-07-09,-0.23889164756205616,1.7432151630476511,12.6899995803833,-0.45621032952603,0.0,0.009999999999999787,4.884517621649815,0.0606060606060606,-0.04175315347207073,1.0,0.3583721253637881
2018-07-10,-0.3423648167605542,-7.028424347651452,12.640000343322754,0.03188137431511251,0.0,0.0,4.406475315076191,-0.1176470588235294,-0.0585365853658536,1.0,0.2327044025157232
2018-07-11,-0.8812040976282631,1.0178711879893498,13.630000114440918,0.6460866666977871,0.0,-0.020000000000000018,3.707701208354524,-0.3333333333333333,-0.066079295154185,0.5,0.2202380952380952
2018-07-12,0.17685920911132413,-2.628576724059428,12.579999923706056,0.09496791561671714,0.0,-0.009999999999999787,4.441709636835055,0.0,-0.078125,1.0,0.3717277486910995
2018-07-13,-0.43468026803283877,0.1482289507841017,12.18000030517578,-0.06330192168180204,0.0,0.009999999999999787,4.314149212270796,-0.125,-0.1065573770491803,0.75,0.3294797687861271
2018-07-16,-0.43468026803283877,3.4833237437700504,12.829999923706056,-0.06330192168180204,0.0,-0.009999999999999787,4.57250924374853,-0.03333333333333333,-0.050270252625213,0.8333333333333334,0.30270037155796153
2018-07-17,-1.0065857197482764,12.525156004881843,12.0600004196167,0.4855393498240268,0.0,-0.010000000000000231,4.069881090043726,-0.3333333333333333,-0.0576131687242798,1.0,0.2256410256410256
2018-07-18,0.04894760752298666,0.6771106197492216,12.100000381469728,0.11575966416090822,0.0,0.0,4.319086834900007,0.0,-0.0601851851851851,0.6666666666666666,0.2608695652173913
2018-07-19,-0.3185386200925677,1.2951038487557298,12.869999885559082,0.09460850943856514,0.0,0.0,4.013315256910018,0.0588235294117647,-0.0698689956331877,1.0,0.3068783068783068
2018-07-20,0.5791423271754859,-1.5212500162380849,12.859999656677246,-0.7488292068672742,0.0,0.020000000000000018,4.883634908890262,-0.0625,-0.0478260869565217,1.0,0.2058823529411764
2018-07-23,0.5791423271754859,2.1811513943109873,12.619999885559082,-0.7488292068672742,0.0,0.0,4.740574822994295,-0.0800194931773879,-0.06268518518518516,0.9629629629629629,0.3104893182220741
2018-07-24,-0.008168273621933508,11.40432117718202,12.40999984741211,-0.06339556317636053,0.0,0.0,4.348599108561364,-0.1,-0.0662020905923344,0.8461538461538461,0.2396694214876033
2018-07-25,0.6109251967322038,-2.9254690417220175,12.289999961853027,-0.26459241597862615,0.0,0.020000000000000018,4.059062748077461,-0.1428571428571428,-0.1076233183856502,1.0,0.3271604938271605
2018-07-26,-0.4966001498039496,-2.8491418656974687,12.140000343322754,0.4124582954731615,0.0,-0.020000000000000018,4.650621448892009,-0.0625,-0.1111111111111111,0.6666666666666666,0.3678756476683937
2018-07-27,-0.22060331796796007,2.6487261573523213,13.029999732971191,-0.0739056093518542,0.0,0.010000000000000231,4.118549250918918,0.0,-0.0912698412698412,0.7857142857142857,0.3604060913705584
2018-07-30,-0.22060331796796007,0.391398458523895,14.260000228881836,-0.0739056093518542,0.0,0.009999999999999787,4.816403086276466,-0.051282051282051266,-0.05322317313586944,0.75,0.3491244224742334
2018-07-31,0.19631109320892293,-5.215902271172723,12.829999923706056,0.13767251787246693,0.0,-0.009999999999999787,4.514698282824016,0.0,-0.0833333333333333,0.0,0.3368983957219251
2018-08-01,-0.4750931950486148,-2.019234469295661,13.149999618530272,0.13749130439730806,0.0,0.009999999999999787,4.055430468722875,-0.1666666666666666,-0.0746268656716417,1.0,0.2564102564102564
2018-08-02,-0.6011999848420935,-0.7604042111257314,12.1899995803833,0.5795847613919491,0.0,-0.009999999999999787,4.770091228101879,-0.1785714285714285,-0.0432692307692307,0.8333333333333334,0.2649006622516556
2018-08-03,0.2969299191421193,-1.7699946974246927,11.640000343322754,-0.03152622555848694,0.0,0.0,4.474263916140292,-0.0833333333333333,-0.053763440860215,0.5714285714285714,0.2314814814814814
2018-08-06,0.2969299191421193,-5.76796021247592,11.270000457763672,-0.03152622555848694,0.0,-0.010000000000000231,4.795184301261713,-0.0883190883190883,-0.09214744874016584,0.5583333333333333,0.31695046801065796
2018-08-07,0.08270615145109517,-3.8432310758944155,10.93000030517578,-0.14691931313475237,0.0,0.020000000000000018,4.27999390910873,0.0,-0.0565217391304347,0.8333333333333334,0.2670454545454545
2018-08-08,0.2477088262295979,-6.853482384772036,10.850000381469728,-0.12610630798404188,0.0,-0.020000000000000018,4.0427003290697625,-0.2,-0.0918032786885245,0.5,0.2100840336134453
2018-08-09,-0.05773983842614072,4.077457301356446,11.270000457763672,0.41972939803338605,0.0,0.0,4.247923650150401,-0.1764705882352941,-0.1185770750988142,1.0,0.25
2018-08-10,-0.06603787513004278,-6.016427603596242,13.15999984741211,0.89649365940625,0.0,-0.020000000000000018,4.343415735546226,-0.1111111111111111,-0.0805687203791469,0.6,0.3529411764705882
2018-08-13,-0.06603787513004278,1.931518323970316,14.779999732971191,0.89649365940625,0.0,0.010000000000000231,4.392265702716343,0.0,-0.1088418225598324,0.9166666666666666,0.21778901635575543
2018-08-14,0.14259543053389834,-1.6892783574697035,13.3100004196167,0.3521171434845094,0.0,-0.010000000000000231,4.01060056878914,-0.081081081081081,-0.1035714285714285,0.782608695652174,0.1893203883495145
2018-08-15,-1.3077596207343056,1.7398593339542856,14.640000343322754,-0.031025599839473728,0.0,-0.009999999999999787,2.9997242948235283,-0.1481481481481481,-0.06640625,0.9444444444444444,0.2673267326732673
2018-08-16,-0.1104685378172654,0.4146085616168804,13.449999809265137,-0.05171494582070224,0.010000000000000009,0.0,3.43043250693049,-0.5714285714285714,-0.0129870129870129,0.5,0.3833333333333333
2018-08-17,0.025506765501681627,3.808327820833668,12.640000343322754,-0.5706921343801241,0.0,0.0,4.132924044189576,-0.25,-0.0580357142857142,0.5,0.292817679558011
2018-08-20,0.025506765501681627,-2.58365862629244,12.489999771118164,-0.5706921343801241,0.0,-0.010000000000000231,4.375337646523085,-0.19444444444444442,-0.0651206971830266,0.6666666666666666,0.2569630993746961
2018-08-21,0.4875126658373752,1.1777531802861674,12.859999656677246,-0.669598000256233,0.0,0.010000000000000231,4.4057431612911975,-0.1071428571428571,-0.0811965811965812,1.0,0.3497267759562841
2018-08-22,0.30977237750970943,-1.741912892269326,12.25,-0.11554080192555105,0.0,0.0,3.651177586929925,0.0,-0.0625,1.0,0.2828282828282828
2018-08-23,-0.7804385383142431,2.450168206824088,12.40999984741211,0.49274221431643284,0.0,0.009999999999999787,4.497028027368389,0.0,-0.0772357723577235,0.8,0.4585365853658537
2018-08-24,1.6128748439265372,2.7928230011097455,11.989999771118164,-0.49274221431643284,0.0,0.0,4.386143150185721,0.1111111111111111,-0.0358974358974358,1.0,0.2684563758389262
2018-08-27,1.6128748439265372,0.9636510795415276,12.15999984741211,-0.49274221431643284,0.0,0.020000000000000018,4.743249554208644,0.0,-0.0622589844018415,1.0,0.2847804435394626
2018-08-28,-0.13242640321067256,4.485196568441019,12.5,-0.06332196369234211,0.0,0.0,5.109877128745905,0.0,-0.0765765765765765,0.75,0.238095238095238
2018-08-29,-0.24047645277596175,-0.6945951847084686,12.25,-0.12677240951521895,0.0,0.010000000000000231,4.532169293103601,0.0,-0.073394495412844,1.0,0.2215189873417721
2018-08-30,-0.5661532869709163,-0.9829420799983168,13.529999732971191,0.12677240951521895,0.0,-0.020000000000000018,4.504907764049697,-0.6,-0.0728155339805825,0.0,0.33125
2018-08-31,0.21685560260156223,0.8469072019252621,12.859999656677246,0.4424300565649908,-0.010000000000000009,-0.020000000000000018,4.799584990469429,-0.0869565217391304,-0.0595744680851063,0.8333333333333334,0.2905027932960894
2018-09-04,0.21685560260156223,1.6386667250543496,13.15999984741211,0.4424300565649908,0.010000000000000009,0.020000000000000018,4.308918162853243,-0.0178571428571428,-0.0474137931034482,0.8571428571428571,0.3591160220994475
2018-09-05,0.18429166421238818,-8.041781637747292,13.90999984741211,-0.30438325520547593,0.0,-0.010000000000000231,3.628598523229006,0.0,-0.1038461538461538,0.0,0.2079207920792079
2018-09-06,0.2507523830407976,-3.9587838057258296,14.649999618530272,-0.11569879164152752,0.0,-0.009999999999999787,4.22683374526818,0.3333333333333333,-0.1241610738255033,0.0,0.225
2018-09-07,-0.3596114122648153,-0.9556698168818656,14.880000114440918,0.36767319599766424,0.0,0.020000000000000018,4.21803603456465,-0.1666666666666666,-0.1037344398340249,1.0,0.123076923076923
2018-09-10,-0.3596114122648153,-2.8475602682723533,14.15999984741211,0.36767319599766424,0.0,0.0,4.3368549160271606,-0.05690488089288687,-0.07270775221917851,0.8444444444444444,0.2697643046757037
2018-09-11,0.20097347155791923,0.5661577724321631,13.220000267028809,-0.09463642756504242,0.0,0.020000000000000018,3.8993429522707714,0.0,-0.0333333333333333,0.7777777777777778,0.3151515151515151
2018-09-12,0.7749654927954985,0.48291121030619166,13.140000343322754,-0.2738804050556709,0.0,0.0,3.6965995771290743,-0.0909090909090909,-0.0702479338842975,1.0,0.2793296089385474
2018-09-13,-0.22436966462970886,2.572351655486571,12.369999885559082,-0.27464064034026237,0.0,-0.020000000000000018,3.3921566370100065,-0.1,-0.1101321585903083,1.0,0.2727272727272727
2018-09-14,-0.5840650729542318,-0.07060768656490524,12.06999969482422,0.4643343415447809,0.0,0.0,3.586292865338835,-0.0769230769230769,-0.0597014925373134,0.5,0.2516129032258064
2018-09-17,-0.5840650729542318,-1.0110722971703012,13.68000030517578,0.4643343415447809,0.0,0.0,4.486536788876869,-0.11666666666666665,-0.07193590811597034,0.6190476190476191,0.3674758636084603
2018-09-18,-0.24201158014891533,-1.184142353154094,12.789999961853027,0.11632276203155101,0.0,0.029999999999999805,4.272769648736932,0.25,-0.0436893203883495,1.0,0.2763157894736842
2018-09-19,0.45018019703046974,0.4266345706213315,11.75,-0.07400718493801861,0.0,0.020000000000000018,4.304875575485466,0.0,-0.1067193675889328,0.5,0.3823529411764705
2018-09-20,0.33217105465146446,1.8753903731685284,11.800000190734863,-0.6791911568653219,0.0,0.0,3.99341864363214,-0.125,-0.0392156862745098,1.0,0.4009661835748792
2018-09-21,-0.832505674484274,3.248666575188608,11.68000030517578,0.32955704153074805,0.0,0.0,4.479266769098936,-0.3333333333333333,-0.0633802816901408,0.5,0.3765690376569037
2018-09-24,-0.832505674484274,-0.8790409553396827,12.199999809265137,0.32955704153074805,0.0033333333333331883,0.010000000000000231,4.562958337178782,-0.17857142857142858,-0.062292652296345764,0.7777777777777777,0.32901163164321057
2018-09-25,0.05834628245633411,-3.4987277879016787,12.420000076293944,-0.1380167778231467,0.006666666666666821,0.0,4.019082077721554,-0.1666666666666666,-0.0524193548387096,1.0,0.3541666666666667
2018-09-26,-0.5012541823544048,0.7499922625337163,12.890000343322754,0.06372683742164043,0.0,-0.020000000000000018,3.6152329139456376,-0.3333333333333333,-0.0691244239631336,1.0,0.384180790960452
2018-09-27,-0.9847279784212404,2.75986920872473,12.40999984741211,0.856284684580011,0.2500000000000002,0.009999999999999787,3.133317936506554,-0.0555555555555555,-0.0546218487394958,0.8571428571428571,0.2698412698412698
2018-09-28,0.7751282370461965,-0.48976017617441414,12.119999885559082,0.19980283103899765,0.0,-0.009999999999999787,3.958524839079566,0.0,-0.0472103004291845,1.0,0.2742857142857143
2018-10-01,0.7751282370461965,-0.5798802415570847,12.0,0.19980283103899765,0.0,0.0,4.549798410453105,-0.1044372294372294,-0.0461981476439452,0.9074074074074074,0.3332948342942417
2018-10-02,1.2806242249857824,-0.7539009168588962,12.050000190734863,0.22011337304110867,0.0,-0.020000000000000018,4.874662829239662,-0.2,-0.0521739130434782,0.6666666666666666,0.3717277486910995
2018-10-03,-0.3415653306906741,-0.8195393817457486,11.609999656677246,0.2614107144679245,0.0,0.040000000000000036,4.677397819984972,0.2,-0.0614754098360655,1.0,0.3191489361702128
2018-10-04,-0.09184702430271585,1.133103530096946,14.220000267028809,-0.010445549713278268,0.0,0.0,4.782144136455451,0.0,-0.0714285714285714,1.0,0.2771084337349397
2018-10-05,0.33355602664464357,0.6938348855323184,14.81999969482422,-0.13585961388704604,0.0,0.0,4.1993049978585875,0.0,-0.0207468879668049,1.0,0.3333333333333333
2018-10-08,0.33355602664464357,-0.12062024147496686,15.6899995803833,-0.13585961388704604,0.0,0.0,4.832916461828874,0.041666666666666664,-0.07153162906449047,0.6666666666666666,0.3053811820974292
2018-10-09,0.23612144438462934,0.4245778625682206,15.949999809265137,-0.09401550896228628,0.0,0.0,3.4464893708538624,-0.2105263157894736,-0.0683760683760683,0.8,0.3575418994413408
2018-10-10,0.17673875050832066,-0.8634710127935818,22.959999084472656,-0.17783169786582675,0.0,-0.009999999999999787,4.077367938014984,-0.625,-0.0619047619047619,1.0,0.3212121212121212
2018-10-11,2.8350664093339084,-5.129538214462315,24.979999542236328,-0.5143615983140393,0.0,-0.040000000000000036,4.2250803842111555,-0.1904761904761904,-0.1180811808118081,1.0,0.2118226600985221
2018-10-12,-0.4423356219553476,0.29271598167834867,21.309999465942383,0.21026561561221513,0.0,0.0,4.635796379529852,0.0,-0.0433070866141732,0.8333333333333334,0.2486486486486486
2018-10-15,-0.4423356219553476,1.8408202923820838,21.299999237060547,0.21026561561221513,0.0,0.009999999999999787,4.417232890408501,-0.1726190476190476,-0.10193690065628293,0.6,0.3800625981352564
2018-10-16,0.07336059237568193,3.156529472320102,17.6200008392334,-0.021035811962200057,0.0,0.0,4.697840520829399,0.0,-0.036697247706422,0.3,0.2941176470588235
2018-10-17,-0.29376582988742683,-0.7865727557092583,17.399999618530273,0.5560511266005541,0.009999999999999787,0.0,4.355939299910563,0.0,-0.0237154150197628,1.0,0.3118811881188119
2018-10-18,0.22855686089613414,-1.040167369568934,20.059999465942383,0.33423854932275177,0.0,-0.029999999999999805,4.606469341719712,-0.0555555555555555,-0.0657894736842105,0.9333333333333332,0.3068181818181818
2018-10-19,-0.09788328932094359,-0.17462065653059966,19.88999938964844,-0.19832211583628023,0.0,0.009999999999999787,4.252771798816619,-0.0625,-0.0508474576271186,1.0,0.237410071942446
2018-10-22,-0.09788328932094359,0.3215539408836676,19.63999938964844,-0.19832211583628023,0.0,0.0,4.500957159860407,-0.07443957115009743,-0.0816788385757687,0.7555555555555555,0.4098548710130631
2018-10-23,0.9940661474511892,-0.16190692331221612,20.709999084472656,-0.052094652884004944,0.010000000000000231,-0.020000000000000018,3.9520126536443043,-0.1481481481481481,-0.032520325203252,1.0,0.3101604278074866
2018-10-24,-0.4550613589319852,0.3099024997764488,25.229999542236328,0.48859312562568036,0.0,-0.020000000000000018,4.298645025734831,0.0,-0.0476190476190476,1.0,0.2955974842767295
2018-10-25,0.10581845953803182,-0.30141263870877566,24.21999931335449,0.25891993048050566,0.0,-0.020000000000000018,4.494573764646065,0.0,-0.0833333333333333,0.5,0.4
2018-10-26,0.2762452559275985,-0.02378247716183779,24.15999984741211,-0.3315374911090352,0.0,0.010000000000000231,4.182508053051405,0.0,-0.0643564356435643,1.0,0.3725490196078431
2018-10-29,0.2762452559275985,-0.6448283185088499,24.700000762939453,-0.3315374911090352,0.0,0.0,4.536320161440887,-0.11972624798711755,-0.07145040701533727,0.9305555555555555,0.28730897009966777
2018-10-30,-0.15528787665672894,-1.5487136233266696,23.350000381469727,0.4442388589577462,0.0,-0.010000000000000231,3.9373008126124147,0.0,-0.0732984293193717,0.8571428571428571,0.2448979591836734
2018-10-31,-0.8460296595855787,-0.26336269445916827,21.229999542236328,0.1236171142941167,0.0,0.0,4.3703335360828355,0.0,-0.1347826086956521,0.0,0.3125
2018-11-01,1.9360936987836475,0.9479090296347081,19.34000015258789,-0.8789658900663966,0.0,-0.029999999999999805,4.432838563223485,-0.0769230769230769,-0.0305676855895196,0.0,0.3858695652173913
2018-11-02,-0.4134730067067771,0.16700572222632104,19.51000022888184,0.2696839479552793,-0.010000000000000231,0.040000000000000036,4.418720118610357,0.0,-0.0423280423280423,0.25,0.3059701492537313
2018-11-05,-0.4134730067067771,-0.0431602729147329,19.959999084472656,0.2696839479552793,0.0033333333333334103,0.0,4.871092216657308,-0.1587301587301587,-0.057328831124702634,1.0,0.25275971496167843
2018-11-06,-0.48907822962700465,1.1727120819447379,19.90999984741211,-0.031140063138401786,0.006666666666666821,0.009999999999999787,5.003610679159292,-0.2222222222222222,-0.0580912863070539,0.3333333333333333,0.3757225433526011
2018-11-07,0.19591045806830465,1.0642787457474157,16.360000610351562,-0.3327786924321785,0.0,0.0,4.113656873254474,0.0,-0.0388349514563106,0.8333333333333334,0.3354037267080745
2018-11-08,-0.26948093485055225,-1.177166147441433,16.719999313354492,0.6644536402944823,0.0,0.0,3.9441028988915576,0.0,-0.0934579439252336,0.0,0.3630952380952381
2018-11-09,-1.3584368668582592,-1.0608136324314899,17.360000610351562,0.27900226644437254,-0.010000000000000231,-0.029999999999999805,3.713815939403968,-0.25,-0.0376569037656903,1.0,0.3016759776536313
2018-11-12,-1.3584368668582592,0.18201391042360626,20.450000762939453,0.27900226644437254,0.0,-0.029999999999999805,3.9834750728347856,-0.0588235294117647,-0.06256228007189844,0.9166666666666666,0.32910511707146284
2018-11-13,-0.17497173022613666,-0.5920522498678693,20.020000457763672,-0.24635391117042715,0.010000000000000231,-0.029999999999999805,4.172385267224964,0.0,-0.0816326530612244,0.0,0.3493150684931507
2018-11-14,0.7228707752084063,-10.277649273173672,21.25,-0.5151994747421895,0.0,-0.020000000000000018,3.987872317711584,0.0,-0.1497975708502024,1.0,0.1581632653061224
2018-11-15,0.40484413255414964,-1.586495582727565,19.979999542236328,0.13420458439767913,0.0,0.0,4.008060193625088,0.0,-0.0568181818181818,1.0,0.1413612565445026
2018-11-16,0.6574645378254473,-1.291584159438841,18.13999938964844,-0.47569798167614863,0.0,0.020000000000000018,3.416742592997618,0.0,-0.0548523206751054,0.3333333333333333,0.2594594594594595
2018-11-19,0.6574645378254473,-4.1334225529929824,20.100000381469727,-0.47569798167614863,0.0,-0.030000000000000027,3.814924560964595,-0.043417366946778696,-0.0751649352039758,0.4908424908424909,0.2666985347181113
2018-11-20,-0.33577490512390895,-18.373244767776242,22.479999542236328,0.642484196784121,0.0,-0.020000000000000018,3.3762213955919784,0.0,-0.0673076923076923,1.0,0.1799163179916318
2018-11-21,0.5562881404039821,3.320365546509585,20.799999237060547,-0.10334692513032095,0.0,0.0,3.8471644330796497,0.0,-0.1122807017543859,1.0,0.1917808219178082
2018-11-23,0.5562881404039821,-0.4322277012642317,21.520000457763672,-0.10334692513032095,0.0,-0.010000000000000009,3.1851121947153915,0.0,-0.0988142292490118,0.8333333333333334,0.2606382978723404
2018-11-26,0.5562881404039821,-11.111407577346988,18.899999618530277,-0.10334692513032095,0.0,0.0,4.856084534247658,0.0175438596491228,-0.08676306481814224,0.9523809523809524,0.18608970046702086
2018-11-27,-0.7403176331916228,-1.7958270404902166,19.020000457763672,0.3085818618085767,0.0,-0.050000000000000044,4.533459338434091,-0.09375,-0.05,1.0,0.2529411764705882
2018-11-28,0.8386198408280698,10.822444579237178,18.489999771118164,-0.5974490578445568,0.0,0.030000000000000027,4.614328123772857,0.25,-0.0772200772200772,0.0,0.2254901960784313
2018-11-29,0.22080983593433245,0.5020181260203316,18.790000915527344,-0.010334386790411543,0.0,0.040000000000000036,5.210633035903153,-0.1333333333333333,-0.0546875,1.0,0.2562814070351759
2018-11-30,-0.3191120435707795,-6.308129823555753,18.06999969482422,0.5050233617851063,0.0,-0.010000000000000009,4.915811662574783,0.0,-0.1277533039647577,0.4,0.2808988764044944
2018-12-03,-0.3191120435707795,1.6203733947051546,16.440000534057617,0.5050233617851063,-0.0033333333333334103,-0.010000000000000009,5.050411408541237,0.0,-0.08963318171609647,0.4166666666666667,0.27229270319292304
2018-12-04,0.5818158773582383,-3.1346618396669967,20.739999771118164,-0.07216091654136392,0.0033333333333334103,-0.020000000000000018,4.694004899688582,0.0,-0.0769230769230769,0.3333333333333333,0.2524752475247525
2018-12-06,0.5818158773582383,-6.404661855090765,21.190000534057617,-0.07216091654136392,0.0,-0.040000000000000036,4.702206148499686,-0.0714285714285714,-0.0982456140350877,0.9,0.2531645569620253
2018-12-07,0.7002381348266695,-2.915174921548669,23.229999542236328,-0.31036174595922006,-0.010000000000000231,-0.010000000000000009,4.619566066271823,-0.2,-0.1025641025641025,0.6,0.1506849315068493
2018-12-10,0.7002381348266695,3.1959396274304552,22.63999938964844,-0.31036174595922006,0.0033333333333334103,-0.029999999999999805,4.6845357413688316,-0.004629629629629632,-0.0757211461065416,0.8333333333333334,0.2420887909366564
2018-12-11,-0.14482837866971465,-3.0600389080488455,21.76000022888184,0.17470655326210505,-0.0033333333333334103,-0.030000000000000027,4.482324355989245,-0.05,-0.104602510460251,0.7,0.2791878172588832
2018-12-12,0.20110210300003928,1.8046272769710825,21.459999084472656,-0.36002556356908855,0.0,0.0,4.059925635351641,0.1333333333333333,-0.0557620817843866,0.75,0.2894736842105263
2018-12-13,-0.13671131226420385,-5.0968961408146995,20.649999618530277,0.020604475316154947,0.0,0.0,4.801312461799358,0.037037037037037,-0.08,0.875,0.2325581395348837
2018-12-14,-0.45972991274956243,-2.17185542488334,21.6299991607666,0.3907510193577046,0.0,-0.010000000000000009,4.460837815098172,-0.1111111111111111,-0.0714285714285714,1.0,0.2626262626262626
2018-12-17,-0.45972991274956243,3.117311876501816,24.520000457763672,0.3907510193577046,0.0033333333333334103,-0.010000000000000009,4.838052824723034,0.030630630630630637,-0.09106128663612285,0.8333333333333334,0.22794715204245045
2018-12-18,0.14419026574250537,9.975405131190307,25.57999992370605,0.04118710516136659,0.006666666666666821,0.0,4.637056374850413,-0.04,-0.1137254901960784,1.0,0.2965116279069767
2018-12-19,0.23188148550019605,1.340829980107472,25.57999992370605,-0.1029956564052803,0.0,-0.010000000000000009,4.737688565688236,-0.1666666666666666,-0.0728744939271255,1.0,0.3031914893617021
2018-12-20,0.9142648430484179,9.867679132172569,28.3799991607666,-0.786267383413719,0.19999999999999973,-0.040000000000000036,4.37424644735492,0.0,-0.1017699115044247,0.8333333333333334,0.2690058479532163
2018-12-21,-0.7785791822915833,-5.9262300440080296,30.11000061035156,0.7037912642490873,0.0,0.010000000000000009,4.976112860057833,-0.2,-0.0669456066945606,0.5,0.3517587939698492
2018-12-24,-0.7785791822915833,3.3822172819293783,36.06999969482422,0.7037912642490873,0.0,-0.020000000000000018,4.927422752990037,-0.036416959946371695,-0.053896470558378796,0.6444444444444445,0.4001312938351707
2018-12-26,-0.7785791822915833,1.0897550330662753,30.40999984741211,0.7037912642490873,0.0,0.020000000000000018,5.289226166536256,-0.1612903225806451,-0.0886075949367088,0.6666666666666666,0.3083333333333333
2018-12-27,0.6361771038875474,-5.391629952715249,29.959999084472656,-0.5890573287268275,0.0,-0.030000000000000027,5.082025290182929,0.0,-0.0555555555555555,0.7142857142857143,0.3860759493670886
2018-12-28,0.20334556603831544,7.104028607292889,28.34000015258789,-0.09333123091899154,0.0,-0.010000000000000009,5.054014017398201,-0.217391304347826,-0.086021505376344,1.0,0.3720930232558139
2018-12-31,0.20334556603831544,-2.954372243953074,25.420000076293945,-0.09333123091899154,0.0,-0.020000000000000018,5.075507093023947,-0.021073271413828698,-0.0426674505119489,0.6166666666666667,0.3203512909632572
2019-01-02,0.20334556603831544,2.5657066653892002,23.21999931335449,-0.09333123091899154,0.0,-0.010000000000000009,4.990228484318593,-0.0666666666666666,-0.0718232044198895,0.625,0.4242424242424242
2019-01-03,0.8395609500155388,-2.7422321806191974,25.450000762939453,-0.5281451136242232,0.0,-0.020000000000000018,5.359318388105436,0.0,-0.0588235294117647,0.6666666666666666,0.3305084745762712
2019-01-04,-0.7069439157760371,0.5452331614920425,21.3799991607666,-0.12467026777098766,0.0,0.08000000000000007,5.031417833278784,-0.0454545454545454,-0.1024390243902439,0.5833333333333334,0.3680555555555556
2019-01-07,-0.7069439157760371,3.1798531729007706,21.399999618530277,-0.12467026777098766,0.0,0.020000000000000018,4.851248708584797,-0.08333333333333333,-0.09287977618973407,0.9166666666666666,0.3732893350730823
2019-01-08,-0.28016342498524693,1.2102524290263261,20.46999931335449,0.19832211583628023,0.0,0.040000000000000036,5.557792847109637,-0.2,-0.0625,0.5,0.3944444444444444
2019-01-09,0.47425532281950566,0.11030020343767433,19.979999542236328,-0.7115981214347755,0.0,0.010000000000000009,4.790985632036302,0.0,-0.0871559633027523,1.0,0.4848484848484848
2019-01-10,-0.35742832584517714,-9.245928249298174,19.5,0.3355000958285004,0.0,-0.020000000000000018,5.002871903478422,0.1,-0.0200803212851405,1.0,0.336734693877551
2019-01-11,0.18664166569104523,0.22917701090907627,18.190000534057617,0.13597330063221946,0.0,0.020000000000000018,5.1397904583197995,-0.0416666666666666,-0.0747663551401869,1.0,0.3493975903614458
2019-01-14,0.18664166569104523,-1.2900501056831715,19.06999969482422,0.13597330063221946,0.0,-0.020000000000000018,5.155504942848794,0.0,-0.0595812178422028,0.7380952380952381,0.33874476310854745
2019-01-15,-0.22521847725425204,-0.2593077445153469,18.600000381469727,0.3967481584088439,0.0,0.0,4.648133885420207,-0.1052631578947368,-0.0663507109004739,0.75,0.2483660130718954
2019-01-16,0.41896442442617143,0.6679301401545601,19.040000915527344,0.09373154720790922,0.0,0.010000000000000009,5.155947025256309,-0.0666666666666666,-0.0547945205479452,0.6666666666666666,0.3803680981595092
2019-01-17,-0.04646291352923271,0.642448558032882,18.059999465942383,0.010411842380175784,0.0,-0.030000000000000027,5.129425230065743,-0.2,-0.0465116279069767,0.8333333333333334,0.3459119496855345
2019-01-18,-0.7541886222843353,-0.5649816019731801,17.799999237060547,0.28064739446795883,0.0,0.040000000000000036,5.038055889672248,0.05,-0.084070796460177,0.5,0.3485714285714286
2019-01-22,-0.7541886222843353,-0.8460991874219559,20.799999237060547,0.28064739446795883,0.0,-0.040000000000000036,4.681668156960816,0.125,-0.0760456273764258,0.75,0.3487179487179487
2019-01-23,0.0467707828643249,-0.5411671839448573,19.520000457763672,-0.18709110514123495,0.0,0.010000000000000009,4.4802870038414015,-0.0256410256410256,-0.079295154185022,0.9230769230769232,0.4464285714285714
2019-01-24,-0.3122319355127523,0.4381431105509037,18.88999938964844,0.49812859798450404,0.0,-0.030000000000000027,4.664004971708984,-0.2666666666666666,-0.0575916230366492,0.5,0.4615384615384615
2019-01-25,1.420559407819777,-0.030542026954449852,17.420000076293945,-0.842042047017344,0.0,0.020000000000000018,4.655578088531937,0.0,-0.0677083333333333,0.8947368421052632,0.364963503649635
2019-01-28,1.420559407819777,-1.3275711510631893,18.8700008392334,-0.842042047017344,0.0,-0.010000000000000009,4.892377145591635,-0.03905228758169937,-0.07994530478190603,0.7348484848484849,0.39005986351143845
2019-01-29,0.4443374208731754,-2.976482697282634,19.1299991607666,0.0730800209334248,0.0,0.0,4.1356464415792065,0.0,-0.0890688259109311,0.7857142857142857,0.3056994818652849
2019-01-30,0.12987078392665552,1.097878297095356,17.65999984741211,-0.502201690445947,0.0,0.06000000000000005,4.81794011687474,-0.1071428571428571,-0.0765550239234449,0.9090909090909092,0.345679012345679
2019-01-31,0.7453583981655854,-0.8176606850343049,16.56999969482422,0.25142009416807554,0.0,0.010000000000000009,4.838184857097564,0.0,-0.0728155339805825,0.7619047619047619,0.3630573248407643
2019-02-01,-0.21238927681554998,0.8682382533651278,16.139999389648438,0.0,0.0,0.029999999999999805,4.562367063662782,0.05,-0.0782608695652174,0.8666666666666667,0.3837209302325581
2019-02-04,-0.21238927681554998,-0.187560852767632,15.729999542236328,0.0,0.0,-0.009999999999999787,4.971547905388209,0.0,-0.07819740172681343,0.8452380952380952,0.36080200142240715
2019-02-05,-0.007616332988291674,-0.4332910368582077,15.56999969482422,0.2604846526007343,0.0,0.0,4.4744918623459755,0.0,-0.0901639344262295,0.9411764705882352,0.4034090909090909
2019-02-06,-0.35826933617428836,-1.5287693750092757,15.380000114440918,0.3324329888858557,0.0,-0.010000000000000009,4.978456395732021,0.0,-0.0412844036697247,0.8888888888888888,0.296969696969697
2019-02-07,-0.007634929554711789,-0.41965833008426046,16.3700008392334,0.09330220667811417,0.0,-0.020000000000000018,4.541058240520847,0.0476190476190476,-0.1278538812785388,0.875,0.3648648648648648
2019-02-08,0.3278510654843636,7.56939360941562,15.720000267028809,0.1346075816926806,0.0,-0.020000000000000018,4.341334840010591,0.0,-0.0288065843621399,0.8,0.3227513227513227
2019-02-11,0.3278510654843636,0.08615738009272178,15.970000267028809,0.1346075816926806,0.0,0.0,4.222102375321965,-0.03511203511203507,-0.06882279175376396,0.7083333333333334,0.32653931434419237
2019-02-12,0.16817917066491717,-0.44821105169123854,15.43000030517578,-0.3612518561348921,0.0,0.010000000000000009,3.826682958261131,0.0,-0.0397727272727272,0.6666666666666666,0.3925925925925926
2019-02-13,0.12214487444177635,-0.5890543660870051,15.649999618530272,0.43334588747141467,0.0,0.030000000000000027,4.532707014254376,-0.0952380952380952,-0.0518867924528301,0.9285714285714286,0.26
2019-02-14,-0.07631840122668265,-0.4190873583171495,16.219999313354492,-0.1545452844951889,0.0,-0.010000000000000009,3.5832411220909393,0.0,-0.0710900473933649,1.0,0.4939024390243902
2019-02-15,0.6316796133235769,0.10859628225894369,14.90999984741211,-0.061892923601458705,0.0,0.010000000000000009,4.017103481878653,0.0,-0.0681818181818181,1.0,0.4811320754716981
2019-02-19,0.6316796133235769,5.395311426013372,14.880000114440918,-0.061892923601458705,0.0,0.010000000000000009,4.379398183320189,-0.0666666666666666,-0.0197044334975369,1.0,0.2608695652173913
2019-02-20,0.2385089610256408,1.3269765098495867,14.020000457763672,-0.07254982662523446,0.0,0.019999999999999796,4.1799104505517475,0.0,-0.0679611650485436,1.0,0.3376623376623376
2019-02-21,-1.4849566751192533,-1.149189028232911,14.460000038146973,0.16575541361936175,0.0,0.020000000000000018,4.470952843868283,0.0,-0.0669856459330143,0.5714285714285714,0.3544303797468354
2019-02-22,0.42974780783104904,1.2917451356472043,13.510000228881836,-0.103560979324957,0.0,0.0,4.747884288187267,0.0,-0.0493827160493827,1.0,0.2659574468085106
2019-02-25,0.42974780783104904,-1.5171132084565997,14.850000381469728,-0.103560979324957,0.0,0.010000000000000009,4.100989104940769,-0.03132183908045976,-0.054225239778512735,0.6944444444444443,0.2775369752036551
2019-02-26,-0.06035826876003014,-2.3299495391508884,15.170000076293944,-0.4261777193198313,0.0,0.0,4.2274175164464625,-0.0434782608695652,-0.0601851851851851,0.875,0.3575757575757576
2019-02-27,-0.5600154350637432,-0.08592791582575643,14.699999809265137,0.1561296436728199,0.0,0.010000000000000009,4.858338450407997,0.0,-0.1243523316062176,0.5454545454545454,0.304635761589404
2019-02-28,-0.37254575258760525,0.09701838898461546,14.779999732971191,0.010402096583295162,0.0,0.020000000000000018,4.830231896458205,0.0434782608695652,-0.0611111111111111,0.6923076923076923,0.3309352517985611
2019-03-01,-1.257108687016828,0.12440007407157339,13.56999969482422,0.38403193442846373,0.0,0.010000000000000009,4.707365698302761,0.0,0.0,0.4444444444444444,0.297752808988764
2019-03-04,-1.257108687016828,-0.9162282852717141,14.630000114440918,0.38403193442846373,0.0,-0.020000000000000018,4.574023456991255,-0.0175438596491228,-0.04752258925541556,0.33585858585858586,0.3346966247293044
2019-03-05,-0.2181743716337614,1.8649578223618235,14.739999771118164,0.1756815106093157,0.0,-0.010000000000000009,4.930003524070665,0.0,-0.0518867924528301,0.3333333333333333,0.2631578947368421
2019-03-06,0.22595548095685203,0.1940338762940641,15.739999771118164,0.020652769364026824,0.0,-0.020000000000000018,4.364880475838911,-0.1052631578947368,-0.03515625,0.8,0.3567567567567568
2019-03-07,-0.08564453784476456,0.19299650258197687,16.59000015258789,0.8224528920454333,0.0,-0.010000000000000009,4.933466231325127,0.0,-0.0717131474103585,0.7,0.3131868131868132
2019-03-08,1.022943740470783,-0.26502747112910896,16.049999237060547,-0.30762475136780765,0.0,0.0,4.404399485525607,0.0,-0.0572916666666666,0.8,0.3544303797468354
2019-03-11,1.022943740470783,0.9925978309309968,14.329999923706056,-0.30762475136780765,0.0,0.010000000000000009,4.809579339246051,-0.10597826086956519,-0.060540005209716835,0.9111111111111111,0.26435902007984385
2019-03-12,0.5802499524032001,-0.787108323004837,13.770000457763672,-0.2884208571455993,0.0,-0.010000000000000009,4.535069558308602,-0.1153846153846153,-0.0833333333333333,0.7142857142857143,0.2905405405405405
2019-03-13,0.8602826665779162,-0.062410552370018024,13.40999984741211,-0.4031215119365328,0.0,0.020000000000000018,4.399129542573544,-0.08,-0.0432900432900432,1.0,0.3966480446927374
2019-03-14,-1.0842488050706756,0.4508157464902851,13.5,0.24826521373224608,0.0,0.020000000000000018,4.031227252906622,-0.1,-0.0325581395348837,0.5714285714285714,0.3976608187134502
2019-03-15,0.6473530758076329,0.9268473031697866,12.880000114440918,-0.19649671972770122,0.0,0.0,4.196901150547193,0.0,-0.0460829493087557,0.7142857142857143,0.3609467455621302
2019-03-18,0.6473530758076329,1.8653001190617857,13.100000381469728,-0.19649671972770122,0.0,0.020000000000000018,4.398391988760146,-0.0222222222222222,-0.08154305102838293,0.9047619047619048,0.33876465026277014
2019-03-19,0.36079961480899314,0.8808301551516351,13.5600004196167,-0.1451523262403498,0.0,-0.010000000000000009,4.416790314610172,0.0,-0.0666666666666666,0.8461538461538461,0.4140127388535032
2019-03-20,-0.34542348680881574,0.3992356946232789,13.90999984741211,-0.6453599156870382,0.010000000000000231,0.010000000000000009,4.3292849234158215,-0.0333333333333333,-0.0752212389380531,0.8076923076923077,0.367816091954023
2019-03-21,0.42967730024310313,-1.4328401790338674,13.630000114440918,0.7697924787051669,0.0,0.0,4.5127258955968115,0.0526315789473684,-0.0744186046511627,0.8181818181818182,0.2666666666666666
2019-03-22,0.420216846540189,-0.13307952232004538,16.479999542236328,0.15532130970754565,0.0,-0.06000000000000005,4.430697744137536,-0.0227272727272727,-0.0368663594470046,0.7894736842105263,0.2533333333333333
2019-03-25,0.420216846540189,-0.4220291240910612,16.329999923706055,0.15532130970754565,-0.0033333333333334103,-0.020000000000000018,4.6024999574322125,-0.08828470380194516,-0.064154054171937,0.806060606060606,0.2811920708802353
2019-03-26,-0.5765872414879247,-0.5490663560248521,14.68000030517578,0.1758814493977745,-0.006666666666666821,-0.019999999999999796,4.360292142527875,0.0,-0.0673575129533678,0.9523809523809524,0.3098591549295774
2019-03-27,-0.33534245976776234,2.5269802161778543,15.149999618530272,0.031004889038044325,0.010000000000000231,-0.020000000000000018,4.528936879988502,-0.1,-0.0434782608695652,0.8,0.3464052287581699
2019-03-28,-1.5463611608309336,-0.44037841400328404,14.43000030517578,0.4433685866674253,0.0,-0.010000000000000009,3.984157603187345,-0.1666666666666666,-0.0794392523364486,1.0,0.3555555555555555
2019-03-29,0.24778943384520247,0.7166825802505272,13.710000038146973,0.08227255998027871,0.020000000000000018,0.04999999999999982,4.513602992462601,0.0,-0.1023255813953488,0.8333333333333334,0.4034090909090909
2019-04-01,0.24778943384520247,0.6091475814274716,13.399999618530272,0.08227255998027871,-0.006666666666666821,0.020000000000000018,4.770712872654252,-0.0101010101010101,-0.06281698195554347,0.7584415584415584,0.378309309399053
2019-04-02,0.12410609495416836,16.843829478702155,13.359999656677246,0.11304724497334107,-0.013333333333333197,0.0,4.871832891215797,-0.0204081632653061,-0.0709459459459459,0.9545454545454546,0.2336065573770492
2019-04-03,-0.007750345753088084,1.890749296950922,13.739999771118164,-0.2777109284944679,0.0,0.010000000000000009,4.406109305189839,-0.1666666666666666,-0.0965250965250965,0.8275862068965517,0.1990521327014218
2019-04-04,-0.06979909589999167,-1.0150461847883818,13.579999923706056,0.22633880815972063,0.0,-0.010000000000000009,4.416186486320586,-0.1320754716981132,-0.028169014084507,0.9285714285714286,0.1764705882352941
2019-04-05,0.10855427915750226,2.2870127391311,12.81999969482422,0.0924492569655655,0.0,0.0,3.9150185144079446,-0.0666666666666666,-0.025,1.0,0.2105263157894736
2019-04-08,0.10855427915750226,2.860357651191414,13.18000030517578,0.0924492569655655,0.0,0.010000000000000009,4.584389080137869,-0.05135387488328663,-0.05064235853707627,0.7868131868131868,0.26855081810145814
2019-04-09,0.4921969848965091,0.42607880131342313,14.279999732971191,-0.04122530663144275,0.0,0.0,4.0975062255596795,0.0,-0.0276243093922651,0.75,0.2553191489361702
2019-04-10,0.4286905162994792,2.271680293391576,13.300000190734863,-0.061873778290166825,0.0,0.030000000000000027,4.273605885719461,-0.0625,-0.0263157894736842,0.6666666666666666,0.1946308724832214
2019-04-11,-1.5783520778200888,-5.007552528719117,13.020000457763672,0.23695819070574942,0.0,0.0,3.9994842811981406,-0.0666666666666666,-0.0393258426966292,0.7142857142857143,0.2962962962962963
2019-04-12,0.15508688265573056,0.4934263167637454,12.010000228881836,-0.21632672131550734,0.0,0.010000000000000009,4.327966357823938,-0.0769230769230769,-0.0422535211267605,0.75,0.2530864197530864
2019-04-15,0.15508688265573056,0.41045635757601673,12.31999969482422,-0.21632672131550734,0.0,-0.010000000000000009,4.61910596372657,-0.058974358974358966,-0.08230158730158724,0.40952380952380957,0.2568018270145929
2019-04-16,-1.109652169596309,2.4181896260213165,12.18000030517578,0.10310184683861578,0.0,0.020000000000000018,4.062165663857866,-0.1333333333333333,-0.0697674418604651,1.0,0.274390243902439
2019-04-17,-0.031438575044795414,0.31234202806835754,12.600000381469728,-0.030918607641439166,0.009999999999999787,-0.020000000000000018,4.146937012341271,0.0,-0.0824175824175824,0.8125,0.3357142857142857
2019-04-18,-0.02357822114547048,0.880504810644922,12.09000015258789,0.4730562879087685,0.010000000000000231,0.010000000000000009,4.04234926710372,-0.125,-0.0285714285714285,0.5,0.2682926829268293
2019-04-22,-0.02357822114547048,0.8781725735770962,12.420000076293944,0.4730562879087685,0.009999999999999787,0.0,4.2694176902912275,-0.0350877192982456,-0.0530648690549782,0.8962962962962964,0.2892129238283084
2019-04-23,-0.33034095568353905,4.061144886546053,12.279999732971191,0.2976660322585367,0.0,0.0,4.04234926710372,-0.1428571428571428,-0.0570175438596491,1.0,0.2989130434782608
2019-04-24,0.48726527191904623,-1.94793465759453,13.140000343322754,0.5417285024900131,0.0,0.010000000000000009,4.096675177560383,-0.1111111111111111,-0.0610328638497652,1.0,0.2024539877300613
2019-04-25,0.02352124985423032,-4.766091040689524,13.25,0.10188332664604616,0.0,0.020000000000000018,4.334803991301542,0.0,-0.074074074074074,1.0,0.2287581699346405
2019-04-26,0.7107442209774995,1.3123813423158381,12.729999542236328,-0.19366482063221113,0.0,-0.010000000000000009,4.217888748313555,-0.25,-0.1280788177339901,0.5,0.3051948051948052
2019-04-29,0.7107442209774995,-0.23554435695665177,13.109999656677246,-0.19366482063221113,0.0033333333333334103,-0.010000000000000009,4.467056883858457,0.0,-0.0601980470679985,0.5,0.33858528036314045
2019-04-30,0.3279516644452585,1.578516870991109,13.119999885559082,-0.3890628903808313,0.006666666666666821,-0.010000000000000009,4.322011202263895,0.0,-0.0276243093922651,1.0,0.3507462686567164
2019-05-01,-0.1091977625139684,0.9665964737195054,14.800000190734863,0.21519614620570948,0.0,-0.020000000000000018,4.725172978382788,-0.0416666666666666,-0.072463768115942,0.9444444444444444,0.3625
2019-05-02,-0.9172635638249993,1.8809979754905726,14.420000076293944,0.143207252982247,-0.040000000000000036,-0.040000000000000036,3.407841924380824,-0.0666666666666666,-0.0384615384615384,0.5714285714285714,0.518918918918919
2019-05-03,0.7454230729596389,4.6667295980034496,12.869999885559082,-0.3173846436047789,-0.010000000000000231,0.020000000000000018,4.054390246715068,0.0,-0.05,1.0,0.2751322751322751
2019-05-06,0.7454230729596389,0.39687091853366496,15.4399995803833,-0.3173846436047789,0.0,0.0,4.4756308146331065,-0.01587301587301587,-0.041178169081726834,0.7361111111111112,0.340842562664385
2019-05-07,0.1403437671793739,0.6587177253033261,19.31999969482422,0.11273443550292583,0.0,-0.039999999999999813,4.710340683593631,-0.0229885057471264,-0.0465116279069767,0.9090909090909092,0.2787878787878788
2019-05-08,-0.31994842127271994,2.589995531404554,19.399999618530277,-0.010237651057298791,-0.009999999999999787,0.0,4.623108331119105,0.0,-0.0846560846560846,0.8333333333333334,0.2700729927007299
2019-05-09,0.31994842127271994,3.1601133315538377,19.100000381469727,-0.2564235396097736,-0.010000000000000231,-0.020000000000000018,4.2115348296335045,-0.0303030303030303,-0.0445544554455445,0.7692307692307693,0.1948051948051948
2019-05-10,0.1712557801154979,3.255511923946841,16.040000915527344,-0.04108979470949237,0.0,0.029999999999999805,4.683241721408247,-0.0625,-0.0526315789473684,0.75,0.1675392670157068
2019-05-13,0.1712557801154979,13.908141176835542,20.549999237060547,-0.04108979470949237,0.0,-0.029999999999999805,4.594277744821667,-0.08,-0.06228998833459134,0.9841269841269842,0.1683396056864038
2019-05-14,-0.4162195438771832,8.66741956091257,18.059999465942383,0.21554956882177123,0.0,0.010000000000000009,4.841427376447684,0.0,-0.057347670250896,0.96,0.2409090909090909
2019-05-15,0.12351199225513199,2.6020895924879994,16.440000534057617,0.041005552435358084,0.020000000000000018,-0.030000000000000027,4.88507207112091,0.1052631578947368,-0.0642201834862385,1.0,0.1694915254237288
2019-05-16,-0.8755371943978574,-3.981349360704378,15.289999961853027,0.27633879572475095,-0.009999999999999787,0.010000000000000009,4.550925171135695,0.0588235294117647,-0.0328638497652582,0.75,0.1445086705202312
2019-05-17,-0.8204773513150521,-7.108127725881808,15.960000038146973,0.1634024721228755,0.0,-0.030000000000000027,4.769751986304036,0.0,-0.0702479338842975,1.0,0.1451612903225806
2019-05-20,-0.8204773513150521,6.226965018320918,16.309999465942383,0.1634024721228755,0.0,0.0,4.557309589636591,-0.11495911495911493,-0.018431112171312866,1.0,0.27216107570768056
2019-05-21,-0.32180677080839715,1.8707882152678934,14.949999809265137,0.13265704770537567,0.0,0.020000000000000018,4.301358731606427,-0.125,-0.0446428571428571,1.0,0.1965317919075144
2019-05-22,0.1257052020717353,-3.6218763544482613,14.75,0.05097930703721332,-0.010000000000000231,-0.040000000000000036,4.2456340097683265,0.0,-0.1101321585903083,1.0,0.2369942196531791
2019-05-23,0.8755585276167821,2.5934032858881295,16.920000076293945,-0.26536261483700585,0.0,-0.06000000000000005,4.2632430986839145,-0.3636363636363636,-0.0803571428571428,1.0,0.2771739130434782
2019-05-24,-0.14020165813164454,1.3299515579216603,15.850000381469728,-0.24557248081888972,0.0,0.030000000000000027,4.971478578895062,0.0,-0.0717948717948717,0.6666666666666666,0.1842105263157894
2019-05-28,-0.14020165813164454,2.4312683269728907,17.5,-0.24557248081888972,0.010000000000000231,-0.030000000000000027,4.241038941372905,-0.1290322580645161,-0.0909090909090909,0.7857142857142857,0.2901234567901234
2019-05-29,0.3206741338613206,-0.6959352128145468,17.899999618530273,0.18358017045283503,0.0,0.020000000000000018,4.018542848805819,0.1,-0.0679611650485436,0.7142857142857143,0.3190184049079754
2019-05-30,0.5062907666908423,-4.005664796772912,17.299999237060547,0.0,0.0,-0.010000000000000009,3.928683446321253,-0.1538461538461538,-0.0551181102362204,0.6666666666666666,0.1981132075471698
2019-05-31,1.4424310458736933,3.0194039934908545,18.709999084472656,-0.3981825577089815,0.009999999999999787,0.0,4.547011271814559,0.0,-0.0796812749003984,1.0,0.2427184466019417
2019-06-03,1.4424310458736933,-0.8100678835294417,18.86000061035156,-0.3981825577089815,-0.006666666666666821,-0.010000000000000009,4.701086242817918,0.03888888888888887,-0.0548485373899896,0.7616161616161617,0.27764763200488357
2019-06-04,0.05291359094377057,-9.846319105055201,16.969999313354492,-0.07208660541220269,-0.013333333333333197,0.010000000000000009,4.787991617823697,-0.0588235294117647,-0.0586080586080586,0.5833333333333334,0.1283185840707964
2019-06-05,0.3695764872375662,1.4996473539936162,16.09000015258789,0.3085818618085767,0.0,0.010000000000000009,5.382244826483323,-0.1111111111111111,-0.0555555555555555,0.7142857142857143,0.1256830601092896
2019-06-06,0.697697917997786,-0.028224106582541708,15.93000030517578,-0.3497986741816561,-0.009999999999999787,-0.020000000000000018,4.923114696566761,-0.0208333333333333,-0.040983606557377,0.896551724137931,0.2514619883040935
2019-06-07,0.26877541074794564,2.7977129076807827,16.299999237060547,-0.43379346094267746,0.0,0.010000000000000009,5.489970250770876,-0.0588235294117647,-0.0562248995983935,0.9,0.3473684210526316
2019-06-10,0.26877541074794564,-2.0485284182656827,15.9399995803833,-0.43379346094267746,0.0,-0.010000000000000009,5.06680556556331,-0.08115942028985507,-0.06762588022461634,0.9333333333333332,0.33457828552298446
2019-06-11,0.12825419568347485,0.5929648964260181,15.989999771118164,-0.07236980741591736,0.0,-0.010000000000000009,4.869378902254231,0.0,-0.0495049504950495,1.0,0.3333333333333333
2019-06-12,0.41379887499468637,2.71447396905522,15.90999984741211,0.32009687580956125,0.0,-0.010000000000000009,4.753848778359454,0.0,-0.0515021459227467,0.4,0.2960893854748603
2019-06-13,0.5465871737307282,1.0388753446054722,15.81999969482422,0.010310949053327079,0.0,-0.030000000000000027,4.968910114048942,-0.0508474576271186,-0.0422535211267605,0.8260869565217391,0.2919254658385093
2019-06-14,0.06718355335486592,5.4715664950810705,15.279999732971191,0.5755977998179951,-0.010000000000000231,-0.050000000000000044,4.977216384550811,0.0,-0.0418848167539267,1.0,0.2027027027027027
2019-06-17,0.06718355335486592,4.026927248686718,15.350000381469728,0.5755977998179951,0.006666666666666821,-0.019999999999999796,5.024209414123374,-0.005128205128205096,-0.06158027400403723,0.6412698412698412,0.2636024844720497
2019-06-18,0.5883921663461855,0.33851060942620137,15.149999618530272,0.08196909506636985,0.0033333333333334103,0.029999999999999805,4.986001013137895,-0.0952380952380952,-0.0181159420289855,1.0,0.4492753623188406
2019-06-19,-0.14863261032118658,2.0894883881638293,14.329999923706056,-0.5339883682237812,0.0,0.030000000000000027,4.355297574931857,0.0344827586206896,0.0,0.8333333333333334,0.3354838709677419
2019-06-20,3.5291369343674717,2.6983496264122664,14.75,-0.5058132003963323,0.0,0.07000000000000006,4.759349436835766,-0.0444444444444444,-0.0350877192982456,0.8,0.3539325842696629
2019-06-21,0.23663033426526425,6.279058671001714,15.399999618530272,-0.42519746296258987,0.009999999999999787,-0.010000000000000009,5.186938778564647,-0.0632911392405063,-0.0545454545454545,0.7428571428571429,0.2420091324200913
2019-06-24,0.23663033426526425,6.778571997391225,15.260000228881836,-0.42519746296258987,0.0,-0.020000000000000018,5.044736085181707,-0.04477763291322614,-0.055898798228969,0.8629381890251455,0.19911005630163017
2019-06-25,0.04241309058388154,8.26064985980235,16.280000686645508,0.18736374649535037,0.0,-0.040000000000000036,4.306629370201435,-0.0303030303030303,-0.0353356890459364,0.631578947368421,0.2541666666666666
2019-06-26,-0.23350789510780956,9.886766271923975,16.209999084472656,0.05197839868484877,0.0,0.030000000000000027,4.959412172685121,-0.0377358490566037,-0.0359477124183006,0.8484848484848485,0.1317829457364341
2019-06-27,-0.2269469890296527,-15.18196739369877,15.81999969482422,-0.02078653116406315,0.0,-0.020000000000000018,4.160132302760104,-0.1,-0.0412371134020618,1.0,0.1660079051383399
2019-06-28,0.09225555241272332,10.391011328681188,15.079999923706056,-0.06240140394195848,0.020000000000000018,0.010000000000000009,4.8635264290580436,-0.0769230769230769,-0.054054054054054,0.7647058823529411,0.2804232804232804
2019-07-01,0.09225555241272332,-10.95524598274693,14.0600004196167,-0.06240140394195848,-0.0033333333333334103,0.0,4.855228269843183,-0.028188286808976466,-0.040134591303926666,0.8583333333333334,0.23337227476140435
2019-07-02,1.3619306155092659,-2.903366304079924,12.93000030517578,-0.1136467355157933,0.0033333333333334103,-0.040000000000000036,4.9706462858798925,-0.0869565217391304,-0.0337552742616033,0.7272727272727273,0.2116402116402116
2019-07-03,0.928325833838084,10.19724231462682,12.56999969482422,0.04133673044162123,0.010000000000000231,0.0,4.838422471450589,-0.0172413793103448,-0.0526315789473684,1.0,0.3114754098360656
2019-07-05,0.928325833838084,-2.1356009787895758,13.279999732971191,0.04133673044162123,0.009999999999999787,0.040000000000000036,4.288127958229824,-0.125,-0.0762331838565022,0.6,0.2965116279069767
2019-07-08,0.928325833838084,5.923811276666768,13.960000038146973,0.04133673044162123,-0.0033333333333334103,0.010000000000000009,4.747537427275013,-0.10161443494776823,-0.0337946587824152,0.7757575757575758,0.26515151515151514
2019-07-09,0.03578457722923645,7.644299768289997,14.09000015258789,0.11289641791076832,-0.0066666666666663765,0.010000000000000009,3.692373343368192,-0.2222222222222222,-0.0539419087136929,0.9090909090909092,0.2835820895522388
2019-07-10,0.8975680500220129,-3.3751227644685855,13.029999732971191,-0.4008427146106719,0.0,0.030000000000000027,3.820346216856242,0.0,-0.0746887966804979,0.2857142857142857,0.2009803921568627
2019-07-11,-0.41216137849033885,-6.788441618713037,12.93000030517578,-0.05150185225391013,-0.010000000000000231,0.030000000000000027,4.64285125295578,0.0,-0.030188679245283,1.0,0.2910798122065727
2019-07-12,0.3979804442910684,3.9472753868565746,12.390000343322754,-0.24760715467841976,-0.020000000000000018,0.0,4.283448621312786,-0.1428571428571428,-0.0595744680851063,0.6428571428571429,0.4506172839506173
2019-07-15,0.3979804442910684,-8.548718067776662,12.68000030517578,-0.24760715467841976,0.006666666666666821,0.0,4.452679239152811,-0.044612794612794604,-0.06668651934609376,0.7294685990338164,0.29530454868636236
2019-07-16,-0.15600040469463394,-13.503069837556048,12.859999656677246,0.4837154661666787,0.023333333333333428,0.030000000000000027,3.977997994351679,-0.05,-0.0995850622406639,0.9,0.2074468085106383
2019-07-17,0.8549847281971168,2.2551278856090207,13.970000267028809,-0.1849762141197253,0.0,-0.050000000000000044,4.344584339198011,-0.1621621621621621,-0.0701754385964912,0.5,0.2444444444444444
2019-07-18,0.3371448523743048,9.561955306661929,13.529999732971191,-0.443277155349886,0.0,0.040000000000000036,4.121148764974151,-0.1,-0.0373831775700934,0.6363636363636364,0.2422360248447205
2019-07-19,-0.07014590755680672,-1.2808461572603846,14.449999809265137,0.3712498909969497,0.0,0.010000000000000009,4.124550404279167,0.0,-0.0608695652173913,0.75,0.2470588235294117
2019-07-22,-0.07014590755680672,0.37014712215928114,13.529999732971191,0.3712498909969497,-0.0033333333333334103,-0.010000000000000009,4.278238955534034,-0.08833447254499881,-0.061589991775192775,0.787962962962963,0.3312061182618447
2019-07-23,-0.36550776599471035,-6.53870634032625,12.609999656677246,0.46160716466481233,-0.006666666666666821,0.020000000000000018,4.738301498591274,-0.0625,-0.0355555555555555,0.9090909090909092,0.2840236686390532
2019-07-24,0.18995209334571328,-0.9013724991008942,12.06999969482422,0.020471011339395773,0.0,-0.020000000000000018,4.378520495344594,-0.1025641025641025,-0.0696721311475409,0.8695652173913043,0.2486772486772486
2019-07-25,-0.6274934527660925,1.0131621144278569,12.739999771118164,0.09204432916396499,0.0,0.010000000000000009,3.7057365711803594,-0.1034482758620689,-0.0523809523809523,0.7333333333333333,0.3398692810457516
2019-07-26,0.3248114383933576,-0.41995593419574817,12.15999984741211,0.1940484085691807,0.0,-0.020000000000000018,4.7545380176389145,0.0,-0.106145251396648,0.5833333333333334,0.2868217054263566
2019-07-29,0.3248114383933576,-3.6497059248407737,12.829999923706056,0.1940484085691807,0.0,-0.010000000000000009,4.880703763393049,-0.0743034055727554,-0.07784799007927247,0.7685185185185185,0.2773341035124364
2019-07-30,0.7089473307916094,0.9502550207313831,13.9399995803833,0.010201576864510287,-0.009999999999999787,0.010000000000000009,4.936199062943238,-0.1212121212121212,-0.0666666666666666,0.8666666666666667,0.3643410852713178
2019-07-31,-0.25211692591504686,4.857531814577598,16.1200008392334,0.4781955411850447,0.009999999999999787,-0.020000000000000018,4.634826070895602,0.0555555555555555,-0.0545454545454545,0.7368421052631579,0.2658227848101265
2019-08-01,-0.36529377971197263,3.0662540264241755,17.8700008392334,-0.13203725044270698,-0.2599999999999998,-0.06000000000000005,5.011967739330034,-0.1724137931034483,-0.0647773279352226,0.8333333333333334,0.2239583333333333
2019-08-02,1.72339525633447,1.1330721144643618,17.610000610351562,-0.29518156572878596,0.0,-0.040000000000000036,4.76567208264212,-0.0204081632653061,-0.0727272727272727,0.9166666666666666,0.358974358974359
2019-08-05,1.72339525633447,6.273659455581182,24.59000015258789,-0.29518156572878596,-0.0033333333333334103,-0.05999999999999983,4.68154463535982,-0.09215686274509804,-0.0783122151430548,0.6297258297258297,0.2834494629007507
2019-08-06,0.5311588128471989,2.460558947314162,20.170000076293945,0.13324171012163433,-0.006666666666666821,0.020000000000000018,4.431411859854625,-0.0975609756097561,-0.1019607843137254,0.7142857142857143,0.303030303030303
2019-08-07,2.3426264124912777,3.961210267399373,19.489999771118164,-0.09222354369375907,-0.009999999999999787,0.0,4.52417702677856,-0.1214953271028037,-0.0936170212765957,0.6666666666666666,0.3246073298429319
2019-08-08,-0.6389437814637411,0.20443450527860563,16.90999984741211,0.08198589263646028,0.0,0.029999999999999805,4.537747509670657,-0.0204081632653061,-0.0603015075376884,0.8947368421052632,0.25
2019-08-09,-0.07347130630357412,-0.8684364496771124,17.969999313354492,-0.13326318655684233,0.0,0.010000000000000009,4.5255857066452485,-0.0338983050847457,-0.0642570281124498,0.5666666666666667,0.2622950819672131
2019-08-12,-0.07347130630357412,-3.804634415395647,21.09000015258789,-0.13326318655684233,0.0,-0.04999999999999982,4.575604050386325,-0.08103592314118627,-0.07342615497535136,0.9365079365079366,0.31497610235726053
2019-08-13,-0.20615785564279676,-4.699246330901374,17.520000457763672,0.44059737919308617,0.0,0.019999999999999796,4.249922794040544,-0.0694444444444444,-0.037037037037037,0.6944444444444444,0.3831168831168831
2019-08-14,0.9078670323797056,-8.06379719242738,22.100000381469727,0.18386145055329095,0.0,-0.05999999999999983,4.895673275626574,-0.1477272727272727,-0.1111111111111111,0.8333333333333334,0.3131313131313131
2019-08-15,0.24377881760617726,2.552204596572061,21.18000030517578,0.15296135953324352,0.009999999999999787,-0.030000000000000027,4.971547905388209,-0.072463768115942,-0.0905511811023622,0.8095238095238095,0.2783505154639175
2019-08-16,-0.4683215342362601,0.607111200048216,18.46999931335449,0.0,0.0,0.0,4.660699495780571,-0.0845070422535211,-0.0577777777777777,0.875,0.2544378698224852
2019-08-19,-0.4683215342362601,1.1836988147010175,16.8799991607666,0.0,0.0,0.020000000000000018,5.151131266522337,-0.0574543774543774,-0.06262463916357551,0.9184873949579831,0.3263260257125287
2019-08-20,0.27953104204057055,2.4963591985471822,17.5,-0.16281272749845144,0.0,-0.030000000000000027,5.434987577922902,-0.0963855421686747,-0.0652173913043478,0.7857142857142857,0.3481012658227848
2019-08-21,0.0,-5.984026786228647,15.800000190734863,0.11196561531683358,-0.009999999999999787,0.010000000000000009,5.62866373543926,-0.0769230769230769,-0.0520833333333333,0.7647058823529411,0.381294964028777
2019-08-22,-0.4863547145385283,-0.06901282262674613,16.68000030517578,-0.13234071459153895,0.0,0.010000000000000009,5.226069202340413,0.032258064516129,-0.0913461538461538,0.8947368421052632,0.3197278911564626
2019-08-23,1.9379505617472148,2.696583890848636,19.8700008392334,-0.541341177883492,0.0,-0.010000000000000009,5.594079209564238,-0.125,-0.0847457627118644,0.75,0.3968253968253968
2019-08-26,1.9379505617472148,-1.7921536012737604,19.31999969482422,-0.541341177883492,0.0,0.0,5.784214849989176,-0.06564996368917934,-0.0830914085133494,0.5528205128205128,0.2933575729142231
2019-08-27,0.9585018407868517,-0.3684687105947049,20.309999465942383,-0.0816012186319881,0.0,0.010000000000000009,5.156177599386914,0.032258064516129,-0.079295154185022,0.7894736842105263,0.294478527607362
2019-08-28,-0.20787009701006554,-4.324433232151748,19.350000381469727,0.21405551769708708,0.0,0.0,4.888467660122048,-0.074074074074074,-0.0766283524904214,0.8,0.1921182266009852
2019-08-29,-0.7375322175081855,-2.535588058642091,17.8799991607666,0.30500537054622967,0.0,0.040000000000000036,4.6076670661866785,-0.0566037735849056,-0.0839694656488549,0.7692307692307693,0.1941747572815534
2019-08-30,-0.4859495032714989,0.9207926773969533,18.979999542236328,0.4153336589750367,0.009999999999999787,-0.040000000000000036,4.7572902340489245,0.0238095238095238,-0.0353535353535353,0.8823529411764706,0.2147651006711409
2019-09-03,-0.4859495032714989,6.934648179221803,19.65999984741211,0.4153336589750367,0.0,-0.050000000000000044,4.560277417097355,0.0625,-0.0393013100436681,0.6,0.2267441860465116
2019-09-04,0.2842211273165418,-0.273794398070315,17.329999923706055,-0.5065867120074508,0.0,0.010000000000000009,4.522005944727322,0.0,-0.085,0.9090909090909092,0.2846715328467153
2019-09-05,-2.2769045460323767,-0.17912085396538657,16.270000457763672,-0.040631196341589515,0.0,0.050000000000000044,4.668802046232865,-0.0714285714285714,-0.0052910052910052,0.8333333333333334,0.2535211267605634
2019-09-06,-0.6089556358749526,-2.123757118171987,15.0,-0.020329544938668676,-0.009999999999999787,-0.020000000000000018,4.8714498521794365,0.0277777777777777,-0.0301724137931034,1.0,0.3258426966292135
2019-09-09,-0.6089556358749526,0.7492733240972882,15.270000457763672,-0.020329544938668676,0.0033333333333334103,0.030000000000000027,4.774547211559335,-0.03237236395352456,-0.06845988523812192,0.7213595583160801,0.3152239367667426
2019-09-10,-0.7953193028797045,-3.068239142566398,15.199999809265137,0.05086521812796008,0.0066666666666663765,0.030000000000000027,4.168678699274804,-0.1612903225806451,-0.0572916666666666,0.8888888888888888,0.2262773722627737
2019-09-11,0.27473300929079514,0.6149168432955321,14.609999656677246,0.3249060522634295,0.0,0.0,4.069368576151923,0.0344827586206896,-0.0883720930232558,0.8235294117647058,0.3205128205128205
2019-09-12,0.2873228259018923,2.251399403043486,14.220000267028809,-0.3452521391145602,0.0,0.029999999999999805,4.608464752937522,-0.1176470588235294,-0.0785123966942148,0.8571428571428571,0.3717277486910995
2019-09-13,-0.5218052260891781,-0.47740552572044237,13.739999771118164,-0.050867806398713356,0.010000000000000231,0.040000000000000036,4.635893358630932,-0.1739130434782608,-0.0751173708920187,0.6923076923076923,0.4285714285714285
2019-09-16,-0.5218052260891781,-0.31929856839916226,14.670000076293944,-0.050867806398713356,0.036666666666666625,0.0,4.683950558790573,-0.06819867763263987,-0.06060740651013796,0.7744708994708995,0.35618494311304766
2019-09-17,0.13296990407196674,-0.8386161261627834,14.4399995803833,-0.39611994551327356,0.12333333333333307,-0.010000000000000009,4.371723741677985,-0.037037037037037,-0.0795454545454545,0.8461538461538461,0.3645320197044335
2019-09-18,0.1593324663915041,-0.42099302272120553,13.949999809265137,0.34541976520516826,-0.04999999999999982,-0.06999999999999984,4.285515734293038,-0.1538461538461538,-0.0912863070539419,0.5,0.4236453201970443
2019-09-19,-0.6054761178041268,0.6661946401365526,14.050000190734863,-0.3352487919118907,-0.3500000000000001,0.020000000000000018,5.219382378459894,-0.1470588235294117,-0.1013215859030837,0.8333333333333334,0.3491124260355029
2019-09-20,0.5922114787614063,-0.8291636186186224,15.31999969482422,0.24393293389799453,0.0,0.0,4.5884308619837935,-0.1333333333333333,-0.0561224489795918,0.5,0.3716216216216216
2019-09-23,0.5922114787614063,-2.403822932793709,14.90999984741211,0.24393293389799453,-2.220446049250313e-16,0.0,4.912115524620718,-0.019047619047619032,-0.0680342498288556,0.45726495726495725,0.2913123962521768
2019-09-24,0.549777195712764,-14.239723541614602,17.049999237060547,-0.2640421388617753,2.220446049250313e-16,-0.030000000000000027,4.7942190635314725,-0.1052631578947368,-0.1156716417910447,0.6666666666666666,0.1095238095238095
2019-09-25,-1.8112261486835202,-1.5616015371175962,15.960000038146973,0.7092993435775519,0.0,0.020000000000000018,4.975560640812765,-0.1538461538461538,-0.0958904109589041,0.7777777777777778,0.179372197309417
2019-09-26,0.19255837015004218,-4.433175093227604,16.06999969482422,0.17149882533331606,-0.04999999999999982,-0.030000000000000027,4.09551054886207,-0.1428571428571428,-0.0490566037735849,0.9230769230769232,0.1840796019900497
2019-09-27,-0.5587737868885334,1.623387232043605,17.219999313354492,-0.10084558566934021,-0.020000000000000018,-0.040000000000000036,4.617691466541763,-0.0465116279069767,-0.1015037593984962,0.8928571428571429,0.3106796116504854
2019-09-30,-0.5587737868885334,-0.45169904892770063,16.239999771118164,-0.10084558566934021,0.023333333333333428,0.0,4.830577838955368,-0.031690561529271195,-0.0723763285040423,0.703288740245262,0.36293744875351086
2019-10-01,1.1059616136638084,1.5536082581778743,18.559999465942383,-0.251876619906799,0.026666666666666394,-0.010000000000000009,4.175617282350837,0.0,-0.0217391304347826,0.6363636363636364,0.3005464480874317
2019-10-02,1.2739025777429802,0.5947039319424974,20.559999465942383,-0.0908274157633393,-0.029999999999999805,-0.020000000000000018,4.5306621338130295,0.0588235294117647,-0.0693069306930693,0.8333333333333334,0.3698630136986301
2019-10-03,0.4055705592803882,-1.597938661828735,19.1200008392334,-0.18191041275912312,-0.020000000000000018,-0.020000000000000018,3.8413859258287055,-0.032258064516129,-0.0430622009569378,0.5714285714285714,0.2925170068027211
2019-10-04,-0.05973679771029694,-0.6565426082859815,17.040000915527344,-0.0505924553928061,-0.010000000000000009,0.020000000000000018,4.661077817926388,-0.0869565217391304,-0.0491803278688524,0.8181818181818182,0.3061224489795918
2019-10-07,-0.05973679771029694,-0.9490861563614672,17.860000610351562,-0.0505924553928061,0.0,0.010000000000000009,5.175773013789943,-0.015061327561327567,-0.06328916328916323,0.8466666666666667,0.3000653667320334
2019-10-08,-0.0333900978963797,1.2270800743520383,20.280000686645508,0.15141730845158463,0.0,-0.030000000000000027,5.108064439427801,-0.0555555555555555,-0.0737327188940092,0.4285714285714285,0.3092105263157895
2019-10-09,0.5926847590369988,4.36286041566607,18.63999938964844,-0.020172140541419026,0.0,0.010000000000000009,4.136445738240736,-0.0833333333333333,-0.0721153846153846,0.8333333333333334,0.2202380952380952
2019-10-10,-0.7531060731031047,-0.10786272982699074,17.56999969482422,-0.4145015875675284,0.0,0.030000000000000027,4.78690823924363,-0.0892857142857142,-0.0490196078431372,0.6857142857142857,0.2137931034482758
2019-10-11,-0.8127734184569135,-3.131474095669695,15.579999923706056,-0.41621909564080184,0.0,0.040000000000000036,4.554718642491993,0.0416666666666666,-0.0526315789473684,0.8888888888888888,0.4178082191780822
2019-10-14,-0.8127734184569135,0.2679236132676621,14.56999969482422,-0.41621909564080184,0.0,0.040000000000000036,4.5263434054421205,-0.03777971519907,-0.0526873654920233,0.6048951048951049,0.32665945245847344
2019-10-15,-0.9497243064429561,-1.6763913593926816,13.539999961853027,-0.16264721939966975,0.07999999999999985,0.040000000000000036,4.220242729097475,-0.0625,-0.0380952380952381,0.6875,0.3597560975609756
2019-10-16,0.7013803030789134,-1.9423891941979576,13.68000030517578,-0.28527658159553937,0.0,0.010000000000000009,4.741884009303914,-0.1621621621621621,-0.0962343096234309,0.6666666666666666,0.2988505747126437
2019-10-17,0.28856502644307724,0.6981979739068223,13.789999961853027,-0.4089582637299749,-0.04999999999999982,0.020000000000000018,5.054971107916307,0.0,-0.0627615062761506,0.6666666666666666,0.3181818181818182
2019-10-18,-0.27512835044971595,-1.625994007694942,14.25,-0.33865477703241,0.0,0.010000000000000009,4.1596640283427435,0.0,-0.0658436213991769,1.0,0.2758620689655172
2019-10-21,-0.27512835044971595,2.210934793884256,14.0,-0.33865477703241,2.220446049250313e-16,0.010000000000000009,4.061476958596484,-0.10441595441595437,-0.07168084413126123,0.726328502415459,0.36570053014477516
2019-10-22,-0.047236817986640034,-0.9026746623790771,14.460000038146973,0.20527252164903587,-2.220446049250313e-16,0.0,3.7436043538031827,-0.0967741935483871,-0.0476190476190476,0.6923076923076923,0.3660130718954248
2019-10-23,0.5518975719105867,-7.231210270482968,14.010000228881836,-0.06153595947386847,0.0,0.0,4.382276603429089,-0.0666666666666666,-0.0600858369098712,0.6363636363636364,0.2469879518072289
2019-10-24,0.6022502044865874,-0.28228801699565764,13.710000038146973,0.16401442320139736,0.0,0.010000000000000009,4.030161533445187,0.0714285714285714,-0.0625,0.6666666666666666,0.2712765957446808
2019-10-25,0.04001971645273272,14.476109386093228,12.649999618530272,0.20465020810185308,-0.020000000000000018,0.029999999999999805,4.217741440366026,-0.075,-0.0614754098360655,0.6842105263157895,0.2182741116751269
2019-10-28,0.04001971645273272,7.668186786319353,13.109999656677246,0.20465020810185308,0.0,-0.010000000000000009,4.515099588898243,-0.0313932980599647,-0.06313298975108643,0.7261904761904763,0.22651152364231045
2019-10-29,-0.20154524793500883,0.8173397445091268,13.199999809265137,-0.07162926188559737,-0.010000000000000009,-0.029999999999999805,4.898809478913999,-0.024390243902439,-0.0560747663551401,0.7142857142857143,0.3953488372093023
2019-10-30,0.4160767879948679,-2.3825095718830624,12.329999923706056,-0.04095517075262123,0.0,-0.040000000000000036,4.7106106984460885,0.0,-0.0511627906976744,1.0,0.423841059602649
2019-10-31,1.2114954399792488,-0.06673727616757219,13.220000267028809,-0.30769568046329354,-0.24,-0.030000000000000027,4.892527205615926,-0.064516129032258,-0.034313725490196,0.7857142857142857,0.3541666666666667
2019-11-01,-0.22521201719944983,0.6664947063718785,12.300000190734863,-0.11305886647718921,-0.010000000000000009,0.050000000000000044,3.559340082758951,-0.0476190476190476,-0.0613207547169811,0.9,0.3227848101265823
2019-11-04,-0.22521201719944983,0.6792877127669072,12.829999923706056,-0.11305886647718921,-0.0033333333333334103,0.04999999999999982,4.772519098979986,-0.041774891774891736,-0.0501720197729587,0.8392857142857143,0.3610009758627514
2019-11-05,-1.8201754334461917,0.19606148989836925,13.100000381469728,0.48084517170083885,-0.006666666666666599,0.040000000000000036,4.8629083820668,0.0,-0.055793991416309,0.8888888888888888,0.3393939393939394
2019-11-06,0.6327791120031456,0.1962481459161225,12.619999885559082,-0.03062972375769135,-0.010000000000000009,-0.020000000000000018,3.887115369721961,-0.0754716981132075,-0.0574162679425837,0.9032258064516128,0.4131736526946107
2019-11-07,-1.7601321488918131,-1.0018996001742053,12.729999542236328,0.19379112082971162,0.0,0.030000000000000027,4.2171519914836475,-0.0588235294117647,-0.0580357142857142,0.8,0.3395061728395062
2019-11-08,-0.1982500969778478,-5.1214083806272015,12.06999969482422,0.2137504877720353,0.0,0.020000000000000018,4.847567194224188,0.0425531914893617,-0.0583333333333333,0.9285714285714286,0.4090909090909091
2019-11-11,-0.1982500969778478,0.8003351447557705,12.6899995803833,0.2137504877720353,0.0,0.020000000000000018,4.747566336946746,-0.08302808302808301,-0.0609220185290468,0.7412698412698413,0.36289414414414417
2019-11-12,-0.23387164619208534,-0.6779637585333731,12.68000030517578,0.1119542261623252,0.0,0.020000000000000018,4.495020442487104,0.0,-0.0418848167539267,0.4,0.4296875
2019-11-13,0.658934076646478,-0.08397010971492591,13.0,0.061018090051767615,0.0,-0.040000000000000036,4.671706709788335,-0.0666666666666666,-0.0639269406392694,0.9,0.3164556962025316
2019-11-14,0.6886066178064532,-1.143720218148303,13.050000190734863,-0.21370697353892965,0.0,-0.039999999999999813,3.984343667007772,-0.0555555555555555,-0.094240837696335,0.9166666666666666,0.3309352517985611
2019-11-15,-0.3062164177332072,-2.5129397563837585,12.050000190734863,-0.163135903963596,0.0,0.009999999999999787,4.039008017182635,0.0,-0.03515625,0.75,0.2905027932960894
2019-11-18,-0.3062164177332072,-0.14909105283766877,12.460000038146973,-0.163135903963596,0.0,0.0,4.369321262176328,-0.07445054945054942,-0.07196938049010243,0.8905555555555557,0.37026854966825523
2019-11-19,0.16303409319782247,-3.2749387585273126,12.859999656677246,0.07155604116038106,0.0,0.0,3.500741011998417,0.088235294117647,-0.1176470588235294,0.7647058823529411,0.2484848484848484
2019-11-20,0.0,-2.203907156093976,12.779999732971191,0.07150487510028114,0.0,-0.029999999999999805,3.8344938029189084,0.0277777777777777,-0.0842105263157894,0.8235294117647058,0.3503649635036496
2019-11-21,-0.6947360157733229,-4.9086768125686575,13.130000114440918,0.06124699982645865,0.0,0.029999999999999805,4.176999240344289,0.0,-0.1052631578947368,0.7142857142857143,0.2560975609756097
2019-11-22,0.0,-4.635206471928832,12.34000015258789,0.2853347366793102,0.0,-0.009999999999999787,4.429148741742616,-0.0909090909090909,-0.0777777777777777,1.0,0.2227722772277227
2019-11-25,0.0,-1.3701889879365936,11.869999885559082,0.2853347366793102,0.0,0.0,4.270303326725464,0.04464285714285713,-0.058227899776916635,0.7596394833236939,0.228161445930268
2019-11-26,0.21945374432128517,0.29257857088307304,11.539999961853027,-0.07122114045055028,0.0,0.0,3.6240742307478206,-0.1153846153846153,-0.0934959349593495,0.8125,0.3370165745856354
2019-11-27,-0.439381748560308,4.24866264353021,11.75,0.16272113743003302,0.0,0.009999999999999787,3.6157709822932977,-0.0625,-0.0422535211267605,0.625,0.3117647058823529
2019-11-29,-0.439381748560308,3.9170910137082515,12.619999885559082,0.16272113743003302,0.010000000000000009,-0.019999999999999796,4.805577210328431,0.074074074074074,-0.099009900990099,0.7272727272727273,0.2827586206896552
2019-12-02,-0.439381748560308,-4.245496862307618,14.90999984741211,0.16272113743003302,-2.220446049250313e-16,0.039999999999999813,4.326337728813293,-0.06066740277266589,-0.0617215086354255,0.7944444444444444,0.3512691097944554
2019-12-03,1.0814526309483874,-1.6057411316243275,15.960000038146973,-0.12270221122125946,-0.009999999999999787,-0.020000000000000018,4.2381562642541795,0.0,-0.0609756097560975,0.8,0.2935779816513761
2019-12-04,-0.2845304569353502,-0.9348132540894838,14.800000190734863,-0.09211970370648359,0.0,0.030000000000000027,4.161691635681711,0.0,-0.0826446280991735,0.75,0.3214285714285714
2019-12-05,0.196551921359589,2.6704767756074332,14.520000457763672,-0.24607605710249558,0.0,0.010000000000000009,3.607126952241677,-0.1388888888888889,-0.0045045045045045,0.7692307692307693,0.271523178807947
2019-12-06,-1.2125522425176172,1.316283930428419,13.619999885559082,0.29726154350679934,0.0,0.020000000000000018,4.904163049585739,-0.0952380952380952,-0.0368663594470046,0.625,0.2732558139534883
2019-12-09,-1.2125522425176172,-0.5292341070830986,15.859999656677246,0.29726154350679934,0.0,0.0,5.164652631700502,-0.04924242424242423,-0.08972560100379644,0.8119658119658121,0.36023925696218506
2019-12-10,0.225875501095274,-3.0984803228124136,15.68000030517578,-0.23583268960560844,0.0,0.020000000000000018,5.242434609300363,-0.073170731707317,-0.0931174089068826,0.6666666666666666,0.3383838383838384
2019-12-11,0.46385136565483265,-0.8373983817170583,14.989999771118164,-0.2569770552158346,0.0,-0.020000000000000018,4.716979861040097,-0.05,-0.0995475113122171,0.75,0.3455882352941176
2019-12-12,-0.18392248396015276,0.3555471658463816,13.9399995803833,0.24670844890932742,0.0,0.030000000000000027,4.603067977896221,-0.0909090909090909,-0.0699588477366255,0.7333333333333333,0.2566844919786096
2019-12-13,0.6049724215781538,0.36588787977542836,12.630000114440918,-0.23642233070768626,0.0,-0.020000000000000018,5.10230248262208,-0.0930232558139534,-0.0680628272251308,0.6363636363636364,0.3333333333333333
2019-12-16,0.6049724215781538,-2.7878068872777106,12.140000343322754,-0.23642233070768626,0.0033333333333334103,0.030000000000000027,4.70002571700077,-0.006172839506172832,-0.08954540811114513,0.7407407407407408,0.3516235197335973
2019-12-17,-0.027123977476684047,-6.264529256865181,12.289999961853027,0.14412128346794617,-0.0033333333333334103,0.020000000000000018,4.947269418474436,0.0,-0.0866425992779783,1.0,0.2608695652173913
2019-12-18,-0.13572206434195877,9.150203958984626,12.579999923706056,0.2055334962721922,0.0,0.010000000000000009,4.498364181670282,-0.1,-0.0852713178294573,0.875,0.190721649484536
2019-12-19,0.3795568962901896,-1.0215599788491403,12.5,0.010259720526395455,0.0,0.010000000000000009,4.25589635752967,-0.048780487804878,-0.053763440860215,0.6956521739130435,0.2291666666666666
2019-12-20,-0.23705521722883205,0.22150257023572095,12.510000228881836,0.2972389003482512,0.0,0.0,4.95215836433728,0.0,-0.0776699029126213,0.7916666666666666,0.4012738853503185
2019-12-23,-0.23705521722883205,1.838909716380499,12.609999656677246,0.2972389003482512,0.0,-0.020000000000000018,5.024494367491587,-0.039430819349683434,-0.045910015164047364,0.8816489361702128,0.38049841339315016
2019-12-24,1.1135059860574614,-0.4123903234916071,12.670000076293944,-0.010242318338615775,0.0,0.0,4.5755353808584,-0.1034482758620689,-0.0974358974358974,0.8888888888888888,0.3169014084507042
2019-12-26,1.1135059860574614,-0.49867347739116497,12.649999618530272,-0.010242318338615775,0.0,-0.010000000000000009,4.672080891270718,-0.108695652173913,-0.0478468899521531,0.7692307692307693,0.3741496598639456
2019-12-27,0.29770786135143723,0.7037180653860275,13.43000030517578,-0.6889114572021349,0.0,-0.010000000000000009,4.851405068525699,-0.0357142857142857,-0.0946745562130177,0.7857142857142857,0.3873873873873873
2019-12-30,0.29770786135143723,0.7442336038456787,14.81999969482422,-0.6889114572021349,0.0,0.020000000000000018,5.053162500582513,-0.09268359268359265,-0.05115738112615897,0.7008547008547009,0.36556641818660013
2019-12-31,0.32959818895559323,-2.0766385634090057,13.779999732971191,-0.3624489848880863,0.0,0.020000000000000018,4.661077817926388,-0.03125,-0.0409090909090909,0.8947368421052632,0.3
2020-01-02,0.32959818895559323,-3.027292809619375,12.470000267028809,-0.3624489848880863,0.0,0.030000000000000027,4.935408747853786,-0.04,-0.0246305418719211,0.8571428571428571,0.2260273972602739
2020-01-03,1.6072149694004167,5.0171745960032155,14.020000457763672,-0.010327984415514635,0.0,-0.030000000000000027,4.683056724645162,-0.0256410256410256,-0.0896226415094339,0.5789473684210527,0.36
2020-01-06,1.6072149694004167,2.4943813098653678,13.850000381469728,-0.010327984415514635,0.0,-0.020000000000000018,5.182794275292498,-0.04314906039043966,-0.05642529026345688,0.6853535353535354,0.2727347136128128
2020-01-07,0.35692183565130264,8.074869721999711,13.789999961853027,0.32017087566833524,0.0,-0.010000000000000009,4.6441985729555695,-0.0272727272727272,-0.053639846743295,0.6410256410256411,0.1791044776119403
2020-01-08,-0.9203710678121979,-1.032167320280486,13.449999809265137,0.32942142644705186,0.0,0.010000000000000009,4.512506501124672,-0.0483870967741935,-0.0284360189573459,0.5454545454545454,0.2611464968152866
2020-01-09,-0.36667071971185905,-2.516485111441824,12.539999961853027,0.15403740810535638,0.0,-0.010000000000000009,4.275554390163365,0.054054054054054,-0.0578034682080924,0.4705882352941176,0.2434782608695652
2020-01-10,0.37308990396738295,3.5837017057327003,12.5600004196167,-0.09239396891400631,-0.010000000000000009,0.020000000000000018,4.311872374750675,0.0,-0.0523809523809523,0.6,0.3378378378378378
2020-01-13,0.37308990396738295,-0.5133080353058261,12.31999969482422,-0.09239396891400631,0.0,0.010000000000000009,4.921002301856219,-0.03462301587301587,-0.06289570159928874,0.7289473684210526,0.3382895093521279
2020-01-14,-0.38824947858762116,8.2987851459146,12.390000343322754,0.02054670542923631,0.0,0.0,4.693821883582654,0.0,-0.0588235294117647,0.7727272727272727,0.2235294117647059
2020-01-15,0.6269176242541086,-0.23537488141354146,12.420000076293944,-0.143884285108431,0.0,-0.020000000000000018,4.592793914920036,-0.05,-0.0366492146596858,0.9230769230769232,0.3566878980891719
2020-01-16,-0.19992755105731064,-0.9494746324859804,12.31999969482422,0.09251744322620326,0.0,-0.010000000000000009,4.4779048349422155,-0.144927536231884,-0.0689655172413793,0.9090909090909092,0.2977099236641221
2020-01-17,0.6306764371860396,2.3255338715641116,12.100000381469728,0.2975438660310026,0.010000000000000009,0.010000000000000009,4.353627160152183,0.0,-0.0654205607476635,0.8333333333333334,0.2983425414364641
2020-01-21,0.6306764371860396,-0.2626836025099166,12.850000381469728,0.2975438660310026,0.0,-0.010000000000000009,4.472324272654662,-0.0169491525423728,-0.0490797546012269,0.84,0.2598425196850393
2020-01-22,-0.07069933514571858,-0.7461951294766678,12.90999984741211,0.0,0.0,-0.020000000000000018,4.346269914961763,0.0,-0.0568720379146919,0.7222222222222222,0.3642857142857142
2020-01-23,0.5961700201771336,-3.2115367723196897,12.979999542236328,0.16392141884713496,0.0,-0.020000000000000018,4.258021154702763,-0.0338983050847457,-0.031578947368421,0.8333333333333334,0.3609022556390977
2020-01-24,0.41458107671283884,0.46189330082953006,14.5600004196167,0.1636453591809861,0.0,-0.020000000000000018,3.881151341761059,-0.0736842105263157,-0.0348258706467661,0.8852459016393442,0.5506329113924051
2020-01-27,0.41458107671283884,2.101951800819357,18.229999542236328,0.1636453591809861,0.0,-0.050000000000000044,4.37609239518569,-0.06069894345756413,-0.06525273948391654,0.8716538789428815,0.37291177098910483
2020-01-28,-0.48316035862789874,8.16490955880802,16.280000686645508,0.06122824959291506,0.0,0.020000000000000018,4.550502784645783,-0.0555555555555555,-0.0521327014218009,0.7586206896551724,0.1948051948051948
2020-01-29,0.03823495785670872,-0.4493658672814149,16.389999389648438,-0.030609438673323552,0.0,-0.010000000000000009,4.484357565771344,-0.0439560439560439,-0.046875,0.8035714285714286,0.2517482517482518
2020-01-30,0.8689333181302494,2.043703691808041,15.489999771118164,-0.1225315345930511,0.050000000000000044,0.0,4.956179108300197,-0.0379746835443038,-0.0698924731182795,0.8,0.2536231884057971
2020-01-31,-0.03789638633726611,-1.6805048675941237,18.84000015258789,-0.49165657952805475,-0.010000000000000009,0.010000000000000009,4.805659046737495,-0.057471264367816,-0.0531914893617021,0.8392857142857143,0.3793103448275862
2020-02-03,-0.03789638633726611,-0.07426997255777223,17.969999313354492,-0.49165657952805475,0.0,-0.020000000000000018,4.831003450112805,-0.0330112721417069,-0.035507803599908835,0.7866161616161617,0.3062494893798056
2020-02-04,-1.7138114161284967,-1.7558162086098505,16.049999237060547,0.16346144931977946,0.0,0.010000000000000009,4.718141664647253,0.1176470588235294,-0.062200956937799,0.9,0.3309859154929577
2020-02-05,0.4761622946684696,4.602834799275257,15.149999618530272,0.3159535475989017,0.0,0.020000000000000018,4.441945124885125,-0.0344827586206896,-0.032520325203252,0.8571428571428571,0.32
2020-02-06,0.46751032672824877,1.2033084493943136,14.960000038146973,0.2337789964017567,0.0,0.010000000000000009,4.403665809777363,-0.0898876404494382,-0.0452674897119341,0.925925925925926,0.3181818181818182
2020-02-07,0.22337821169156058,0.6774835392771905,15.470000267028809,0.18257465756930102,-0.010000000000000009,-0.010000000000000009,4.8696092197094725,-0.0943396226415094,-0.0173160173160173,0.92,0.2378378378378378
2020-02-10,0.22337821169156058,1.5215652874211116,15.039999961853027,0.18257465756930102,0.0,0.0,4.6480380862152675,-0.017143916226485034,-0.0513471437767244,0.8793094401007503,0.2727593176489611
2020-02-11,-0.579562543066725,2.601086766881444,15.18000030517578,-0.11136483930238583,0.0,-0.010000000000000009,5.028540697965091,0.0,-0.0229357798165137,1.0,0.2670807453416149
2020-02-12,0.11490897071118056,1.1475404940052059,13.739999771118164,0.33372314324502383,0.0,0.010000000000000009,4.372733587762289,-0.0588235294117647,-0.0124481327800829,0.625,0.2670157068062827
2020-02-13,0.49005356127649335,-1.0873762642184204,14.149999618530272,0.020186394969812227,0.0,0.010000000000000009,4.409520198982804,-0.0625,-0.0675105485232067,0.8,0.24
2020-02-14,0.48134716803991395,0.9523015160700865,13.68000030517578,0.05045971260191351,0.0,-0.010000000000000009,4.276388302650885,0.0294117647058823,-0.043103448275862,0.8095238095238095,0.2469879518072289
2020-02-18,0.48134716803991395,3.043236075570732,14.829999923706056,0.05045971260191351,0.010000000000000009,-0.010000000000000009,4.348728349272367,0.0,-0.081081081081081,0.9310344827586208,0.2804232804232804
2020-02-19,0.4676547883901705,-5.144998404328938,14.380000114440918,0.14066051888717013,0.0,0.0,4.033709523684745,0.0212765957446808,-0.0331753554502369,0.5555555555555556,0.2804878048780488
2020-02-20,0.5644986085864723,-0.25892656683303983,15.5600004196167,0.27072184861323123,0.0,-0.020000000000000018,4.641502115235482,0.0,-0.0812182741116751,0.2666666666666666,0.2039473684210526
2020-02-21,1.71720154941708,0.8081532009711623,17.079999923706055,-0.6126676075757231,-0.010000000000000009,-0.019999999999999796,4.668989698701045,-0.0611111111111111,-0.0657276995305164,0.7352941176470589,0.4057971014492754
2020-02-24,1.71720154941708,0.6125454437095001,25.030000686645508,-0.6126676075757231,0.0,-0.020000000000000018,4.91837379566995,-0.06496178718400937,-0.04203532643767167,0.6359210681791327,0.32524990523782327
2020-02-25,-1.5364987376213612,-4.2363776828386435,27.850000381469727,-0.32280840235721087,0.0,-0.06000000000000005,4.996130607893374,-0.0761904761904762,-0.0766129032258064,0.7692307692307693,0.2678571428571428
2020-02-26,-0.4198505886171766,-5.740768792548856,27.559999465942383,0.030306389191814276,0.0,0.010000000000000009,4.57974980864118,-0.1904761904761904,-0.1345454545454545,0.7241379310344828,0.233009708737864
2020-02-27,0.0,-0.409296638844836,39.15999984741211,-0.5672599810777612,0.0,-0.010000000000000009,4.668614358544626,-0.0081967213114754,-0.0722433460076045,0.7692307692307693,0.25
2020-02-28,-4.738567874706412,-1.2836217768336766,40.11000061035156,-0.31541480946293277,0.0,-0.1200000000000001,5.15010733938285,-0.1150442477876106,-0.08203125,0.5538461538461539,0.3085714285714285
2020-03-02,-4.738567874706412,0.05482364317366262,33.41999816894531,-0.31541480946293277,0.0033333333333331883,0.0,5.219598781836631,-0.11547124047124042,-0.09471874425807802,0.6883116883116882,0.3189701000435463
2020-03-03,3.0796353102672036,1.2662661477683912,36.81999969482422,-0.21592634184184334,0.006666666666666821,0.040000000000000036,4.886959932735035,-0.1282051282051282,-0.0855855855855855,0.7857142857142857,0.30625
2020-03-04,-0.0609161821269133,-0.3709743670397003,31.989999771118164,0.19537752536020747,-0.5,0.010000000000000009,5.284218442168535,-0.1,-0.0458715596330275,0.7222222222222222,0.3580246913580246
2020-03-05,1.5298891788606994,3.6284842011420793,39.619998931884766,-0.535638542391581,0.0,-0.06000000000000005,4.7708541016290225,-0.028169014084507,-0.1024390243902439,0.78125,0.3048780487804878
2020-03-06,0.2636957249874783,0.48110043680757997,41.93999862670898,-0.9026390711557752,0.0,-0.08999999999999986,4.886582645426277,-0.1037735849056603,-0.088235294117647,0.7727272727272727,0.3693181818181818
2020-03-09,0.2636957249874783,-9.28195126689566,54.459999084472656,-0.9026390711557752,0.0,-0.32000000000000006,5.377498164422478,-0.1171269281406953,-0.10861999785093034,0.6783017835649415,0.28382945279497
2020-03-10,-0.9239341300194326,-4.983582500264916,47.29999923706055,1.5786246966343676,0.0,0.010000000000000009,5.6907647775748975,-0.0818181818181818,-0.0959409594095941,0.7115384615384616,0.2421052631578947
2020-03-11,-1.0725720864527943,0.021498848832735007,53.900001525878906,0.10366833928197039,0.0,-0.040000000000000036,5.458435917440796,-0.2125,-0.0912863070539419,0.6451612903225806,0.3333333333333333
2020-03-12,-3.2255852643725547,-46.47301753397741,75.47000122070312,0.9897998819149656,0.010000000000000009,-0.039999999999999925,5.231536332857686,-0.1509433962264151,-0.1728395061728395,0.6756756756756757,0.2
2020-03-13,-4.7416352203101475,11.268622219754576,57.83000183105469,1.3046752908227432,0.0,-0.020000000000000018,5.801665100458068,-0.1513157894736842,-0.146551724137931,0.6842105263157895,0.144927536231884
2020-03-16,-4.7416352203101475,-6.714705110179331,82.69000244140625,1.3046752908227432,-0.2833333333333333,-0.17000000000000004,5.836923513324753,-0.174260522086609,-0.13603617878127675,0.5621463476314897,0.2916351972686961
2020-03-17,2.590818443844789,0.4457681647139111,75.91000366210938,1.5075972359765544,-0.5666666666666668,-0.09999999999999998,5.937325101007334,-0.1604938271604938,-0.0855018587360594,0.6153846153846154,0.240566037735849
2020-03-18,-3.171271975140133,0.24482043860682978,76.44999694824219,1.5742098401111626,0.0,0.0,6.121285941190819,-0.0972972972972973,-0.117408906882591,0.6190476190476191,0.4083769633507853
2020-03-19,0.08795472315563657,16.710432424961397,72.0,1.5692735027299953,-0.04999999999999999,-0.13,6.243525918579576,-0.0681818181818181,-0.1678571428571428,0.7857142857142857,0.3063063063063063
2020-03-20,0.36454671159331653,0.12244500086868726,66.04000091552734,0.058369062907637215,-0.05000000000000002,0.25,6.45127578495626,-0.1544715447154471,-0.0996168582375478,0.5882352941176471,0.2259615384615384
2020-03-23,0.36454671159331653,-0.8895967633760549,61.59000015258789,0.058369062907637215,0.0,0.050000000000000044,6.376137204873391,-0.14884957941613056,-0.13622077276522912,0.7037276449041155,0.3992446917286892
2020-03-24,5.777508425392419,9.183240492020595,61.66999816894531,-0.7344693602504115,-0.03,0.16999999999999993,6.391548536263666,-0.0982658959537572,-0.1400778210116731,0.5853658536585366,0.41
2020-03-25,-1.6947954536260745,-0.8011559939721025,63.95000076293945,-0.6805044347558464,-0.01999999999999999,0.10000000000000009,6.108936423248153,-0.0709219858156028,-0.1398305084745762,0.5102040816326531,0.4569892473118279
2020-03-26,1.0845784249569945,0.5281211361417348,61.0,-1.6262191800943349,0.0,0.0,6.507725373363912,-0.0962962962962963,-0.0943396226415094,0.6933333333333334,0.3857868020304568
2020-03-27,-1.6005198817997446,-3.741337669931255,65.54000091552734,-1.0617374803561397,0.0,-0.13000000000000012,6.322888347506968,-0.089430894308943,-0.117391304347826,0.6885245901639344,0.4705882352941176
2020-03-30,-1.6005198817997446,-4.291405229209921,57.08000183105469,-1.0617374803561397,-0.003333333333333327,0.010000000000000009,6.2915567938031,-0.09599568385206299,-0.08684510311529493,0.6729415125330286,0.4083679990353892
2020-03-31,-2.4085506519266886,3.8087154208046314,53.540000915527344,-0.1311580183141814,-0.016666666666666677,-0.07999999999999996,6.2471720892954545,-0.0785714285714285,-0.0714285714285714,0.5,0.4262295081967213
2020-04-01,-0.32895230082807814,2.5777803165675905,57.060001373291016,0.6239906653357608,-0.020000000000000004,0.040000000000000036,6.1629147240133015,-0.0263157894736842,-0.0765765765765765,0.6153846153846154,0.4539877300613497
2020-04-02,2.9653536057228536,2.7888755965960854,50.90999984741211,0.5103860367552393,-0.009999999999999995,0.12,6.603970924504269,-0.0161290322580645,-0.081967213114754,0.7230769230769231,0.3519553072625698
2020-04-03,0.4908888939362477,-0.8906283829347217,46.79999923706055,0.39848779730311534,0.0,0.050000000000000044,6.292494637079263,-0.0465116279069767,-0.08,0.6744186046511628,0.3081761006289308
2020-04-06,0.4908888939362477,3.551385715884514,45.2400016784668,0.39848779730311534,6.938893903907228e-18,0.05999999999999983,6.492815426911429,-0.06563472038661271,-0.08729018050626086,0.7719444444444444,0.35627185627185626
2020-04-07,-0.7301457414060408,2.8207718238727253,46.70000076293945,-0.7076314612808332,-6.938893903907228e-18,0.030000000000000027,6.14863922147998,-0.0602409638554216,-0.1183206106870229,0.6904761904761905,0.396039603960396
2020-04-08,0.036032405214925234,2.173462611620991,43.34999847412109,0.13992944349991987,0.0,0.020000000000000018,6.261739745154463,-0.0526315789473684,-0.0901639344262295,0.9,0.2751322751322751
2020-04-09,4.163343937284925,-0.43739979839614307,41.66999816894531,-0.6010898736851011,0.0,0.040000000000000036,6.034380348084814,-0.064039408866995,-0.085972850678733,0.7368421052631579,0.4642857142857143
2020-04-13,4.163343937284925,0.38153514940173494,41.16999816894531,-0.6010898736851011,6.938893903907228e-18,0.030000000000000027,6.3655708450430115,-0.11123211123211119,-0.0862065989725564,0.7019639914253498,0.3595620103258688
2020-04-14,0.6797057351607627,-0.7180624991947937,37.7599983215332,-0.46408385293315035,-6.938893903907228e-18,0.030000000000000027,6.0897702358921055,-0.0915032679738562,-0.0412844036697247,0.7638888888888888,0.3053892215568862
2020-04-15,-1.6935449293475457,-2.9712937076682877,40.84000015258789,0.5747428971737634,0.0,-0.10000000000000009,6.121790808783556,-0.065359477124183,-0.0610687022900763,0.6506024096385542,0.3989071038251366
2020-04-16,-0.3944735829988666,6.902911272643486,40.11000061035156,0.5714584712107396,0.0,-0.15999999999999992,6.2255876024651995,-0.0837988826815642,-0.1088435374149659,0.8192771084337349,0.4
2020-04-17,-1.83018209467809,-0.29015210954828063,38.150001525878906,-0.25023785947739796,0.0,-0.020000000000000018,6.352106611607826,-0.0347826086956521,-0.0860655737704918,0.6166666666666667,0.4034090909090909
2020-04-20,-1.83018209467809,0.19003716372818502,43.83000183105469,-0.25023785947739796,6.938893903907228e-18,-0.07000000000000006,6.36406205159053,-0.09623027245978062,-0.0748264084023328,0.7443702413214609,0.33884414347565556
2020-04-21,-1.3847209197883181,-3.2791993061062286,45.40999984741211,0.29967363344498565,-6.938893903907228e-18,0.020000000000000018,6.395478602948832,-0.056,-0.052863436123348,0.8450704225352113,0.4111111111111111
2020-04-22,2.9647891342730937,3.3849812461733464,41.97999954223633,0.1295761481366675,0.0,0.10000000000000009,6.23719117042245,-0.0240963855421686,-0.1223628691983122,0.7362637362637363,0.3526315789473684
2020-04-23,0.2657481434712672,4.2973347176261,41.380001068115234,0.039837582030788354,-0.010000000000000002,-0.010000000000000009,6.225627164904625,-0.0793650793650793,-0.0717703349282296,0.7222222222222222,0.3121387283236994
2020-04-24,-0.5670027160958213,1.6178084496425882,35.93000030517578,-0.04980135789969253,0.010000000000000002,0.06000000000000005,6.332391134078575,-0.009090909090909,-0.0761904761904762,0.5185185185185185,0.273972602739726
2020-04-27,-0.5670027160958213,1.7187203298544063,33.290000915527344,-0.04980135789969253,-0.003333333333333334,0.05999999999999983,6.528708123477189,-0.11156956121188044,-0.0649907482622298,0.6479254756871037,0.29397521599485127
2020-04-28,-0.08181536244569187,1.6174191243063518,33.56999969482422,-0.17007474044152815,-0.006666666666666668,-0.030000000000000027,6.173556910972577,-0.0606060606060606,-0.0663716814159292,0.7931034482758621,0.2619047619047619
2020-04-29,-0.41594573781305044,11.984140644428898,31.229999542236328,-0.3008456421559558,0.0,0.0,6.084749951163965,-0.0714285714285714,-0.0678733031674208,0.7916666666666666,0.2594936708860759
2020-04-30,-1.1335623435517306,-1.6321978185922958,34.150001525878906,-0.5539095303351615,0.010000000000000002,-0.06999999999999984,6.0869338051677815,-0.064516129032258,-0.0604838709677419,0.7288135593220338,0.2578947368421053
2020-05-01,0.609706744309424,2.353691044656969,37.18999862670898,-0.22241803896463352,0.0,-0.010000000000000009,6.247501141724217,-0.0975609756097561,-0.0704225352112676,0.6176470588235294,0.3221476510067114
2020-05-04,0.609706744309424,0.7657215212045543,35.970001220703125,-0.22241803896463352,6.938893903907228e-18,0.010000000000000009,6.129674561227528,-0.0227410554324449,-0.04145337781840953,0.7804232804232805,0.3824400671858299
2020-05-05,-0.14657171235512578,0.782383868185299,33.61000061035156,0.23093109787888366,-6.938893903907228e-18,0.030000000000000027,6.694141177884057,-0.0769230769230769,-0.0900473933649289,0.7333333333333333,0.430379746835443
2020-05-06,-1.192251234588415,2.9084126239824926,34.119998931884766,0.3803780983961502,0.0,0.0,6.212024764486588,-0.0614035087719298,-0.1056910569105691,0.875,0.3869047619047619
2020-05-07,2.2079638978609317,7.107536685466265,31.440000534057617,-0.20001702089409434,0.0,-0.020000000000000018,6.223052345204855,-0.0285714285714285,-0.0536912751677852,0.7450980392156863,0.2629107981220657
2020-05-08,-0.693538005000871,-1.099854717229043,27.979999542236328,-0.16030063598266864,0.0,0.040000000000000036,6.191400882084373,-0.0515463917525773,-0.0445205479452054,0.6909090909090909,0.2560386473429952
2020-05-11,-0.693538005000871,-9.127682808107274,27.56999969482422,-0.16030063598266864,6.938893903907228e-18,0.009999999999999787,6.331151847962142,-0.05059991344801467,-0.0565290636134591,0.7518268268268269,0.25904051543998147
2020-05-12,0.5353411843932676,-2.018937949295996,33.040000915527344,-0.30973453490608094,-6.938893903907228e-18,-0.039999999999999813,6.091649191021744,-0.1145833333333333,-0.042016806722689,0.8333333333333334,0.3548387096774194
2020-05-13,0.5558332693372137,5.15216067309936,35.279998779296875,0.30973453490608094,0.0,-0.020000000000000018,6.315737676272198,-0.0697674418604651,-0.1203319502074688,0.8723404255319149,0.2972972972972973
2020-05-14,1.4021058879757575,4.8814308336528,32.61000061035156,0.22918983474946586,0.0,-0.010000000000000009,6.230520816882241,-0.0298507462686567,-0.0552763819095477,0.7604166666666666,0.2993630573248407
2020-05-15,0.8764225555300875,-4.25545413366315,31.88999938964844,-0.06969651685233558,0.0,0.030000000000000027,5.924843859766086,-0.0638297872340425,-0.1057692307692307,0.734375,0.3105590062111801
2020-05-18,0.8764225555300875,2.782953933412813,29.299999237060547,-0.06969651685233558,6.938893903907228e-18,0.07999999999999985,6.373314101278695,-0.046596555398080865,-0.04888127509927317,0.7301617966674717,0.2977659454586432
2020-05-19,0.7134611589603601,1.4243714261523266,30.530000686645508,-0.30144257249693496,-6.938893903907228e-18,-0.020000000000000018,5.896219365191249,0.0071428571428571,-0.0628019323671497,0.7368421052631579,0.2866666666666667
2020-05-20,0.36626025539083784,-2.140705386504038,27.989999771118164,-0.25190198526710006,0.0,0.010000000000000009,6.0418724496518275,-0.0171428571428571,-0.0613207547169811,0.7663551401869159,0.29375
2020-05-21,-1.734362611469109,-4.743978112005287,29.530000686645508,0.25190198526710006,0.0,-0.020000000000000018,5.889182621059753,-0.0489130434782608,-0.056768558951965,0.68,0.2111801242236025
2020-05-22,0.8161878938070188,1.1039704675422257,28.15999984741211,0.49189263013120765,0.0,-0.019999999999999796,6.037775449971233,-0.0583333333333333,-0.0595744680851063,0.782608695652174,0.2432432432432432
2020-05-26,0.8161878938070188,-1.5031868985246888,28.01000022888184,0.49189263013120765,0.0,0.009999999999999787,5.964119043712501,-0.1089108910891089,-0.0615384615384615,0.5555555555555556,0.2837837837837837
2020-05-27,0.322099182913238,3.84109712226941,27.6200008392334,0.1515319737948495,0.0,0.010000000000000009,5.872399439949042,-0.0151515151515151,-0.0669856459330143,0.7540983606557377,0.3404255319148936
2020-05-28,0.17525415832908564,3.6860714808973682,28.59000015258789,-0.6888199065259393,0.0,0.040000000000000036,6.044981617072777,-0.0612244897959183,-0.0382775119617224,0.7457627118644068,0.4391891891891892
2020-05-29,1.3680565277693013,-0.913557886418559,27.51000022888184,-0.04066787045733378,0.0,-0.030000000000000027,6.055096407352756,0.0333333333333333,-0.0982142857142857,0.75,0.3333333333333333
2020-06-01,1.3680565277693013,3.509249353529853,28.229999542236328,-0.04066787045733378,6.938893903907228e-18,0.030000000000000027,5.9932712473750485,-0.04026235494197673,-0.0562782784255863,0.7892313439805735,0.2647140086410016
2020-06-02,-0.7277016031961736,-2.553155476922875,26.84000015258789,-0.16368664740111782,0.009999999999999988,0.0,5.550980884398238,-0.064516129032258,-0.0855855855855855,0.78125,0.1530054644808743
2020-06-03,-1.6009633407297663,1.322969499089588,25.65999984741211,-0.4001025042514428,0.0,0.030000000000000027,5.660074374893562,-0.0602409638554216,-0.0876288659793814,0.72,0.3111111111111111
2020-06-04,1.235124147390465,1.4793539385651755,25.809999465942383,-0.618684667767333,0.0,0.010000000000000009,5.443456132214275,-0.0701754385964912,-0.115,0.6571428571428571,0.273972602739726
2020-06-05,-2.5155268002861497,-1.3881075272664134,24.520000457763672,0.268569661010698,0.010000000000000009,0.050000000000000044,5.459883342129427,-0.0897435897435897,-0.0654205607476635,0.5,0.2822085889570552
2020-06-08,-2.5155268002861497,0.6442781798849495,25.809999465942383,0.268569661010698,0.0,0.010000000000000009,5.796331269586691,-0.09042323138708676,-0.04881702327938883,0.6422723475355054,0.2656970551989873
2020-06-09,0.9610330246712984,0.6934472421587401,27.56999969482422,-0.31098091607431044,0.0,-0.020000000000000018,5.253947418812096,-0.0224719101123595,-0.0808080808080808,0.9230769230769232,0.3594771241830065
2020-06-10,-0.08167458702272867,0.7565917007305245,27.56999969482422,-0.3744549961382404,0.009999999999999995,0.010000000000000009,5.471766344838393,-0.0943396226415094,-0.0518867924528301,0.574468085106383,0.4121621621621621
2020-06-11,1.0855446283994041,-5.715571914128326,40.790000915527344,0.7992198467841938,0.0,-0.06000000000000005,5.7616110342686735,-0.0416666666666666,-0.0821256038647343,0.7096774193548387,0.2662721893491124
2020-06-12,-0.15600795547294766,1.6919583790143022,36.09000015258789,0.6080887880907326,0.0,0.0,5.680582081485765,-0.0224719101123595,-0.108,0.7735849056603774,0.4020618556701031
2020-06-15,-0.15600795547294766,-0.4572750057453945,34.400001525878906,0.6080887880907326,0.003333333333333327,0.020000000000000018,5.877801139120925,-0.033210631732799166,-0.11525249106974993,0.7426239959199287,0.33591608686485347
2020-06-16,0.5391431183017659,1.0585814121935044,33.66999816894531,0.2891953886846821,0.006666666666666668,0.040000000000000036,5.767351776252221,-0.0821917808219178,-0.0569948186528497,0.7291666666666666,0.3138686131386861
2020-06-17,-0.023130821343642083,-0.6075177257296005,33.470001220703125,0.2060628946820131,0.0,-0.010000000000000009,5.853351244978348,0.0576923076923076,-0.0917874396135265,0.8292682926829268,0.28
2020-06-18,-0.2547715531949102,-0.7242643975011731,32.939998626708984,0.26723677574223004,0.0,0.020000000000000018,5.777528476544686,-0.0196078431372549,-0.0263157894736842,0.5,0.32
2020-06-19,1.2159065950263503,-1.3243316204146538,35.119998931884766,0.2050909011518165,0.0,0.020000000000000018,6.110668794586458,0.0,-0.0601851851851851,0.75,0.3764705882352941
2020-06-22,1.2159065950263503,1.4983084234405197,31.770000457763672,0.2050909011518165,-0.003333333333333327,0.040000000000000036,5.981851825924922,-0.043868168868168834,-0.057958038581001264,0.6654753017295011,0.3774705085850549
2020-06-23,0.8728248980421682,2.1139405921021037,31.3700008392334,-0.3613264325043275,-0.006666666666666668,0.039999999999999813,5.733826596004578,-0.0392156862745098,-0.0541666666666666,0.7111111111111111,0.2705882352941176
2020-06-24,-0.3561397084781426,-3.337092327378066,33.84000015258789,0.47461817845837473,0.0,-0.04999999999999982,5.413430173648541,-0.0114942528735632,-0.0599078341013824,0.7428571428571429,0.3333333333333333
2020-06-25,-0.20976074000182976,-0.525308149532222,32.220001220703125,0.2877983039636156,0.0,0.0,5.419295293100939,-0.0642201834862385,-0.0696721311475409,0.6842105263157895,0.244047619047619
2020-06-26,0.5884713686692855,-1.1059043986902495,34.72999954223633,0.07182034342942956,0.0,-0.010000000000000009,5.561950056992292,-0.0357142857142857,-0.0901287553648068,0.7647058823529411,0.2603550295857988
2020-06-29,0.5884713686692855,-0.3970465385380706,31.780000686645508,0.07182034342942956,0.0,0.020000000000000018,5.939302454371787,-0.04344344344344344,-0.06824632603180579,0.7650584795321637,0.2986975264772406
2020-06-30,1.0202426588476143,0.12465769497129742,30.43000030517578,-0.1539029962058791,0.0,0.0,5.678020123432761,-0.0476190476190476,-0.0744680851063829,0.7,0.3658536585365853
2020-07-01,-1.1104398270962434,0.9836784692076606,28.6200008392334,-0.19528496363134806,0.0,0.030000000000000027,5.797940475806034,-0.0285714285714285,-0.0700934579439252,0.7317073170731707,0.3037974683544304
2020-07-02,0.6072237805784475,-1.1433924918010874,27.68000030517578,0.12338347098168612,0.009999999999999995,0.039999999999999813,5.520260197285728,-0.01,-0.0588235294117647,0.775,0.3496503496503496
2020-07-06,0.6072237805784475,1.1669420286988696,27.940000534057617,0.12338347098168612,1.3877787807814457e-17,0.040000000000000036,5.951406149861996,-0.04685987818517934,-0.0739014192589922,0.7903619490493301,0.3062178582891093
2020-07-07,0.8739973459877426,0.6322057530070424,29.43000030517578,0.09293782745833923,-1.3877787807814457e-17,-0.020000000000000018,5.6298129544560265,-0.1181818181818181,-0.092511013215859,0.7592592592592593,0.3407821229050279
2020-07-08,0.6243658695440857,1.8849585054621087,28.07999992370605,-0.4655711207452562,0.0,-0.010000000000000009,5.766225050834909,-0.0546875,0.0,0.6271186440677966,0.3404255319148936
2020-07-09,-0.9018817348082742,-1.6076772716191456,29.26000022888184,0.2796011213190397,0.0,-0.030000000000000027,5.589082182459723,0.0126582278481012,-0.050251256281407,0.5,0.3212121212121212
2020-07-10,-0.05559571095261617,0.009051613040611528,27.290000915527344,-0.05171494582070224,0.0,0.020000000000000018,5.55786998974641,-0.036144578313253,-0.0711297071129707,0.7317073170731707,0.3278688524590163
2020-07-13,-0.05559571095261617,-0.2732597805970016,32.189998626708984,-0.05171494582070224,1.3877787807814457e-17,0.010000000000000009,5.755130212006151,0.009750914814205933,-0.0658172451978109,0.7881297446514838,0.3536673193793936
2020-07-14,-0.02209103260355505,-0.11108049074071147,29.520000457763672,-0.20755190823020797,-1.3877787807814457e-17,-0.010000000000000009,5.731008460909792,-0.0229885057471264,-0.0472103004291845,0.7948717948717948,0.3040935672514619
2020-07-15,0.04417718614782018,-0.54650618081169,27.76000022888184,-0.18716892379275762,0.010000000000000009,0.0,5.8657312416422185,-0.0348837209302325,-0.0476190476190476,0.5882352941176471,0.2945205479452055
2020-07-16,-0.7035885831272459,-0.661493946327596,28.0,0.2806182194209583,0.0,0.0,5.748468992278607,0.0,-0.0459770114942528,0.7241379310344828,0.2962962962962963
2020-07-17,0.5323049805576296,0.20964170070048027,25.68000030517578,-0.42643575024046143,-0.010000000000000009,0.050000000000000044,6.3190762160112826,-0.0212765957446808,-0.0756756756756756,0.7727272727272727,0.2461538461538461
2020-07-20,0.5323049805576296,0.19981036236274008,24.459999084472656,-0.42643575024046143,0.003333333333333341,0.0,6.186969651118235,-0.035326086956521736,-0.0591656301923632,0.8003734827264241,0.3336559008020065
2020-07-21,1.4487856747344985,2.2130426956779914,24.84000015258789,-0.7436526205549576,0.006666666666666668,0.020000000000000018,6.048600738478791,0.0098039215686274,-0.0534979423868312,0.4912280701754385,0.2655367231638418
2020-07-22,1.1709267020526326,1.5923467431186111,24.31999969482422,-0.15782161490163205,-0.010000000000000009,0.0,5.693799476602799,-0.1258741258741259,-0.0538116591928251,0.6885245901639344,0.3734939759036144
2020-07-23,1.3322162460929654,0.5831453188376301,26.07999992370605,-0.2952641329870609,0.0,0.010000000000000009,5.642261618007951,-0.0916666666666666,-0.0534979423868312,0.6785714285714286,0.3387978142076502
2020-07-24,0.433133636651295,-0.4621806400933792,25.84000015258789,-0.2643685709843524,0.0,0.020000000000000018,5.670742620578001,-0.0684931506849315,-0.0758928571428571,0.746031746031746,0.3615819209039548
2020-07-27,0.433133636651295,6.634228588993096,24.739999771118164,-0.2643685709843524,0.003333333333333341,0.010000000000000009,6.0458422464907295,-0.047138695357193096,-0.014436588984900035,0.6908151280244303,0.21305471254948236
2020-07-28,0.7069694974014773,6.842854927760733,25.440000534057617,0.09604009396229074,0.006666666666666668,-0.010000000000000009,5.754887417973469,-0.0666666666666666,-0.0966542750929368,0.7981651376146789,0.2264150943396226
2020-07-29,0.4514937092595872,1.7048707177252709,24.100000381469727,-0.5347034326375066,0.0,0.020000000000000018,5.914232469244718,0.0,-0.0596330275229357,0.723404255319149,0.2229299363057325
2020-07-30,-0.5749772517706475,0.09676074745073038,24.76000022888184,-0.2576826578704505,0.0,-0.010000000000000009,5.729352750767731,-0.0128205128205128,-0.055,0.717948717948718,0.2025316455696202
2020-07-31,1.0499187115099673,1.892242337372707,24.459999084472656,0.5039968145744034,0.0,0.030000000000000027,5.9508508642226845,-0.1047619047619047,-0.0149253731343283,0.6470588235294118,0.3018867924528302
2020-08-03,1.0499187115099673,0.262106076937485,24.280000686645508,0.5039968145744034,1.3877787807814457e-17,0.030000000000000027,5.790683660389813,-0.0002742108079186988,-0.044636075348448566,0.7702659802659803,0.21543041581886369
2020-08-04,1.7745954507515371,-1.3058577805367122,23.76000022888184,-0.1284276164809306,-1.3877787807814457e-17,-0.010000000000000009,5.96955119379609,0.045045045045045,-0.0450819672131147,0.55,0.2590673575129533
2020-08-05,1.4830529962694072,4.716003790353618,22.989999771118164,-0.5907276993174726,0.0,0.040000000000000036,5.5372948961647745,-0.0497237569060773,0.012396694214876,0.6419753086419753,0.360655737704918
2020-08-06,0.9993726704919936,0.27841443313860736,22.649999618530277,-0.04309979049095247,0.0,0.019999999999999796,5.65469726696571,-0.0607734806629834,-0.0519480519480519,0.7701149425287356,0.2865497076023391
2020-08-07,-2.0386772968586264,-1.525190204918836,22.209999084472656,0.6980659976232317,0.0,-0.019999999999999796,5.62293388679288,-0.0695652173913043,-0.0245901639344262,0.803030303030303,0.2512820512820513
2020-08-10,-2.0386772968586264,1.4362303516589847,22.1299991607666,0.6980659976232317,1.3877787807814457e-17,0.0,5.941013003611884,-0.03193123370675683,-0.05496969696969697,0.7567567567567567,0.25675824175824175
2020-08-11,-4.640713846737032,-3.0958137376906336,24.030000686645508,0.053411061157326856,-1.3877787807814457e-17,0.019999999999999796,5.883712284613752,-0.0924369747899159,-0.0614035087719298,0.5606060606060606,0.2134831460674157
2020-08-12,0.11894242271690558,1.5169300755772497,22.280000686645508,-0.20312704083940147,0.0,0.040000000000000036,5.309257306586371,-0.0919540229885057,-0.0739130434782608,0.6818181818181818,0.2921348314606741
2020-08-13,1.1203697670107537,1.7048853955415666,22.1299991607666,-0.1070843920395248,0.0,0.0,5.644457008571386,-0.0303030303030303,-0.0230414746543778,0.7321428571428571,0.1954022988505747
2020-08-14,-1.0118971422733658,-0.12963612281762238,22.049999237060547,-0.2574533394240852,0.0,-0.020000000000000018,5.84586057324919,-0.0416666666666666,0.0,0.6086956521739131,0.2994350282485876
2020-08-17,-1.0118971422733658,1.9807035448007326,21.350000381469727,-0.2574533394240852,1.3877787807814457e-17,0.010000000000000009,5.997297502300426,-0.0593330257070216,-0.05161348893196357,0.7187739463601533,0.29569315852065864
2020-08-18,0.7228233622484481,-0.10892055741464901,21.51000022888184,-0.6266246156081401,-0.010000000000000023,0.020000000000000018,5.833874626533211,-0.025,-0.0679245283018867,0.7866666666666666,0.1970443349753694
2020-08-19,-2.0566184811920962,-1.9617886991365907,22.540000915527344,0.6696965619910067,0.0,-0.010000000000000009,5.376111393988057,-0.0786516853932584,-0.0696517412935323,0.7692307692307693,0.2123287671232876
2020-08-20,-1.2793958632575375,1.0161327741759152,22.71999931335449,-0.10771055969893695,0.0,-0.04999999999999982,5.52246041819533,-0.1181818181818181,0.0147058823529411,0.7441860465116279,0.2619047619047619
2020-08-21,0.04135698294724932,-2.43618627931248,22.540000915527344,0.4945173292177252,0.0,0.019999999999999796,5.656096700423641,-0.0970873786407767,-0.0588235294117647,0.8070175438596491,0.1823529411764705
2020-08-24,0.04135698294724932,0.9837189390859535,22.3700008392334,0.4945173292177252,1.3877787807814457e-17,0.030000000000000027,5.566893069260081,-0.09651721165007389,-0.028519160292604467,0.6571931531281124,0.24648696778371373
2020-08-25,-0.8282324903756688,-2.955630031073575,22.030000686645508,-0.30056528547328654,-1.3877787807814457e-17,0.030000000000000027,5.3644795688017055,-0.0338983050847457,-0.1043478260869565,0.8055555555555556,0.2758620689655172
2020-08-26,1.500347538793445,1.0696334763965254,23.270000457763672,-0.010745048552518455,0.0,0.020000000000000018,5.038704314023848,0.0,-0.0628019323671497,0.9090909090909092,0.2875816993464052
2020-08-27,-0.989054793734212,-1.4463477673961833,24.46999931335449,0.0,-0.009999999999999995,0.010000000000000009,5.196340010435573,-0.050632911392405,-0.0689655172413793,0.782608695652174,0.3989071038251366
2020-08-28,2.213049019313118,1.9164718595602537,22.959999084472656,-0.6904756883040264,0.009999999999999995,0.040000000000000036,5.691304953145089,-0.0277777777777777,-0.0588235294117647,0.7592592592592593,0.2857142857142857
2020-08-31,2.213049019313118,0.7815495997505195,26.40999984741211,-0.6904756883040264,1.3877787807814457e-17,0.030000000000000027,5.592416306795895,-0.03696631237614843,-0.0632955010014776,0.7352971102971103,0.2782021899668958
2020-09-01,0.030488114322402282,2.8592123617031007,26.1200008392334,0.21682245362759645,-1.3877787807814457e-17,-0.040000000000000036,5.321496639495442,0.0649350649350649,-0.0603448275862069,0.5925925925925926,0.3038674033149171
2020-09-02,-1.7322181174838747,-4.759982836281473,26.56999969482422,0.5507893945037701,0.0,-0.030000000000000027,5.471556132733606,-0.0517241379310344,-0.0913043478260869,0.7272727272727273,0.2711864406779661
2020-09-03,-0.3521520380874499,-10.8024907829682,33.599998474121094,-0.11854154362120894,0.0,-0.08000000000000007,5.495199074673321,-0.109375,-0.0806451612903225,0.6774193548387096,0.1871657754010695
2020-09-04,-0.19213045878458956,2.568095890557487,30.75,-0.02156437317220039,0.0,0.050000000000000044,5.41169069371572,-0.04,-0.0905511811023622,0.7575757575757576,0.1782178217821782
2020-09-08,-0.19213045878458956,-1.3883726572737842,31.459999084472656,-0.02156437317220039,0.0,-0.020000000000000018,5.341281065980152,-0.1379310344827586,-0.0678571428571428,0.6956521739130435,0.2265193370165746
2020-09-09,0.6034498194198434,1.0879835709758368,28.809999465942383,-0.23562312950149433,0.0,0.030000000000000027,5.344914651924819,-0.0235294117647058,-0.1076233183856502,0.7692307692307693,0.3393939393939394
2020-09-10,0.4873179121466009,1.1724294913523892,29.709999084472656,0.08573870012291707,0.0,-0.020000000000000018,5.384953673207583,-0.0125,-0.0319148936170212,0.7714285714285715,0.2671755725190839
2020-09-11,-0.8427543375380431,0.3638635248421451,26.8700008392334,-0.010708209078647002,0.0,-0.040000000000000036,5.4681867154027515,-0.0555555555555555,-0.0892857142857142,0.6595744680851063,0.3116883116883117
2020-09-14,-0.8427543375380431,0.7790029520734265,25.850000381469727,-0.010708209078647002,1.3877787807814457e-17,0.0,5.5960982736772324,-0.017129629629629634,-0.05419879111570539,0.6255189255189255,0.27639046162200104
2020-09-15,0.16371176840062063,2.9579979052984484,25.59000015258789,-0.021487903340045023,-1.3877787807814457e-17,0.020000000000000018,5.502359644559846,-0.0526315789473684,-0.0129870129870129,0.76,0.327485380116959
2020-09-16,0.19915248986208667,1.6347532426243205,26.040000915527344,0.17179863656382466,0.0,0.010000000000000009,5.499787742180752,-0.0677966101694915,-0.04,0.9,0.3833333333333333
2020-09-17,-1.0358510867938264,-0.23640918305822822,26.459999084472656,-0.2578128653023093,0.0,-0.020000000000000018,5.517091385344304,0.0138888888888888,-0.0598290598290598,0.7441860465116279,0.3687150837988827
2020-09-18,0.6217730605110106,-0.0402336913788659,25.82999992370605,-0.04303487446621901,0.0,0.010000000000000009,5.49884714299066,-0.0344827586206896,-0.0675105485232067,0.6578947368421053,0.256544502617801
2020-09-21,0.6217730605110106,-1.0374712974153155,27.780000686645508,-0.04303487446621901,1.3877787807814457e-17,-0.04999999999999982,5.58865840082556,-0.09917698580489272,-0.043404240418789465,0.6036224312086381,0.242278651800839
2020-09-22,-0.13684804683453677,-2.743876740907858,26.86000061035156,0.479920881864615,-1.3877787807814457e-17,0.0,4.837075242970874,-0.037037037037037,-0.0551181102362204,0.625,0.2944162436548223
2020-09-23,-2.0594023641089976,-2.8125828810468434,28.57999992370605,0.4246757966643422,0.0,-0.020000000000000018,5.08425743396687,-0.074074074074074,-0.0790697674418604,0.8461538461538461,0.3291925465838509
2020-09-24,0.4506216653220818,4.89361364351204,28.51000022888184,-0.04238732285575253,0.0,-0.020000000000000018,5.506347280052198,-0.0961538461538461,-0.0707070707070707,0.6956521739130435,0.2894736842105263
2020-09-25,-0.5689815487671446,-0.6278889783731145,26.3799991607666,0.2434800933558634,0.0,0.0,5.530698123214728,0.0526315789473684,-0.0514018691588785,0.7857142857142857,0.30625
2020-09-28,-0.5689815487671446,0.4897718438643395,26.190000534057617,0.2434800933558634,1.3877787807814457e-17,0.030000000000000027,5.365633277166216,-0.0963441356244954,-0.05389817241610689,0.6786936300120884,0.24500519411494692
2020-09-29,1.141473966161577,0.9210451385200713,26.270000457763672,-0.3933066389008921,-1.3877787807814457e-17,0.029999999999999805,5.2235938203521,0.0158730158730158,-0.032258064516129,0.6222222222222222,0.2228915662650602
2020-09-30,-0.35962007873946433,-0.5561903231040333,26.3700008392334,0.0,0.0,-0.010000000000000009,5.336431698656694,-0.0147058823529411,-0.0691244239631336,0.6585365853658537,0.2378048780487804
2020-10-01,1.1012005311719975,-1.542167540122108,26.700000762939453,-0.19189804038077796,0.0,0.0,5.558756702605943,-0.037037037037037,-0.0384615384615384,0.6470588235294118,0.2279411764705882
2020-10-02,-0.4306089358559362,-0.41025453782754795,27.6299991607666,0.13862679542446799,0.0,0.010000000000000009,5.966890052541402,0.02,-0.1074766355140186,0.7727272727272727,0.24
2020-10-05,-0.4306089358559362,0.8921532060661264,27.959999084472656,0.13862679542446799,1.3877787807814457e-17,0.040000000000000036,5.75478183696106,0.011195286195286166,-0.05357679954454144,0.638557520910462,0.28004144585538127
2020-10-06,-0.5978633545181467,-0.6236815681763375,29.479999542236328,0.34162485242585916,-1.3877787807814457e-17,-0.020000000000000018,5.811978965133235,0.0,-0.0769230769230769,0.7073170731707317,0.2962962962962963
2020-10-07,-0.9247826747493804,0.6069812450622436,28.059999465942383,-0.2133838200180982,0.0,0.050000000000000044,6.056502943287204,0.0238095238095238,-0.0621761658031088,0.7941176470588235,0.3141025641025641
2020-10-08,0.2650974493883851,2.28613846473138,26.36000061035156,-0.021359371256757242,0.0,0.010000000000000009,5.686670225046239,-0.0408163265306122,-0.0531400966183574,0.9583333333333334,0.2298136645962732
2020-10-09,1.62289345389528,1.353719392318986,25.0,-0.5892801722058749,0.0,0.010000000000000009,5.725870071120206,-0.03125,-0.0337552742616033,0.8409090909090909,0.2340425531914893
2020-10-12,1.62289345389528,3.0924705273134734,25.06999969482422,-0.5892801722058749,1.3877787807814457e-17,0.010000000000000009,5.973606028806669,-0.04557855881880917,-0.024928285875517764,0.9087276392038297,0.24390565866317623
2020-10-13,-1.7843559227287642,0.12199620113566567,26.06999969482422,0.4930332476371646,-1.3877787807814457e-17,0.010000000000000009,5.397574293145378,-0.1587301587301587,-0.0505617977528089,0.6818181818181818,0.2569444444444444
2020-10-14,0.6755025244469692,0.031567340046478876,26.399999618530277,-0.16050672651664044,0.0,-0.010000000000000009,5.834255027128882,-0.0327868852459016,-0.0483091787439613,0.7714285714285715,0.2287581699346405
2020-10-15,0.09987659359627088,0.5744241377636072,26.96999931335449,0.5127156739225924,0.0,0.0,4.950106501021434,0.0344827586206896,-0.0515463917525773,0.8125,0.3178807947019867
2020-10-16,-0.12617784764215045,-1.518396829079549,27.40999984741211,-0.19195943219552092,0.0,0.020000000000000018,5.300714491147758,0.0,-0.0776699029126213,0.8125,0.1823899371069182
2020-10-19,-0.12617784764215045,1.8005741063886305,29.18000030517578,-0.19195943219552092,1.3877787807814457e-17,0.0,5.446881039506511,0.005773420479302867,-0.046461521994181465,0.6907294832826748,0.23915080478379225
2020-10-20,0.20959973869372206,3.3145800074239062,29.350000381469727,-0.3860601152594789,-1.3877787807814457e-17,0.010000000000000009,5.455363849487321,-0.0666666666666666,-0.0106382978723404,0.9230769230769232,0.1677419354838709
2020-10-21,0.7405484259195738,7.338405430586903,28.649999618530277,-0.4954761145891773,0.0,0.020000000000000018,5.062911438661627,-0.0746268656716417,-0.024390243902439,0.8461538461538461,0.2307692307692307
2020-10-22,-1.2285488081524853,1.1027987566796682,28.11000061035156,0.3664547562465259,0.0,0.020000000000000018,5.122593993782309,-0.0465116279069767,-0.0391304347826087,0.8235294117647058,0.2209302325581395
2020-10-23,0.047331094982627775,-0.2652970455377712,27.549999237060547,-0.1938405855572256,0.0,-0.010000000000000009,4.929714423172439,0.0476190476190476,-0.0374531835205992,0.8571428571428571,0.287292817679558
2020-10-26,0.047331094982627775,1.0764673186496765,32.459999084472656,-0.1938405855572256,1.3877787807814457e-17,-0.030000000000000027,5.578370411835326,-0.04458376872169973,-0.0759267040863127,0.8617033630620586,0.2784098263052988
2020-10-27,0.32008935403773364,4.361465057152358,33.349998474121094,-0.1182865959767021,-1.3877787807814457e-17,-0.010000000000000009,5.231482878360813,0.0256410256410256,-0.0504201680672268,0.8478260869565217,0.2252747252747252
2020-10-28,-1.722636925734733,-2.844584941845696,40.27999877929688,0.5044295163979307,0.0,-0.010000000000000009,5.455919227051527,0.0,-0.0187793427230046,0.8974358974358975,0.1529411764705882
2020-10-29,-0.5665724597106347,1.2475103458648107,37.59000015258789,0.5870704957474437,0.0,0.010000000000000009,5.698300811086963,0.0196078431372549,-0.0869565217391304,0.7272727272727273,0.24375
2020-10-30,0.6305149837346313,0.8052075583307783,38.02000045776367,0.08510833604651324,0.0,-0.010000000000000009,5.625568649113286,0.025,-0.0462962962962962,0.7241379310344828,0.1927710843373494
2020-11-02,0.6305149837346313,1.0501528955245476,37.130001068115234,0.08510833604651324,1.3877787807814457e-17,0.010000000000000009,5.677894703704073,-0.0800358422939068,-0.044097619436727103,0.6923245614035087,0.23462413896376155
2020-11-03,0.9529133397826683,1.8869671022116563,35.54999923706055,-0.533050285351333,-1.3877787807814457e-17,0.010000000000000009,5.8150256534721825,-0.088235294117647,-0.0476190476190476,0.8604651162790697,0.2797202797202797
2020-11-04,-0.7309871629980869,1.3061444695718905,29.56999969482422,-0.14976402523352306,0.0,-0.08000000000000007,5.915393110156686,0.0,-0.0459183673469387,0.75,0.1589403973509933
2020-11-05,2.640851034903058,9.741581080424488,27.57999992370605,-0.9465542021011686,0.0,0.020000000000000018,5.7139638019299515,0.0,-0.0238095238095238,0.85,0.1170731707317073
2020-11-06,0.2567000010410325,-0.08969303080483826,24.86000061035156,-0.32474094233849726,0.0,-0.010000000000000009,5.966890052541402,-0.0363636363636363,-0.0307017543859649,0.8,0.1481481481481481
2020-11-09,0.2567000010410325,-2.2785661990470274,25.75,-0.32474094233849726,1.3877787807814457e-17,0.08000000000000007,5.925440478646735,-0.0014430014430014358,-0.04676100876502387,0.7798303229337712,0.17643963122223985
2020-11-10,1.1908134809093696,0.49623008711030536,24.799999237060547,0.02156204742496115,-1.3877787807814457e-17,0.030000000000000027,5.257651609822021,0.0,0.0,0.68,0.2606060606060606
2020-11-11,-0.786924825179014,2.6488015591814573,23.450000762939453,0.31218165630129135,0.0,0.030000000000000027,5.529667154409346,-0.025,0.0144927536231884,0.7878787878787878,0.2125
2020-11-12,0.6375091715476344,3.5966700891263415,25.350000381469727,-0.08602347955717349,0.0,0.030000000000000027,5.216293531069446,-0.048076923076923,-0.0711610486891385,0.9107142857142856,0.2415458937198067
2020-11-13,0.6971252371710257,0.2544313205715909,23.100000381469727,-0.21537478380029285,0.0,0.010000000000000009,4.818586581543719,-0.0285714285714285,-0.0253623188405797,0.8444444444444444,0.219298245614035
2020-11-16,0.6971252371710257,-0.43726296555508526,22.450000762939453,-0.21537478380029285,1.3877787807814457e-17,0.0,5.450752289591792,-0.015119462419113966,-0.0303418803418803,0.8825910931174089,0.235812133072407
2020-11-17,-0.14847284088492785,8.259104686095675,22.709999084472656,-0.16217261526172422,-1.3877787807814457e-17,-0.020000000000000018,5.282238796335346,0.0,-0.0123456790123456,0.6818181818181818,0.1347150259067357
2020-11-18,-0.585419447344826,0.8947999876362189,23.84000015258789,-0.10825861756407207,0.0,0.0,5.042198558552374,-0.1707317073170731,-0.0354609929078014,0.6341463414634146,0.1549295774647887
2020-11-19,-0.6640641601906694,0.07346200168818484,23.11000061035156,-0.03249962565599063,-0.009999999999999995,0.0,5.414543635516169,-0.12,-0.048,0.75,0.2127659574468085
2020-11-20,0.61601288354316,4.414876269819423,23.700000762939453,0.1082937878803314,0.0,-0.010000000000000009,5.438948496287782,0.0289855072463768,-0.0246913580246913,0.9523809523809524,0.2385786802030456
2020-11-23,0.61601288354316,-0.8766445584464932,22.65999984741211,0.1082937878803314,0.0,0.020000000000000018,5.779652385746969,-0.0425054571913655,-0.0331121607605232,0.6714932577001541,0.2504786730593182
2020-11-24,-1.8119421277245529,3.453867082574824,21.63999938964844,-0.3031276230071711,0.0,0.030000000000000027,5.570289176544168,-0.0466321243523316,-0.0078125,0.8686131386861314,0.2047619047619047
2020-11-25,0.04984918223982504,-1.9839332374637308,21.25,-0.2605641378397472,0.0,0.010000000000000009,5.623367475468556,-0.008695652173913,-0.0491071428571428,0.8208955223880597,0.2034883720930232
2020-11-27,0.04984918223982504,-0.2464794256027858,20.84000015258789,-0.2605641378397472,0.0,0.0,5.473614308405026,-0.0375,-0.0752212389380531,0.64,0.2469135802469135
2020-11-30,0.04984918223982504,7.85745466984995,20.56999969482422,-0.2605641378397472,0.003333333333333327,0.020000000000000018,5.2359453856552,-0.01944546681388783,-0.003343973248214034,0.7443019943019943,0.1846273059830709
2020-12-01,2.1394779622498916,1.5872073041903079,20.770000457763672,-0.6114280289080121,0.006666666666666668,0.040000000000000036,5.514234872770507,-0.1,-0.020242914979757,0.835820895522388,0.2107843137254902
2020-12-02,0.6373984885256867,2.0950814137307816,21.170000076293945,-0.208293460929454,0.0,0.040000000000000036,5.054333149361975,-0.010752688172043,-0.0248962655601659,0.8571428571428571,0.2287234042553191
2020-12-03,0.6061505333917694,1.2643316046181852,21.280000686645508,-0.45097547474490796,0.0,0.010000000000000009,5.246550275726154,-0.0181818181818181,-0.0186046511627906,0.8085106382978723,0.2049689440993788
2020-12-04,-0.0490115944199232,-3.909946752423288,20.790000915527344,-0.011027105958127947,0.0,0.029999999999999805,5.371242496562593,-0.0136986301369863,-0.0269230769230769,0.7555555555555555,0.3061224489795918
2020-12-07,-0.0490115944199232,2.7977598423159833,21.299999237060547,-0.011027105958127947,1.3877787807814457e-17,-0.010000000000000009,5.555050420855801,-0.0316549426138467,-0.0678817560632276,0.8019172113289761,0.31361644324922117
2020-12-08,0.4822385043172339,-4.843275707494854,20.68000030517578,0.19806377850377643,-1.3877787807814457e-17,0.010000000000000009,5.559296056165268,0.0204081632653061,-0.0717131474103585,0.8,0.2311827956989247
2020-12-09,-1.9539712183873625,1.262504102957962,22.270000457763672,0.13181933008041824,0.0,0.020000000000000018,4.975146276165952,-0.0520833333333333,-0.0305676855895196,0.8604651162790697,0.2727272727272727
2020-12-10,-0.05452265623926422,-1.5694640220806022,22.520000457763672,-0.3298831085841947,0.0,-0.030000000000000027,5.545333682273803,-0.0786516853932584,-0.0465116279069767,0.803921568627451,0.3353293413173652
2020-12-11,0.33756623773708583,-1.1347356530151842,23.309999465942383,0.20905815716698584,0.0,-0.009999999999999787,4.8064770426931265,0.0192307692307692,-0.0530973451327433,0.9090909090909092,0.2544378698224852
2020-12-14,0.33756623773708583,5.417481635001842,24.71999931335449,0.20905815716698584,1.3877787807814457e-17,0.009999999999999787,5.462842615373835,-0.09749278499278492,-0.056312347134870704,0.7668350168350169,0.2603268456926993
2020-12-15,1.2822831309901694,1.8339201615907186,22.88999938964844,-0.26492770033934576,-1.3877787807814457e-17,0.030000000000000027,4.93655809069994,-0.0483870967741935,-0.0240963855421686,0.7666666666666667,0.2307692307692307
2020-12-16,0.20493625621478273,9.305159757677828,22.5,-0.02211394289730606,0.0,0.010000000000000009,4.913536849632705,-0.0373831775700934,-0.0465116279069767,0.8947368421052632,0.1650943396226415
2020-12-17,1.6616724168514452,6.778242711074967,21.93000030517578,-0.6989513839627648,0.0,0.020000000000000018,5.277451173866652,-0.0617283950617283,-0.0562248995983935,0.9553571428571428,0.12
2020-12-18,-0.07951443811702319,1.4487680725324026,21.56999969482422,0.22241663118558463,0.0,0.010000000000000009,4.988185165258664,-0.0704225352112676,-0.0510948905109489,0.8478260869565217,0.2163461538461538
2020-12-21,-0.07951443811702319,1.0551897618045203,25.15999984741211,0.22241663118558463,1.3877787807814457e-17,0.0,5.294928296800024,-0.03643649240518124,-0.029774262873388368,0.7368006304176516,0.19238487265243112
2020-12-22,-0.6727547309021809,1.6945774596628382,24.229999542236328,0.6751927826962323,-1.3877787807814457e-17,-0.010000000000000009,4.994167101388949,0.0294117647058823,-0.0849056603773584,0.5925925925925926,0.3785310734463277
2020-12-23,0.4330039505094696,-2.303943666300867,23.309999465942383,-0.2651032778647533,0.0,0.030000000000000027,5.6735637880722,-0.0454545454545454,-0.060377358490566,0.8620689655172413,0.4336283185840708
2020-12-24,0.2769976349497938,2.105790865039303,21.530000686645508,-0.08852698223753563,0.0,0.0,5.545802249248404,-0.0961538461538461,-0.0526315789473684,0.6153846153846154,0.3131313131313131
2020-12-28,0.2769976349497938,7.546102560218593,21.700000762939453,-0.08852698223753563,1.3877787807814457e-17,0.0,6.053045574168179,-0.05287471475482824,-0.04935267603230573,0.82000462000462,0.21468414115472934
2020-12-29,0.1330884736881366,2.8333391358389193,23.07999992370605,-0.36594906872426947,-1.3877787807814457e-17,-0.010000000000000009,5.657249760527984,-0.0392156862745098,-0.0239043824701195,0.6888888888888889,0.3317073170731707
2020-12-30,0.5993626012460673,5.262518188935061,22.770000457763672,-0.4230744276537912,0.0,0.0,5.909332157569363,-0.0372340425531914,-0.0285714285714285,0.896,0.21875
2020-12-31,0.11098944610656858,0.5558802229053583,22.75,0.345275376168086,0.0,0.030000000000000027,5.727238550692542,-0.0393258426966292,-0.0158102766798418,0.8085106382978723,0.2281553398058252
2021-01-04,0.11098944610656858,9.475813370849728,26.96999931335449,0.345275376168086,1.3877787807814457e-17,0.019999999999999796,5.518443035298828,-0.031168831168831134,-0.03288050251733587,0.801462639109698,0.1762524192085849
2021-01-05,0.4105306838480871,5.126459420109164,25.34000015258789,-0.490738005543534,-1.3877787807814457e-17,0.020000000000000018,5.340466480056195,-0.0465116279069767,-0.0038022813688212,0.7391304347826086,0.2547169811320754
2021-01-06,-2.3734105597418065,8.002182823087978,25.06999969482422,0.10057143081239062,0.0,0.03000000000000025,4.940284357999733,0.0,-0.0289256198347107,0.8636363636363636,0.1897435897435897
2021-01-07,0.28278319590517853,6.687092425852725,22.3700008392334,0.3345264613175303,0.0,0.029999999999999805,4.82261754475742,-0.0862068965517241,-0.0406779661016949,0.8529411764705882,0.1934156378600823
2021-01-08,-4.1752846956852,3.559288987944953,21.559999465942383,0.3001132054230027,0.0,-0.029999999999999805,4.6520537718869415,-0.034313725490196,-0.0462184873949579,0.8613861386138614,0.1559139784946236
2021-01-11,-4.1752846956852,-6.948025372201094,24.07999992370605,0.3001132054230027,1.3877787807814457e-17,0.0,5.462503239256999,-0.027696638555884435,-0.05340695086457794,0.7856862930155005,0.13057372221884977
2021-01-12,-0.3628955192789718,-11.505113331792494,23.32999992370605,-0.5426646608110097,-1.3877787807814457e-17,0.020000000000000018,5.434376810955133,0.0,-0.0836363636363636,0.7346938775510204,0.2155963302752293
2021-01-13,0.5789249861382295,9.53397207362574,22.209999084472656,0.29938109510210253,0.0,-0.020000000000000018,5.409724564122167,-0.0588235294117647,-0.0476190476190476,0.7446808510638298,0.2315270935960591
2021-01-14,-0.17818664700346432,4.892161277885165,23.25,-0.08861523855969722,0.0,0.029999999999999805,5.062215214069435,-0.037037037037037,-0.0580912863070539,0.8333333333333334,0.1083743842364532
2021-01-15,-1.1414407787474268,-6.21664989723083,24.34000015258789,0.5966219504509596,0.0,0.010000000000000231,5.010168518506812,0.0,-0.0524344569288389,0.8285714285714286,0.1981132075471698
2021-01-19,-1.1414407787474268,-0.35983627485425274,23.239999771118164,0.5966219504509596,0.0,0.0,5.136856700421411,0.0075757575757575,0.0075757575757575,0.8823529411764706,0.1735159817351598
2021-01-20,1.4249727942710066,-1.4579216975338483,21.57999992370605,-0.03315331753253048,0.0,0.020000000000000018,5.734408668197962,0.0,-0.0609756097560975,0.86,0.2041884816753926
2021-01-21,-0.03215992599336914,-14.252813081835924,21.31999969482422,-0.37652754357981877,-0.009999999999999995,-0.020000000000000018,5.638176717558207,0.0,-0.0595238095238095,0.7959183673469388,0.1576354679802955
2021-01-22,-0.5159967189823256,6.83334114753027,21.90999984741211,0.12197219822240868,0.0,-0.010000000000000231,5.2574953720277815,-0.0074074074074074,-0.0821917808219178,0.875,0.1349206349206349
2021-01-25,-0.5159967189823256,-2.343892833558492,23.190000534057617,0.12197219822240868,0.0,-0.009999999999999787,5.42499406937454,-0.02910001719986237,-0.05388002459583163,0.6975115144968015,0.1525958505815099
2021-01-26,-0.22668798944573965,1.0143786390532483,23.020000457763672,-0.24368778527765755,0.0,0.0,5.540988997669792,-0.0454545454545454,-0.0245901639344262,0.7,0.2378378378378378
2021-01-27,-0.31388308031132794,-6.787434522440883,37.209999084472656,0.5309196828380713,0.0,0.0,5.525970733340075,-0.0166666666666666,-0.073469387755102,0.7692307692307693,0.1111111111111111
2021-01-28,-0.3801459941890073,9.502025954716942,30.209999084472656,-0.20982001046014886,-0.009999999999999995,0.04999999999999982,5.0106352940962555,-0.0158730158730158,-0.0418410041841004,0.5714285714285714,0.3514851485148514
2021-01-29,0.5101511241647927,2.509007084781878,33.09000015258789,0.1325704413947193,0.0,0.0,5.5172922409900265,-0.0439560439560439,-0.0262295081967213,0.6612903225806451,0.3517786561264822
2021-02-01,0.5101511241647927,-1.9896662505075824,30.239999771118164,0.1325704413947193,0.003333333333333341,-0.020000000000000018,5.081901135983253,-0.041549964718015496,-0.04548133372161927,0.6466385906114259,0.3267851897924981
2021-02-02,-1.6417375444501836,5.4096162750017385,25.559999465942383,0.19756379108084587,0.006666666666666654,0.040000000000000036,5.64456311499623,-0.0253164556962025,0.0036496350364963,0.6808510638297872,0.2191780821917808
2021-02-03,0.0928250370819228,5.3773897801539405,22.90999984741211,-0.087751433663108,0.0,0.040000000000000036,4.981206483405444,-0.0217391304347826,-0.0174672489082969,0.6440677966101694,0.1923076923076923
2021-02-04,-2.3916484486412593,-1.4678676703823612,21.770000457763672,0.44894247786446684,0.0,-0.020000000000000018,4.862599215268851,-0.0522388059701492,-0.0234375,0.6867469879518072,0.2413793103448276
2021-02-05,1.2223053284327712,3.245885330843379,20.8700008392334,-0.5367793625701722,0.0,0.040000000000000036,4.711330381816482,-0.0522388059701492,-0.0176211453744493,0.6582278481012658,0.2021857923497267
2021-02-08,1.2223053284327712,8.323932114707233,21.239999771118164,-0.5367793625701722,-0.003333333333333327,0.010000000000000231,5.179383669134257,-0.012935935738512767,-0.032742895884919195,0.8140652685805776,0.28579783608618103
2021-02-09,0.18542895508142365,11.44300132242293,21.6299991607666,-0.5403308689452935,0.003333333333333327,0.0,4.436159643253809,-0.0267379679144385,0.0,0.8504672897196262,0.1764705882352941
2021-02-10,0.2883609671160414,-3.420320342962846,21.989999771118164,-0.07742900980352019,0.0,-0.010000000000000231,4.72747631037206,0.0,-0.0168776371308016,0.6764705882352942,0.1846153846153846
2021-02-11,-0.8566387767498185,6.446761605839413,21.25,0.05530773094148955,0.0,-0.009999999999999787,4.803447109572174,-0.0384615384615384,-0.0040983606557377,0.8354430379746836,0.2081218274111675
2021-02-12,-0.1809982026078849,-0.8478464657924789,19.96999931335449,0.06634072933424662,0.0,0.009999999999999787,5.353231597425428,-0.037037037037037,-0.0130434782608695,0.8804347826086957,0.2299465240641711
2021-02-16,-0.1809982026078849,2.630335385581972,21.459999084472656,0.06634072933424662,0.0,0.03000000000000025,5.012566760946003,-0.0914634146341463,-0.0368852459016393,0.7282608695652174,0.1414634146341463
2021-02-17,-1.4629062349107436,5.821415216952097,21.5,0.4849505968666179,0.0,-0.03000000000000025,4.441238494305727,-0.0166666666666666,0.0038610038610038,0.8333333333333334,0.2057416267942583
2021-02-18,0.12978130348191286,-0.9038226589304088,22.489999771118164,-0.39660801537939605,-0.009999999999999995,-0.04999999999999982,4.99734739976932,-0.0533333333333333,-0.0092165898617511,0.8356164383561644,0.1871345029239766
2021-02-19,0.13524313819193168,7.828513543693205,22.049999237060547,-0.2542092901632209,0.0,-0.020000000000000018,4.6682388774550745,-0.0869565217391304,-0.0235849056603773,0.7425742574257426,0.1590909090909091
2021-02-22,0.13524313819193168,0.1087217032599952,23.450000762939453,-0.2542092901632209,0.0,0.020000000000000018,4.828713657323628,-0.030384249747489267,-0.03797468354430377,0.8116699155295647,0.16918457467290404
2021-02-23,-0.1273809689207539,-13.620856555795235,23.11000061035156,0.17759582028693544,0.0,0.0,4.978456395732021,-0.032258064516129,-0.0477941176470588,0.8125,0.084070796460177
2021-02-24,-0.4443464260402763,1.78814957381217,21.34000015258789,0.01109191718917657,0.0,0.009999999999999787,5.230787709754438,-0.0333333333333333,-0.0275229357798165,0.7833333333333333,0.1696969696969697
2021-02-25,-1.2322324448977184,-5.396975925205183,28.88999938964844,-0.055463428225444034,0.0,-0.029999999999999805,4.826231571097977,-0.0825688073394495,-0.059090909090909,0.8222222222222222,0.2601156069364161
2021-02-26,-2.643982642289977,-1.6142075456887284,27.950000762939453,0.8836940999225718,0.0,0.009999999999999787,5.408292219756609,-0.0718954248366013,-0.0427350427350427,0.75,0.1526315789473684
2021-03-01,-2.643982642289977,1.3845511454281478,23.350000381469727,0.8836940999225718,0.0,0.010000000000000231,5.413222190048784,-0.05417366946778707,-0.04424787978074827,0.8592121116873592,0.16426805844313552
2021-03-02,0.6134974480583644,2.921970461761525,24.100000381469727,-0.27498229666642615,0.0,0.040000000000000036,4.804021044733257,-0.0202020202020202,-0.0432900432900432,0.6307692307692307,0.196629213483146
2021-03-03,-1.0323677486388405,4.366472769390128,26.670000076293945,0.1760713942217329,0.0,0.009999999999999787,4.638991734463602,-0.0561797752808988,-0.0217391304347826,0.7073170731707317,0.2032085561497326
2021-03-04,-0.8842158417798451,-3.990612219912748,28.56999969482422,0.744882759252441,0.0,-0.009999999999999787,4.337029268743146,-0.0462962962962962,0.0093457943925233,0.7681159420289855,0.2155688622754491
2021-03-05,-0.12947745929183796,0.7511420176536276,24.65999984741211,0.38124996057016247,0.0,0.020000000000000018,5.442547572219269,-0.0604026845637583,-0.0403587443946188,0.7476635514018691,0.2154696132596685
2021-03-08,-0.12947745929183796,3.7334973224968593,25.46999931335449,0.38124996057016247,0.0,-0.010000000000000231,5.540662057111211,-0.050367507035883434,-0.031080764614618995,0.7995013730307848,0.20821532931259348
2021-03-09,2.2921797389634513,7.645959986487227,24.030000686645508,-0.3798761614885571,0.0,0.0,5.122653597418148,-0.0637254901960784,-0.0042553191489361,0.743421052631579,0.18
2021-03-10,0.285042771679489,2.137417979802869,22.559999465942383,-0.18503207341167283,0.0,0.04999999999999982,5.27469043591688,-0.0865384615384615,-0.0327102803738317,0.7532467532467533,0.1428571428571428
2021-03-11,0.04646314136564911,3.1573000390297423,21.90999984741211,-0.4039116330591064,0.0,0.020000000000000018,5.617643444334279,0.0,-0.0349344978165938,0.7857142857142857,0.1851851851851851
2021-03-12,-0.1627084319913763,-0.821687285311512,20.690000534057617,0.2840003420575776,0.0,-0.020000000000000018,4.6701148746284735,-0.0099009900990099,-0.0144927536231884,0.6962025316455697,0.2276785714285714
2021-03-15,-0.1627084319913763,2.5579506113764694,20.030000686645508,0.2840003420575776,0.0,0.010000000000000231,5.176827468960327,-0.03398789588774097,-0.048443034723342195,0.7612150920974451,0.1554253650575743
2021-03-16,0.09827728334723673,-3.4817374380553545,19.790000915527344,0.043550261472891094,0.0,0.029999999999999805,4.471181545984774,-0.0258064516129032,0.0,0.7634408602150538,0.1743589743589743
2021-03-17,-0.2198142107380896,3.572418708035663,19.229999542236328,-0.512906902515109,0.0,0.0,5.235856685205431,-0.0073529411764705,-0.048780487804878,0.7666666666666667,0.1958762886597938
2021-03-18,0.3122235750465663,-1.7339151916612394,21.57999992370605,0.49112998937870245,0.0,-0.029999999999999805,5.19306795582894,-0.0539215686274509,-0.0613207547169811,0.7835820895522388,0.2203389830508474
2021-03-19,0.5297152705863617,0.8394319050578858,20.950000762939453,0.0761818572001971,0.0,0.040000000000000036,5.354981213665578,-0.008695652173913,-0.0379146919431279,0.6436781609195402,0.1864406779661017
2021-03-22,0.5297152705863617,-2.706397164165253,18.8799991607666,0.0761818572001971,0.0,0.020000000000000018,5.493884150092012,-0.0191919191919192,-0.026474033352940633,0.7405654215145948,0.21003001050349926
2021-03-23,-0.7566879516500258,-3.676257723505749,20.299999237060547,0.5865046549877739,0.0,-0.040000000000000036,5.26543253921226,0.034090909090909,-0.0547945205479452,0.75,0.2430939226519337
2021-03-24,0.47432257484869567,-3.655175777765862,21.200000762939453,0.20555256485561557,0.0,0.020000000000000018,4.838184857097564,-0.1136363636363636,-0.0698689956331877,0.8,0.2063492063492063
2021-03-25,-0.4627227810274803,-2.0485432915554824,19.809999465942383,0.37754047499118926,0.0,0.009999999999999787,4.956179108300197,-0.04,-0.0150375939849624,0.8135593220338984,0.2542372881355932
2021-03-26,0.42231567839579043,6.428841931989204,18.86000061035156,-0.11850323387108119,0.0,0.020000000000000018,4.69125613490122,0.0085470085470085,-0.0226244343891402,0.8241758241758241,0.1912568306010929
2021-03-29,0.42231567839579043,2.5442689029183896,20.739999771118164,-0.11850323387108119,0.0,0.020000000000000018,4.945041401435206,-0.0441978297910501,-0.0049087903511195324,0.790056236710848,0.16577152870930492
2021-03-30,-1.6608126836268333,4.087205512623804,19.61000061035156,0.3865990636924721,0.0,-0.009999999999999787,4.797111986159036,-0.0335195530726257,-0.0089686098654708,0.6476190476190476,0.1977401129943503
2021-03-31,1.7600609611378104,0.0019359447593458867,19.399999618530277,-0.07505462467722879,-0.010000000000000009,0.020000000000000018,4.912875449645338,0.0,-0.0282258064516129,0.8108108108108109,0.1773399014778325
2021-04-01,0.7383082103883609,0.2999232878687863,17.329999923706055,-0.32230694624324485,0.010000000000000009,-0.020000000000000018,4.331916850188431,-0.0759493670886076,-0.0355555555555555,0.8252427184466019,0.1988950276243093
2021-04-05,0.7383082103883609,-1.545743406542499,17.90999984741211,-0.32230694624324485,0.0,0.0,5.141195610775824,-0.03871961371961367,-0.012078266728865366,0.8147165759430686,0.19602257231123207
2021-04-06,0.8361011659377304,-0.48185941935727783,18.1200008392334,-0.2811747754088323,0.0,-0.03000000000000025,4.831986982668597,-0.08130081300813,-0.0502092050209205,0.8051948051948052,0.2
2021-04-07,-0.08042420147873486,-3.7528870853165586,17.15999984741211,0.12987312383332394,0.0,0.020000000000000018,5.325154020501596,-0.014388489208633,-0.028169014084507,0.8596491228070176,0.1823204419889502
2021-04-08,0.9551431317730064,3.9787675704227254,16.950000762939453,-0.4335596788838103,0.0,-0.009999999999999787,4.745540638835367,-0.024390243902439,0.0,0.7884615384615384,0.1597938144329896
2021-04-09,-0.7714103350808799,-0.13545498361153818,16.690000534057617,0.10857248146445286,0.0,-0.020000000000000018,4.745279893972737,-0.1044776119402985,-0.008695652173913,0.6976744186046512,0.1684782608695652
2021-04-12,-0.7714103350808799,2.908413064746007,16.90999984741211,0.10857248146445286,0.0,0.020000000000000018,5.133442723357803,-0.056863829003132436,-0.0199553001277139,0.7051947676459775,0.21749811035525315
2021-04-13,0.8627188966826793,5.735189628873272,16.649999618530273,-0.31523578351864145,0.0,0.0,4.72579362831183,-0.0689655172413793,-0.0264150943396226,0.9333333333333332,0.167420814479638
2021-04-14,-0.6492181509603512,-0.6219938149170545,16.989999771118164,-0.17434463598542393,0.0,0.0,4.17638527255831,0.0,-0.036734693877551,0.6666666666666666,0.2227722772277227
2021-04-15,1.74275185107291,0.323225111697667,16.56999969482422,-0.02181966892855769,0.0,0.0,4.717873675901176,-0.0314960629921259,-0.0256410256410256,0.8541666666666666,0.2547770700636942
2021-04-16,0.7674101250506382,-2.7886621874568363,16.25,-0.12006835794533544,0.0,0.029999999999999805,4.464182492687114,-0.0099009900990099,-0.0668789808917197,0.863013698630137,0.3807829181494662
2021-04-19,0.7674101250506382,-6.771494542973677,17.290000915527344,-0.12006835794533544,0.0,-0.020000000000000018,4.697141464526902,-0.032961972667854965,-0.06851362193738607,0.7739523670164582,0.25798334272094503
2021-04-20,0.4454866391930601,-1.8741890328618283,18.68000030517578,0.1864935774150922,0.0,-0.020000000000000018,4.4996985530458575,-0.0434782608695652,-0.0303030303030303,0.7636363636363637,0.2475247524752475
2021-04-21,0.8404352241679014,-4.651974554182736,17.5,-0.08771294530660612,0.0,0.010000000000000231,4.612245099660053,-0.0684931506849315,0.015,0.85,0.2573099415204678
2021-04-22,-0.6212471446331413,-4.058188374680682,18.709999084472656,0.1863096202552761,0.0,0.0,4.2601414466837575,0.054054054054054,-0.0946969696969697,0.7368421052631579,0.1651785714285714
2021-04-23,-0.23607178798457085,-1.3001302685205829,17.329999923706055,-0.5159473703611361,0.0,0.009999999999999787,4.633174382397689,0.0,-0.0915032679738562,0.7752808988764045,0.15625
2021-04-26,-0.23607178798457085,-0.13323116963253057,17.639999389648438,-0.5159473703611361,0.0,0.020000000000000018,4.49345619635809,-0.0047222222222222,-0.046489518965701526,0.8584788802180107,0.17514869151467086
2021-04-27,-0.0674660538547478,7.560717718785703,17.559999465942383,0.11006615996027591,0.0,0.03000000000000025,5.1084876942637605,0.0273972602739726,-0.039647577092511,0.6458333333333334,0.1218274111675127
2021-04-28,-0.2703340739679483,-0.37942553737355666,17.280000686645508,-0.330545744656785,0.0,0.020000000000000018,4.627909672957581,0.0204081632653061,-0.0431372549019607,0.6904761904761905,0.1851851851851851
2021-04-29,-0.2880286458204928,-2.34296738251345,17.610000610351562,0.0,-0.010000000000000009,0.009999999999999787,5.032527240512354,-0.0333333333333333,-0.0489795918367346,0.8611111111111112,0.1608040201005025
2021-04-30,-0.04525240515578233,7.54151877209619,18.61000061035156,0.736710321065015,-0.009999999999999995,-0.009999999999999787,4.834931789603877,-0.0389610389610389,-0.0283400809716599,0.6666666666666666,0.1813725490196078
2021-05-03,-0.04525240515578233,-0.9226273461383272,18.309999465942383,0.736710321065015,0.003333333333333334,0.009999999999999787,5.280865972934281,-0.0018788682581786,-0.0344012732830006,0.7615261931051406,0.21234843782329815
2021-05-04,-0.8746397574940445,-7.033473578690241,19.479999542236328,0.3731391195875844,0.006666666666666661,0.0,4.78088664372991,-0.040983606557377,-0.0413533834586466,0.825,0.2260869565217391
2021-05-05,0.4663019601776064,7.389708647447613,19.149999618530277,0.021902128492268247,0.0,0.050000000000000266,5.1755280704554165,-0.037037037037037,-0.0204778156996587,0.7686567164179104,0.2975206611570248
2021-05-06,1.7446839157978289,-1.805509355764201,18.38999938964844,-0.39504124807985264,0.0,-0.020000000000000018,4.958569771792903,-0.0089285714285714,-0.0307692307692307,0.810126582278481,0.2264957264957265
2021-05-07,0.8555953960273754,1.6877096781435341,16.690000534057617,-0.7947868199300601,0.0,0.040000000000000036,5.138207298119301,-0.0204081632653061,-0.0433212996389891,0.8333333333333334,0.2697095435684647
2021-05-10,0.8555953960273754,0.47928627091948783,19.65999984741211,-0.7947868199300601,0.0,0.04999999999999982,4.936701665718133,-0.001981875054090467,-0.04148390065425273,0.781026878836641,0.2742483673518156
2021-05-11,-0.0871114322687383,-1.6222454855858714,21.84000015258789,-0.07762650283504868,0.0,-0.010000000000000231,5.169858799644233,-0.08130081300813,-0.0384615384615384,0.7848101265822784,0.2955665024630542
2021-05-12,-0.7270798097462006,-14.29671467730369,27.59000015258789,0.6303584042597343,0.0,0.010000000000000231,4.365643155423357,-0.0972222222222222,-0.0124481327800829,0.6285714285714286,0.2160804020100502
2021-05-13,0.0658223605463526,1.144292811009251,23.1299991607666,0.04408786110117191,0.0,-0.03000000000000025,4.550185877655332,-0.053763440860215,-0.0924369747899159,0.7678571428571429,0.1933701657458563
2021-05-14,0.7701365482795097,0.3300186759766177,18.809999465942383,-0.47495566823823054,0.0,0.0,4.606269581431392,-0.037037037037037,-0.0643776824034334,0.5846153846153846,0.1925133689839572
2021-05-17,0.7701365482795097,-9.006121793887978,19.71999931335449,-0.47495566823823054,0.0,0.03000000000000025,4.645992180508347,-0.0155917788802268,-0.0538582268806638,0.7696629213483147,0.1703097089695155
2021-05-18,0.016065581069657497,-6.04786609177328,21.34000015258789,-0.5223118142154703,0.0,-0.020000000000000018,4.568609930676289,-0.0206185567010309,-0.048689138576779,0.6714285714285714,0.1731601731601731
2021-05-19,0.7201759353875126,-14.810707635188614,22.18000030517578,0.48905558788163717,0.0,-0.040000000000000036,4.9951154824382185,0.0,-0.1261261261261261,0.8120805369127517,0.0978260869565217
2021-05-20,0.026573834868415247,9.727501612396061,20.670000076293945,-0.4222282748472139,0.0,-0.06999999999999984,5.242910359276298,-0.0900473933649289,-0.0262172284644194,0.8444444444444444,0.1402714932126696
2021-05-21,-0.2713902241079147,-8.913981683679317,20.149999618530277,0.23355300750775854,0.0,0.020000000000000018,4.690797271955528,-0.0058479532163742,-0.0456431535269709,0.8823529411764706,0.1407766990291262
2021-05-24,-0.2713902241079147,-0.8082311439109091,18.399999618530277,0.23355300750775854,0.0,0.009999999999999787,5.001908436716313,-0.0420457150342207,-0.0663640530984231,0.7849096770735219,0.14379894223013898
2021-05-25,0.7137789140429618,3.707855732363896,18.84000015258789,-0.2117373500862385,0.0,-0.020000000000000018,4.980863135762585,-0.0229007633587786,-0.0829694323144104,0.7976190476190477,0.2116402116402116
2021-05-26,0.1684515438402201,2.296156581276776,17.360000610351562,0.445238408273152,0.0,-0.020000000000000018,4.271932711876808,-0.0353982300884955,-0.020242914979757,0.7407407407407407,0.2030456852791878
2021-05-27,-0.2949750706768839,-2.205718107153487,16.739999771118164,-0.07777312096202138,0.0,0.020000000000000018,4.2520603082138555,-0.0419580419580419,-0.0575221238938053,0.7383177570093458,0.149171270718232
2021-05-28,0.35806730456284797,-7.3936111501442525,16.760000228881836,0.06666395646188761,-0.009999999999999995,0.0,5.146680191885077,-0.0327868852459016,-0.0995670995670995,0.7840909090909091,0.1573604060913705
2021-06-01,0.35806730456284797,2.2306200251458463,17.899999618530273,0.06666395646188761,0.009999999999999995,0.040000000000000036,5.172924197139975,0.0212765957446808,-0.0365296803652968,0.8636363636363636,0.1818181818181818
2021-06-02,0.24144330207267473,2.3977788702314484,17.479999542236328,0.07789428259741271,0.0,-0.020000000000000018,4.422568589986818,-0.0303030303030303,-0.064,0.7866666666666666,0.2227979274611398
2021-06-03,-1.9213573983194898,4.255661695136936,18.040000915527344,0.6651892255237435,0.0,-0.020000000000000018,4.69537645387424,0.0,-0.0398230088495575,0.7301587301587301,0.1847826086956521
2021-06-04,0.9891119010829286,-6.084038726712571,16.420000076293945,-0.39858402145291905,0.0,-0.020000000000000018,4.219507705176107,-0.0319148936170212,-0.075,0.8082191780821918,0.2444444444444444
2021-06-07,0.9891119010829286,-5.29496001885974,16.420000076293945,-0.39858402145291905,0.0,-0.009999999999999787,4.545773976031435,-0.005133258696023967,-0.04267637847115186,0.8087591756070017,0.17426810477657936
2021-06-08,-0.24281340281699926,-4.438217323479066,17.06999969482422,0.14442582490898914,0.0,-0.03000000000000025,4.698751599609622,-0.0120481927710843,-0.0561797752808988,0.7741935483870968,0.085972850678733
2021-06-09,0.05283457753790799,10.947410238213884,17.889999389648438,0.044396132262214394,0.0,-0.040000000000000036,4.8816649127992955,0.0219780219780219,-0.0175438596491228,0.7285714285714285,0.1483516483516483
2021-06-10,0.05280667735245714,-1.7354742993129335,16.100000381469727,-0.044396132262214394,0.0,0.03000000000000025,4.811208269399362,-0.0208333333333333,-0.0221238938053097,0.8041237113402062,0.2142857142857142
2021-06-11,-0.8908706107218833,1.7067578415986162,15.649999618530272,0.5314402777518268,0.0,-0.03000000000000025,4.582310891842009,-0.075187969924812,-0.0702479338842975,0.8461538461538461,0.205
2021-06-14,-0.8908706107218833,2.526365592850155,16.389999389648438,0.5314402777518268,0.0,0.040000000000000036,4.632136634217906,-0.031469939078634705,-0.08183035602390437,0.7769726247987118,0.18110240392824126
2021-06-15,-0.5109598315891084,5.380619161959821,17.020000457763672,0.022096843932484234,0.0,0.020000000000000018,4.694736629347134,-0.0555555555555555,-0.0384615384615384,0.7023809523809523,0.2091836734693877
2021-06-16,0.26925164354798525,-5.230703159614336,18.149999618530277,0.6495276249203208,0.0,-0.06000000000000005,4.6523399904644815,-0.0259740259740259,-0.0252100840336134,0.6126126126126126,0.2263157894736842
2021-06-17,-4.718346889536029,-0.7684760787668665,17.75,0.8305174501725077,0.04000000000000001,-0.04999999999999982,4.547964712217312,-0.0592885375494071,-0.077720207253886,0.6223776223776224,0.1645569620253164
2021-06-18,-0.333175014814735,-6.14015913917374,20.700000762939453,0.3693290774446467,0.0,-0.029999999999999805,4.958078043357579,-0.0529411764705882,-0.0441176470588235,0.7592592592592593,0.1488095238095238
2021-06-21,-0.333175014814735,-4.15636049128949,17.889999389648438,0.3693290774446467,1.3877787807814457e-17,0.009999999999999787,4.713157249247797,-0.029842375756564798,-0.06812346554282034,0.79194519722975,0.1585098385972212
2021-06-22,-0.30915399958519885,-5.461373782989298,16.65999984741211,-0.14161694246412893,-1.3877787807814457e-17,0.06000000000000005,4.605170185988092,0.0,-0.1058394160583941,0.7272727272727273,0.1016949152542373
2021-06-23,0.33721157314259287,3.676667515561327,16.31999969482422,0.07628147526199669,0.0,0.029999999999999805,4.099000373758295,0.0309278350515463,-0.032258064516129,0.7837837837837838,0.1396648044692737
2021-06-24,-0.3766312215809364,2.747569985764464,15.970000267028809,0.021780462745191187,0.0,-0.040000000000000036,4.727741738376272,-0.0349650349650349,-0.0702702702702702,0.7160493827160493,0.1768707482993197
2021-06-25,0.05630313834590339,-9.130465397426413,15.619999885559082,-0.010893793377952932,0.0,0.040000000000000036,4.531308337389636,-0.0063291139240506,-0.0758928571428571,0.6707317073170732,0.1904761904761904
2021-06-28,0.05630313834590339,6.482852060159416,15.760000228881836,-0.010893793377952932,1.3877787807814457e-17,-0.009999999999999787,5.201237288063347,-0.03376468881473957,-0.0491089138742285,0.7283103399231973,0.13933527276471946
2021-06-29,-0.948512454602124,6.065885094702317,16.020000457763672,0.18485929045946037,-1.3877787807814457e-17,-0.010000000000000231,4.310933344565636,-0.037593984962406,-0.0427350427350427,0.8155339805825242,0.1794871794871795
2021-06-30,0.45279677650169603,-2.3325202965851943,15.829999923706056,0.4227870984543358,-0.020000000000000004,0.0,4.895224442584928,-0.0686274509803921,-0.0881057268722467,0.7671232876712328,0.1283422459893048
2021-07-01,0.2875900975945811,-4.2818245600875215,15.479999542236328,0.17293133570674968,0.020000000000000004,0.03000000000000025,4.414735809083586,-0.0354609929078014,-0.1020408163265306,0.67,0.1644736842105263
2021-07-02,0.3765608592876113,0.9632020913439732,15.06999969482422,-0.400363152891714,0.0,-0.020000000000000018,4.891025591098464,-0.0310077519379844,-0.0520833333333333,0.7821782178217822,0.1690140845070422
2021-07-06,0.3765608592876113,-0.9658096951802975,16.440000534057617,-0.400363152891714,0.0,-0.020000000000000018,5.2962151584561665,-0.0086206896551724,-0.0187793427230046,0.7846153846153846,0.1967213114754098
2021-07-07,0.445063321581074,-1.1157826650300962,16.200000762939453,0.09719352426031946,0.0,-0.03000000000000025,4.047078236421011,-0.0172413793103448,-0.0511363636363636,0.759493670886076,0.2789115646258503
2021-07-08,-0.10552467875140081,-2.931177853796463,19.0,-0.30270161415693053,0.0,-0.05999999999999961,4.214938458520516,-0.0884955752212389,-0.0747663551401869,0.717948717948718,0.192090395480226
2021-07-09,0.5762440859236939,2.76173634478738,16.18000030517578,-0.24933977858792034,0.0,0.05999999999999961,4.4343818650078095,-0.0319148936170212,-0.099009900990099,0.8392857142857143,0.228395061728395
2021-07-12,0.5762440859236939,-0.47202803934514037,16.170000076293945,-0.24933977858792034,1.3877787807814457e-17,0.050000000000000266,4.832650984499079,-0.03620913248242437,-0.036055200447285295,0.7613923918271744,0.18848511445719818
2021-07-13,0.2157750367033806,-2.824468093989907,17.1200008392334,0.5622207842502114,-1.3877787807814457e-17,0.029999999999999805,5.259316629198304,-0.0583333333333333,-0.0990990990990991,0.8070175438596491,0.1945945945945946
2021-07-14,0.8201066475029606,0.36725998364310897,16.329999923706055,-0.367246395866605,0.0,-0.020000000000000018,4.591882291661156,-0.0168067226890756,-0.0580357142857142,0.7567567567567568,0.2265193370165746
2021-07-15,0.2244902250705394,-3.224946835684328,17.010000228881836,0.2269893178035609,0.0,-0.020000000000000018,5.035783087628908,-0.0571428571428571,-0.073170731707317,0.7872340425531915,0.1581920903954802
2021-07-16,-0.7631333157156917,-1.1366530858486712,18.450000762939453,0.0755487520305742,0.0,0.010000000000000231,4.9467010348001645,-0.0225563909774436,-0.0648854961832061,0.7471264367816092,0.2017937219730941
2021-07-19,-0.7631333157156917,-0.12409619494242463,22.5,0.0755487520305742,1.3877787807814457e-17,-0.08999999999999986,5.004080525125581,-0.02416555127364407,-0.06297631609372153,0.6868435105998786,0.17377560130377132
2021-07-20,0.12156445618103362,-5.149772444297618,19.729999542236328,0.0860882769104343,-1.3877787807814457e-17,0.019999999999999574,4.8703765616746875,0.0,-0.0842105263157894,0.6296296296296297,0.0571428571428571
2021-07-21,-0.4427479639319998,7.443417235693239,17.90999984741211,-0.23691721102974128,0.0,0.020000000000000018,5.221382325073914,-0.0606060606060606,-0.0519480519480519,0.6875,0.1827956989247312
2021-07-22,0.11640986772754047,0.6283788882168295,17.690000534057617,0.07544290376619855,0.0,0.0,4.511957804265912,0.009090909090909,-0.0287081339712918,0.7466666666666667,0.1761363636363636
2021-07-23,-0.19964378645118686,3.8503942271905345,17.200000762939453,0.09691915436782494,0.0,0.07000000000000028,4.9320248935143445,-0.0515463917525773,-0.0564102564102564,0.6666666666666666,0.1169590643274853
2021-07-26,-0.19964378645118686,6.005435025261363,17.579999923706055,0.09691915436782494,1.3877787807814457e-17,0.04999999999999982,4.854111430123442,0.020760647493320735,-0.0522081193819636,0.8067582589261407,0.1269584675109949
2021-07-27,0.044469393150237124,9.991079608136388,19.36000061035156,-0.23773646222675637,-1.3877787807814457e-17,-0.020000000000000018,4.886959932735035,-0.0424242424242424,-0.005050505050505,0.7403846153846154,0.0963855421686747
2021-07-28,0.0,1.4835126516453911,18.309999465942383,-0.11908051242235373,0.0,0.03000000000000025,5.028213226370324,-0.0446428571428571,-0.0136986301369863,0.7619047619047619,0.1578947368421052
2021-07-29,1.7462614454720082,0.03128737005972937,17.700000762939453,-0.49951139121446886,0.0,0.020000000000000018,4.972587226458726,-0.032,0.0,0.7669902912621359,0.1475409836065573
2021-07-30,-1.020919782220897,5.4172230652618225,18.239999771118164,0.3368992597499343,-0.03,-0.03000000000000025,4.893651938610437,-0.0256410256410256,0.0181818181818181,0.7741935483870968,0.1764705882352941
2021-08-02,-1.020919782220897,-4.771308749706016,19.459999084472656,0.3368992597499343,0.009999999999999995,-0.029999999999999805,4.804075688049027,-0.0506231671554252,0.0017143300804436997,0.7816459917300254,0.12195668678717474
2021-08-03,-0.4409907432068927,-5.394524230374564,18.040000915527344,0.03258434667552379,0.020000000000000004,0.009999999999999787,4.354269957628839,0.0380952380952381,0.0,0.7346938775510204,0.1842105263157894
2021-08-04,0.022097134087672998,4.094316463847747,17.969999313354492,0.2061240909723594,0.0,-0.029999999999999805,4.2104966389581255,0.0127118644067796,-0.0446927374301676,0.7647058823529411,0.1812080536912751
2021-08-05,-0.298707183632807,2.7838357371246403,17.280000686645508,-0.03251724075044038,0.0,-0.020000000000000018,5.1874416702021,-0.0613496932515337,0.009009009009009,0.6571428571428571,0.1322751322751322
2021-08-06,-2.530216933717089,4.653814062641537,16.149999618530273,0.6052819876152249,0.0,0.040000000000000036,4.673949701382917,-0.0284090909090909,-0.0516431924882629,0.6440677966101694,0.149171270718232
2021-08-09,-2.530216933717089,4.765767431186241,16.719999313354492,0.6052819876152249,1.3877787807814457e-17,0.0,4.975215348864995,-0.0615037584627638,-0.0378732998116258,0.7369523001056549,0.14213386504026895
2021-08-10,0.3128456464730256,1.4998183942283916,16.790000915527344,0.11827388465475153,-1.3877787807814457e-17,0.029999999999999805,5.991139494284036,-0.072072072072072,-0.0231213872832369,0.6046511627906976,0.2
2021-08-11,1.2416792738750182,0.018876057234251675,16.170000076293945,-0.16130981128634758,0.0,0.020000000000000018,4.565077092421647,-0.0291666666666666,-0.005181347150259,0.6863905325443787,0.1627906976744186
2021-08-12,-0.08001511567643504,-2.5891753544200924,15.59000015258789,0.13981959816726786,0.0,-0.009999999999999787,4.50413364181032,-0.0568181818181818,0.0206185567010309,0.7835820895522388,0.1904761904761904
2021-08-13,1.4868869094078363,7.30094797189178,15.449999809265137,-0.5604716970648127,0.0,-0.040000000000000036,4.619073091157083,-0.0774647887323943,-0.0273224043715847,0.6704545454545454,0.1568627450980392
2021-08-16,1.4868869094078363,-2.2796075077081923,16.1200008392334,-0.5604716970648127,1.3877787807814457e-17,-0.010000000000000231,4.665229942415754,-0.03576977401129944,-0.02891128591718557,0.7525052355992194,0.15158874721716245
2021-08-17,-0.10638733336794104,-4.422013312306916,17.90999984741211,0.5383303426822472,-1.3877787807814457e-17,-0.029999999999999805,4.733739286782799,0.0344827586206896,-0.0398009950248756,0.6785714285714286,0.1412429378531073
2021-08-18,-0.19065919740288706,0.2364966650011624,21.56999969482422,0.010739395952530373,-0.010000000000000009,-0.010000000000000231,4.729421148325948,-0.0813397129186602,-0.0210526315789473,0.76,0.1568627450980392
2021-08-19,-0.0786133143328982,4.18858533323494,21.670000076293945,0.4606085025175233,0.0,-0.040000000000000036,4.364117214130314,-0.0414507772020725,0.0157068062827225,0.7786885245901639,0.1383647798742138
2021-08-20,0.04493141932799816,5.4597906983852695,18.559999465942383,-0.07483797317098251,0.0,-0.009999999999999787,4.4467604492404496,-0.0529100529100529,-0.0105263157894736,0.6428571428571429,0.1455696202531645
2021-08-23,0.04493141932799816,-0.16513996630909134,17.149999618530273,-0.07483797317098251,1.3877787807814457e-17,0.0,5.217468778684716,-0.0013661202185792332,-0.041640625711760734,0.7637534389452547,0.1336007901740102
2021-08-24,0.1330095775109008,-3.200737382278085,17.219999313354492,-0.07532924262481089,-1.3877787807814457e-17,0.029999999999999805,4.463260939805398,-0.0067567567567567,0.0093023255813953,0.6555555555555556,0.1404494382022472
2021-08-25,-0.9683432986546947,2.5960121950429738,16.790000915527344,-0.06461076920798448,0.0,0.050000000000000266,4.306494572061445,0.0185185185185185,0.0042372881355932,0.7023809523809523,0.1658291457286432
2021-08-26,0.22343882098443402,-4.210229745237548,18.84000015258789,0.24745370450904858,0.0,-0.020000000000000018,4.005513348515485,-0.0875912408759124,-0.0425531914893617,0.6206896551724138,0.130718954248366
2021-08-27,1.3522720423364554,4.409943030226771,16.389999389648438,-0.398380195452841,-0.009999999999999995,0.06000000000000005,4.241614480957137,0.010204081632653,-0.0388349514563106,0.6111111111111112,0.1494252873563218
2021-08-30,1.3522720423364554,-1.6363968310198374,16.190000534057617,-0.398380195452841,0.0,-0.020000000000000018,4.701722018864523,-0.0233397321632615,-0.027647153678352066,0.7233583776189603,0.1236214370594824
2021-08-31,0.331126130365611,-2.2965048975327917,16.479999542236328,-0.021593558582200245,-0.020000000000000004,-0.040000000000000036,5.116615617633488,-0.01,-0.0290456431535269,0.7777777777777778,0.1414634146341463
2021-09-01,-0.10473937325583549,3.5005653788017455,16.110000610351562,-0.19451087915145493,0.020000000000000004,0.009999999999999787,4.4857107459507635,-0.0612244897959183,0.0404040404040404,0.6666666666666666,0.146067415730337
2021-09-02,-0.24297457991773186,0.9792724788171725,16.40999984741211,-0.2382431178271638,0.0,-0.020000000000000018,4.287028906051602,-0.0142857142857142,-0.0330188679245283,0.7373737373737373,0.1534090909090909
2021-09-03,1.219933438580334,1.404412800618715,16.40999984741211,-0.20622185308178942,0.0,0.020000000000000018,4.480966582528785,-0.1056910569105691,-0.005,0.7252747252747253,0.1839080459770115
2021-09-07,1.219933438580334,-9.43700814272077,18.13999938964844,-0.20622185308178942,0.0,0.020000000000000018,5.111144059023058,-0.01875,-0.0371900826446281,0.7522123893805309,0.1308411214953271
2021-09-08,-0.2899725043929102,-1.5494793572990773,17.959999084472656,0.14041681207412893,0.0,0.020000000000000018,4.776262260830497,-0.008695652173913,-0.0682926829268292,0.6804123711340206,0.136094674556213
2021-09-09,0.37346122321668673,0.6488390533952781,18.799999237060547,-0.18365279775611754,0.0,0.0,4.041119578762556,-0.0068965517241379,0.0143540669856459,0.6534653465346535,0.1751412429378531
2021-09-10,-0.434907227353154,-3.303518664446514,20.950000762939453,0.10807141581157254,0.0,0.020000000000000018,4.279717015849312,-0.0153846153846153,-0.0384615384615384,0.8068181818181818,0.1345029239766081
2021-09-13,-0.434907227353154,1.1636819441896762,19.3700008392334,0.10807141581157254,0.0,-0.029999999999999805,5.027470560164633,-0.034635682669390495,-0.0207273366952832,0.7579387898536835,0.1603035280429798
2021-09-14,0.7062031376286804,3.6397385222489476,19.459999084472656,0.032383849373651685,0.0,-0.040000000000000036,4.910888620925971,-0.0821917808219178,-0.035,0.6851851851851852,0.1951219512195122
2021-09-15,-0.6838828378295858,2.275460131450835,18.18000030517578,-0.17284617313624295,0.0,0.020000000000000018,4.672174414768565,0.0095238095238095,-0.0377358490566037,0.7910447761194029,0.1560693641618497
2021-09-16,-2.1314620752901803,-0.8190739435939065,18.690000534057617,0.399248169530253,0.0,0.0,3.8013148834437245,-0.0314960629921259,-0.0585774058577405,0.5806451612903226,0.236180904522613
2021-09-17,-0.29680108385328197,-1.0854079709277542,20.809999465942383,0.36546997827722194,0.0,-0.020000000000000018,4.424247650107844,-0.0416666666666666,-0.0220264317180616,0.5431034482758621,0.2551020408163265
2021-09-20,-0.29680108385328197,-2.441491435063803,25.709999084472656,0.36546997827722194,0.0,-0.040000000000000036,4.653356993571366,-0.03255430242272343,-0.034758552259829704,0.6587181930179072,0.17978113079857264
2021-09-21,0.8027603161512964,-12.533576043118444,24.36000061035156,-0.04291023090985391,0.0,0.0,5.2785227392198575,-0.0310077519379844,-0.0772058823529411,0.7551020408163265,0.1290322580645161
2021-09-22,0.03940390072632027,6.839960199678252,20.8700008392334,0.2785838528990503,0.0,-0.010000000000000231,4.591476858856089,-0.043010752688172,-0.0617283950617283,0.6619718309859155,0.2288557213930348
2021-09-23,-1.6457073725568705,2.985630902322356,18.6299991607666,-0.3859359583008981,0.0,0.03000000000000025,4.370712874773608,-0.0394736842105263,-0.0212765957446808,0.7704918032786885,0.2613065326633166
2021-09-24,0.11437069101942754,-4.686219528987401,17.75,0.2467451303454382,0.0,0.029999999999999805,4.464297627106676,0.0,-0.0294117647058823,0.7821782178217822,0.1443298969072164
2021-09-27,0.11437069101942754,-0.27924793008580195,18.76000022888184,0.2467451303454382,0.0,0.010000000000000231,4.976986584016662,-0.036715385986472365,-0.023454766241651433,0.7808083730118397,0.14855350212813231
2021-09-28,-0.8147357577374947,-4.025970717036564,23.25,0.416777950204672,0.0,0.029999999999999805,4.838660029356445,-0.036144578313253,-0.0643776824034334,0.7474747474747475,0.1758241758241758
2021-09-29,-0.8272426561606316,1.2828924814572318,22.559999465942383,0.6060299406032144,0.0,-0.009999999999999787,4.6504303173929555,-0.0954356846473029,-0.0737327188940092,0.6693548387096774,0.188235294117647
2021-09-30,1.944380650125943,5.218276011816414,23.13999938964844,-0.09544127097909083,-0.020000000000000004,0.0,4.95955250386694,-0.0919540229885057,-0.0523560209424083,0.6571428571428571,0.1883116883116883
2021-10-01,0.09679989072592932,9.420841893127907,21.100000381469727,-0.22305929207417918,0.020000000000000004,0.009999999999999787,4.486724430781609,-0.025,-0.043103448275862,0.7241379310344828,0.1464646464646464
2021-10-04,0.09679989072592932,0.4655000304184753,22.959999084472656,-0.22305929207417918,0.0,0.0,4.928412433838423,-0.03733220886921073,-0.012115954555237632,0.6798930754154635,0.17726425939776722
2021-10-05,-0.3743821789051971,6.358006008192341,21.299999237060547,0.18105952814799764,0.0,0.07000000000000028,4.576153236917599,-0.0137931034482758,0.0,0.7521367521367521,0.203883495145631
2021-10-06,0.05113629953221732,7.2014101377311235,21.0,0.3080940403953569,0.0,-0.020000000000000018,4.980382250925235,-0.0170454545454545,-0.08203125,0.7398373983739838,0.2029702970297029
2021-10-07,-0.1477930901064184,-2.8498794333346567,19.540000915527344,-0.053048357050666795,0.0,0.029999999999999805,4.614427207250769,-0.0372340425531914,-0.0274509803921568,0.6942148760330579,0.244131455399061
2021-10-08,-0.0910577464654061,0.30037607441677494,18.770000457763672,-0.15933034880504238,0.0,0.040000000000000036,4.5715099844954565,-0.0061728395061728,-0.0776255707762557,0.652542372881356,0.2849162011173184
2021-10-11,-0.0910577464654061,3.2337014150515486,20.0,-0.15933034880504238,0.0,0.040000000000000036,5.02493259879708,-0.0069340729677832,-0.031748435137174465,0.6642544028960891,0.1864648597785116
2021-10-12,0.21065641406039504,0.5359141644913024,19.850000381469727,0.21181638095368882,0.0,0.040000000000000036,4.505570820765336,-0.0754716981132075,-0.0476190476190476,0.6666666666666666,0.1647058823529411
2021-10-13,1.9933037412386057,2.397881481648234,18.63999938964844,-0.46659131900588235,0.0,0.029999999999999805,4.7106106984460885,-0.0449438202247191,-0.024390243902439,0.5084745762711864,0.2406417112299465
2021-10-14,0.167112342901099,-0.13872457018972995,16.860000610351562,-0.1276353566144195,0.0,0.0,4.546905277856116,0.0151515151515151,-0.0403587443946188,0.66,0.1933701657458563
2021-10-15,-1.655527628627862,7.188745837457944,16.299999237060547,-0.021284345906913416,0.0,0.040000000000000036,4.177306082936448,-0.0695187165775401,-0.0163934426229508,0.8522727272727273,0.1435406698564593
2021-10-18,-1.655527628627862,-0.16789145784734671,16.309999465942383,-0.021284345906913416,0.0,-0.020000000000000018,5.084917854183221,-0.02764052989616893,-0.03483564110202966,0.7709958457989954,0.17742675813614364
2021-10-19,0.27726159189187527,4.408363102321466,15.699999809265137,-0.17044430943800037,0.0,0.0,4.303389189156809,-0.0447154471544715,-0.0281124497991967,0.8235294117647058,0.2169811320754717
2021-10-20,0.8104059610460901,2.6577834542036882,15.489999771118164,-0.24553346608806592,0.0,0.029999999999999805,4.091841432003982,-0.0618556701030927,-0.0149253731343283,0.6810344827586207,0.1538461538461538
2021-10-21,-0.16268056619157534,-5.9027668390729815,15.010000228881836,0.22420240104521483,0.0,0.07000000000000028,4.244630641232919,0.0079365079365079,-0.0449438202247191,0.6494845360824743,0.1176470588235294
2021-10-22,0.7996267631640741,-2.4702251082704407,15.43000030517578,-0.1707717728072211,0.0,0.0,4.622322244805657,-0.0474308300395256,-0.0122448979591836,0.8688524590163934,0.2461538461538461
2021-10-25,0.7996267631640741,1.789439680250382,15.239999771118164,-0.1707717728072211,0.0,0.020000000000000018,4.781529559795606,-0.0293400901638449,-0.0297543979717223,0.7252426242236024,0.22773823930925227
2021-10-26,-0.7391618953336732,-2.3321196025873903,15.979999542236328,0.1491259263838529,0.0,0.029999999999999805,4.599655005299981,-0.0197368421052631,-0.0609756097560975,0.7450980392156863,0.2253521126760563
2021-10-27,0.28964946878655695,-3.166384386368293,16.979999542236328,-0.09583765076293105,0.0,-0.040000000000000036,4.154655409326203,0.0153846153846153,-0.0433212996389891,0.7471264367816092,0.3291666666666666
2021-10-28,0.20558146825893076,3.593449158802464,16.530000686645508,-0.5448463227110345,0.0,-0.08000000000000007,4.505239347363042,-0.0185185185185185,-0.0127659574468085,0.6567164179104478,0.2758620689655172
2021-10-29,-1.0377806530908806,2.614437550515447,16.260000228881836,0.8214739398918702,-0.009999999999999995,-0.06000000000000005,4.348340577019075,-0.0098039215686274,-0.0327868852459016,0.7162162162162162,0.2428571428571428
2021-11-01,-1.0377806530908806,-1.332845439624819,16.40999984741211,0.8214739398918702,0.003333333333333341,-0.009999999999999787,4.58897305108552,-0.028137678984043766,-0.016319246012386764,0.7776628352490421,0.175142775636687
2021-11-02,-0.35716453755405553,2.9245932649853756,16.030000686645508,0.22343903708126334,0.006666666666666654,0.009999999999999787,4.707275408925245,-0.0245398773006134,-0.0164609053497942,0.7542372881355932,0.2019230769230769
2021-11-03,-1.4131911060620617,-0.40628056171509996,15.100000381469728,-0.2447415228270522,0.0,0.020000000000000018,5.239469290738831,0.0,-0.0082644628099173,0.6612903225806451,0.1348837209302325
2021-11-04,1.6533033964661215,-2.4399034254608765,15.4399995803833,0.5206938772963632,0.0,0.03000000000000025,5.054971107916307,-0.05,-0.0038910505836575,0.813953488372093,0.2017937219730941
2021-11-05,1.2966339059569343,-0.5328129187967434,16.479999542236328,-0.03180026484423948,0.0,-0.020000000000000018,5.354366832399059,0.0,-0.034313725490196,0.8333333333333334,0.2303370786516854
2021-11-08,1.2966339059569343,4.814293059635055,17.219999313354492,-0.03180026484423948,0.0,0.08000000000000007,5.626877431952131,-0.0170806014977028,0.011817094752258,0.7203828471182493,0.15023247151902797
2021-11-09,0.15310188776389566,4.319712116373786,17.780000686645508,-0.09574381483741234,0.0,0.009999999999999787,5.009568058135833,-0.0384615384615384,-0.0153256704980842,0.6847826086956522,0.1318181818181818
2021-11-10,0.9462262540359312,-2.995816542044416,18.729999542236328,0.9427530246825633,0.0,0.07000000000000028,3.6635616461296463,0.0116279069767441,-0.0522388059701492,0.7735849056603774,0.1365638766519823
2021-11-11,0.8407927021020001,-0.06967481072823745,17.65999984741211,0.34731586055274377,0.0,0.07000000000000028,4.184489912073446,-0.0373134328358208,-0.0121951219512195,0.7422680412371134,0.1448598130841121
2021-11-12,0.25194048720464934,-1.2300437518714347,16.290000915527344,-0.05254905527820597,0.0,0.07000000000000028,5.311924369954253,-0.0086206896551724,-0.0166666666666666,0.7755102040816326,0.2436548223350254
2021-11-15,0.25194048720464934,0.5318742860572101,16.489999771118164,-0.05254905527820597,0.0,0.029999999999999805,4.788935145020099,-0.0621335347198017,0.0036892151496613662,0.8058119658119658,0.21096415814009806
2021-11-16,-0.6720997509485294,-6.960705461252559,16.3700008392334,0.5331058483243112,0.0,-0.029999999999999805,4.721351940277501,-0.0219780219780219,-0.0260869565217391,0.8305084745762712,0.1568627450980392
2021-11-17,0.8648283108735555,0.34309649222326044,17.110000610351562,-0.09386841668721502,0.0,-0.029999999999999805,4.743888105299914,0.0078125,-0.0641025641025641,0.7961165048543689,0.149171270718232
2021-11-18,-0.46639864134911946,-5.842375040330872,17.59000015258789,-0.3030789918516241,0.0,0.029999999999999805,4.954417614098027,-0.0472972972972973,-0.0498084291187739,0.8073394495412844,0.1490384615384615
2021-11-19,-0.5279926579310867,2.0466973046305625,17.90999984741211,0.5532071700573127,0.0,-0.08000000000000007,4.790570332391644,-0.0091743119266055,-0.0283687943262411,0.8292682926829268,0.1572052401746725
2021-11-22,-0.5279926579310867,0.20524298486659376,19.170000076293945,0.5532071700573127,0.0,-0.040000000000000036,4.821866330706586,-0.019956936818424434,-0.04399009985021013,0.7263257575757577,0.2071081391136336
2021-11-23,-1.253672917798454,-1.1569492243715729,19.3799991607666,-0.010365445204563173,0.0,0.010000000000000231,4.591476858856089,-0.0064102564102564,-0.0210084033613445,0.6526315789473685,0.2074468085106383
2021-11-24,0.03363468974661998,-2.2638719964637843,18.57999992370605,0.3620740360880781,0.0,-0.010000000000000231,4.876112934435574,-0.0979591836734693,-0.0364583333333333,0.8066666666666666,0.2292993630573248
2021-11-26,0.03363468974661998,-6.6873801021282375,28.6200008392334,0.3620740360880781,0.0,-0.06000000000000005,4.059925635351641,-0.0155038759689922,-0.0470588235294117,0.7840909090909091,0.1290322580645161
2021-11-29,0.03363468974661998,5.543691307997811,22.959999084472656,0.3620740360880781,0.0,-0.009999999999999787,4.515792374836875,-0.030806830741449867,-0.04181879729191553,0.7521267766365806,0.16370890924163436
2021-11-30,-0.48933268890927195,0.6724704602481424,27.190000534057617,-0.3639566069002953,-0.009999999999999995,-0.040000000000000036,4.764223115842691,-0.0285714285714285,-0.0714285714285714,0.6777777777777778,0.2222222222222222
2021-12-01,0.4500457702866889,0.3928780734842263,31.1200008392334,0.06249238664350898,0.009999999999999995,-0.06000000000000005,4.686012573832192,-0.0119047619047619,-0.0176211453744493,0.8571428571428571,0.2608695652173913
2021-12-02,-1.180039373953523,-1.3227302108742123,27.950000762939453,0.08324925190246191,0.0,0.03000000000000025,4.504244267398131,-0.0218340611353711,-0.0419847328244274,0.781021897810219,0.2075471698113207
2021-12-03,1.202489953057917,-5.233158566534257,30.670000076293945,-0.010397406340612037,0.0,-0.040000000000000036,5.391671088281245,-0.0460992907801418,-0.048,0.8190954773869347,0.1911764705882352
2021-12-06,1.202489953057917,-7.516153535065229,27.18000030517578,-0.010397406340612037,0.0,0.009999999999999787,4.973279507552487,-0.0253330038910652,-0.0480664916885389,0.8370769691524408,0.1256737378232705
2021-12-07,0.2865076323460336,1.9572795556230815,21.88999938964844,0.08304976033670641,0.0,0.03000000000000025,4.802216138180428,-0.0541871921182266,-0.0205761316872428,0.6055045871559633,0.1764705882352941
2021-12-08,0.044870938953955886,-0.38592862213864265,19.899999618530277,-0.4993283563113238,0.0,0.04999999999999982,4.545738602218665,-0.0509554140127388,-0.0122448979591836,0.6666666666666666,0.2254901960784313
2021-12-09,-0.49466367466601824,-5.77215558084756,21.57999992370605,0.39550141194206745,0.0,-0.04999999999999982,4.085471983718502,-0.0084033613445378,-0.0837004405286343,0.7708333333333334,0.2
2021-12-10,0.4666234090445087,-0.9035819421615798,18.690000534057617,-0.22877879327269923,0.0,-0.03000000000000025,4.368561383720311,-0.0723684210526315,-0.0564516129032258,0.75,0.1959798994974874
2021-12-13,0.4666234090445087,3.1040852165878263,20.309999465942383,-0.22877879327269923,0.0,-0.040000000000000036,5.083410632656393,-0.06593134036562052,-0.05598869215890487,0.7210298452468681,0.1871877448370494
2021-12-14,-0.8940945262644107,-4.4480201539590425,21.88999938964844,0.2592152426517558,0.0,-0.029999999999999805,4.33283639048311,-0.0579710144927536,-0.031578947368421,0.6741573033707865,0.175
2021-12-15,-0.4415545712583402,4.783877809998138,19.290000915527344,-0.0621478764821326,0.0,0.020000000000000018,4.642465970731788,-0.0689655172413793,-0.0609756097560975,0.7446808510638298,0.1919191919191919
2021-12-16,1.9105998391674817,-2.550406419845963,20.56999969482422,-0.4881871168030294,0.0,0.029999999999999805,5.02486687634298,0.0,-0.0548523206751054,0.7659574468085106,0.2311827956989247
2021-12-17,0.39996015951260233,-3.118009325604021,21.56999969482422,0.550334993285162,0.0,-0.040000000000000036,4.874662829239662,-0.0256410256410256,-0.0543933054393305,0.7023809523809523,0.2712765957446808
2021-12-20,0.39996015951260233,1.3113865549582826,22.8700008392334,0.550334993285162,0.0,0.010000000000000231,4.931760422754854,-0.040445838018169235,-0.08091869710126966,0.7271072796934867,0.18749361952609636
2021-12-21,-0.32387379200198296,4.4385773189048905,21.01000022888184,-0.06216865896844226,0.0,0.04999999999999982,5.100902476306427,-0.0309278350515463,-0.0571428571428571,0.7012987012987013,0.2151162790697674
2021-12-22,0.7633384981113878,-0.6315834406489529,18.6299991607666,-0.4258157063562251,0.0,0.03000000000000025,4.8735929835010605,-0.017391304347826,-0.0248756218905472,0.7647058823529411,0.2327044025157232
2021-12-23,0.5314436655822874,4.338193932958667,17.959999084472656,-0.06247286873133362,0.0,0.0,5.144816475562275,-0.0412371134020618,-0.0358744394618834,0.7088607594936709,0.1777777777777777
2021-12-27,0.5314436655822874,-0.3856091194284872,17.68000030517578,-0.06247286873133362,0.0,0.029999999999999805,5.38541207339897,-0.015835413996658634,-0.03890222030895423,0.7070603095039186,0.18599404963657587
2021-12-28,0.11607527646839699,-6.187847855354356,17.540000915527344,0.11441117706736392,0.0,0.0,4.734793953781597,-0.0681818181818181,-0.0308370044052863,0.5925925925925926,0.1729729729729729
2021-12-29,-0.28213310498177435,-2.4336011956341608,16.950000762939453,-0.28105639375155533,0.0,0.029999999999999805,4.432957363342425,-0.0578512396694214,-0.0468085106382978,0.5797101449275363,0.0994764397905759
2021-12-30,0.42014411628219506,1.5667738713133872,17.329999923706055,0.04168933380777062,0.0,0.050000000000000266,4.88022284203973,-0.0804597701149425,-0.0981308411214953,0.734375,0.1485714285714285
2021-12-31,0.8131493091743103,-1.8649172756866506,17.219999313354492,-0.3130904798370082,-0.009999999999999995,-0.020000000000000018,4.883483508435773,-0.023076923076923,-0.0491803278688524,0.6229508196721312,0.1862745098039215
2022-01-03,0.8131493091743103,1.8336644624513454,16.600000381469727,-0.3130904798370082,0.003333333333333341,0.040000000000000036,5.060905843436122,-0.029205386840854764,-0.037401910770411835,0.7121645828763619,0.19762269747951064
2022-01-04,0.8081062124172256,-2.7205537236389077,16.90999984741211,0.05194312906988685,0.006666666666666654,-0.03000000000000025,5.257911951912998,-0.056768558951965,0.0045662100456621,0.7266187050359713,0.227027027027027
2022-01-05,0.582641985579091,-5.206628845481376,19.729999542236328,-0.10390532146082876,0.0,-0.040000000000000036,4.7102506624385985,-0.0440251572327044,-0.0695970695970696,0.8230088495575221,0.1731601731601731
2022-01-06,-1.9871699829780098,-0.9410297303588777,19.61000061035156,0.06235456222887237,0.0,-0.06999999999999984,5.460010955546024,-0.0566037735849056,-0.0881226053639846,0.7232142857142857,0.1506849315068493
2022-01-07,0.46295360824668563,-3.7847988650375086,18.76000022888184,-0.5312811516362537,0.0,0.020000000000000018,4.050218504179545,-0.0088495575221238,-0.0989010989010989,0.6590909090909091,0.131578947368421
2022-01-10,0.46295360824668563,0.6341238437732599,19.399999618530277,-0.5312811516362537,0.0,0.0,4.828207064946341,-0.0368604426458719,-0.07732122244299364,0.8381002881754326,0.14564585022697504
2022-01-11,1.116956659235857,2.1609343972214035,18.40999984741211,-0.38619651988405224,0.0,0.06000000000000005,4.350922889622548,-0.0194805194805194,-0.0564516129032258,0.6910569105691057,0.1157894736842105
2022-01-12,0.471775287160181,2.7993907251913086,17.6200008392334,-0.6505140321344527,0.0,-0.06000000000000005,4.521462436914606,-0.0234375,-0.0421940928270042,0.8315789473684211,0.1904761904761904
2022-01-13,-0.32891160891033167,-3.1375827952070168,20.309999465942383,-0.2212963477110641,0.0,-0.04999999999999982,4.04795152265239,-0.0376344086021505,-0.0355555555555555,0.8455284552845529,0.1978021978021978
2022-01-14,-0.2584024988407485,1.1859664695821337,19.190000534057617,0.4000818720991006,0.0,0.009999999999999787,4.299052551380625,-0.0158730158730158,-0.072289156626506,0.7307692307692307,0.2525252525252525
2022-01-18,-0.2584024988407485,-1.1068574183012103,22.790000915527344,0.4000818720991006,0.0,0.020000000000000018,4.343805421853684,-0.0503597122302158,-0.0855855855855855,0.6451612903225806,0.1675977653631284
2022-01-19,1.685213955594822,-1.5009910442870478,23.850000381469727,-0.23007876117349113,0.0,-0.06000000000000005,4.26619481914876,0.0,-0.1015037593984962,0.8701298701298701,0.1720930232558139
2022-01-20,-0.03255782478897018,-2.5816743095603556,25.59000015258789,0.24051852383220051,0.0,-0.06999999999999984,4.289500076996142,0.01,-0.078125,0.6388888888888888,0.2229299363057325
2022-01-21,-0.5824228438788381,-10.960468291544068,28.850000381469727,-0.10450254431679795,0.0,0.009999999999999787,4.836599316889074,0.0,-0.1118210862619808,0.6481481481481481,0.1140684410646387
2022-01-24,-0.5824228438788381,-1.2980854800490604,29.899999618530277,-0.10450254431679795,0.0,0.040000000000000036,5.007764510671235,-0.04022951539376487,-0.09197978466271146,0.7833519636336538,0.1397892258559175
2022-01-25,0.5954976611818985,2.6512693675675436,31.15999984741211,0.03126990181350209,0.0,0.03000000000000025,5.251644958349606,-0.0266666666666666,-0.136986301369863,0.7941176470588235,0.1453488372093023
2022-01-26,-1.2382674325461807,-0.2760824449564936,31.959999084472656,0.5612163244895108,0.0,-0.03000000000000025,4.9889348671169165,-0.056701030927835,-0.0625,0.8426966292134831,0.1368421052631579
2022-01-27,-2.0203808692924596,0.7733837890786077,30.489999771118164,0.7948473046866411,0.0,0.020000000000000018,5.105278584912877,-0.0168067226890756,-0.1256544502617801,0.813953488372093,0.1632653061224489
2022-01-28,-0.46951202688889637,1.724750509041506,27.65999984741211,0.010275543008742005,0.0,0.040000000000000036,4.862444596018447,-0.1491228070175438,-0.0762331838565022,0.8625,0.1584699453551912
2022-01-31,-0.46951202688889637,1.0407749015845624,24.82999992370605,0.010275543008742005,0.0,0.0,5.098076208451131,-0.010957787986478234,-0.06571068359571837,0.6747433618168263,0.1682584704795175
2022-02-01,0.29483228634132885,1.4654882835234417,21.959999084472656,-0.15549842519737567,0.0,-0.009999999999999787,4.966544072583289,-0.03125,-0.0836820083682008,0.6909090909090909,0.1758241758241758
2022-02-02,0.49313868291021024,-4.731073995912283,22.09000015258789,-0.4679433942635036,0.0,-0.020000000000000018,4.615219521841093,-0.0220588235294117,-0.1295336787564766,0.7926829268292683,0.174496644295302
2022-02-03,-0.3432787411576932,0.5441215831991641,24.350000381469727,-0.5854137447264485,0.0,-0.03000000000000025,4.538602941715978,-0.018018018018018,-0.0646551724137931,0.68,0.2319587628865979
2022-02-04,0.19946679986082572,11.062688345744753,23.21999931335449,0.10479525552558044,0.0,0.03000000000000025,5.144991346595335,-0.0069444444444444,-0.0418410041841004,0.7009345794392523,0.1372549019607843
2022-02-07,0.19946679986082572,2.530905907174663,22.86000061035156,0.10479525552558044,0.0,-0.010000000000000231,4.701116527035301,-0.03134215182407946,-0.06626344086021503,0.7960573476702509,0.18351128253861773
2022-02-08,0.32901982304389676,3.585438563697352,21.440000534057617,0.2512541759585041,0.0,0.020000000000000018,4.752037261797644,-0.0757575757575757,-0.0698689956331877,0.6206896551724138,0.2346368715083799
2022-02-09,0.46971388769456723,0.4982113681997191,19.959999084472656,-0.15696286175002072,0.0,0.0,4.4246070822090005,-0.0478723404255319,-0.0301507537688442,0.6902654867256637,0.1987577639751552
2022-02-10,0.054475134898357425,-1.7603393781389087,23.90999984741211,0.06281950342756915,0.0,0.03000000000000025,4.435330406696193,-0.0526315789473684,-0.0468085106382978,0.7446808510638298,0.201058201058201
2022-02-11,0.2502094128990606,-2.6921126055171385,27.36000061035156,0.5531494204193521,0.0,-0.020000000000000018,4.214790715297968,0.0170454545454545,-0.0530973451327433,0.6716417910447762,0.1878453038674033
2022-02-14,0.2502094128990606,-0.15332004973966917,28.32999992370605,0.5531494204193521,0.0,0.04999999999999982,4.993873372498601,-0.022852723027313365,-0.0372742847119153,0.7254878371732305,0.20317813610254978
2022-02-15,-0.7091439946204758,5.1375371256858315,25.700000762939453,-0.39509812428546454,0.0,0.0,4.695559185715772,0.0,-0.0497737556561085,0.6527777777777778,0.2485549132947976
2022-02-16,0.8268451050257752,-1.3855295049898686,24.290000915527344,-0.30257305506138366,0.0,-0.020000000000000018,4.302848136796795,-0.0909090909090909,-0.0703517587939698,0.8,0.2158273381294964
2022-02-17,1.617686277440189,-8.108233071910398,28.11000061035156,0.10444502622117824,0.0,-0.029999999999999805,4.673762977453703,0.0168067226890756,-0.1243781094527363,0.75,0.2064516129032258
2022-02-18,-0.11054540785266909,-1.2586526423760347,27.75,0.2502064053500064,0.0,-0.020000000000000018,5.1943447761650585,-0.0316455696202531,-0.075268817204301,0.580952380952381,0.1985815602836879
2022-02-22,-0.11054540785266909,-0.6687905065419386,28.809999465942383,0.2502064053500064,0.0,0.040000000000000036,5.194455727013946,-0.0063291139240506,-0.0776255707762557,0.77,0.1578947368421052
2022-02-23,0.1625023629923561,-2.618363461542117,31.020000457763672,0.16647976074093407,0.0,0.07999999999999963,4.495801648932726,-0.0052631578947368,-0.0311111111111111,0.7480314960629921,0.2011173184357542
2022-02-24,0.8293621186042266,2.7399579951550734,30.31999969482422,0.9827803088778175,0.0,0.020000000000000018,5.05420550879763,-0.0572390572390572,-0.0854700854700854,0.7722222222222223,0.1935483870967742
2022-02-25,-2.0254641338243395,2.2738450595305437,27.59000015258789,-0.5367443081482293,0.0,-0.009999999999999787,5.085062262984157,-0.0515873015873015,-0.0726256983240223,0.7337278106508875,0.145985401459854
2022-02-28,-2.0254641338243395,1.9908113961232488,30.149999618530277,-0.5367443081482293,0.0,0.08000000000000007,5.122335670300262,-0.025883475455910063,-0.054765179166573696,0.5735325348284065,0.192762274645186
2022-03-01,2.2386274771780457,10.326973342410994,33.31999969482422,0.7212112115519531,0.0,0.0,5.2367078849163455,-0.0458715596330275,-0.0634146341463414,0.647887323943662,0.2222222222222222
2022-03-02,-1.1130495531632256,-0.9753715935406859,30.739999771118164,-0.020538267164127433,0.0,0.08999999999999986,4.904385494253545,-0.0168067226890756,-0.0301204819277108,0.7340425531914894,0.168
2022-03-03,0.7003374578962607,-3.409447865241333,30.479999542236328,0.409880198033985,0.0,-0.020000000000000018,5.322131544647291,-0.0495049504950495,-0.0491803278688524,0.8529411764705882,0.2297297297297297
2022-03-04,1.574590868836534,-8.12852755652358,31.979999542236328,0.8755916249864271,0.0,-0.020000000000000018,5.389482604300128,0.0,-0.1125,0.7153284671532847,0.1984126984126984
2022-03-07,1.574590868836534,-1.3118379588856754,36.45000076293945,0.8755916249864271,0.0,0.10000000000000009,5.15502419672156,-0.0358572906287523,-0.06093742450564036,0.6484869570580236,0.17692676840387747
2022-03-08,2.2906282220362506,0.28367717103581214,35.130001068115234,-0.23191677518843434,0.0,0.1299999999999999,5.106309044164538,-0.0601503759398496,-0.0899470899470899,0.675,0.203125
2022-03-09,-2.692659011377163,8.04608330138592,32.45000076293945,-1.106438069783966,0.0,-0.06000000000000005,4.959973379294028,-0.091743119266055,-0.0304568527918781,0.5401459854014599,0.1543209876543209
2022-03-10,0.612449262362702,-6.254685680053029,30.229999542236328,0.549676573648572,0.0,0.020000000000000018,5.014162399872412,-0.0114285714285714,-0.0324324324324324,0.7288135593220338,0.1794871794871795
2022-03-11,-0.7737189270017986,-1.6425482290646443,30.75,0.6173177477546865,0.0,0.08000000000000007,5.450866765008321,-0.0280898876404494,-0.0765027322404371,0.5495495495495496,0.1764705882352941
2022-03-14,-0.7737189270017986,0.030507648886057837,31.770000457763672,0.6173177477546865,0.0,-0.009999999999999787,5.520767344062202,-0.06366031998262679,-0.05973985955010616,0.673304447355877,0.2440124571050443
2022-03-15,-1.599785965743994,1.3615187852177968,29.82999992370605,0.010096539017379058,0.0,-0.0900000000000003,5.03909316691274,-0.036144578313253,-0.0343347639484978,0.6721311475409836,0.2209302325581395
2022-03-16,-1.068692564005147,4.486546767419952,26.670000076293945,-0.6989164455433183,0.0,-0.040000000000000036,5.378329304517421,-0.0069930069930069,-0.0462962962962962,0.7619047619047619,0.1840490797546012
2022-03-17,1.7714276252213779,-0.46909168777933274,25.670000076293945,-0.3767967371965497,0.25,0.11000000000000032,4.925948485929061,-0.0353982300884955,-0.070754716981132,0.7608695652173914,0.2294117647058823
2022-03-18,-0.7182949353329526,2.0538517974936,23.8700008392334,0.22421657838629372,0.0,-0.050000000000000266,5.143241258644277,-0.028169014084507,-0.0471204188481675,0.6634615384615384,0.1893491124260355
2022-03-21,-0.7182949353329526,-0.7098271655033628,23.530000686645508,0.22421657838629372,0.0,0.040000000000000036,5.120844038078903,-0.029727130664743334,-0.028083064449408432,0.6985546958951215,0.21172125110660886
2022-03-22,-0.41046609285677604,2.0350665623587005,22.940000534057617,-0.01015496862537546,0.0,0.010000000000000231,4.9238420751266165,-0.0265486725663716,0.0297029702970297,0.6417910447761194,0.1333333333333333
2022-03-23,0.824416808200823,1.2531246090631498,23.56999969482422,0.13191101543430506,0.0,0.029999999999999805,4.758406161886949,-0.0192307692307692,-0.0143540669856459,0.6557377049180327,0.2342857142857143
2022-03-24,1.2826608725129418,2.459372596578646,21.670000076293945,0.17222856776593076,0.0,-0.020000000000000018,4.853825526471025,-0.089430894308943,-0.0271493212669683,0.675,0.1675675675675675
2022-03-25,-0.3984235085692234,0.8782716407665703,20.809999465942383,0.020239517499121007,0.0,0.03000000000000025,5.3423820977101375,-0.016260162601626,-0.027027027027027,0.7283950617283951,0.2786885245901639
2022-03-28,-0.3984235085692234,3.980799682380365,19.6299991607666,0.020239517499121007,0.0,0.0,5.728886926548365,-0.00010965814074619974,-0.0534628456888989,0.7414529914529915,0.193514787102115
2022-03-29,-1.433193903268748,2.811590695671029,18.899999618530277,-0.6987671548293939,0.0,-0.0900000000000003,5.26749726920815,-0.0055865921787709,0.0060975609756097,0.711864406779661,0.1746031746031746
2022-03-30,1.1182017436005331,-0.8527995234731023,19.32999992370605,-0.6218487878745904,0.0,0.0,4.6557682387511825,-0.0317460317460317,-0.0414746543778801,0.5533980582524272,0.2303370786516854
2022-03-31,0.808717487165822,-3.2918009542582283,20.559999465942383,0.5303394858718669,0.0,-0.020000000000000018,4.404888303817144,-0.0120481927710843,-0.0688073394495412,0.7322834645669292,0.2163742690058479
2022-04-01,-1.556269351642925,1.6183454010016973,19.6299991607666,0.3249720573492709,0.0,-0.040000000000000036,4.738739077909506,-0.0634920634920634,-0.0606060606060606,0.7702702702702703,0.2721518987341772
2022-04-04,-1.556269351642925,0.0721824196258325,18.56999969482422,0.3249720573492709,0.0,0.0,4.735701248787862,-0.0258597345145655,-0.0533128912901874,0.6558653764536118,0.21486731697369407
2022-04-05,-0.3270908031757003,-1.6525093353644493,21.030000686645508,0.4837290084944712,0.0,0.040000000000000036,4.8433205694088235,-0.016260162601626,-0.0350877192982456,0.6190476190476191,0.2146892655367231
2022-04-06,-0.234295785350902,-5.294570510057461,22.100000381469727,0.13060458340881098,0.0,-0.009999999999999787,5.125213198803691,-0.0214285714285714,-0.0818181818181818,0.8018867924528302,0.2294117647058823
2022-04-07,0.7995486299765986,0.6852924231532498,21.549999237060547,0.15049064994894223,0.0,-0.010000000000000231,5.141897447276735,-0.024793388429752,-0.062200956937799,0.6206896551724138,0.1325301204819277
2022-04-08,0.4025358538915391,-2.835397225893743,21.15999984741211,0.05011581261804565,0.0,0.050000000000000266,4.826231571097977,-0.0578512396694214,-0.0785123966942148,0.7934782608695652,0.1767955801104972
2022-04-11,0.4025358538915391,-1.8707927223925225,24.3700008392334,0.05011581261804565,0.0,0.040000000000000036,5.390106202175768,-0.019683231644676266,-0.06643787132342006,0.7509464286386408,0.2065281053437067
2022-04-12,1.4196912221042801,-3.3733486816547753,24.26000022888184,0.35960543013233703,0.0,-0.050000000000000266,4.635893358630932,-0.0310077519379844,-0.0753138075313807,0.7471264367816092,0.2446808510638297
2022-04-13,0.45028152622563766,2.5576417495491555,21.81999969482422,-0.40965603161637887,0.0,-0.06000000000000005,4.504576070752389,-0.0206896551724137,-0.0701754385964912,0.6470588235294118,0.1720430107526881
2022-04-14,-0.5111464112836472,-3.0364373354540675,22.700000762939453,0.439563592983383,0.0,0.0900000000000003,4.9578672285576,-0.0168067226890756,-0.0614035087719298,0.8028169014084507,0.2393617021276596
2022-04-18,-0.5111464112836472,-0.5710337933560794,22.170000076293945,0.439563592983383,0.0,0.029999999999999805,4.5490230253650905,-0.0288597544767156,-0.06472473734325103,0.7513898474043401,0.19041299980991422
2022-04-19,-1.38122712855413,2.88488049155351,21.3700008392334,0.1784478584785809,0.0,0.010000000000000231,5.620690678789748,-0.0166666666666666,-0.0094786729857819,0.631578947368421,0.2264150943396226
2022-04-20,-0.17399709321992418,-0.3097867846211244,20.31999969482422,-0.5661795101053357,0.0,-0.010000000000000231,4.554613462370939,0.0,-0.0794979079497908,0.7945205479452054,0.2696629213483146
2022-04-21,-0.37976152973984156,-2.068443970831879,22.68000030517578,0.18908543251452414,0.0,0.10000000000000009,4.489198009735671,-0.0277777777777777,-0.1176470588235294,0.7341772151898734,0.2372881355932203
2022-04-22,-0.7172570973407844,-1.9611085251920457,28.209999084472656,0.6342928897056233,0.0,-0.040000000000000036,5.000988917044451,-0.0194174757281553,-0.0468085106382978,0.7534246575342466,0.2163742690058479
2022-04-25,-0.7172570973407844,0.16206415544672836,27.020000457763672,0.6342928897056233,0.0,-0.06999999999999984,4.817239308220721,-0.0169230200945626,-0.08233698539522273,0.7681084347751015,0.23040419579913127
2022-04-26,0.4321976524201965,-4.3314469377842,33.52000045776367,0.5390878466330129,0.0,-0.06000000000000005,4.867995882441006,-0.019108280254777,-0.0848214285714285,0.7272727272727273,0.2325581395348837
2022-04-27,-0.8185296301079781,2.9052734994520435,31.600000381469727,0.6333701041657314,0.0,0.029999999999999805,4.239742764911457,-0.008,-0.0753968253968253,0.6704545454545454,0.25
2022-04-28,0.14835623851352508,1.348390672152533,29.989999771118164,0.6486984062242129,0.0,0.0900000000000003,4.384648195378833,-0.0510204081632653,-0.0275229357798165,0.559322033898305,0.2307692307692307
2022-04-29,1.0847972444223863,-2.970235366082896,33.400001525878906,-0.6389833497131292,0.0,-0.0900000000000003,4.83723383467686,-0.0178571428571428,-0.0845070422535211,0.7375,0.1785714285714285
2022-05-02,1.0847972444223863,-0.968310135934658,32.34000015258789,-0.6389833497131292,0.0,-0.06999999999999984,5.176563959387758,-0.061060070315411934,-0.1073251684750212,0.6883373626514192,0.1734863383128389
2022-05-03,0.37527518532813886,-1.28261772332543,29.25,-0.26060209165832404,0.0,0.020000000000000018,4.640923355693909,-0.0544747081712062,-0.0344827586206896,0.8579545454545454,0.174863387978142
2022-05-04,-0.09636752202482057,5.03126775329914,25.420000076293945,-0.8541301011444347,0.0,0.029999999999999805,4.818505796311215,-0.0658682634730539,-0.0439024390243902,0.7716535433070866,0.2077922077922078
2022-05-05,0.37423192566450325,-8.194136472907587,31.200000762939453,1.124373270774015,0.49999999999999994,0.010000000000000231,4.4764273100953655,0.0206185567010309,-0.076,0.7246376811594203,0.2040816326530612
2022-05-06,0.3834661316686194,-1.4713780107637575,30.190000534057617,-0.08678110211626233,0.0,-0.010000000000000231,5.358941988364472,0.0117647058823529,-0.0875,0.8125,0.1184834123222748
2022-05-09,0.3834661316686194,-7.9516402273382525,34.75,-0.08678110211626233,0.0,-0.10999999999999988,5.143980558288845,-0.0082932335293768,-0.08110413812305216,0.7496220491774528,0.12104703638618468
2022-05-10,-0.9304882483388788,-7.041276644222272,32.9900016784668,0.2601501139251283,0.0,-0.10000000000000009,4.910814958814044,-0.0056497175141242,-0.1048951048951049,0.7528089887640449,0.2096069868995633
2022-05-11,0.6878809072375702,-6.962706368651972,32.560001373291016,-0.06738191134783023,0.0,0.050000000000000266,4.625168872494781,-0.0449438202247191,-0.1407942238267148,0.5660377358490566,0.1991341991341991
2022-05-12,-1.5667781369351097,0.3842315640511629,31.770000457763672,0.958320716594141,0.0,-0.11000000000000032,4.974869937649514,0.0,-0.119298245614035,0.7525773195876289,0.226890756302521
2022-05-13,-0.9032901296614604,0.8069582993284641,28.8700008392334,-0.2769696828324619,0.0,0.10000000000000009,4.941642422609304,-0.0142857142857142,-0.0817843866171003,0.6363636363636364,0.1611374407582938
2022-05-16,-0.9032901296614604,3.8191476177850348,27.46999931335449,-0.2769696828324619,0.0,-0.009999999999999787,4.98697992116457,-0.03594022264621173,-0.07011259171711787,0.6292511354824416,0.27488331447901854
2022-05-17,0.2588294109600042,0.009066592781969973,26.100000381469727,-0.7998132916947398,0.0,0.029999999999999805,4.6173951556106605,-0.0310077519379844,-0.0801526717557251,0.6436781609195402,0.2325581395348837
2022-05-18,-0.12657478221989038,-5.76896230339532,30.959999084472656,0.4344235747733016,0.0,0.010000000000000231,4.583231278469338,-0.12,-0.0732600732600732,0.7428571428571429,0.2403433476394849
2022-05-19,1.3836280412999002,5.401747251089617,29.350000381469727,-1.0555429861685894,0.0,-0.13000000000000034,5.05999672363398,-0.0660377358490566,-0.0756302521008403,0.6363636363636364,0.2659574468085106
2022-05-20,0.032587437499831395,-3.742660999960279,29.43000030517578,0.4177402484633497,0.0,-0.040000000000000036,5.221004263445367,-0.0629370629370629,-0.0629921259842519,0.875,0.2590673575129533
2022-05-23,0.032587437499831395,1.4197896888246575,28.479999542236328,0.4177402484633497,0.0,0.050000000000000266,5.193771333923649,-0.023215460680916632,-0.08165747546121556,0.7490130007292479,0.22524246338559373
2022-05-24,0.9318889191803237,0.12585472344674997,29.450000762939453,-0.2157510085405434,0.0,-0.050000000000000266,4.911109574710704,0.0,-0.0364372469635627,0.7454545454545455,0.2171717171717171
2022-05-25,-1.0185211745309175,-0.31485281301595336,28.3700008392334,0.19615242660186993,0.0,0.010000000000000231,4.614030814420288,0.0352941176470588,-0.040590405904059,0.6122448979591837,0.2293577981651376
2022-05-26,0.06498122657294658,-1.0033699544871766,27.5,-0.22560775494815388,0.0,0.06000000000000005,4.887035373118308,-0.074074074074074,-0.0830188679245283,0.6704545454545454,0.1785714285714285
2022-05-27,0.2108862996304417,-2.2097889022564488,25.71999931335449,-0.15725178877730173,0.0,0.009999999999999787,4.976871663943447,0.037037037037037,-0.0635593220338983,0.65625,0.1958762886597938
2022-05-31,0.2108862996304417,5.816877058877701,26.190000534057617,-0.15725178877730173,0.0,0.010000000000000231,4.289088639014612,-0.0921052631578947,-0.0458333333333333,0.6545454545454545,0.2708333333333333
2022-06-01,0.03256091489705071,-6.474693067083415,25.690000534057617,0.7831689954414855,0.0,0.009999999999999787,5.085495364305698,-0.0099009900990099,-0.0749063670411985,0.6352941176470588,0.2432432432432432
2022-06-02,1.2507549362994475,2.2182633910983185,24.71999931335449,-0.7635182058773005,0.0,0.010000000000000231,4.970715670095012,-0.0662650602409638,-0.0566801619433198,0.6736842105263158,0.2248803827751196
2022-06-03,-1.1368949980496978,-2.536528971019081,24.790000915527344,0.3629083025514568,0.0,0.08000000000000007,5.098951375144823,0.0155038759689922,-0.1153846153846153,0.7578947368421053,0.3045977011494253
2022-06-06,-1.1368949980496978,2.2163134178763144,25.06999969482422,0.3629083025514568,0.0,0.019999999999999574,4.776093697829676,-0.007936786346973502,-0.08342869955418104,0.7721549372613202,0.23776244374158606
2022-06-07,0.45027059219524546,2.55321035173246,24.020000457763672,-0.11721308758474436,0.0,-0.029999999999999805,5.121878472912238,-0.0695652173913043,-0.0502092050209205,0.7027027027027027,0.1479591836734693
2022-06-08,0.23787784288540337,-3.067294698343126,23.959999084472656,0.21478209960195116,0.0,0.020000000000000018,4.701661486176852,-0.0116279069767441,-0.0678733031674208,0.5833333333333334,0.2386363636363636
2022-06-09,-0.16753458803275834,-0.33934595457960626,26.09000015258789,0.6609669262763518,0.0,0.0,4.719480532165502,-0.0229007633587786,-0.1063829787234042,0.6138613861386139,0.2818791946308724
2022-06-10,1.2203441973600349,-3.4742219237799077,27.75,0.8969537810954442,0.0,0.009999999999999787,4.539564428890097,-0.0425531914893617,-0.0256410256410256,0.6666666666666666,0.2473118279569892
2022-06-13,1.2203441973600349,-11.70865611670493,34.02000045776367,0.8969537810954442,0.0,-0.019999999999999574,4.604670060946409,-0.0851573556150532,-0.11922990489616132,0.7429803074964365,0.16239494085698294
2022-06-14,-1.0171909010297853,-15.269668647979984,32.689998626708984,0.4178494353134887,0.0,-0.14000000000000012,4.792645108022841,-0.1228070175438596,-0.1164179104477611,0.6619718309859155,0.1272727272727272
2022-06-15,0.3200206190689947,1.6349175083862022,29.6200008392334,-0.3417441909967067,0.0,0.10000000000000009,4.947482479090987,-0.0886699507389162,-0.1442622950819672,0.7664233576642335,0.2091254752851711
2022-06-16,1.660781266368705,-10.211240133010335,32.95000076293945,-1.4656197993455855,0.7500000000000001,-0.08000000000000007,5.244600084042049,-0.0514285714285714,-0.0856164383561643,0.6842105263157895,0.2362869198312236
2022-06-17,-0.5487192637812832,0.439781088256197,31.1299991607666,1.0272252036461538,0.0,-0.040000000000000036,4.6848128136402885,-0.0229885057471264,-0.0804597701149425,0.7078651685393258,0.1936936936936936
2022-06-21,-0.5487192637812832,3.207643451033526,30.190000534057617,1.0272252036461538,0.0,0.029999999999999805,4.94242782838314,0.0064516129032258,-0.0434782608695652,0.7070707070707071,0.2864864864864865
2022-06-22,-0.01634968281960525,-3.556200532463194,28.950000762939453,-0.23006671753256214,0.0,-0.06999999999999984,4.574401652316455,-0.05,-0.0727969348659003,0.6296296296296297,0.1862745098039215
2022-06-23,-0.46995155652060916,5.35199496525518,29.049999237060547,0.2204893381994033,0.0,-0.040000000000000036,4.574298522321004,-0.0427350427350427,-0.0836653386454183,0.6842105263157895,0.296875
2022-06-24,0.043811886075140194,0.6889809613761955,27.229999542236328,-0.23008145574143768,0.0,0.06000000000000005,4.717248089393442,-0.024390243902439,-0.056338028169014,0.7875,0.2426035502958579
2022-06-27,0.043811886075140194,-0.6771562591456615,26.950000762939453,-0.23008145574143768,0.0,-0.010000000000000231,5.0591502881347274,-0.021584301832515737,-0.062313113787864895,0.6305324015604389,0.23766739045819715
2022-06-28,-0.18689673378133875,-3.9055246369432695,28.36000061035156,0.5468947977946392,0.0,-0.06999999999999984,4.8672267108008995,-0.0301204819277108,-0.0210970464135021,0.828125,0.2222222222222222
2022-06-29,-0.20929997061278627,-0.8746512259888206,28.15999984741211,0.5724645595198474,0.0,-0.1200000000000001,4.907716240088415,-0.0337078651685393,-0.0877862595419847,0.7384615384615385,0.3302325581395349
2022-06-30,-0.5307091775333284,-1.6009711756280964,28.709999084472656,-0.4003800990449946,0.0,-0.029999999999999805,5.064934067503635,-0.0256410256410256,-0.131578947368421,0.6974789915966386,0.2698412698412698
2022-07-01,-0.28864583859107285,-2.6393611667963057,26.700000762939453,0.428916393456813,0.0,0.009999999999999787,5.1802655447719,0.0,-0.1037344398340249,0.7,0.1928934010152284
2022-07-05,-0.28864583859107285,3.016380495688864,27.540000915527344,0.428916393456813,0.0,-0.040000000000000036,4.7586635069452,-0.0416666666666666,-0.1141552511415525,0.7073170731707317,0.2372881355932203
2022-07-06,-1.5386252486003116,1.7582449257883326,26.729999542236328,0.5617978056987383,0.0,-0.009999999999999787,4.5165575276314875,-0.0352112676056338,-0.0909090909090909,0.7129629629629629,0.2378378378378378
2022-07-07,0.1727712914113333,5.165639338861894,26.07999992370605,0.028006143015701923,0.0,0.040000000000000036,4.539777967221039,-0.0854271356783919,-0.0572687224669603,0.5419847328244275,0.2044198895027624
2022-07-08,0.1552365510466558,0.43132227124225153,24.63999938964844,-0.11207166348095043,0.0,0.040000000000000036,4.647558952479878,0.0288461538461538,-0.0857142857142857,0.7317073170731707,0.21875
2022-07-11,0.1552365510466558,-4.342028618069627,26.170000076293945,-0.11207166348095043,0.0,-0.050000000000000266,5.14510791029753,-0.03318338581496474,-0.07936183466394024,0.671962519013601,0.23951908544285258
2022-07-12,-0.3880322870210229,-7.398151949196219,27.290000915527344,0.04627984034213384,0.0,0.0,4.841585279495541,-0.0765765765765765,-0.0683760683760683,0.7664233576642335,0.3138297872340425
2022-07-13,0.6305098165451106,4.49367599448216,26.81999969482422,-0.10183828216447921,0.0,-0.009999999999999787,3.9668899068689862,-0.0509554140127388,-0.0935251798561151,0.7378640776699029,0.3333333333333333
2022-07-14,-1.7274371209107464,1.7549651263241373,26.399999618530277,0.5357997400631476,0.0,0.029999999999999805,5.31335375137415,-0.0847457627118644,-0.088235294117647,0.6339285714285714,0.2955974842767295
2022-07-15,-0.12327780896654872,1.2868197042893215,24.229999542236328,-0.4432171247331418,0.0,0.020000000000000018,5.350767491548956,-0.0670391061452514,-0.0518134715025906,0.6821705426356589,0.2866666666666667
2022-07-18,-0.12327780896654872,3.066243355367604,25.299999237060547,-0.4432171247331418,0.0,0.010000000000000231,5.287526015469816,-0.02529528504914727,-0.0493707793949145,0.7222406853513533,0.2528538172959076
2022-07-19,0.046797429465961216,8.49239232620942,24.5,-0.6447136852099966,0.0,0.020000000000000018,5.177166164983887,-0.0153846153846153,-0.0775862068965517,0.7481481481481481,0.2189054726368159
2022-07-20,-0.6159280360534147,-0.6765243636369433,23.8799991607666,0.37425335775482793,0.0,-0.010000000000000231,4.730303916744857,-0.00625,-0.0960698689956331,0.7281553398058253,0.1878172588832487
2022-07-21,0.7736953992707463,-0.28926217700480095,23.11000061035156,-0.15888424724863626,0.0,-0.04999999999999982,4.888542986851774,-0.0218579234972677,-0.1106382978723404,0.6503496503496503,0.2163742690058479
2022-07-22,0.8372643085124309,-1.9601945764883055,23.030000686645508,-0.168508090109043,0.0,0.009999999999999787,4.933178129911438,0.0057803468208092,-0.0633484162895927,0.6933333333333334,0.1988950276243093
2022-07-25,0.8372643085124309,-2.539258967984992,23.36000061035156,-0.168508090109043,0.0,0.020000000000000018,4.967913347661751,0.002287150649468999,-0.0670858161500706,0.7411186696900982,0.20782330065567056
2022-07-26,-0.07565681663264101,-4.175735373595479,24.690000534057617,0.6645777866585156,0.0,0.0,4.550502784645783,0.0163934426229508,-0.1194690265486725,0.6947368421052632,0.2259887005649717
2022-07-27,0.08147256292714289,7.659542154936183,23.239999771118164,-0.692762080883913,0.0,0.06000000000000005,5.2039517405123155,-0.0119047619047619,-0.097165991902834,0.5526315789473685,0.2524271844660194
2022-07-28,1.7986345847998741,3.9057830892014422,22.32999992370605,-0.09398353724892061,0.75,0.06000000000000005,4.709530201312334,-0.0387096774193548,-0.0915750915750915,0.6792452830188679,0.1946902654867256
2022-07-29,0.7172964446712449,-0.16476446914399645,21.32999992370605,-0.4240260282498909,-0.010000000000000231,0.04999999999999982,4.869302117979612,-0.0393700787401574,-0.1264822134387351,0.7669902912621359,0.2392344497607655
2022-08-01,0.7172964446712449,-1.5616833389813678,22.84000015258789,-0.4240260282498909,0.0033333333333334103,-0.020000000000000018,4.675566516609822,-0.029228546764617766,-0.05548780487804877,0.8074795574795575,0.2241151249771939
2022-08-02,0.11863935181128937,-1.972104792687901,23.93000030517578,0.7463787636078578,0.006666666666666821,-0.029999999999999805,4.571199666416938,0.0229885057471264,-0.0440528634361233,0.7794117647058824,0.2203389830508474
2022-08-03,-0.7424009432775769,-0.5744061707542159,21.950000762939453,0.2538231891160869,0.0,0.020000000000000018,4.750914200040797,-0.0373831775700934,-0.0634920634920634,0.6712328767123288,0.2207792207792207
2022-08-04,1.7200480453950284,-0.9479525568520941,21.440000534057617,-0.7728593390747385,0.0,-0.040000000000000036,4.362206507224575,0.0094339622641509,-0.0666666666666666,0.6867469879518072,0.2191780821917808
2022-08-05,-0.8760642024044252,2.867589908816015,21.149999618530277,0.8760833034146209,0.0,0.0,4.676839472678451,0.0,-0.0669642857142857,0.7721518987341772,0.1952662721893491
2022-08-08,-0.8760642024044252,0.11259610821880983,21.290000915527344,0.8760833034146209,0.0,0.020000000000000018,5.4240979658954265,-0.049215686274509805,-0.0682644705561567,0.678835125500295,0.16668471164130524
2022-08-09,0.40214258136428427,-0.6507516316993645,21.770000457763672,-0.06578609618177467,0.0,-0.009999999999999787,5.242011530336942,-0.072072072072072,-0.0241545893719806,0.6666666666666666,0.1058823529411764
2022-08-10,0.08914506924311283,3.3256795053882016,19.739999771118164,-1.1060336790090552,0.0,-0.040000000000000036,4.4343818650078095,-0.0347826086956521,-0.0539215686274509,0.7777777777777778,0.2011494252873563
2022-08-11,-0.3291233570664964,0.041276206736817755,20.200000762939453,-0.10461802643630946,0.0,0.040000000000000036,4.598749618185169,-0.0305343511450381,-0.075098814229249,0.6883116883116883,0.1792452830188679
2022-08-12,0.4960590165981493,1.8415982056897207,19.530000686645508,0.5125304803016206,0.0,0.0,3.882594194737334,0.0,-0.0805084745762711,0.8275862068965517,0.1785714285714285
2022-08-15,0.4960590165981493,-0.449152244562967,19.950000762939453,0.5125304803016206,0.0,-0.03000000000000025,4.76743074877873,-0.013401064344460534,-0.04771295955506477,0.6974300433204542,0.1929969635063243
2022-08-16,-0.46137893685846976,-1.7028015961432885,19.690000534057617,-0.046940203670153835,0.0,0.0,4.643813809580296,-0.0272727272727272,-0.0892018779342723,0.7638888888888888,0.2710843373493976
2022-08-17,-0.7301519543720048,-2.3181944883864603,19.899999618530277,0.06570582197662489,0.0,0.020000000000000018,4.327702435943282,-0.0505050505050505,-0.0398230088495575,0.6857142857142857,0.2157894736842105
2022-08-18,-0.2844466510612875,-0.5295957030778453,19.559999465942383,0.8502771611143878,0.0,0.06000000000000005,4.5290447955986,-0.059171597633136,-0.1059907834101382,0.6578947368421053,0.2571428571428571
2022-08-19,-0.43964061726082804,-10.602664190168731,20.600000381469727,0.6399231734243394,0.0,0.029999999999999805,4.589955020181611,0.0112994350282485,-0.0577777777777777,0.6521739130434783,0.1516853932584269
2022-08-22,-0.43964061726082804,2.3143326215087967,23.799999237060547,0.6399231734243394,0.0,0.020000000000000018,4.8095249958501185,-0.0051321078718339,-0.07082932127180937,0.7847511079147877,0.15855654783231526
2022-08-23,0.7354692223818127,0.7540619883171118,24.11000061035156,-0.395094273972596,0.0,0.010000000000000231,4.535927283245931,-0.0227272727272727,-0.092511013215859,0.8333333333333334,0.174863387978142
2022-08-24,0.05723115660449807,-0.6200333278529868,22.81999969482422,0.05522094733159122,0.0,0.040000000000000036,4.922095476909513,0.0099009900990099,-0.1229050279329608,0.6575342465753424,0.2237762237762237
2022-08-25,0.5648226308946569,0.9577016652956516,21.780000686645508,-0.19341390602107822,0.0,-0.020000000000000018,4.195245147157833,-0.0816326530612244,-0.109090909090909,0.7671232876712328,0.2136752136752136
2022-08-26,-1.236490425398351,-6.408571655966355,25.559999465942383,0.30377141651287687,0.0,-0.03000000000000025,4.803036954117508,-0.0168067226890756,-0.0769230769230769,0.7701149425287356,0.1942446043165467
2022-08-29,-1.236490425398351,-1.3641670419273666,26.209999084472656,0.30377141651287687,0.0,0.010000000000000231,4.708238075586034,-0.0372085003663951,-0.09010197892141636,0.7108363521080139,0.19031050027994198
2022-08-30,-0.7746165501607116,-0.9487049855492202,26.209999084472656,-0.06433500252418511,0.0,-0.03000000000000025,4.421607859758004,-0.0341880341880341,-0.0597014925373134,0.6867469879518072,0.2071005917159763
2022-08-31,-0.6053512283144435,1.2696624168793136,25.8700008392334,-0.06437641909649017,0.0,-0.06999999999999984,4.839926052630467,-0.0555555555555555,-0.0625,0.7714285714285715,0.186335403726708
2022-09-01,-0.9503252799611062,0.3851817363536014,25.559999465942383,0.9066461628455258,0.0,-0.029999999999999805,4.329811863225142,-0.0551724137931034,-0.0452488687782805,0.6629213483146067,0.1955307262569832
2022-09-02,0.7750199166291161,-0.78494796911599,25.46999931335449,-0.14597544898355963,0.0,0.020000000000000018,4.177919485808005,-0.032258064516129,-0.0245098039215686,0.7746478873239436,0.2302631578947368
2022-09-06,0.7750199166291161,-5.370768607902221,26.90999984741211,-0.14597544898355963,0.0,0.009999999999999787,4.51688527112052,-0.0126582278481012,-0.0352941176470588,0.7575757575757576,0.1121495327102803
2022-09-07,0.8724489039539485,2.3745153749135994,24.63999938964844,-0.33629002770174665,0.0,-0.029999999999999805,4.473465694990663,-0.0706521739130434,-0.150197628458498,0.7226890756302521,0.1625615763546798
2022-09-08,-0.42649255334934466,0.20460703035372063,23.61000061035156,-0.11842156348933486,0.0,-0.040000000000000036,3.8632528410587166,0.0,-0.0958904109589041,0.8473282442748091,0.1751412429378531
2022-09-09,0.47894205732026407,10.086009766789061,22.790000915527344,-0.6492630255279686,0.0,0.009999999999999787,4.19010918420648,-0.0261780104712041,-0.0342205323193916,0.8979591836734694,0.1935483870967742
2022-09-12,0.47894205732026407,2.580536170124148,23.8700008392334,-0.6492630255279686,0.0,0.0,4.812455321367843,-0.009764309764309734,-0.05849172730893156,0.7574827574827575,0.16864669918733335
2022-09-13,-1.345741421463753,-7.785650637655728,27.270000457763672,1.3660518211814576,0.0,0.020000000000000018,4.557554332046428,-0.0097087378640776,-0.10727969348659,0.7752808988764045,0.2453703703703703
2022-09-14,-0.4997805493332841,-0.27439686753734094,26.15999984741211,-0.14579557008271848,0.0,0.020000000000000018,4.759863575664572,0.0147058823529411,-0.0372340425531914,0.6583333333333333,0.1824324324324324
2022-09-15,-1.8501955762986633,-2.7034586241262204,26.270000457763672,0.07292087935137914,0.0,-0.029999999999999805,4.775587838279222,-0.0862068965517241,-0.0880829015544041,0.6339285714285714,0.1585365853658536
2022-09-16,0.37756940386222126,0.36162281734331003,26.299999237060547,0.01822712757757472,0.0,-0.050000000000000266,4.814620410170298,-0.1042944785276073,-0.0765550239234449,0.6842105263157895,0.1840490797546012
2022-09-19,0.37756940386222126,-0.3826421353636533,25.76000022888184,0.01822712757757472,0.0,-0.040000000000000036,4.676684320862088,-0.0489417989417989,-0.04447004333460867,0.7205488287629899,0.17353873629433045
2022-09-20,-0.39087215289050903,-4.17954575023014,27.15999984741211,0.4364467365699731,0.0,0.06000000000000005,4.3644989178056655,-0.1017964071856287,-0.095,0.6842105263157895,0.1746987951807229
2022-09-21,0.2948005938547382,-1.834481351522399,27.989999771118164,0.38033023097083785,0.0,-0.020000000000000018,4.2609883062968255,-0.0652173913043478,-0.08130081300813,0.71875,0.2060301507537688
2022-09-22,0.3717743202048318,4.564167754912951,27.350000381469727,0.6396698159980119,0.75,0.03000000000000025,4.935911747900319,-0.0340136054421768,-0.0263157894736842,0.7543859649122807,0.203125
2022-09-23,-1.5379814777475964,-0.5988576296712012,29.920000076293945,1.6389464213498073,0.0,-0.040000000000000036,4.896869179797807,-0.0384615384615384,-0.0720338983050847,0.7441860465116279,0.2261306532663316
2022-09-26,-1.5379814777475964,-1.6214489926246856,32.2599983215332,1.6389464213498073,0.0,-0.050000000000000266,4.695285075430352,-0.0593548948588965,-0.07736831761006287,0.724100868610282,0.19602997683790546
2022-09-27,0.20922483593892593,0.6472125166956388,32.599998474121094,0.008765730053017506,0.0,0.010000000000000231,5.272896989201126,-0.0378787878787878,-0.0675675675675675,0.7551020408163265,0.2108108108108108
2022-09-28,2.050515912687434,1.6409099157190354,30.18000030517578,-1.3321198641120802,0.0,0.0,5.048508946524337,0.0272727272727272,-0.095505617977528,0.6829268292682927,0.2866666666666667
2022-09-29,-0.11449724954992746,0.7504185755092152,31.84000015258789,-0.31131755319036003,0.0,-0.14000000000000012,4.533888983983128,-0.0654761904761904,-0.0539419087136929,0.7355371900826446,0.2879581151832461
2022-09-30,0.23487766438892166,-0.7243323491751497,31.6200008392334,-0.11587758289692829,0.0,-0.040000000000000036,5.261860829537421,-0.0229007633587786,-0.0788381742738589,0.7934782608695652,0.2903225806451613
2022-10-03,0.23487766438892166,-0.5428240827479058,30.100000381469727,-0.11587758289692829,0.0,0.0900000000000003,5.2007596629532316,-0.0311366821662033,-0.06719048058617666,0.729096829096829,0.19194731155395658
2022-10-04,1.6520558026137167,5.09521083947746,29.06999969482422,-1.5147709230938666,0.0,0.0,5.002535915839606,-0.0944881889763779,-0.0694444444444444,0.6263736263736264,0.1964285714285714
2022-10-05,-0.5651843841280701,-0.8698206075026249,28.549999237060547,0.9044106168690114,0.0,-0.020000000000000018,5.032005319832448,-0.0124223602484472,-0.0465116279069767,0.78125,0.2159090909090909
2022-10-06,0.017523692601439933,-1.0234041758595325,30.520000457763672,1.0656998111934435,0.0,0.0,5.129721184372558,-0.0227272727272727,-0.0761904761904762,0.6630434782608695,0.2469879518072289
2022-10-07,-0.6564674728268827,-2.068782806747471,31.36000061035156,0.479873757518412,0.0,0.04999999999999982,4.940355881083839,-0.0404040404040404,-0.0663265306122449,0.775,0.1543209876543209
2022-10-10,-0.6564674728268827,-1.0906193461602598,32.45000076293945,0.479873757518412,0.0,0.04999999999999982,4.91834942533839,-0.029354431831212,-0.09770539378431391,0.7795963790072196,0.25525095858781616
2022-10-11,0.6814074389340341,-1.476640182621125,33.630001068115234,0.0706854869853224,0.0,0.04999999999999982,5.048894006213346,-0.0428571428571428,-0.0412844036697247,0.8266666666666667,0.1837837837837838
2022-10-12,-0.5016375012451668,0.5549896374471786,33.56999969482422,0.08828328790659867,0.0,-0.020000000000000018,5.230306155931493,-0.0437158469945355,-0.0426540284360189,0.7063492063492064,0.1954022988505747
2022-10-13,-0.017965381824769366,1.1700026522296625,31.940000534057617,-0.8507664601121512,0.0,0.04999999999999982,5.1300170511163365,-0.0680272108843537,-0.0446096654275092,0.5913978494623656,0.2589285714285714
2022-10-14,-1.7091365852745177,-1.0228526229370871,32.02000045776367,0.8419396178068972,0.0,0.07000000000000028,5.198110216131005,-0.0217391304347826,-0.0576923076923076,0.6060606060606061,0.2727272727272727
2022-10-17,-1.7091365852745177,0.5708742393567334,31.3700008392334,0.8419396178068972,0.0,0.040000000000000036,5.029020795739675,-0.013185159643375868,-0.04471630094119353,0.6014594007141748,0.20935752078609218
2022-10-18,-0.4839694866963562,0.2015049199796337,30.5,0.08029294148261812,0.0,-0.040000000000000036,4.295242504588991,-0.0458015267175572,-0.0821256038647343,0.5405405405405406,0.2155688622754491
2022-10-19,-1.3123948476875036,-1.013062189594116,30.76000022888184,0.7551953631584674,0.0,0.009999999999999787,4.257879641930999,-0.0133928571428571,-0.1030927835051546,0.689873417721519,0.1509433962264151
2022-10-20,0.20256268035838687,-0.44926791591297643,29.979999542236328,-0.08855583970674985,0.0,0.08999999999999986,4.36118596880203,-0.0157068062827225,-0.0606060606060606,0.7131782945736435,0.1524390243902439
2022-10-21,1.2310443033820562,0.6211910653393105,29.690000534057617,-0.7737111117251949,0.0,0.010000000000000231,4.676001366748682,0.0064935064935064,-0.041860465116279,0.6697247706422018,0.1739130434782608
2022-10-24,1.2310443033820562,1.0435459615754539,29.850000381469727,-0.7737111117251949,0.0,0.06999999999999984,4.8433205694088235,0.003018001581219966,-0.07038736439194616,0.7712315415192578,0.1949822540557772
2022-10-25,0.24837799570480712,3.6602905077065984,28.459999084472656,-0.9329940646513712,0.0,-0.08000000000000007,4.653484046266642,-0.0666666666666666,-0.0663507109004739,0.7684210526315789,0.1584699453551912
2022-10-26,0.6753493473110161,3.3017194358947677,27.280000686645508,-1.1330282410837889,0.0,-0.06999999999999984,4.440413460373609,-0.0566037735849056,-0.0142180094786729,0.6578947368421053,0.1629213483146067
2022-10-27,-0.19851715705820894,-2.36079843216217,27.38999938964844,0.8080296510916796,0.0,0.010000000000000231,5.0158881403777045,-0.0114942528735632,-0.0524193548387096,0.7384615384615385,0.1909547738693467
2022-10-28,-1.278687607064466,1.5142492579418132,25.75,0.0723147758539433,0.0,0.05999999999999961,5.319540552999562,-0.0185185185185185,-0.0413223140495867,0.7590361445783133,0.1948717948717948
2022-10-31,-1.278687607064466,0.26475568197366073,25.8799991607666,0.0723147758539433,0.0,0.010000000000000231,4.796176146174411,-0.024152672341078135,-0.03460517760143406,0.7517169299347518,0.24824474595416998
2022-11-01,0.554725767541342,-0.8006695754790627,25.809999465942383,-0.044836933520375766,0.0,-0.010000000000000231,4.847959489549136,-0.0948275862068965,-0.0288461538461538,0.6703296703296703,0.2982456140350877
2022-11-02,0.042541173173926694,-1.603042401585597,25.86000061035156,-0.11668527262473916,0.0,0.020000000000000018,4.58700621536042,-0.032258064516129,-0.0805687203791469,0.7126436781609196,0.2339181286549707
2022-11-03,-1.1243566259036442,0.2501116490787325,25.299999237060547,1.408978043799447,0.75,-0.1299999999999999,4.946843161008476,0.027027027027027,-0.0485436893203883,0.6865671641791045,0.2254335260115607
2022-11-04,2.7397283330208744,4.533199824767209,24.549999237060547,-1.8319649767091661,0.0,0.08000000000000007,4.804594650681708,0.010204081632653,-0.055793991416309,0.6266666666666667,0.2279792746113989
2022-11-07,2.7397283330208744,-0.9975193743679611,24.350000381469727,-1.8319649767091661,0.0,0.04999999999999982,4.96177179390447,-0.0098257263416689,-0.06906428754375474,0.7534846556286908,0.20364706472683905
2022-11-08,2.101238604477107,-12.15346176813501,25.540000915527344,-0.45508405426719634,0.0,-0.029999999999999805,4.817050545023591,0.0442477876106194,-0.1271186440677966,0.5494505494505495,0.2102564102564102
2022-11-09,-0.11688389084403283,-15.488954817014822,26.09000015258789,0.8448070235228755,0.0,-0.08000000000000007,4.987707789452551,-0.0414746543778801,-0.1790393013100436,0.73125,0.154696132596685
2022-11-10,2.3235395651179047,10.203740901128455,23.530000686645508,-2.13941597857783,0.0,-0.029999999999999805,4.7839019739314885,-0.0163934426229508,-0.1266375545851528,0.8260869565217391,0.2192513368983957
2022-11-11,0.8929872470112343,-3.191845360130152,22.520000457763672,-1.7902558963927895,0.0,-0.029999999999999805,5.214827056049011,-0.0559440559440559,-0.0794979079497908,0.7777777777777778,0.2781065088757396
2022-11-14,0.8929872470112343,-2.6413372221075093,23.729999542236328,-1.7902558963927895,0.0,-0.029999999999999805,5.366723399212097,-0.048037041275721636,-0.09458481204866072,0.747799857473403,0.26838497267521166
2022-11-15,0.011279993292134805,1.7587577073109983,24.540000915527344,-0.2440648258366096,0.0,-0.020000000000000018,4.554823811551353,-0.0297872340425531,-0.0547263681592039,0.717391304347826,0.173076923076923
2022-11-16,-0.04511383955572157,-1.2825680370736947,24.11000061035156,-0.1128481842625817,0.0,-0.06000000000000005,4.680555912893981,-0.0404040404040404,-0.1146788990825688,0.626984126984127,0.2832369942196532
2022-11-17,-0.690474813130848,0.10839194206493374,23.93000030517578,0.3850346680662753,0.0,-0.010000000000000231,4.5132741712835545,-0.0205479452054794,-0.0913461538461538,0.7456140350877193,0.2331288343558282
2022-11-18,-0.5067351765360328,0.0614627845701321,23.1200008392334,0.224696153599524,0.0,-0.029999999999999805,4.893277168152952,0.0,-0.1117021276595744,0.7850467289719626,0.2993197278911564
2022-11-21,-0.5067351765360328,-2.6348941697568407,22.36000061035156,0.224696153599524,0.0,0.06000000000000005,5.092440550132545,-0.036470936269893034,-0.09596613538960543,0.7595593617332748,0.24500193770688763
2022-11-22,0.0517895339190666,-0.45471433438546427,21.290000915527344,-0.5765803420842985,0.0,0.009999999999999787,4.832385436672355,-0.06875,-0.084070796460177,0.717948717948718,0.217391304347826
2022-11-23,0.3789609178774356,2.5667956985737206,20.350000381469727,-1.068926608579801,0.0,0.0,5.211560502621754,0.0147058823529411,-0.087719298245614,0.7450980392156863,0.1888888888888888
2022-11-25,0.3789609178774356,-0.498837489510251,20.5,-1.068926608579801,0.0,0.0,5.243121731080087,0.0,-0.0580357142857142,0.7076923076923077,0.1952662721893491
2022-11-28,0.3789609178774356,-0.8902421875806255,22.209999084472656,-1.068926608579801,0.0,-0.06000000000000005,5.066133070581678,-0.018665293225387767,-0.07276072615168357,0.7378597809013878,0.21424816064158048
2022-11-29,0.47585291615508396,0.42395818189771006,21.88999938964844,0.13114698802292324,0.0,-0.009999999999999787,4.505570820765336,-0.0225563909774436,-0.0526315789473684,0.6435643564356436,0.2781065088757396
2022-11-30,-0.13736405532718265,4.305976658394428,20.57999992370605,-0.8177916144155084,0.0,0.08999999999999986,4.498697941477575,-0.0263157894736842,-0.1111111111111111,0.7804878048780488,0.2544378698224852
2022-12-01,3.1070118388379697,-1.1802068595368809,19.84000015258789,-1.1581614072280644,0.0,0.020000000000000018,5.176771008468541,-0.0747126436781609,-0.0869565217391304,0.6666666666666666,0.3503649635036496
2022-12-02,-0.28912731689034743,0.7136986045805926,19.059999465942383,-0.17201867741727384,0.0,0.07000000000000028,3.871825815676733,0.0476190476190476,-0.0976744186046511,0.7321428571428571,0.3214285714285714
2022-12-05,-0.28912731689034743,-0.49361227003679176,20.75,-0.17201867741727384,0.0,-0.040000000000000036,5.314026660253217,-0.034150639564913536,-0.064779963422156,0.7702073232912464,0.20277777777777772
2022-12-06,0.10744618189315602,0.49854963296027677,22.170000076293945,0.275052017432742,0.0,-0.08000000000000007,4.66041566021407,-0.0342465753424657,-0.0854271356783919,0.6666666666666666,0.1736111111111111
2022-12-07,0.9114472318120903,-1.4224977832437702,22.68000030517578,-0.45567133737360876,0.0,-0.050000000000000266,5.019727170774474,-0.027027027027027,-0.0824742268041237,0.691358024691358,0.2040816326530612
2022-12-08,0.17905836665894626,2.261420008103876,22.290000915527344,-0.314482404066041,0.0,0.020000000000000018,4.404399485525607,-0.0078740157480314,-0.0565217391304347,0.8352941176470589,0.2228915662650602
2022-12-09,0.5241466558799424,-0.583837050588798,22.82999992370605,0.03817245645558742,0.0,-0.020000000000000018,4.738914056037687,-0.0520833333333333,-0.0602409638554216,0.7090909090909091,0.2083333333333333
2022-12-12,0.5241466558799424,0.07759412722094794,25.0,0.03817245645558742,0.0,0.020000000000000018,5.018956135235598,-0.0058710211869958005,-0.06971801510808597,0.7620378445759598,0.2396421852813991
2022-12-13,1.8585013105521853,3.6357114368120946,22.549999237060547,-1.0999048222175567,0.0,-0.03999999999999959,4.806885789888681,-0.0313901345291479,-0.0680628272251308,0.6506024096385542,0.2468354430379747
2022-12-14,-0.3534561790434765,0.1928930642170812,21.13999938964844,-0.20217259725496817,0.0,-0.050000000000000266,4.794963757620747,-0.06,-0.0987654320987654,0.4968152866242038,0.2440944881889764
2022-12-15,-1.690561044591643,-2.5628381021023827,22.82999992370605,0.7584166699198036,0.5,-0.029999999999999805,4.74449725120919,-0.0437956204379562,-0.0597826086956521,0.75,0.1857142857142857
2022-12-16,0.7176555247797367,-4.218980898150093,22.6200008392334,0.13380427622182722,0.0,-0.03000000000000025,4.5958266709849385,-0.0227272727272727,-0.1147540983606557,0.8059701492537313,0.2014388489208633
2022-12-19,0.7176555247797367,0.10065507555214737,22.420000076293945,0.13380427622182722,0.0,0.020000000000000018,4.518704114837658,-0.013328776486671167,-0.0861661446859381,0.7001012518409425,0.2442767036884684
2022-12-20,1.5651375902693054,1.442094361363111,21.479999542236328,-0.7187725527677102,0.0,0.0900000000000003,4.288265254859407,-0.0054347826086956,-0.1,0.6888888888888889,0.2828947368421052
2022-12-21,0.0,-0.5264509420177532,20.06999969482422,0.18258058879627725,0.0,0.029999999999999805,4.994709143545997,0.0056497175141242,-0.0948275862068965,0.6287878787878788,0.2369942196531791
2022-12-22,-1.6042989850930667,0.07612154110798741,21.96999931335449,0.2588779794998608,0.0,-0.08000000000000007,4.591983624183916,-0.0318471337579617,-0.0755813953488372,0.6923076923076923,0.2834645669291338
2022-12-23,0.496806645959591,-0.19858084288220113,20.8700008392334,-0.11497821311721168,0.0,0.010000000000000231,4.432482078162375,-0.0340425531914893,-0.05,0.5833333333333334,0.2573529411764705
2022-12-27,0.496806645959591,-0.9091379296577884,21.649999618530277,-0.11497821311721168,0.0,0.05999999999999961,4.2431955089544555,-0.0104166666666666,-0.051063829787234,0.5686274509803921,0.2290502793296089
2022-12-28,-0.38093315032527997,-0.9895050300251285,22.13999938964844,0.2684038997412763,0.0,0.020000000000000018,4.45318382899021,-0.0432098765432098,-0.0956521739130434,0.725925925925926,0.2228260869565217
2022-12-29,0.6395773860146114,0.540864482552017,21.440000534057617,-0.5952996554838386,0.0,-0.009999999999999787,4.817778435386918,-0.0072463768115942,-0.0878048780487804,0.5882352941176471,0.2026143790849673
2022-12-30,0.010988743391848743,-0.23916958787602027,21.670000076293945,-0.308641936421683,0.0,0.029999999999999805,5.294811227218749,-0.0113636363636363,-0.0727272727272727,0.676923076923077,0.240506329113924
2023-01-03,0.010988743391848743,0.35740635483527683,22.899999618530277,-0.308641936421683,0.0,-0.040000000000000036,4.7665234363458495,-0.0324675324675324,-0.094240837696335,0.6902654867256637,0.2885906040268456
2023-01-04,0.7095546441984624,1.0934153962034898,22.01000022888184,-0.2586547855880639,0.0,-0.03999999999999959,4.73795129722191,-0.036144578313253,-0.0761904761904762,0.7007874015748031,0.275
2023-01-05,-0.9762524397120664,-0.1572817718438202,22.459999084472656,0.7549378031617593,0.0,0.0,5.170540811605878,0.0,-0.0598290598290598,0.5775862068965517,0.2528089887640449
2023-01-06,1.5896470099271198,0.6820792235552986,21.1299991607666,-1.1104878355931547,0.0,-0.010000000000000231,5.068149200296863,-0.0303030303030303,-0.1069767441860465,0.7304964539007093,0.155688622754491
2023-01-09,1.5896470099271198,0.7578412016814084,21.96999931335449,-1.1104878355931547,0.0,0.010000000000000231,5.166574849122236,-0.0043870921682016,-0.06486266236452383,0.7664826016474368,0.22879867531128426
2023-01-10,-0.058754674523875394,2.116479921870429,20.57999992370605,0.2327365928889158,0.0,0.020000000000000018,5.9568731023383625,-0.0446927374301676,-0.0948275862068965,0.7017543859649122,0.3333333333333333
2023-01-11,0.16016233411999536,2.7621150497731506,21.09000015258789,-0.04843813715726952,0.0,-0.010000000000000231,5.895889332184953,-0.0252525252525252,-0.048,0.6376811594202898,0.345360824742268
2023-01-12,1.1087365667616034,5.080318049018651,18.82999992370605,-0.915117786404096,0.0,-0.020000000000000018,5.242381734217734,-0.0282485875706214,-0.0508474576271186,0.6923076923076923,0.1967213114754098
2023-01-13,1.2008862043122903,5.3649212803669855,18.350000381469727,-0.048914701395119664,0.0,-0.029999999999999805,4.955122584165997,-0.0606060606060606,-0.0682730923694779,0.5581395348837209,0.1857142857142857
2023-01-17,1.2008862043122903,0.7237775016227133,19.36000061035156,-0.048914701395119664,0.0,-0.010000000000000231,4.297013260346925,-0.0583333333333333,-0.0501930501930501,0.7105263157894737,0.2046511627906976
2023-01-18,-0.14691611288526474,-2.2592831153300352,20.34000015258789,-0.029302837129652204,0.0,-0.04999999999999982,5.737281723196605,-0.0205479452054794,-0.0403225806451612,0.6206896551724138,0.1980676328502415
2023-01-19,0.9251314471137917,1.9055334102898058,20.520000457763672,-0.29351655398413,0.0,0.08000000000000007,4.66428779047118,0.0,-0.0637450199203187,0.4812030075187969,0.2608695652173913
2023-01-20,0.22346631765941538,7.268455261104734,19.850000381469727,-0.04899830787303827,0.0,0.029999999999999805,4.786574655719562,-0.0289855072463768,-0.0354330708661417,0.725,0.203883495145631
2023-01-23,0.22346631765941538,0.5903698272193836,19.809999465942383,-0.04899830787303827,0.0,0.04999999999999982,5.415359386979701,-0.061732509393282294,-0.0596066573549651,0.7720263909217397,0.19919005316374042
2023-01-24,0.35224324574505417,-0.7672902510510227,19.200000762939453,-0.21562413856148765,0.0,-0.009999999999999787,4.814458191011861,-0.0184049079754601,-0.0254545454545454,0.7413793103448276,0.2070484581497797
2023-01-25,0.37676113849673953,2.104318470132327,19.07999992370605,-0.27510214113162235,0.0,0.020000000000000018,4.730745008896157,-0.024390243902439,-0.0125,0.7016129032258065,0.1725888324873096
2023-01-26,-0.6252753139314393,-0.3687148593844114,18.729999542236328,0.19657658427805202,0.0,0.040000000000000036,4.284000269375321,-0.0472972972972973,0.0050251256281407,0.6767676767676768,0.1688311688311688
2023-01-27,-0.025922182084148204,0.19930464741655385,18.51000022888184,0.0883387884584863,0.0,0.0,4.708538718965125,-0.028735632183908,-0.0495049504950495,0.6268656716417911,0.2650602409638554
2023-01-30,-0.025922182084148204,0.5898685506872781,19.940000534057617,0.0883387884584863,0.0,-0.040000000000000036,5.174924877283369,-0.0074056378404204004,-0.0388899942460021,0.7459393074678623,0.18000746300710865
2023-01-31,0.342642612465216,-0.32782905613597535,19.399999618530277,-0.17614282623963362,0.0,-0.04999999999999982,5.063796842210488,0.0,-0.055813953488372,0.6588235294117647,0.2716763005780346
2023-02-01,-0.08814202993878695,2.494573459000371,17.8700008392334,-0.8656332379842091,0.0,0.009999999999999787,4.9215125989330835,-0.1013513513513513,-0.0403587443946188,0.6666666666666666,0.1453488372093023
2023-02-02,-0.5983212723418951,-1.0674749877368939,18.729999542236328,0.52224464768722,0.25,-0.029999999999999805,4.76208846105951,-0.0134228187919463,-0.0772727272727272,0.6727272727272727,0.1179775280898876
2023-02-03,-2.8261842553797045,-0.09611362476711349,18.32999992370605,1.1433145299790226,0.0,0.0,4.751950917196286,-0.0618556701030927,-0.0307017543859649,0.5714285714285714,0.1483516483516483
2023-02-06,-2.8261842553797045,-1.865742627862943,19.43000030517578,1.1433145299790226,0.0,0.029999999999999805,4.916568785057188,-0.03423997386261534,-0.037992254289203636,0.620362774587549,0.22546124008112312
2023-02-07,0.2942831061813145,1.0735443598136385,18.65999984741211,-0.18353295526685187,0.0,0.06000000000000005,5.248811946644198,0.006060606060606,-0.0555555555555555,0.7464788732394366,0.2147239263803681
2023-02-08,0.3040771209810167,-1.4063722484005226,19.6299991607666,-0.019335372988926736,0.0,0.029999999999999805,4.938996066954103,0.0048309178743961,-0.0637254901960784,0.6376811594202898,0.228395061728395
2023-02-09,-0.5983602271623312,-5.007294792111772,20.709999084472656,-0.18390600635687093,-0.009999999999999787,-0.009999999999999787,4.860277412507694,-0.0134228187919463,-0.0666666666666666,0.6923076923076923,0.25
2023-02-10,-0.18234933150136357,-0.7722817724904019,20.530000686645508,0.39641921455828566,0.009999999999999787,0.0,4.603368564041463,-0.0217391304347826,-0.0601851851851851,0.8175182481751825,0.1860465116279069
2023-02-13,-0.18234933150136357,0.7876532509095924,20.34000015258789,0.39641921455828566,0.0,-0.020000000000000018,4.3949017271431865,0.0006494652031647999,-0.0589306404652008,0.771504478191048,0.20132199478225965
2023-02-14,0.11333148745897859,1.8092343194158644,18.90999984741211,-0.11617303671167534,0.0,0.0,4.660888674744435,-0.0104712041884816,-0.0791666666666666,0.6827586206896552,0.2121212121212121
2023-02-15,-1.0737074621895104,8.9770007863196,18.229999542236328,0.6661813746023704,0.0,0.040000000000000036,5.301312875527835,-0.0163934426229508,-0.0407239819004524,0.7674418604651163,0.1861702127659574
2023-02-16,0.42435453113469634,-2.855810148156479,20.170000076293945,-0.05775104496468231,0.0,0.020000000000000018,5.407933812871359,0.0248447204968944,-0.0254237288135593,0.7482014388489209,0.1185567010309278
2023-02-17,-0.08689852683101407,3.9106249426099637,20.020000457763672,0.0,0.0,-0.010000000000000231,4.583129055111211,-0.0161290322580645,0.0,0.6934306569343066,0.1616766467065868
2023-02-21,-0.08689852683101407,-0.6648346920156811,22.8700008392334,0.0,0.0,0.06000000000000005,4.232656178019613,-0.0328947368421052,-0.0216450216450216,0.7454545454545455,0.1813186813186813
2023-02-22,-0.054570260562947226,-1.0180396881002807,22.290000915527344,0.39277345058650326,0.0,-0.009999999999999787,4.943996791763045,-0.0459770114942528,-0.0461538461538461,0.75,0.2484076433121019
2023-02-23,-0.7671270496651061,-1.0027916762018307,21.13999938964844,0.00956272908476663,0.0,-0.020000000000000018,5.2381957432066555,-0.0461538461538461,-0.0375,0.7864077669902912,0.1608040201005025
2023-02-24,-0.5073326778902931,-3.1792067406444247,21.670000076293945,0.5814807075221751,0.0,-0.010000000000000231,4.410978456623649,-0.0055865921787709,-0.0865800865800865,0.7236842105263158,0.2282608695652173
2023-02-27,-0.5073326778902931,0.9511117312060335,20.950000762939453,0.5814807075221751,-0.0033333333333329662,-0.020000000000000018,4.487474646503806,-0.011658700965059367,-0.05280919913057597,0.7615720516952389,0.19379139047771846
2023-02-28,0.652791716340051,-1.1702202928152161,20.700000762939453,0.19089876634668101,-0.006666666666666821,0.07000000000000028,4.481645699702594,-0.008130081300813,-0.0829694323144104,0.6451612903225806,0.2688172043010752
2023-03-01,0.48000565715691224,2.1336804939162235,20.57999992370605,-0.37258163786271226,0.009999999999999787,0.009999999999999787,4.373616367313912,0.0048309178743961,-0.0480349344978165,0.6666666666666666,0.2299465240641711
2023-03-02,-0.2288054619760338,-0.726135020948071,19.59000015258789,0.525031435422374,-0.009999999999999787,0.040000000000000036,5.067834447847064,-0.0404040404040404,-0.0346534653465346,0.6,0.1736526946107784
2023-03-03,0.7714887423291295,-4.856242572977187,18.489999771118164,-0.48676034774688404,0.0,0.040000000000000036,4.500365071621965,-0.0434782608695652,-0.1072961373390558,0.616822429906542,0.1891891891891892
2023-03-06,0.7714887423291295,0.19445360676044743,18.61000061035156,-0.48676034774688404,0.0,-0.029999999999999805,4.665857550934174,-0.021437971261914865,-0.04125831004913763,0.7142836870259996,0.204576208190666
2023-03-07,-1.8570635571812488,-0.8355608058634445,19.59000015258789,1.209715438265313,0.0,-0.11000000000000032,4.577593418217857,-0.0493827160493827,-0.054054054054054,0.6216216216216216,0.2677595628415301
2023-03-08,-0.06618172911645459,-2.2837315061131847,19.11000061035156,0.03786531123814996,0.0,-0.06000000000000005,4.272211768666675,-0.1011904761904761,-0.0727272727272727,0.7868852459016393,0.2432432432432432
2023-03-09,0.9115987157307437,-6.4424513328532385,22.61000061035156,-0.33180681860800476,0.0,-0.020000000000000018,4.595220855134423,-0.0213903743315508,-0.0748898678414096,0.626984126984127,0.1361256544502617
2023-03-10,1.771777214751502,-0.8669656883114385,24.799999237060547,-0.6956011940827622,0.0,-0.040000000000000036,5.119967910506483,0.0063694267515923,-0.1183206106870229,0.7333333333333333,0.1775700934579439
2023-03-13,1.771777214751502,10.093824426361309,26.520000457763672,-0.6956011940827622,0.0033333333333329662,-0.019999999999999574,4.896570337808283,0.0003844065778182678,-0.0766623012588431,0.6994823447743407,0.3750487252476047
2023-03-14,-0.2881167105143412,10.267768799181987,23.729999542236328,0.0,0.006666666666666821,0.06999999999999984,5.506875059533828,-0.0393700787401574,-0.0338345864661654,0.6373626373626373,0.251207729468599
2023-03-15,1.0645072763327157,-1.5069419825618269,26.13999938964844,1.008414837596927,0.0,-0.020000000000000018,5.109152447272074,-0.0576923076923076,-0.081081081081081,0.6689655172413793,0.2282608695652173
2023-03-16,-0.3952561643726149,2.738772196964945,22.989999771118164,-0.22002530258635744,0.0,-0.06999999999999984,5.255775143282362,-0.0287081339712918,-0.0466101694915254,0.7549668874172185,0.263681592039801
2023-03-17,2.6127822516268218,9.043081735478786,25.51000022888184,-0.6822676673047923,0.0,-0.1200000000000001,5.466075049781512,-0.0175438596491228,-0.0177777777777777,0.6993464052287581,0.2067039106145251
2023-03-20,2.6127822516268218,0.6059047950397911,24.149999618530277,-0.6822676673047923,0.0,0.040000000000000036,5.01674989509611,-0.03725070125074407,-0.044527793557268436,0.6427889104359692,0.21022316607569533
2023-03-21,-2.103618451687428,2.0989009311854545,21.3799991607666,-0.019363457964782782,0.0,0.08999999999999986,4.631714741210204,-0.0245098039215686,-0.0436507936507936,0.7622377622377622,0.2436548223350254
2023-03-22,0.4530510589810355,-3.130493478602503,22.26000022888184,-0.8851802940525566,0.0,0.04999999999999982,5.372032404370318,-0.0239234449760765,-0.0159362549800796,0.6911764705882353,0.24
2023-03-23,2.3855366038062265,3.6902430921442075,22.61000061035156,0.1757129577327987,0.25,-0.08999999999999986,5.247024072160486,-0.0382513661202185,-0.0744186046511627,0.6640625,0.2166666666666666
2023-03-24,-0.5885513691906041,-3.011973318555583,21.739999771118164,0.5737958489560491,0.0,0.03000000000000025,5.098157651624202,-0.0443548387096774,-0.0837004405286343,0.7290322580645161,0.287292817679558
2023-03-27,-0.5885513691906041,0.18057228922252477,20.600000381469727,0.5737958489560491,0.0,0.020000000000000018,4.960066883116064,-0.04931438332248043,-0.06276214117720734,0.7195658219943643,0.22171445639187573
2023-03-28,1.0191690210183069,-1.002886911460621,19.96999931335449,-0.4189204852775852,0.0,0.06999999999999984,4.768733569853457,-0.0461538461538461,-0.0441176470588235,0.6875,0.2804878048780488
2023-03-29,-0.31992150318798096,3.885339931269094,19.1200008392334,0.20480729330509817,0.0,0.020000000000000018,4.844265823516229,-0.045662100456621,-0.0452261306532663,0.7666666666666667,0.2345679012345679
2023-03-30,0.719650032383079,-1.116959874133272,19.020000457763672,-0.4883299116992923,0.0,0.009999999999999787,4.416186486320586,-0.0167364016736401,-0.0052910052910052,0.8333333333333334,0.2108843537414966
2023-03-31,-0.5722573380642082,1.5746414888454296,18.700000762939453,0.3615960390688677,0.0,-0.020000000000000018,4.976664774525102,-0.0254237288135593,-0.0921658986175115,0.7647058823529411,0.25
2023-04-03,-0.5722573380642082,-1.2187067213075053,18.549999237060547,0.3615960390688677,0.0,-0.029999999999999805,5.417965328813932,-0.028612399580141463,-0.026667765235780332,0.7398097936375448,0.22598056921800733
2023-04-04,1.9121386856435052,0.12279706709410476,19.0,-0.4909672254020059,0.0,-0.040000000000000036,5.040388252245603,-0.0614035087719298,-0.0496453900709219,0.6909090909090909,0.2289719626168224
2023-04-05,-0.06430347062673647,0.0351205704706814,19.07999992370605,0.25560586356645487,0.0,-0.020000000000000018,4.686842334632116,-0.066079295154185,-0.0262172284644194,0.7278911564625851,0.1690140845070422
2023-04-06,-0.44634074749696495,-0.4761257346579839,18.399999618530277,-0.02945822142041976,0.0,0.010000000000000231,3.6988297849671046,-0.0735785953177257,-0.072072072072072,0.6686390532544378,0.2645502645502645
2023-04-10,-0.44634074749696495,2.5412129401528816,18.96999931335449,-0.02945822142041976,0.0,0.029999999999999805,5.013453541326459,-0.04118771774291367,-0.044392776873595226,0.7730441403165335,0.20010800235044623
2023-04-11,0.7862066660321965,5.403688338875945,19.100000381469727,-0.3711351902178528,0.0,0.020000000000000018,5.045873729522275,-0.0414201183431952,-0.004,0.7295081967213115,0.1625615763546798
2023-04-12,0.3038065675473156,-0.31803678161335114,19.09000015258789,-0.687284942711841,0.0,-0.020000000000000018,4.698842661850726,-0.0202020202020202,-0.0420560747663551,0.7307692307692307,0.1373626373626373
2023-04-13,1.5004488526765059,0.859013376828166,17.799999237060547,-0.4839255492046668,0.0,0.020000000000000018,5.553153364594737,-0.0129870129870129,-0.018348623853211,0.7283950617283951,0.1726190476190476
2023-04-14,-1.934033210150421,0.2845797962017116,17.06999969482422,0.5331775088373902,0.0,0.009999999999999787,3.6428355156125294,-0.0378151260504201,-0.0184331797235023,0.6081871345029239,0.2486187845303867
2023-04-17,-1.934033210150421,-1.5184070329146593,16.950000762939453,0.5331775088373902,0.0,0.020000000000000018,4.843662014249101,-0.04395210491255777,-0.042861291841724304,0.7537789422742466,0.21153006972663205
2023-04-18,0.6597421632108968,1.2288477760234784,16.829999923706055,-0.3433885902969891,0.0,-0.040000000000000036,5.22853847194012,-0.0166666666666666,-0.0315315315315315,0.7058823529411765,0.1839080459770115
2023-04-19,-0.609609308875747,-5.319953662867327,16.459999084472656,0.21598400246283234,0.0,0.0,4.859734881977045,0.0049504950495049,-0.0503875968992248,0.7058823529411765,0.1205357142857142
2023-04-20,0.6195695166984372,-2.021112661928015,17.170000076293945,-0.12757460576224844,0.0,-0.020000000000000018,4.59491780952374,-0.0049261083743842,-0.0384615384615384,0.6369426751592356,0.2191780821917808
2023-04-21,-1.4095679073773404,-3.4910877271713048,16.770000457763672,-0.019637281272899543,0.0,0.020000000000000018,4.772462703762286,-0.0476190476190476,-0.03515625,0.660377358490566,0.2238095238095238
2023-04-24,-1.4095679073773404,1.3394967875345998,16.889999389648438,-0.019637281272899543,0.0,0.0,4.8700185420309285,-0.0233827770143365,-0.05173217649787467,0.7793521031472279,0.19870024100390585
2023-04-25,0.2460408684693327,2.36947066680564,18.76000022888184,0.5019469606052596,0.0,-0.029999999999999805,4.711779921046349,-0.0445859872611464,-0.0358565737051792,0.7461538461538462,0.1990049751243781
2023-04-26,-0.41711993186774876,0.40579258685795594,18.84000015258789,-0.38361271273430475,0.0,0.0,4.905793162572673,-0.0147058823529411,-0.0166666666666666,0.717741935483871,0.2512315270935961
2023-04-27,0.2112926265503745,3.6313132862295205,17.030000686645508,0.02955981606627134,0.0,0.020000000000000018,5.0563094975874305,-0.0839694656488549,-0.0445344129554655,0.719626168224299,0.225
2023-04-28,0.010047797590040375,-0.4540602889752776,15.779999732971191,0.16734577954444774,0.0,-0.08999999999999986,4.54382655574704,-0.0331491712707182,-0.0570175438596491,0.6666666666666666,0.1977401129943503
2023-05-01,0.010047797590040375,-1.617082385615376,16.079999923706055,0.16734577954444774,0.0,0.04999999999999982,5.5054399311414,-0.0161002817549307,-0.05086925555512647,0.7675933783130909,0.233250635537569
2023-05-02,1.5459208663897606,-0.6571125802626199,17.780000686645508,-0.1861765672625637,0.0,-0.029999999999999805,5.519699367242586,-0.0334572490706319,-0.1264822134387351,0.8020833333333334,0.3076923076923077
2023-05-03,0.7074123181843639,1.1294600825028311,18.34000015258789,-0.609940661773134,0.0,0.0,4.941070830710347,-0.0206611570247933,-0.0737327188940092,0.6936416184971098,0.2329545454545454
2023-05-04,0.9517819252435444,-0.5482697825375027,20.09000015258789,0.05919422942941566,0.25,-0.010000000000000231,4.653960350157523,-0.065891472868217,-0.0850202429149797,0.7142857142857143,0.28
2023-05-05,-1.5054141436917412,2.352452363535207,17.190000534057617,-0.1875549050207148,0.0,0.020000000000000018,4.614427207250769,0.0,-0.0071942446043165,0.5984848484848485,0.3119266055045872
2023-05-08,-1.5054141436917412,-4.088257928374972,16.979999542236328,-0.1875549050207148,0.0,0.020000000000000018,5.212850251117964,-0.021137676391021366,-0.07183577680685287,0.6552903360474255,0.2651005719220383
2023-05-09,0.48738077246035516,-2.472953897162533,17.709999084472656,0.2659935957997739,0.0,0.0,5.094118231234765,-0.031413612565445,-0.0636704119850187,0.6515151515151515,0.2764976958525346
2023-05-10,-0.28032335667189656,-0.13393336115541388,16.940000534057617,-0.15753846360935242,0.0,-0.06000000000000005,4.2414706271123945,-0.0126582278481012,-0.0515021459227467,0.7037037037037037,0.2554347826086957
2023-05-11,-0.7811791440417437,-2.2737627872803756,16.93000030517578,0.5699083903704327,0.0,-0.009999999999999787,5.044843465425993,-0.0254777070063694,-0.0666666666666666,0.7256637168141593,0.2774869109947644
2023-05-12,-0.00992510545323455,-0.7278017155924132,17.030000686645508,0.6056507260503885,0.0,0.020000000000000018,5.248496671564081,-0.0061728395061728,-0.0579710144927536,0.7016129032258065,0.272300469483568
2023-05-15,-0.00992510545323455,0.610505473580325,17.1200008392334,0.6056507260503885,0.0,0.009999999999999787,5.190527977638358,-0.049042078240973265,-0.058289444810182105,0.745836709222536,0.29864621534198527
2023-05-16,-1.477661441479139,0.25002397209181737,17.989999771118164,0.126832793989351,0.0,0.0,4.206779991551889,0.0304878048780487,-0.1032258064516129,0.6491228070175439,0.2595419847328244
2023-05-17,-0.3880014587497982,1.3305949198469946,16.8700008392334,0.31152644246636996,0.0,0.03000000000000025,4.73215519774258,-0.0449438202247191,-0.0621468926553672,0.576271186440678,0.2260273972602739
2023-05-18,-1.229313026079737,-2.0896322938492418,16.049999237060547,0.6781044881070564,0.0,0.009999999999999787,5.350862377211803,-0.0331753554502369,-0.0795454545454545,0.676056338028169,0.2733333333333333
2023-05-19,1.128287607105527,0.2156270430170082,16.809999465942383,-0.36754551972650873,0.0,0.010000000000000231,4.7140245909001735,0.0146341463414634,-0.0449438202247191,0.7575757575757576,0.237037037037037
2023-05-22,1.128287607105527,0.07967870565419588,17.209999084472656,-0.36754551972650873,0.0,0.0,5.740607157226257,-0.0228032291722176,-0.023719052507257365,0.739294536326835,0.26158158475386806
2023-05-23,-0.1216064382496107,1.1606304628923425,18.530000686645508,0.280614556201364,0.0,0.019999999999999574,5.0561821090522265,0.0145985401459854,-0.045045045045045,0.7450980392156863,0.2958579881656805
2023-05-24,-0.4879037635298289,-3.3270400187896954,20.030000686645508,0.38576721692820115,0.0,-0.009999999999999787,5.708902677350773,-0.032258064516129,-0.0704225352112676,0.8113207547169812,0.1925465838509316
2023-05-25,-1.008742680002861,0.5354526205138654,19.13999938964844,0.30754440114666437,0.0,0.0,5.471598178689843,-0.0357142857142857,-0.0807174887892376,0.7304964539007093,0.180722891566265
2023-05-26,0.05145091760763165,0.9139332662057242,17.950000762939453,0.0,0.0,-0.020000000000000018,5.394944860131629,-0.0231481481481481,-0.0349344978165938,0.5828220858895705,0.2371134020618556
2023-05-30,0.05145091760763165,0.4911313080921076,17.459999084472656,0.0,0.0,-0.009999999999999787,4.7104306966455844,-0.0284360189573459,-0.0560747663551401,0.5620915032679739,0.3006134969325153
2023-05-31,0.30087604621398256,-1.7577792723265873,17.940000534057617,0.14389328341666285,0.0,-0.040000000000000036,5.578937058999309,-0.0440528634361233,-0.0420560747663551,0.6103896103896104,0.2151162790697674
2023-06-01,0.7153928630061479,-1.4792581991187603,15.649999618530272,-0.7311963944424349,0.0,-0.020000000000000018,4.687855552606699,-0.0490797546012269,-0.0642570281124498,0.71900826446281,0.2551020408163265
2023-06-02,-1.3026835665023384,1.5891611065796951,14.600000381469728,0.4432024764387421,0.0,0.020000000000000018,4.5693357329788755,-0.0307017543859649,-0.0346534653465346,0.7650273224043715,0.1951219512195122
2023-06-05,-1.3026835665023384,-2.219562455101176,14.729999542236328,0.4432024764387421,0.0,0.009999999999999787,4.75074130930731,-0.025490196078431365,-0.08932249882422427,0.7345722156631247,0.23436076060835975
2023-06-06,0.382312177145927,2.1798965955335703,13.960000038146973,0.12491930239599824,0.0,0.010000000000000231,4.137244396537321,-0.0661764705882353,-0.1032863849765258,0.808695652173913,0.1385542168674698
2023-06-07,-1.1667932951336724,-3.332542412080919,13.9399995803833,-0.02881312022280369,0.0,0.009999999999999787,4.77912349311153,-0.0290697674418604,-0.0639269406392694,0.7540983606557377,0.2275449101796407
2023-06-08,1.070077784000123,0.6138366063705547,13.649999618530272,-0.732747354154828,0.0,-0.009999999999999787,4.57295686362344,-0.045,-0.0807174887892376,0.782258064516129,0.2203389830508474
2023-06-09,-0.07132429056664336,-0.10508601377399174,13.829999923706056,0.21266438869806947,0.0,0.0,4.06285389513073,-0.0263157894736842,-0.0654205607476635,0.732824427480916,0.1719745222929936
2023-06-12,-0.07132429056664336,-2.2239328472201336,15.010000228881836,0.21266438869806947,0.0,-0.03000000000000025,4.784821514226167,-0.0688840262340778,-0.08539733755668227,0.6418284789644013,0.20873911299781311
2023-06-13,-0.5487371483662962,0.08012519719926559,14.609999656677246,-0.2802349270834448,0.0,0.03000000000000025,4.7091697760065765,-0.0445544554455445,0.0769230769230769,0.7244094488188977,0.2222222222222222
2023-06-14,0.5487371483662962,-3.111535403261989,13.880000114440918,-0.31983957878658487,0.0,0.009999999999999787,4.9932856557611425,-0.0684210526315789,-0.0379146919431279,0.717741935483871,0.2645161290322581
2023-06-15,0.12777594632122913,1.7819375410116578,14.5,-0.8677472364774452,-0.009999999999999787,0.0,4.2626798770413155,-0.035,-0.07380073800738,0.6026490066225165,0.2350230414746544
2023-06-16,0.030640701670581194,2.8942773265370647,13.539999961853027,0.17610835201189445,0.009999999999999787,0.010000000000000231,4.035655565873421,-0.027027027027027,-0.0321285140562249,0.5833333333333334,0.25
2023-06-20,0.030640701670581194,6.420147715074798,13.880000114440918,0.17610835201189445,-0.009999999999999787,0.0,5.3616676820487985,-0.0306748466257668,-0.072,0.6306306306306306,0.1732673267326732
2023-06-21,-0.1137278422884691,5.827421320682014,13.199999809265137,-0.4594125858504938,0.0,-0.010000000000000231,4.180369341573185,-0.0076923076923076,-0.0135135135135135,0.6262626262626263,0.2042553191489361
2023-06-22,-1.0712581726706638,-0.3837723579694696,12.90999984741211,0.31301962001393235,0.0,0.03000000000000025,4.287028906051602,-0.0411764705882352,-0.037037037037037,0.6910569105691057,0.1936936936936936
2023-06-23,0.3340482534468947,2.5845905768154154,13.4399995803833,0.49686120430800784,0.0,-0.03000000000000025,4.30433532695801,-0.0285714285714285,-0.0458015267175572,0.6910569105691057,0.1877934272300469
2023-06-26,0.3340482534468947,-0.8575584389868496,14.25,0.49686120430800784,0.0,-0.029999999999999805,5.381662308148182,-0.014462081128747766,-0.032647194452788166,0.6777027555352678,0.2044430097953537
2023-06-27,-0.5055096516834112,0.8337583242012059,13.739999771118164,-0.19495529845663384,0.0,0.020000000000000018,4.8517177150813176,-0.0142180094786729,-0.0291666666666666,0.7074829931972789,0.1894736842105263
2023-06-28,-0.08885614102558392,-1.9808917913037405,13.43000030517578,0.4089643433388801,0.0,-0.020000000000000018,5.030372559779288,-0.0170454545454545,-0.0652173913043478,0.6666666666666666,0.25
2023-06-29,-0.1622451046078055,1.186519753773041,13.539999961853027,0.41696319880024646,0.0,0.020000000000000018,4.769921621588582,-0.0255102040816326,-0.0169491525423728,0.6206896551724138,0.2445652173913043
2023-06-30,0.6213645369454568,0.10472432791654995,13.59000015258789,-0.41696319880024646,0.009999999999999787,0.020000000000000018,4.573163389853005,0.0094786729857819,0.0,0.7452229299363057,0.2369668246445497
2023-07-03,0.6213645369454568,1.018002394563311,13.56999969482422,-0.41696319880024646,0.0,0.029999999999999805,4.521861038191784,-0.017117292508578866,-0.06321202516878427,0.7016228167967299,0.19573228753822414
2023-07-05,0.6213645369454568,-0.8595533521292609,14.18000030517578,-0.41696319880024646,0.0,0.009999999999999787,4.922022635739652,-0.0182926829268292,-0.0308880308880308,0.64,0.1915887850467289
2023-07-06,-0.569446181181199,-2.0020299639947226,15.4399995803833,-0.19367157864440543,0.0,0.010000000000000231,3.707946516831162,0.0,-0.0651340996168582,0.7538461538461538,0.1767676767676767
2023-07-07,0.9126768323334922,1.4370909980298663,14.829999923706056,-0.8761753370651881,0.0,0.0,4.53828224044646,-0.0440528634361233,-0.0495495495495495,0.6949152542372882,0.1907514450867052
2023-07-10,0.9126768323334922,-0.16332786804404975,15.06999969482422,-0.8761753370651881,-0.0033333333333329662,-0.020000000000000018,4.425405357975826,-0.042485150265329265,-0.048614338320220635,0.7592697025236149,0.23219304926313597
2023-07-11,0.3267408839185748,1.0776086518145434,14.84000015258789,-0.23563865432141284,0.0033333333333329662,-0.009999999999999787,3.6328380632303117,-0.0493827160493827,-0.1044776119402985,0.7244094488188977,0.2184466019417475
2023-07-12,1.2810414334619935,-0.7516669538967236,13.539999961853027,-1.196559852440604,0.0,0.019999999999999574,4.491105229700119,-0.0261780104712041,-0.0478260869565217,0.7261904761904762,0.2248520710059171
2023-07-13,0.15324108197862785,3.5059117999464817,13.609999656677246,-0.7489176001021391,0.0,-0.019999999999999574,4.330075229041782,-0.0378378378378378,-0.0078125,0.7014925373134329,0.3448275862068966
2023-07-14,0.04592781602346108,-3.6955452769761976,13.34000015258789,0.14023141203178824,0.0,0.0,5.331026540957741,-0.0133333333333333,-0.0520446096654275,0.7786885245901639,0.2597402597402597
2023-07-17,0.04592781602346108,-0.3427509051601163,13.479999542236328,0.14023141203178824,0.0,0.009999999999999787,4.565805462465814,-0.01383157431185393,-0.04467459960483297,0.6554542948043122,0.2647422515609719
2023-07-18,1.2622280219577675,-1.243927520976662,13.300000190734863,0.10011624034422795,0.0,-0.020000000000000018,4.646408094004336,-0.0359712230215827,0.0,0.7142857142857143,0.1578947368421052
2023-07-19,0.015174290459807338,0.19193869502824867,13.760000228881836,0.33962307723678364,0.0,-0.009999999999999787,3.613886475072506,-0.0206185567010309,-0.0412371134020618,0.6013513513513513,0.15
2023-07-20,-0.4663169815610324,-0.40836263076453605,13.989999771118164,0.596540331328832,0.0,0.1299999999999999,5.561373699173413,-0.0434782608695652,0.0138248847926267,0.7205882352941176,0.2588235294117647
2023-07-21,-0.2034278228195241,0.39104582531663823,13.600000381469728,0.18816786366873117,0.0,0.0,4.391729410135267,-0.0234741784037558,-0.0150753768844221,0.6948051948051948,0.16875
2023-07-24,-0.2034278228195241,-0.7753189269005034,13.90999984741211,0.18816786366873117,0.0,0.029999999999999805,4.7002682220794085,-0.006418752357446833,-0.034627677743619696,0.6453139675439816,0.1926575487583445
2023-07-25,0.09177681383585323,-1.5291389851352477,13.859999656677246,0.0,0.0,0.010000000000000231,3.6312503412773,-0.014388489208633,-0.0050761421319796,0.7227722772277227,0.2215189873417721
2023-07-26,0.3459707764402964,0.43556533334641045,13.1899995803833,-0.4549049471854971,0.0,-0.03000000000000025,5.395943045332476,-0.027027027027027,-0.0460829493087557,0.7521367521367521,0.1685393258426966
2023-07-27,-1.2007399562659948,-0.49272385842940025,14.40999984741211,0.8684523847731995,0.25,0.010000000000000231,4.557344556505487,-0.0441988950276243,-0.0229357798165137,0.6712328767123288,0.2196531791907514
2023-07-28,0.7680922504029297,0.3709444204535117,13.329999923706056,-0.14749390247938976,0.0,0.009999999999999787,4.410978456623649,-0.0267379679144385,-0.04,0.6527777777777778,0.1945945945945946
2023-07-31,0.7680922504029297,-0.10852048533340763,13.630000114440918,-0.14749390247938976,0.0,-0.009999999999999787,4.7477397774281895,-0.015118163749047403,-0.0196457816843212,0.7591741591741591,0.23335565271049138
2023-08-01,-1.523861007706806,1.3170662838613012,13.93000030517578,0.43103753405127065,0.0,0.0,5.022497986638768,0.0049751243781094,-0.0368852459016393,0.7,0.2368421052631578
2023-08-02,-0.17018269642496975,-1.7807507516909737,16.09000015258789,0.2830723614033026,0.0,-0.010000000000000231,4.800654729308327,-0.0240384615384615,-0.0341463414634146,0.6726190476190477,0.232258064516129
2023-08-03,-0.27911448212778467,0.091618077917488,15.920000076293944,-0.04874511190235964,0.0,0.010000000000000231,4.130515758526928,-0.08,-0.0329670329670329,0.6853932584269663,0.1712328767123287
2023-08-04,0.3926017871570764,-0.35908335462959684,17.100000381469727,-0.5084135693926406,0.0,0.009999999999999787,4.103964805599091,-0.0126582278481012,-0.0691244239631336,0.575,0.2147239263803681
2023-08-07,0.3926017871570764,0.04846801978004578,15.770000457763672,-0.5084135693926406,0.0,0.03000000000000025,4.185758271747303,-0.025492030755614802,-0.049750504853104005,0.5856169836355595,0.23227611565028136
2023-08-08,-0.4873518808943267,2.3017600699178686,15.989999771118164,0.46925076157968704,0.0,-0.050000000000000266,3.909820581872946,-0.0909090909090909,0.0106951871657754,0.7,0.2051282051282051
2023-08-09,-0.453182240469463,-0.6877101417060771,15.960000038146973,-0.03902147760204144,0.0,-0.020000000000000018,4.347046915777855,-0.0618556701030927,0.0,0.6386554621848739,0.1739130434782608
2023-08-10,-0.05222204866965896,-0.4471948989328567,15.850000381469728,0.029265675152245763,0.0,-0.009999999999999787,3.844600329110712,-0.0337837837837837,0.0,0.5865384615384616,0.2162162162162162
2023-08-11,-0.07838424255561804,-0.10837469218056839,14.84000015258789,0.31164780362242794,0.0,0.029999999999999805,5.1375615876686425,-0.01875,-0.0603015075376884,0.5923076923076923,0.1779141104294478
2023-08-14,-0.07838424255561804,-0.09735909832055967,14.81999969482422,0.31164780362242794,0.0,0.0,4.8251888599547765,-0.03320271638977534,-0.016637089618456103,0.6596539242087188,0.2012955182072829
2023-08-15,-0.4248505321848839,-0.6790651848140428,16.459999084472656,0.01937659203603559,0.0,-0.040000000000000036,3.9764990246125107,-0.0459770114942528,-0.0885416666666666,0.7191780821917808,0.130718954248366
2023-08-16,-0.33696785716195166,-1.6193584838703146,16.780000686645508,0.20326105557284535,0.0,0.0,4.856317933711899,-0.0114285714285714,-0.0193236714975845,0.6166666666666667,0.1717791411042944
2023-08-17,-0.6348891838211301,-7.362412009606345,17.889999389648438,0.019340880270934946,0.0,0.010000000000000231,4.623108331119105,-0.0614035087719298,-0.0711297071129707,0.6617647058823529,0.1557788944723618
2023-08-18,0.10609517869104579,-2.333424865381062,17.299999237060547,-0.05802648656851872,0.0,-0.010000000000000231,3.6090242288644716,-0.0165289256198347,-0.0801526717557251,0.6492537313432836,0.1497797356828193
2023-08-21,0.10609517869104579,0.3337536344787395,17.1299991607666,-0.05802648656851872,0.0,0.020000000000000018,4.704864680019291,-0.0278134564026797,-0.05705255814422894,0.641955266955267,0.135066124348618
2023-08-22,0.16360008536020487,-0.40249393577482806,16.969999313354492,0.22233633618178317,0.0,0.010000000000000231,3.9644256842211942,-0.0335570469798657,-0.0090497737556561,0.6785714285714286,0.1812865497076023
2023-08-23,1.1586265785144434,1.5248455549160767,15.979999542236328,-0.19330853691412742,0.0,0.0,4.9502481440811605,-0.0346820809248554,-0.1330275229357798,0.7755102040816326,0.2369942196531791
2023-08-24,-0.01564098483353149,-1.023956576112539,17.200000762939453,0.5980559300589938,0.0,-0.03000000000000025,4.336898507056134,-0.0253164556962025,-0.0187793427230046,0.6484375,0.125
2023-08-25,-0.37082411186100117,-0.4393992436940053,15.68000030517578,0.09612465570265627,0.0,0.010000000000000231,4.922532412541283,-0.0462427745664739,-0.0490196078431372,0.6197183098591549,0.1726190476190476
2023-08-28,-0.37082411186100117,0.07841866585636126,15.079999923706056,0.09612465570265627,0.0,-0.03000000000000025,4.764223115842691,-0.046524481486285164,-0.054423471338686635,0.5375972076828655,0.1596667082649427
2023-08-29,0.9651369784435815,6.170839679195694,14.449999809265137,-0.49130150876948164,0.0,-0.009999999999999787,4.237000862623624,-0.0601092896174863,-0.0436363636363636,0.6712328767123288,0.1802575107296137
2023-08-30,0.4019820260444895,-1.5634289371323717,13.880000114440918,-0.3773400800478832,0.0,-0.03000000000000025,4.203796695783181,-0.0245098039215686,-0.0230414746543778,0.618421052631579,0.1711229946524064
2023-08-31,-0.3142358107314003,-5.132914544958922,13.56999969482422,0.4449171380475292,0.0,-0.019999999999999574,5.11883178457329,-0.026431718061674,-0.0572916666666666,0.6871508379888268,0.1923076923076923
2023-09-01,0.08252180232357631,-0.5054814300672561,13.09000015258789,0.5965524430269653,0.0,0.019999999999999574,4.049695810553219,-0.032520325203252,-0.0486725663716814,0.6808510638297872,0.1839080459770115
2023-09-05,0.08252180232357631,-0.4011006388330074,14.010000228881836,0.5965524430269653,0.0,0.03000000000000025,4.195546442731068,-0.0436893203883495,-0.0263157894736842,0.7183098591549296,0.1497326203208556
2023-09-06,-0.42140247779176576,-0.10380138015939622,14.449999809265137,0.04769690765717982,0.0,0.009999999999999787,3.7140597526442347,-0.0263157894736842,-0.036036036036036,0.7328767123287672,0.2045454545454545
2023-09-07,-0.03128457579775201,1.8732105501950258,14.399999618530272,0.19054593225869,0.0,0.020000000000000018,4.560800238252151,-0.0111111111111111,-0.0090497737556561,0.7543859649122807,0.2645502645502645
2023-09-08,0.04692637581014125,-1.2831149860508262,13.84000015258789,0.028549874253513963,0.0,0.010000000000000231,3.6122683517420957,-0.0048543689320388,-0.0325581395348837,0.65,0.1719745222929936
2023-09-11,0.04692637581014125,-1.06904523071929,13.800000190734863,0.028549874253513963,0.0,0.020000000000000018,4.286891439558843,-0.026123251776252968,-0.04492874130572333,0.632579861453101,0.1983143980773432
2023-09-12,-0.6258821711374374,0.7895245724693467,14.229999542236328,0.13379148638037464,0.0,-0.010000000000000231,4.602265972840701,-0.053475935828877,-0.0192307692307692,0.5163398692810458,0.14375
2023-09-13,-0.11517503252713723,1.5173852958685785,13.479999542236328,0.0572823767977404,0.0,0.010000000000000231,4.889672207433241,-0.0153846153846153,-0.0476190476190476,0.63,0.1901840490797546
2023-09-14,0.04713280283201726,1.180083513097152,12.81999969482422,0.6090103684780246,0.0,-0.010000000000000231,4.715727176552735,-0.0360824742268041,-0.0530612244897959,0.743421052631579,0.2346938775510204
2023-09-15,0.7147147489058092,0.259724140931894,13.789999961853027,-0.08542112781686484,0.0,0.010000000000000231,4.1540275643832745,-0.03954802259887,-0.0169491525423728,0.6159420289855072,0.1978609625668449
2023-09-18,0.7147147489058092,0.03841355045768324,14.0,-0.08542112781686484,0.0,0.009999999999999787,4.319574823730311,-0.05862622613582189,-0.026845608726381465,0.7244039779085135,0.18189122134846258
2023-09-19,0.0258832666126807,2.2003494006838764,14.109999656677246,0.0,0.0,0.010000000000000231,4.988526008508154,-0.0463576158940397,-0.0294117647058823,0.625,0.1928934010152284
2023-09-20,0.7014664451038044,-0.291147889939225,15.140000343322754,-0.03802366086578246,0.0,-0.020000000000000018,4.417152436649256,-0.0303030303030303,-0.06640625,0.6774193548387096,0.1902439024390244
2023-09-21,-1.3661993139932882,-2.102046771669741,17.540000915527344,0.19000285421890695,0.0,0.029999999999999805,4.668051084027292,0.0043668122270742,-0.0294117647058823,0.7482014388489209,0.1832460732984293
2023-09-22,0.3225343940292724,0.04491505408559249,17.200000762939453,0.20859135102524462,0.0,-0.009999999999999787,3.756538102587751,-0.037037037037037,-0.008,0.7241379310344828,0.2058823529411764
2023-09-25,0.3225343940292724,-0.7603673285631274,16.899999618530273,0.20859135102524462,0.0,0.0,3.76738251560188,-0.05148000515879797,-0.01857746056241427,0.7576777438022493,0.20978410407567052
2023-09-26,-0.8488367011878495,-0.6121549501008516,18.940000534057617,0.21674922804724162,0.0,-0.040000000000000036,4.966125954110298,-0.032051282051282,-0.0536585365853658,0.5849056603773585,0.2694610778443114
2023-09-27,-1.5270736211994596,0.515378285278878,18.21999931335449,0.4133353079250668,0.0,0.009999999999999787,5.010901925213687,-0.0491803278688524,0.0141509433962264,0.7430555555555556,0.273224043715847
2023-09-28,-0.6002135474614256,2.5063206234960944,17.34000015258789,-0.42275129853210913,0.0,0.050000000000000266,4.717516245819629,-0.038647342995169,-0.0042372881355932,0.6064516129032258,0.2010309278350515
2023-09-29,-0.6633460391606505,-0.40726745702990286,17.520000457763672,-0.04708607074288551,0.0,-0.040000000000000036,4.913242948087606,-0.0346534653465346,-0.0042372881355932,0.6111111111111112,0.2553191489361702
2023-10-02,-0.6633460391606505,2.141136339482408,17.610000610351562,-0.04708607074288551,0.0,0.0,4.712468822276176,-0.03794949081654656,-0.03971763691599887,0.5943853877376629,0.22216574153521718
2023-10-03,-0.29551953045938717,-0.23367472722153337,19.780000686645508,0.09350021570160294,0.0,0.009999999999999787,4.609162207257629,-0.0297619047619047,-0.0305676855895196,0.5793650793650794,0.1513513513513513
2023-10-04,-0.3348786103829049,1.337771930248266,18.57999992370605,-0.18708793613004815,0.0,-0.029999999999999805,5.203731924058169,-0.0656565656565656,-0.0194174757281553,0.7397260273972602,0.1988636363636363
2023-10-05,-0.1045376798357367,-1.3890662255843012,18.489999771118164,-0.44104722171205424,0.0,-0.020000000000000018,3.8709926558701544,-0.0775510204081632,-0.0432692307692307,0.5895522388059702,0.2011494252873563
2023-10-06,0.7458615173471905,1.9171883788155597,17.450000762939453,-0.2731092828867965,0.0,0.0,4.55870731157775,-0.0346534653465346,-0.032258064516129,0.5846153846153846,0.1542553191489361
2023-10-09,0.7458615173471905,-0.42095444753353917,17.700000762939453,-0.2731092828867965,0.0,0.0,5.268562378396628,-0.04977882019209853,-0.0502682780400218,0.7265434171272713,0.1898816424523663
2023-10-10,0.6198645369742017,-1.5870712728062841,17.030000686645508,-0.23594932911441546,0.0,0.0,4.964730961905281,-0.0304878048780487,-0.0666666666666666,0.6341463414634146,0.2205882352941176
2023-10-11,0.6320685606707954,-1.9081220842270596,16.09000015258789,-0.009451581540975695,0.0,0.0,5.2614977684095,0.0,-0.0402930402930402,0.61,0.1651785714285714
2023-10-12,-0.18706079095984762,-0.434538164717857,16.690000534057617,0.7062508777174514,0.0,0.020000000000000018,5.245496590364454,-0.031578947368421,-0.0289256198347107,0.5522388059701493,0.1666666666666666
2023-10-13,3.0607901744664545,0.39380057832314463,19.31999969482422,0.07504158554638707,0.0,0.0,4.073461351305676,-0.0115606936416184,-0.0037735849056603,0.5808823529411765,0.2451923076923076
2023-10-16,3.0607901744664545,2.3954136327086317,17.209999084472656,0.07504158554638707,0.0,0.040000000000000036,5.479930339022074,-0.04488428238428233,-0.03842618128332414,0.6933937483582874,0.19051571198933584
2023-10-17,0.08324968566677526,3.226275521904576,17.8799991607666,0.009414218399417251,0.0,0.03000000000000025,4.582924577040772,-0.052,-0.06,0.5347593582887701,0.1927710843373494
2023-10-18,1.6813236521731945,-0.3080719749686267,19.21999931335449,0.30072355647199345,0.0,0.029999999999999805,4.503469631161752,-0.058252427184466,-0.0921052631578947,0.61875,0.2096774193548387
2023-10-19,0.6677383090401889,1.3724231161472034,21.399999618530277,-0.30072355647199345,0.0,0.050000000000000266,5.633538821267597,-0.0711297071129707,-0.0418848167539267,0.7210884353741497,0.2645161290322581
2023-10-20,0.7137632114180725,3.2985768982552344,21.709999084472656,-0.0847383284442671,0.0,-0.020000000000000018,5.66118807702378,-0.0176991150442477,0.0,0.5517241379310345,0.2577319587628865
2023-10-23,0.7137632114180725,4.33987567885854,20.3700008392334,-0.0847383284442671,0.0,-0.06000000000000005,4.873185121964397,-0.014986514663809033,-0.04007189838348543,0.6395234674019699,0.21787641688886092
2023-10-24,-0.06580360180041822,8.948853039966309,18.96999931335449,0.689295714366267,0.0,-0.010000000000000231,4.380400312929297,-0.0330578512396694,-0.0618181818181818,0.6125,0.1687763713080168
2023-10-25,0.4597000160346809,1.7581001125126505,20.190000534057617,0.24436303684529648,0.0,0.03000000000000025,4.821973681556102,-0.0364583333333333,-0.0246913580246913,0.6363636363636364,0.1822916666666666
2023-10-26,0.1561189672271368,-1.0083818433932024,20.68000030517578,0.06568732533498434,0.0,-0.010000000000000231,3.635214929528243,-0.06282722513089,-0.05,0.671875,0.2226720647773279
2023-10-27,0.07042731011219772,-0.7253169256571823,21.270000457763672,-0.03753135366988403,0.0,0.0,4.501696777511816,-0.0490196078431372,-0.0655021834061135,0.6453900709219859,0.2640449438202247
2023-10-30,0.07042731011219772,1.3678011291441194,19.75,-0.03753135366988403,0.0,0.020000000000000018,4.567814399444322,-0.0259656849252225,-0.04976137127405463,0.6213686579378068,0.27108083655218007
2023-10-31,-0.5525708674736229,0.8428668913268211,18.13999938964844,0.5075684355486665,0.0,-0.020000000000000018,3.746676552840153,-0.0377358490566037,-0.0220588235294117,0.6470588235294118,0.1895734597156398
2023-11-01,-0.322901508803497,2.1952875620689483,16.8700008392334,0.20604445836474028,0.0,-0.009999999999999787,4.882877677292668,-0.0732984293193717,-0.0416666666666666,0.631578947368421,0.1832460732984293
2023-11-02,0.34304981256063627,-1.4181643038138958,15.65999984741211,-0.7136128939134068,0.0,-0.010000000000000231,4.06285389513073,-0.0247524752475247,-0.0585774058577405,0.6623376623376623,0.2061855670103092
2023-11-03,0.2967000466915337,-0.5911206955145687,14.90999984741211,-1.0419778906385346,0.0,-0.009999999999999787,4.276943858220729,-0.0468085106382978,-0.0207468879668049,0.7440476190476191,0.233502538071066
2023-11-06,0.2967000466915337,0.9284761525288232,14.890000343322754,-1.0419778906385346,0.0,0.029999999999999805,5.038920362073775,-0.042920801240355404,-0.06435832318185254,0.7025973351709295,0.28225944838848066
2023-11-07,-0.7496705490809497,1.098609414249374,14.8100004196167,0.30366287481200516,0.0,-0.029999999999999805,4.808845454106903,-0.0186915887850467,-0.0542635658914728,0.5394736842105263,0.2288557213930348
2023-11-08,-0.7809573743291942,0.595552529347465,14.449999809265137,0.04735984838548646,0.0,-0.050000000000000266,4.781976562093936,0.0055555555555555,-0.0278884462151394,0.5503875968992248,0.2755102040816326
2023-11-09,0.648670524396433,2.869223982446556,15.289999961853027,0.30260762970648614,0.0,-0.009999999999999787,4.9608145991123,-0.0656934306569343,-0.0338983050847457,0.6481481481481481,0.1776061776061776
2023-11-10,-1.6218778932181266,1.6778346050335458,14.170000076293944,-0.04722392376468321,0.0,-0.010000000000000231,4.8517177150813176,-0.024,-0.0821917808219178,0.7395833333333334,0.2100840336134453
2023-11-13,-1.6218778932181266,-1.1202041434030363,14.760000228881836,-0.04722392376468321,0.0,-0.009999999999999787,4.654975707523598,-0.05928921112970187,-0.04768856053836817,0.6591050535225292,0.20475493148085377
2023-11-14,0.8343430595057377,-3.7573278371283436,14.15999984741211,-1.4778388046316593,0.0,-0.03000000000000025,5.290486787432848,0.0,-0.0436681222707423,0.671875,0.2666666666666666
2023-11-15,-0.08669641439551512,6.3846199276277105,14.18000030517578,0.26858412241415053,0.0,0.03000000000000025,4.231494400369335,0.0338983050847457,-0.05,0.6992481203007519,0.2604166666666667
2023-11-16,1.2069136779111034,-4.662975619066501,14.31999969482422,-0.01915754255881197,0.0,-0.040000000000000036,5.0054887399433765,-0.0463576158940397,-0.088,0.6134453781512605,0.2780748663101604
2023-11-17,-0.11600298000509213,1.2148746966680335,13.800000190734863,-0.5283676688166317,0.0,0.009999999999999787,5.127410414569336,-0.0695652173913043,-0.0680851063829787,0.5925925925925926,0.2849162011173184
2023-11-20,-0.11600298000509213,1.4999032011346003,13.40999984741211,-0.5283676688166317,0.0,0.020000000000000018,4.339597446531818,-0.01772668416960273,-0.0483578091233593,0.7103384168482206,0.2741092530491776
2023-11-21,1.0862615061766334,-3.662301310246008,13.350000381469728,0.11590373035392787,0.0,-0.04999999999999982,5.688431922151257,-0.0394088669950738,-0.0432692307692307,0.5445544554455446,0.3414634146341463
2023-11-22,-0.3959222486664693,4.4201389467836805,12.850000381469728,0.318059002444393,0.0,0.009999999999999787,4.188896879163323,0.0044444444444444,-0.0657894736842105,0.7513812154696132,0.3163841807909605
2023-11-24,-0.3959222486664693,1.148288092363181,12.460000038146973,0.318059002444393,0.0,0.0,4.550080219670131,-0.0287769784172661,-0.0798122065727699,0.5436893203883495,0.1963190184049079
2023-11-27,-0.3959222486664693,-0.5589620928281747,12.6899995803833,0.318059002444393,0.0,-0.04999999999999982,4.474073921269582,-0.0184523809523809,-0.07918670957542906,0.6441700533689733,0.2804199401421623
2023-11-28,1.3772846290545537,0.8522850890102518,12.6899995803833,-0.43699700998214297,0.0,0.010000000000000231,4.623304756183574,-0.0133333333333333,-0.0564516129032258,0.7028985507246377,0.3005464480874317
2023-11-29,0.3621431258757468,0.07241750284947557,12.979999542236328,0.01945955961080159,0.0,-0.010000000000000231,4.427955566562281,0.0,-0.0301724137931034,0.5555555555555556,0.2760736196319018
2023-11-30,-0.4406156206906431,-0.3857188998471983,12.920000076293944,0.7078163732971099,0.0,0.020000000000000018,4.995318589984363,-0.047945205479452,-0.0772532188841201,0.7254901960784313,0.2011173184357542
2023-12-01,1.601359308208572,2.555073011462916,12.630000114440918,-0.22247275284890122,0.0,-0.009999999999999787,3.647275904258861,-0.0730593607305936,-0.025,0.578125,0.2794117647058823
2023-12-04,1.601359308208572,4.5216511733347176,13.079999923706056,-0.22247275284890122,0.0,-0.010000000000000231,4.32576487754066,-0.02669251429196867,-0.046031005600256664,0.544078300512124,0.19668717639872504
2023-12-05,-0.27704839468052356,8.525550337215648,12.850000381469728,0.3948232364608728,0.0,-0.040000000000000036,5.793531766799809,-0.0380952380952381,-0.0591900311526479,0.7412587412587412,0.1828358208955224
2023-12-06,0.592740683335613,-0.7610515703399656,12.970000267028809,0.09606001883950555,0.0,-0.029999999999999805,4.478699521934143,-0.0133333333333333,-0.0586080586080586,0.7083333333333334,0.2236286919831223
2023-12-07,-0.02955253604053354,-1.0427160036986294,13.0600004196167,-0.5874162041749287,0.0,0.029999999999999805,4.299324142908639,0.0061728395061728,-0.0542635658914728,0.6410256410256411,0.2358974358974359
2023-12-08,-1.5689699243871758,1.9985683234800433,12.350000381469728,0.4529048587731843,0.0,0.040000000000000036,4.169297415458502,-0.0576923076923076,-0.0452674897119341,0.7058823529411765,0.25
2023-12-11,-1.5689699243871758,-2.8712393967740724,12.630000114440918,0.4529048587731843,0.0,-0.020000000000000018,4.856706811803519,-0.03047124136126157,-0.03942337304235053,0.6268205308902983,0.21750683806809004
2023-12-12,-0.010109265866642403,-3.476323548311022,12.06999969482422,-0.221181728088915,0.0,-0.029999999999999805,3.609565647394211,-0.057471264367816,-0.065891472868217,0.6737588652482269,0.2072072072072072
2023-12-13,0.22726708042304367,3.4162749571038376,12.1899995803833,-0.9674061839733739,0.0,0.0,4.562053894914463,-0.0709677419354838,-0.0704225352112676,0.6521739130434783,0.2314814814814814
2023-12-14,2.38764749712157,0.3101461159202401,12.479999542236328,-0.8885511313846628,0.0,0.06000000000000005,4.499031589926425,0.0,-0.0431372549019607,0.6285714285714286,0.248730964467005
2023-12-15,-0.44923807443044694,-2.57616788095838,12.279999732971191,0.5769943748484607,0.0,0.0,4.117409835153096,-0.0284090909090909,-0.0508474576271186,0.7033898305084746,0.2659574468085106
2023-12-18,-0.44923807443044694,0.348425927442797,12.5600004196167,0.5769943748484607,0.0,-0.010000000000000231,4.9211238247816675,-0.029155699237871202,-0.05688027113166869,0.637995137995138,0.31804643539739247
2023-12-19,0.5953704386447711,0.4610045659433126,12.529999732971191,-0.3322300952864232,0.0,-0.020000000000000018,6.449474665879913,0.0,-0.0725190839694656,0.6210526315789474,0.3047619047619048
2023-12-20,-0.1915109913170454,3.216473724475044,13.670000076293944,0.2346325164954699,0.0,0.0,4.241182857326236,-0.0069930069930069,-0.0728155339805825,0.5740740740740741,0.3148148148148148
2023-12-21,0.2258433605997645,0.4956565640048538,13.649999618530272,-0.5581481556929724,0.0,0.0,4.564244019375446,-0.0673575129533678,-0.0730593607305936,0.6277372262773723,0.28
2023-12-22,0.8788749383461969,0.2930565787194084,13.029999732971191,-0.13756452426481047,0.0,0.0,3.9516282600205055,-0.0474452554744525,-0.0154440154440154,0.6514285714285715,0.3398058252427184
2023-12-26,0.8788749383461969,-2.1771058497403573,12.989999771118164,-0.13756452426481047,0.0,-0.009999999999999787,4.711150509525323,-0.0316742081447963,-0.00418410041841,0.7655172413793103,0.18
2023-12-27,1.144910069616678,2.146239120433968,12.43000030517578,-0.474171943560453,0.0,-0.03000000000000025,4.981686972140363,-0.0382165605095541,-0.0112781954887218,0.7094017094017094,0.2083333333333333
2023-12-28,-0.38500458433423645,-1.893848326303349,12.470000267028809,0.23737078865355699,0.0,0.010000000000000231,5.12746973182771,-0.0175438596491228,-0.0928270042194092,0.5950413223140496,0.2742857142857143
2023-12-29,-0.5560539696971567,-1.2474379352008569,12.449999809265137,0.09873467583290108,0.0,0.0,4.677955855713739,-0.0384615384615384,-0.0745098039215686,0.5892857142857143,0.3737864077669903
2024-01-02,-0.5560539696971567,4.771576179103043,13.199999809265137,0.09873467583290108,0.0,0.04999999999999982,4.931375613110624,-0.0140845070422535,-0.0451388888888888,0.7572815533980582,0.2435897435897435
2024-01-03,-1.4736982781769825,-4.806495357875562,14.039999961853027,0.25408216666349404,0.0,-0.009999999999999787,5.090431817622808,-0.0710382513661202,-0.0637583892617449,0.6690140845070423,0.2432432432432432
2024-01-04,0.3974050443616761,3.060735771828682,14.130000114440918,-0.0390481419092481,0.0,0.020000000000000018,4.777862193806203,-0.0153061224489795,-0.0669144981412639,0.5985401459854015,0.2938388625592417
2024-01-05,0.004895124937753792,-0.03900828451524063,13.350000381469728,-0.00975883098623953,0.0,0.0,4.668051084027292,-0.0073529411764705,-0.0406779661016949,0.7291666666666666,0.2490118577075099
2024-01-08,0.004895124937753792,1.8061860469842372,13.079999923706056,-0.00975883098623953,0.0,0.0,4.637443746538387,-0.006802721088435367,-0.05205840808124013,0.6884911384911385,0.24706346768846763
2024-01-09,-0.009866823194570884,2.5732203851307034,12.760000228881836,0.35159779603590735,0.0,0.0,6.9337933275309105,0.0042918454935622,-0.0845588235294117,0.6865671641791045,0.2543859649122807
2024-01-10,-0.23221142671951966,1.052203275194863,12.6899995803833,-0.20494720896451213,0.0,0.0,4.298645025734831,0.0,-0.0749185667752443,0.5982142857142857,0.3015267175572519
2024-01-11,-0.3666952743148322,-0.5574241147522585,12.4399995803833,-0.0684091835155165,0.0,0.0,4.04305126783455,-0.0175438596491228,-0.0236966824644549,0.7293233082706767,0.2880434782608695
2024-01-12,1.595695140328246,-7.884262883299442,12.699999809265137,0.10748020873414532,0.0,0.04999999999999982,4.341855469984605,-0.0124223602484472,-0.0542372881355932,0.6583333333333333,0.4126984126984127
2024-01-16,1.595695140328246,1.8036930515743066,13.84000015258789,0.10748020873414532,0.0,0.029999999999999805,5.515000091600009,0.0111111111111111,-0.0044843049327354,0.7479674796747967,0.3413173652694611
2024-01-17,-1.1617081726108758,-0.9599712825862028,14.789999961853027,0.08703287523221803,0.0,0.0,4.247923650150401,-0.010204081632653,-0.036036036036036,0.6511627906976745,0.3832335329341317
2024-01-18,0.7957865627687077,-3.5253906004379942,14.130000114440918,0.08696456242951456,0.0,0.040000000000000036,4.799173247555884,-0.0170454545454545,-0.0703125,0.7076923076923077,0.2408376963350785
2024-01-19,0.3905977358156676,0.8599127738074586,13.300000190734863,-0.2417445433811949,0.0,0.0,4.992878572506997,-0.0125786163522012,-0.1142857142857142,0.7722772277227723,0.3108108108108108
2024-01-22,0.3905977358156676,-1.7259759726837132,13.1899995803833,-0.2417445433811949,0.0,-0.029999999999999805,4.829246635350902,-0.019254534926931233,-0.0542201149629185,0.7678281240507867,0.2894918924440738
2024-01-23,0.19289741822801076,-2.6272017767507094,12.550000190734863,0.28026199462152235,0.0,-0.020000000000000018,4.271374364570287,0.048,-0.0745098039215686,0.776595744680851,0.2201834862385321
2024-01-24,-0.48543422138758174,0.5793705727986875,13.140000343322754,-0.3674033734409221,0.0,0.009999999999999787,4.5209186335405,0.0,-0.0477941176470588,0.5886524822695035,0.2672413793103448
2024-01-25,0.1488538512253612,-0.35811572894939303,13.449999809265137,0.3191355495697046,0.0,-0.009999999999999787,4.741185989905534,-0.0068493150684931,-0.0439024390243902,0.7058823529411765,0.2974683544303797
2024-01-26,-0.004957016344508958,4.607657449481728,13.260000228881836,-0.0965982239709895,0.0,0.009999999999999787,4.446057214331018,0.005050505050505,-0.0393700787401574,0.6595744680851063,0.208955223880597
2024-01-29,-0.004957016344508958,1.5764063407699425,13.600000381469728,-0.0965982239709895,0.0,0.0,4.899480244730094,-0.016670730305611364,-0.048479234213370366,0.6863181504485852,0.25088217105023825
2024-01-30,0.3105999442301055,1.1033464177367946,13.3100004196167,-0.20288793231379998,0.0,-0.040000000000000036,4.971686543957681,0.0,-0.027027027027027,0.6774193548387096,0.3165829145728643
2024-01-31,0.8284516486208204,-0.8651552809046947,14.350000381469728,-0.12580916544440157,0.0,0.0,4.403788126455394,-0.0337837837837837,-0.0653061224489796,0.5714285714285714,0.3541666666666667
2024-02-01,0.22431851049438123,1.1514890294240132,13.880000114440918,-0.21325482261262962,0.0,-0.06999999999999984,4.584865432647727,-0.0271739130434782,-0.0429184549356223,0.6818181818181818,0.3430232558139535
2024-02-02,-0.8265936631712378,0.25523745302447054,13.850000381469728,0.8407017791687288,0.0,0.020000000000000018,4.0098754055956505,-0.0494505494505494,-0.0214592274678111,0.5655737704918032,0.3707865168539326
2024-02-05,-0.8265936631712378,-1.026478200465064,13.670000076293944,0.8407017791687288,0.0,0.06000000000000005,5.152482018324492,-0.03315861863871223,-0.05890787977902314,0.6741058024278873,0.2698772798311682
2024-02-06,0.43347927263059916,0.7918962524101403,13.0600004196167,-0.258828353881313,0.0,-0.029999999999999805,4.694553747122777,-0.0576923076923076,-0.0678733031674208,0.78,0.2529411764705882
2024-02-07,0.034398171225102914,2.8228646210280317,12.829999923706056,-0.1344725866143648,0.0,-0.010000000000000231,5.1849806812090335,-0.0212765957446808,-0.0863636363636363,0.7586206896551724,0.3114754098360656
2024-02-08,-0.14751441294391654,2.1945671282114887,12.789999961853027,0.10567329775481582,0.0,0.010000000000000231,5.035132765696643,0.0059523809523809,-0.0700389105058365,0.6842105263157895,0.2437810945273631
2024-02-09,-0.43890601064937584,3.9932995408411998,12.93000030517578,-0.06723305607501118,0.0,0.009999999999999787,4.213755901102586,-0.0443349753694581,-0.0182481751824817,0.6747967479674797,0.21875
2024-02-12,-0.43890601064937584,3.1880111420235835,13.93000030517578,-0.06723305607501118,0.0,-0.009999999999999787,5.089939267434301,0.010667349377026765,-0.03576330682713657,0.6853004115226337,0.24307765537875692
2024-02-13,-1.2615124246704745,2.170380330494659,15.850000381469728,0.7555154054353252,0.0,0.04999999999999982,5.210687616587062,-0.0516431924882629,-0.0856269113149847,0.6408450704225352,0.2583025830258302
2024-02-14,-0.13054709316033808,4.104684951040838,14.380000114440918,-0.22891832146747504,0.0,0.009999999999999787,4.465103197090973,-0.0311111111111111,-0.0310344827586206,0.7142857142857143,0.2190082644628099
2024-02-15,0.5911211825203821,0.2156009229107525,14.010000228881836,-0.4018741992323882,0.0,0.0,4.419201988273939,-0.0510204081632653,-0.0215827338129496,0.6384615384615384,0.252212389380531
2024-02-16,0.468409490641708,0.4258432609761442,14.239999771118164,-0.019181390686195954,0.0,0.03000000000000025,4.065945087700403,0.0,-0.0275590551181102,0.618421052631579,0.200956937799043
2024-02-20,0.468409490641708,0.8257779071580984,15.420000076293944,-0.019181390686195954,0.0,-0.010000000000000231,5.010301905195018,-0.0168539325842696,-0.0705882352941176,0.5815602836879432,0.2415458937198067
2024-02-21,-0.2568005317217903,-0.8560904315229934,15.34000015258789,-0.06727828932673319,0.0,0.020000000000000018,4.714203947012214,0.0056497175141242,-0.0725806451612903,0.5089285714285714,0.2821782178217821
2024-02-22,-0.12865403339379355,-1.0358547640015203,14.539999961853027,-0.04808679369903146,0.0,-0.029999999999999805,4.252629541187814,0.0,-0.0375,0.5595238095238095,0.3459459459459459
2024-02-23,0.9314324420003572,-1.1231806115512555,13.75,-0.019236789784748964,0.0,-0.010000000000000231,4.763113664054046,-0.0737704918032786,-0.0502092050209205,0.5070422535211268,0.2874251497005988
2024-02-26,0.9314324420003572,3.632970002036373,13.739999771118164,-0.019236789784748964,0.0,0.010000000000000231,4.960744524482791,-0.021013464102894966,-0.0284201318903945,0.6748675805604694,0.25410196241639754
2024-02-27,0.27076939620034324,8.166231157550996,13.43000030517578,0.0,0.0,0.009999999999999787,4.765501724890431,-0.0522875816993464,-0.0577507598784194,0.7454545454545455,0.2392857142857143
2024-02-28,-0.04917629801584056,9.069529297704193,13.84000015258789,0.1443641289501585,0.0,0.010000000000000231,4.964172419685915,-0.0192307692307692,-0.074074074074074,0.6890756302521008,0.1604938271604938
2024-02-29,0.6227470697706572,-2.1122414270019263,13.399999618530272,0.17296083787732286,0.0,0.0,4.662117466429842,-0.0254777070063694,-0.0265780730897009,0.5511811023622047,0.1918367346938775
2024-03-01,1.993965913984308,2.009546578842425,13.109999656677246,-0.28843693259101855,0.0,-0.010000000000000231,4.070564033556697,-0.0108695652173913,-0.0374149659863945,0.5895522388059702,0.2851239669421487
2024-03-04,1.993965913984308,3.2591788513373743,13.489999771118164,-0.28843693259101855,0.0,0.020000000000000018,4.741244176801862,-0.016679280609381435,-0.041984058643896205,0.6083144811051998,0.23696322028428143
2024-03-05,0.743325261566774,-1.1036032132365037,14.460000038146973,-0.028896381833209972,0.0,-0.020000000000000018,4.58751525074937,-0.0807453416149068,-0.0477707006369426,0.5849056603773585,0.2285714285714285
2024-03-06,0.7843566350875797,3.5499700200865902,14.5,-0.4151188981360576,0.0,-0.020000000000000018,4.681482868837255,-0.0153846153846153,-0.0221518987341772,0.6691176470588235,0.1762589928057553
2024-03-07,0.35744768391499093,1.2308140052516237,14.4399995803833,-0.5334927491491115,0.0,-0.020000000000000018,4.037950562025936,-0.0239520958083832,-0.0816326530612244,0.5409836065573771,0.1991525423728813
2024-03-08,0.9500646655496325,2.033131223698703,14.739999771118164,-0.07783794127664834,0.0,0.0,3.6016862424115588,-0.0378378378378378,-0.0409556313993174,0.5789473684210527,0.1614173228346456
2024-03-11,0.9500646655496325,2.2880643861418193,15.220000267028809,-0.07783794127664834,0.0,-0.009999999999999787,5.3161900280826675,-0.04060892898335056,-0.04395104447007556,0.6578797215565445,0.23130909147018727
2024-03-12,-1.017766419787769,2.2643940961206255,13.84000015258789,0.08744725533214037,0.0,0.029999999999999805,4.651003602331263,-0.025,-0.0449438202247191,0.6935483870967742,0.2663551401869158
2024-03-13,0.6919166252700393,2.2166899064075096,13.75,-0.16524734641976124,0.0,0.0,5.069909985558728,-0.0384615384615384,-0.0036630036630036,0.7155172413793104,0.273542600896861
2024-03-14,-0.5716363815521319,-2.335246145838177,14.399999618530272,0.5529965007790238,0.0,0.0,4.243913332544247,-0.0054054054054054,-0.030716723549488,0.7391304347826086,0.2687224669603524
2024-03-15,-0.2638684542595193,-2.8308923292000188,14.40999984741211,0.06770124008701472,0.0,0.020000000000000018,5.20142092930234,-0.0642857142857142,-0.0378006872852233,0.6831683168316832,0.2113821138211382
2024-03-18,-0.2638684542595193,-3.3984065903382543,14.329999923706056,0.06770124008701472,0.0,-0.009999999999999787,4.967495801435638,-0.0260341942493771,-0.04316056023052184,0.6919852071448891,0.2704553905929617
2024-03-19,-0.20384080923117054,-8.023065800968077,13.81999969482422,0.2218003013697789,0.0,-0.010000000000000231,4.521353699894981,-0.03862660944206,-0.0727969348659003,0.6060606060606061,0.2589285714285714
2024-03-20,0.07416687251717846,9.25108529687737,13.039999961853027,-0.38605770767521363,0.0,0.010000000000000231,5.30831720112637,-0.0109289617486338,-0.0569620253164556,0.6504065040650406,0.25
2024-03-21,1.1289662615765472,-3.6318674226214043,12.920000076293944,0.5689194530996033,0.0,0.029999999999999805,4.351438552905858,-0.0170212765957446,-0.0622568093385214,0.6441717791411042,0.2783018867924528
2024-03-22,-1.1196893703512067,-2.6498446652158947,13.0600004196167,0.41260942723848615,0.0,0.010000000000000231,4.291144138196708,-0.0347826086956521,-0.0555555555555555,0.5849056603773585,0.235576923076923
2024-03-25,-1.1196893703512067,5.054115718562535,13.1899995803833,0.41260942723848615,0.0,-0.020000000000000018,4.670989137025309,-0.0397295935505542,-0.052544559884493865,0.75706726504992,0.2892401369236351
2024-03-26,0.03678047123045758,4.236005093189732,13.239999771118164,0.05754609535788546,0.0,-0.010000000000000231,4.448984102798763,-0.0268817204301075,-0.0892193308550185,0.589041095890411,0.3054187192118227
2024-03-27,0.6870990033479352,-0.7637444542950789,12.779999732971191,0.05751299887180039,0.0,0.0,4.583946549536464,-0.0225225225225225,-0.05,0.6407185628742516,0.3005181347150259
2024-03-28,1.215977082804276,1.8397189971880223,13.010000228881836,0.1914836163591893,0.0,0.0,4.082777925850635,-0.0511811023622047,-0.0858369098712446,0.7239263803680982,0.3352601156069364
2024-04-01,1.215977082804276,0.47702924939070357,13.649999618530272,0.1914836163591893,0.0,0.03000000000000025,4.434025929784262,-0.038898304198181764,-0.0211704040117324,0.7035015874622882,0.2609780817169113
2024-04-02,1.0895049405067248,-7.049309754943067,14.609999656677246,-0.19061857824116402,0.0,0.009999999999999787,4.16418152181088,-0.0467289719626168,-0.0622710622710622,0.6538461538461539,0.2532751091703056
2024-04-03,1.466413556445989,0.8123743073319645,14.329999923706056,-0.5452729783682386,0.0,0.0,4.466137977292534,-0.1011673151750972,-0.0681818181818181,0.546583850931677,0.2801932367149758
2024-04-04,-0.24436447730247224,3.759886271186197,16.350000381469727,-0.12477541735407272,0.0,-0.020000000000000018,4.380024632003209,0.0044444444444444,-0.0398406374501992,0.5034965034965035,0.2631578947368421
2024-04-05,1.5993363911781522,-0.9845630418288565,16.030000686645508,0.1727284760779213,0.0,0.03000000000000025,4.188138441508461,-0.0873362445414847,-0.0330578512396694,0.5642857142857143,0.2444444444444444
2024-04-08,1.5993363911781522,3.0854194599177376,15.1899995803833,0.1727284760779213,0.0,0.009999999999999787,5.15490878325268,-0.0544255755445271,-0.0461489141234634,0.6775365272560011,0.2580644001204749
2024-04-09,0.5047944048811814,-1.185220997975378,14.979999542236328,0.009604048388478503,0.0,-0.020000000000000018,4.848116364598481,-0.0604838709677419,-0.0963455149501661,0.732484076433121,0.2550607287449393
2024-04-10,-0.5948917440644408,2.0739301242535646,15.800000190734863,1.050629020472904,0.0,0.040000000000000036,4.900225012769285,-0.0743801652892562,-0.0304182509505703,0.6054421768707483,0.2811059907834101
2024-04-11,1.075919796756164,-0.7497782584511725,14.90999984741211,0.028498341969118712,0.0,0.0,4.756860699228524,-0.0276497695852534,-0.0543478260869565,0.8028169014084507,0.3532110091743119
2024-04-12,0.05943121990892308,-4.174897018143575,17.309999465942383,0.7192934072434376,0.0,-0.009999999999999787,5.102180820720354,-0.0547945205479452,-0.0674846625766871,0.5652173913043478,0.2364341085271318
2024-04-15,0.05943121990892308,-4.360426139244922,19.229999542236328,0.7192934072434376,0.0,0.040000000000000036,5.268596717876732,-0.04407282841239649,-0.07719917213403626,0.5521627059860233,0.1904396887005582
2024-04-16,1.0511806622644393,-0.8068366147105266,18.399999618530277,0.0470683413127837,0.0,0.0,5.3230099791384085,-0.0233463035019455,-0.0974729241877256,0.5882352941176471,0.3127753303964757
2024-04-17,-0.8021081390408469,-4.053958534994528,18.209999084472656,-0.2921685216049852,0.0,-0.040000000000000036,4.498252903642014,-0.0427807486631016,-0.0648854961832061,0.703125,0.2285714285714285
2024-04-18,0.4459451082454713,3.5841202086146495,18.0,0.18859466134539815,0.0,0.009999999999999787,4.290459441148391,-0.027906976744186,-0.0727272727272727,0.7467532467532467,0.2465753424657534
2024-04-19,0.6735379565596666,0.5195142876912584,18.709999084472656,0.0,0.0,0.010000000000000231,4.242045918369452,-0.0173160173160173,-0.0727272727272727,0.7094594594594594,0.2432432432432432
2024-04-22,0.6735379565596666,2.6930272208119277,16.940000534057617,0.0,0.0,0.0,4.599051504979914,-0.02237818332368863,-0.0827746777235268,0.6928071928071927,0.325345929317409
2024-04-23,-0.19313725586949104,1.2440440471179315,15.6899995803833,-0.368323957768002,0.0,0.0,3.925531355452938,-0.0195121951219512,-0.0164609053497942,0.7371794871794872,0.2786885245901639
2024-04-24,-0.13756724603899428,-3.260630131627096,15.970000267028809,0.16071680745444183,0.0,0.0,4.635990328327978,-0.0219780219780219,-0.0355731225296442,0.7092198581560284,0.2964824120603015
2024-04-25,0.22774857931127102,0.31812827691908296,15.369999885559082,-0.24591153729396353,0.0,0.009999999999999787,5.432717132027692,-0.0161290322580645,-0.0362903225806451,0.7348484848484849,0.3507853403141361
2024-04-26,0.21438073190775953,-1.132893521901579,15.029999732971191,0.3214562339008964,0.0,0.010000000000000231,4.269277781231888,-0.0303030303030303,-0.0165289256198347,0.6422764227642277,0.3103448275862069
2024-04-29,0.21438073190775953,-0.46770341460327103,14.670000076293944,0.3214562339008964,0.0,-0.020000000000000018,4.381234654473673,-0.035478952611167604,-0.057522514019953064,0.7042991491267353,0.30356588211800845
2024-04-30,-2.3292979548680037,-4.547271802946362,15.649999618530272,0.604344974818094,0.0,0.0,4.717426868333759,-0.028735632183908,-0.08,0.6788990825688074,0.2701421800947867
2024-05-01,0.3702659409149156,-4.008992348065732,15.390000343322754,-0.4340030184241783,0.0,-0.03000000000000025,3.9562312600924665,-0.0292397660818713,-0.0699300699300699,0.5982905982905983,0.1271186440677966
2024-05-02,-0.030438616232419946,1.4814392549697075,14.68000030517578,-0.4358948180741784,0.0,-0.009999999999999787,4.388257184424518,-0.055,-0.0859106529209622,0.5967741935483871,0.2343096234309623
2024-05-03,-0.008696932457219475,6.17572064982479,13.489999771118164,-0.2567436109225163,0.0,-0.020000000000000018,4.020339148911605,-0.0219780219780219,-0.048,0.6811594202898551,0.2204301075268817
2024-05-06,-0.008696932457219475,1.2719176286653422,13.489999771118164,-0.2567436109225163,0.0,0.0,4.555944927178713,-0.0292054489420661,-0.05895103927738124,0.6702024895313485,0.29489698651339685
2024-05-07,-0.27605894071447423,-2.158361560001154,13.229999542236328,0.34210866671360307,0.0,-0.03000000000000025,3.6615082573178044,-0.0055865921787709,-0.0702479338842975,0.5350877192982456,0.28125
2024-05-08,-0.0691260612883049,-1.8569986258492932,13.0,0.13272601985692134,0.0,-0.009999999999999787,3.581572601125427,-0.043103448275862,-0.0753968253968253,0.781021897810219,0.3015873015873015
2024-05-09,0.7964395898362397,2.9977308604179242,12.6899995803833,-0.3036340553602912,0.0,0.009999999999999787,3.942358205224219,-0.0319148936170212,-0.0698689956331877,0.8194444444444444,0.3333333333333333
2024-05-10,1.4980894748722662,-3.645645463548952,12.550000190734863,0.07598955558245635,0.0,0.020000000000000018,4.635505385784164,-0.0454545454545454,-0.1072961373390558,0.616,0.2848837209302325
2024-05-13,1.4980894748722662,1.5048218556668047,13.600000381469728,0.07598955558245635,0.0,-0.009999999999999787,5.202191854450653,-0.010622136770395666,-0.07701324677027997,0.685151910701432,0.3095029239766082
2024-05-14,0.7378135479852332,-0.262404141082051,13.420000076293944,-0.1997803843080348,0.0,0.0,4.906681196376314,-0.0228571428571428,-0.0909090909090909,0.5739130434782609,0.3263157894736842
2024-05-15,1.4888214910603992,7.380429766149987,12.449999809265137,-0.6304985160508814,0.0,-0.020000000000000018,4.568609930676289,-0.0276497695852534,-0.0705394190871369,0.5579710144927537,0.2842105263157894
2024-05-16,-0.36487767790971404,-1.5755724397152449,12.420000076293944,0.10535953432624368,0.0,0.0,4.01041932728434,-0.0200803212851405,-0.0809716599190283,0.6932515337423313,0.3181818181818182
2024-05-17,1.3438686241467934,2.752283490504759,11.989999771118164,-0.009575545859963341,0.0,0.009999999999999787,3.9943400479173596,-0.0871369294605809,-0.0420560747663551,0.4776119402985074,0.391025641025641
2024-05-20,1.3438686241467934,1.7307200002781187,12.149999618530272,-0.009575545859963341,0.0,0.010000000000000231,4.874306341152774,-0.039974169974169936,-0.04611212236484563,0.6925691039565769,0.2755523386424627
2024-05-21,-0.502511624205848,2.7670015281712423,11.859999656677246,0.08603352424856325,0.0,-0.010000000000000231,4.131319165013462,-0.072,-0.0662251655629139,0.6962025316455697,0.2478260869565217
2024-05-22,-1.351119128257583,-1.4565869510185792,12.289999961853027,0.2671745588751939,0.0,0.010000000000000231,4.0100567456995115,-0.0204081632653061,-0.0158730158730158,0.6941176470588235,0.1904761904761904
2024-05-23,-2.2946670318134466,-1.7406596587758116,12.770000457763672,0.16186451187039097,0.0,-0.03000000000000025,4.3463994570307305,-0.038647342995169,-0.0452830188679245,0.7073170731707317,0.2095238095238095
2024-05-24,-0.10712373814989462,0.874339466804841,11.93000030517578,-0.3717293383578735,0.0,0.020000000000000018,5.032005319832448,-0.0688073394495412,-0.0505415162454873,0.7051282051282052,0.3179723502304147
2024-05-28,-0.10712373814989462,-1.1114501690485667,12.920000076293944,-0.3717293383578735,0.0,0.020000000000000018,4.0421736898931915,0.0290697674418604,-0.0474137931034482,0.631578947368421,0.3058823529411765
2024-05-29,-0.6346481676083648,-1.057052909384737,14.279999732971191,0.4673108174339191,0.0,0.020000000000000018,4.812346943780222,-0.0220994475138121,-0.0368663594470046,0.610738255033557,0.3311688311688311
2024-05-30,0.11102894643872929,1.1577009906272195,14.470000267028809,-0.36221301060788136,0.0,0.0,4.530231099323598,-0.0194174757281553,-0.0181818181818181,0.6781609195402298,0.25
2024-05-31,-0.8573073570683043,-1.2860492770807141,12.920000076293944,-0.0477606885276316,0.0,-0.009999999999999787,4.282206299391671,0.0268456375838926,-0.032520325203252,0.5803571428571429,0.2513368983957219
2024-06-03,-0.8573073570683043,0.8797267959902655,13.109999656677246,-0.0477606885276316,0.0,-0.020000000000000018,4.724256076264394,-0.04393845806080133,-0.06566891133557799,0.6075192677279115,0.29498248744382766
2024-06-04,-0.9032443941432433,3.5775804012530443,13.15999984741211,-0.02881035246513619,0.0,-0.020000000000000018,4.216562194946349,0.0216216216216216,-0.0434782608695652,0.564625850340136,0.1891891891891892
2024-06-05,1.2223460620860216,0.7272217816602478,12.630000114440918,0.15356182576500288,0.0,-0.010000000000000231,3.564449375735759,-0.0061349693251533,0.0,0.6888888888888889,0.34
2024-06-06,0.6858019711762253,-0.45918902720174515,12.579999923706056,-0.16316956437716357,0.0,-0.020000000000000018,4.383899879055562,-0.0654761904761904,-0.0617283950617283,0.6511627906976745,0.2758620689655172
2024-06-07,-2.7849130615993367,-2.0194557079891595,12.220000267028809,0.7560215191439568,0.0,0.020000000000000018,4.018003328965378,-0.0962566844919786,-0.0669144981412639,0.5238095238095238,0.1776649746192893
2024-06-10,-2.7849130615993367,0.21046614348367854,12.739999771118164,0.7560215191439568,0.0,0.010000000000000231,4.530913484826041,-0.06401287833055166,-0.054641950824216766,0.6647219463753724,0.23889297122970307
2024-06-11,-0.008664897474286448,-3.1527823911055464,12.850000381469728,0.07605459934802994,0.0,-0.040000000000000036,4.082946517269732,-0.0434782608695652,-0.0866141732283464,0.6696428571428571,0.1886792452830188
2024-06-12,1.227537757111108,1.3412234174300153,12.039999961853027,-0.5526999180847092,0.0,-0.04999999999999982,4.6076670661866785,-0.019108280254777,-0.0571428571428571,0.5508474576271186,0.3032258064516129
2024-06-13,-1.5444010517410511,-2.199815542116035,11.9399995803833,0.5241807821713351,0.0,-0.010000000000000231,4.545526333060576,-0.015267175572519,-0.0944206008583691,0.6521739130434783,0.3064516129032258
2024-06-14,1.3472849167638579,-1.122733440538859,12.65999984741211,0.33215319127366527,0.0,-0.040000000000000036,4.487737089095996,-0.0523560209424083,-0.086021505376344,0.6854838709677419,0.2096069868995633
2024-06-17,1.3472849167638579,0.6478194334713194,12.75,0.33215319127366527,0.0,0.050000000000000266,4.072212557364651,-0.03050629813398077,-0.0565251096987153,0.6516659645771843,0.28473811123400666
2024-06-18,0.7753980763100188,-1.9750755878913395,12.300000190734863,-0.056983151007194977,0.0,-0.010000000000000231,4.2781927309286685,-0.0873015873015873,-0.0823529411764705,0.6761904761904762,0.2087378640776699
2024-06-20,0.7753980763100188,-0.2028534277712879,13.279999732971191,-0.056983151007194977,0.0,0.040000000000000036,4.499142781342561,-0.005,-0.0745614035087719,0.7162162162162162,0.3370786516853932
2024-06-21,-1.6016849994939797,-1.1362664075990736,13.199999809265137,0.1986913132718371,0.0,-0.020000000000000018,4.332705079341171,-0.015,-0.056,0.722972972972973,0.3440860215053763
2024-06-24,-1.6016849994939797,-2.40949339826404,13.329999923706056,0.1986913132718371,0.0,-0.009999999999999787,4.907987146024142,-0.0074395819198086995,-0.077874452272012,0.6384923755865036,0.23150290384332936
2024-06-25,-0.5767631906511639,-1.2311680962836746,12.84000015258789,0.1326505675220524,0.0,0.0,3.907613296939446,-0.0138888888888888,-0.0226415094339622,0.6050420168067226,0.1611374407582938
2024-06-26,-0.7539420565480626,-1.6203198264060248,12.550000190734863,0.4157640249605521,0.0,0.03999999999999959,4.203049479130317,0.0069930069930069,-0.0661478599221789,0.6982758620689655,0.2786069651741293
2024-06-27,1.0943747042885477,1.296454786345791,12.239999771118164,-0.13209983541484505,0.0,0.0,4.487624622133048,-0.0394736842105263,-0.074074074074074,0.7258064516129032,0.2980769230769231
2024-06-28,0.13756724603899428,-2.107381200861269,12.4399995803833,-0.03777591348805842,0.0,0.020000000000000018,4.032114485685967,0.0064935064935064,-0.0696517412935323,0.5826086956521739,0.1843971631205673
2024-07-01,0.13756724603899428,2.9711320259794505,12.220000267028809,-0.03777591348805842,0.0,0.040000000000000036,5.133973242984735,-0.0235556588226688,-0.0438353234963404,0.7099652140303411,0.25556323587445734
2024-07-02,-0.19782819678741959,-0.1775040992763266,12.029999732971191,-0.17011657333814156,0.0,-0.020000000000000018,3.724487881581304,-0.0236220472440944,-0.0215827338129496,0.6538461538461539,0.3008849557522124
2024-07-03,1.5717436587046052,-3.036320250661717,12.09000015258789,-0.3031450698364857,0.0,-0.029999999999999805,4.074481933125849,-0.029585798816568,-0.0737179487179487,0.6095238095238096,0.1764705882352941
2024-07-05,1.5717436587046052,-0.5549607840752202,12.479999542236328,-0.3031450698364857,0.0,0.009999999999999787,6.657946858958438,-0.038647342995169,-0.1268882175226586,0.7049180327868853,0.1218637992831541
2024-07-08,1.5717436587046052,0.5108617209987898,12.369999885559082,-0.3031450698364857,0.0,-0.009999999999999787,5.157636668913157,-0.018817204301075235,-0.07774564814168076,0.6935191701201554,0.17773091852933334
2024-07-09,0.20784035788130595,1.8383049128583906,12.510000228881836,0.10469768033471993,0.0,-0.010000000000000231,4.451202822690664,-0.0714285714285714,-0.0725190839694656,0.7922077922077922,0.3039215686274509
2024-07-10,0.5113741630379032,-0.46086733698462723,12.850000381469728,-0.06661245228283263,0.0,0.010000000000000231,5.20893955539682,-0.03125,-0.0697674418604651,0.6796116504854369,0.1924882629107981
2024-07-11,1.7881513074974542,-0.6909245978269141,12.920000076293944,-0.5823689134446752,0.0,-0.020000000000000018,3.3867603338643857,-0.032520325203252,-0.0472440944881889,0.5681818181818182,0.1686746987951807
2024-07-12,-0.041416442919572916,0.9623984558103871,12.460000038146973,-0.33568928618565863,0.0,-0.009999999999999787,4.6958332208853335,-0.0192307692307692,-0.0489510489510489,0.5510204081632653,0.2694063926940639
2024-07-15,-0.041416442919572916,6.244007389236472,13.119999885559082,-0.33568928618565863,0.0,0.029999999999999805,5.225782515364789,-0.021908509591736302,-0.0245328384863268,0.7051185251147212,0.19524424756982892
2024-07-16,1.6171314917782453,5.473252979087739,13.1899995803833,0.07674777505330965,0.0,-0.010000000000000231,4.573163389853005,-0.0179372197309417,-0.060931899641577,0.4567901234567901,0.2206572769953051
2024-07-17,-0.30911330198239995,-1.5143242454824346,14.479999542236328,-0.4999497496068095,0.0,0.0,4.862753810615839,-0.0212765957446808,-0.0714285714285714,0.5912408759124088,0.2067039106145251
2024-07-18,-0.12228428297103022,-0.22597141603526438,15.93000030517578,0.4040003307986595,0.0,0.050000000000000266,5.931820694180467,-0.0497737556561085,-0.0956521739130434,0.7142857142857143,0.2594936708860759
2024-07-19,-2.323049125293153,4.1879420109635745,16.520000457763672,0.2205527645442018,0.0,0.009999999999999787,4.485936098064394,-0.0136986301369863,-0.1044176706827309,0.584070796460177,0.1734104046242774
2024-07-22,-2.323049125293153,1.3760613910109853,14.90999984741211,0.2205527645442018,0.0,-0.020000000000000018,4.778675213377473,-0.015414729630535834,-0.061541042799366306,0.6574161555912604,0.2026350313227764
2024-07-23,0.5253774082549789,-2.55595624280307,14.720000267028809,0.1341247502585574,0.0,-0.009999999999999787,4.9537827158367795,-0.0059880239520958,-0.0622222222222222,0.65625,0.2485875706214689
2024-07-24,0.3611515541423138,-0.8462196557577073,18.040000915527344,-0.05745792118032611,0.0,-0.010000000000000231,4.3715974391833425,-0.0341880341880341,-0.0341880341880341,0.6046511627906976,0.25
2024-07-25,-2.5771655108934866,0.6177613679945182,18.459999084472656,-0.028741345631999593,0.0,0.0,3.6816030451431603,-0.029940119760479,-0.0597014925373134,0.6451612903225806,0.3155339805825243
2024-07-26,1.1877017079959806,3.193999219319821,16.389999389648438,-0.0383370864086352,0.0,-0.009999999999999787,4.221270855794487,-0.0120481927710843,-0.0206611570247933,0.5957446808510638,0.2849462365591398
2024-07-29,1.1877017079959806,-0.41663493543318,16.600000381469727,-0.0383370864086352,0.0,-0.020000000000000018,4.664507705333599,-0.020817688777638666,-0.07157539635705566,0.6992282029227842,0.21095126247798
2024-07-30,1.158449309631493,-2.135151579689598,17.690000534057617,-0.009559090253397073,0.0,0.0,4.296604902619887,-0.0294117647058823,-0.107981220657277,0.7155963302752294,0.2514970059880239
2024-07-31,0.8899986305409335,-2.4183450577487164,16.360000610351562,-0.4313494100995463,0.0,-0.009999999999999787,3.971046345877607,-0.0232558139534883,-0.0511811023622047,0.6408450704225352,0.21875
2024-08-01,0.3496866671419241,1.1359846111043126,18.59000015258789,0.30692494838229223,0.0,-0.040000000000000036,4.110545941560109,-0.057471264367816,-0.0419847328244274,0.624,0.1834862385321101
2024-08-02,-0.382663413501394,-6.221701386487055,23.38999938964844,-1.1655471739614676,0.0,-0.16000000000000014,4.581799199664851,-0.0798122065727699,-0.0544747081712062,0.4461538461538462,0.1840796019900497
2024-08-05,-0.382663413501394,-6.419901345021373,38.56999969482422,-1.1655471739614676,0.0,0.029999999999999805,4.609494157468146,-0.045736130213974165,-0.10294527894014409,0.6828472761806096,0.1580622856341664
2024-08-06,-0.5260032745344034,-2.7491876788165115,27.709999084472656,0.27229305388676295,0.0,0.050000000000000266,5.336816665698646,0.0058479532163742,-0.0628742514970059,0.7045454545454546,0.1439114391143911
2024-08-07,0.058578222243621525,-1.8131945621423284,27.850000381469727,0.22311279525668581,0.0,-0.010000000000000231,3.9764990246125107,-0.0194805194805194,-0.0496453900709219,0.648,0.2731277533039647
2024-08-08,1.3173648862206733,11.461585743295721,23.790000915527344,0.009691523114696565,0.0,0.010000000000000231,2.9258461460898246,0.0,-0.0772058823529411,0.7373737373737373,0.1651376146788991
2024-08-09,0.4078923886462249,-1.3541633552666354,20.3700008392334,-0.06784560021992903,0.0,-0.020000000000000018,4.809742351716865,-0.010752688172043,-0.0774647887323943,0.6612903225806451,0.1706161137440758
2024-08-12,0.4078923886462249,-2.0022378876699776,20.709999084472656,-0.06784560021992903,0.0,0.009999999999999787,4.846363194706917,-0.0236150818440117,-0.0649566350569914,0.7190687008543298,0.1894231751762662
2024-08-13,0.17447607257965458,1.5568546700604813,18.1200008392334,-0.5639313337416851,0.0,-0.020000000000000018,4.481419378551917,-0.0787878787878787,-0.0775193798449612,0.7094017094017094,0.1666666666666666
2024-08-14,-1.1129137775199638,-3.137830139166553,16.190000534057617,0.009751997633067333,0.0,-0.029999999999999805,4.791483764051583,-0.0324675324675324,-0.0654545454545454,0.65,0.2843601895734597
2024-08-15,0.5600503269123536,-2.024486209713494,15.229999542236328,0.3989337871885823,0.0,0.06000000000000005,5.398750763869307,-0.0177514792899408,-0.0685920577617328,0.6821705426356589,0.1928251121076233
2024-08-16,1.83780434367522,2.291143010134178,14.800000190734863,-0.5062357640317927,0.0,-0.040000000000000036,5.272794409316951,-0.0377358490566037,-0.0614886731391585,0.5849056603773585,0.18
2024-08-19,1.83780434367522,0.4371594723469485,14.649999618530272,-0.5062357640317927,0.0,-0.010000000000000231,5.177862013429849,-0.037442693403759136,-0.0636363636363636,0.5862047537672829,0.2661529926976151
2024-08-20,0.37900744796477426,-0.2358353061429952,15.880000114440918,-0.4426279239488906,0.0,0.0,3.9948924832504407,-0.0701754385964912,-0.0795454545454545,0.625,0.3140096618357488
2024-08-21,-0.11555060403107831,3.598748777475258,16.270000457763672,-0.3951027653131156,0.0,0.0,4.760548683167605,-0.0127118644067796,-0.0275590551181102,0.712707182320442,0.2684210526315789
2024-08-22,-1.1830186756921712,-1.3052114105544632,17.549999237060547,0.46408497375969304,0.0,0.03000000000000025,4.467516020689296,-0.032258064516129,-0.0282258064516129,0.7480916030534351,0.1216931216931216
2024-08-23,1.1830186756921712,5.9666677789925515,15.859999656677246,-0.7812934985010678,0.0,0.029999999999999805,4.242764567340374,-0.0412844036697247,-0.0198412698412698,0.7142857142857143,0.1909547738693467
2024-08-26,1.1830186756921712,-0.4638664301989337,16.149999618530273,-0.7812934985010678,0.0,0.020000000000000018,4.169142772297287,-0.0020167475023836327,-0.0662715517241379,0.694590313068574,0.22431213625371696
2024-08-27,-0.06754281156968744,-6.967186836442352,15.43000030517578,-0.2979102700727765,0.0,0.0,3.575430761606357,-0.0590717299578059,-0.0333333333333333,0.7071428571428572,0.154228855721393
2024-08-28,-0.597968694271156,-0.8040214509268395,17.110000610351562,0.5356026370427536,0.0,0.0,4.160288345516135,-0.010204081632653,-0.0980392156862745,0.553030303030303,0.1705069124423963
2024-08-29,0.9827580801596625,0.6089656742739535,15.649999618530272,0.24699909711660695,0.0,0.010000000000000231,4.524827433305553,-0.0209205020920502,-0.073170731707317,0.4933333333333333,0.1904761904761904
2024-08-30,-1.2710561536922071,-0.4534788620027541,15.0,0.3546109136158826,0.0,-0.010000000000000231,4.109068957620483,-0.0378378378378378,-0.0576923076923076,0.676923076923077,0.202020202020202
2024-09-03,-1.2710561536922071,-1.791700777537386,20.71999931335449,0.3546109136158826,0.0,-0.040000000000000036,4.2609883062968255,-0.0375,-0.0722433460076045,0.7355371900826446,0.1634615384615384
2024-09-04,0.14046919562069604,0.9367548966837447,21.31999969482422,-0.4626232130553909,0.0,-0.040000000000000036,4.529799878963315,-0.0299145299145299,-0.0794223826714801,0.6521739130434783,0.125
2024-09-05,0.719312592470267,-3.1738730145491445,19.899999618530277,-0.2469502894687281,0.0,-0.040000000000000036,4.004237489415957,-0.0267379679144385,-0.0697674418604651,0.6343283582089553,0.207070707070707
2024-09-06,-0.7152981683502091,-4.017885990553971,22.3799991607666,0.06920727401391602,0.0,0.0,4.634826070895602,-0.0160427807486631,-0.1182108626198083,0.7636363636363637,0.1422924901185771
2024-09-09,-0.7152981683502091,2.534565882476869,19.450000762939453,0.06920727401391602,0.0,0.010000000000000231,4.420124923272541,-0.030532106619965,-0.036717857520105,0.6197442342603633,0.2586778899706773
2024-09-10,0.41881953466633703,4.098763325194454,19.07999992370605,0.0787422046197861,0.0,-0.020000000000000018,4.770430354853751,-0.0052083333333333,-0.072992700729927,0.7295081967213115,0.1822429906542056
2024-09-11,-0.00795920572214115,-0.5314110423380924,17.690000534057617,0.049188975816694125,0.0,0.020000000000000018,3.6378492830011573,-0.0346320346320346,-0.012396694214876,0.7323943661971831,0.2472527472527472
2024-09-12,1.5444721969290143,1.3576697629400059,17.06999969482422,-0.3053413393601545,0.0,0.009999999999999787,4.068513802187579,-0.032258064516129,-0.0458333333333333,0.65,0.2111111111111111
2024-09-13,1.1729349341313977,4.119072290725079,16.559999465942383,-0.2568177349114187,0.0,0.03000000000000025,4.531092982591776,-0.027027027027027,-0.0374531835205992,0.6,0.2227722772277227
2024-09-16,1.1729349341313977,-2.413654054443448,17.139999389648438,-0.2568177349114187,0.0,0.009999999999999787,4.1896042357004974,-0.026555049729635866,-0.07458494091204719,0.6157168680742996,0.312670354337021
2024-09-17,-0.625883189495724,1.9789047481001631,17.610000610351562,0.12893356850289805,0.0,0.03000000000000025,4.705196500055216,-0.0120481927710843,-0.0708955223880597,0.6115107913669064,0.2777777777777778
2024-09-18,0.2492660431349769,2.1994330568393394,18.229999542236328,-0.2878565872758365,0.0,0.0,5.024406698180174,-0.0180722891566265,-0.0794223826714801,0.4867256637168141,0.2119815668202765
2024-09-19,0.6707160271704815,2.0721119053916937,16.329999923706055,0.009941987261274932,-0.5,0.04999999999999982,4.836837308243178,-0.0278884462151394,-0.0198675496688741,0.5182926829268293,0.2300469483568075
2024-09-20,1.2250735192204765,0.4004011647404937,16.149999618530273,0.10927394853919026,0.0,-0.020000000000000018,4.195245147157833,-0.0869565217391304,-0.018348623853211,0.5234375,0.220125786163522
2024-09-23,1.2250735192204765,0.4181698975626702,15.890000343322754,0.10927394853919026,0.0,0.020000000000000018,4.2358441244958,-0.0358654064971269,-0.04455532549035884,0.5939533758682695,0.20409022194736479
2024-09-24,0.9360187860914415,1.321538535798794,15.390000343322754,-0.5464720438951076,0.0,0.020000000000000018,4.282758633015213,-0.0439560439560439,-0.0474137931034482,0.6410256410256411,0.1771428571428571
2024-09-25,0.30129580442377346,-1.8185964558888656,15.40999984741211,0.5464720438951076,0.0,-0.009999999999999787,4.643236386794547,-0.072072072072072,-0.0878048780487804,0.5689655172413793,0.1528662420382165
2024-09-26,0.40156746334725213,3.176403065562461,15.369999885559082,-0.3573565625344166,0.0,-0.020000000000000018,4.407694381422459,0.0185185185185185,-0.0811965811965812,0.5140845070422535,0.1648351648351648
2024-09-27,-0.9634583484436021,0.9309629648678097,16.959999084472656,-0.13931676312921581,0.0,-0.010000000000000231,4.505128831807865,-0.0135135135135135,-0.0290456431535269,0.6015625,0.2019704433497537
2024-09-30,-0.9634583484436021,-1.2847611866181552,16.729999542236328,-0.13931676312921581,0.0,0.03000000000000025,4.202700586859725,-0.0283832725009195,-0.0531905295785794,0.6759481599231233,0.17795155276358285
2024-10-01,1.1766153885765185,-6.543204792248858,19.26000022888184,0.40600507287216203,0.0,0.009999999999999787,4.0746519288763645,0.0184331797235023,-0.065891472868217,0.6305732484076433,0.1291866028708134
2024-10-02,-0.7602005078805263,-0.33625289659386937,18.899999618530277,0.48306680139136304,0.0,0.020000000000000018,4.8946256849890135,-0.0181818181818181,-0.0964285714285714,0.7022900763358778,0.2432432432432432
2024-10-03,0.3770601213994418,0.2086085373775859,20.489999771118164,0.3044118434402776,0.0,0.0,4.339249605317823,-0.0194552529182879,-0.1149425287356321,0.7111111111111111,0.1800947867298578
2024-10-04,-0.42618437533548104,2.1300283559387623,19.209999084472656,0.5183120434750776,0.0,0.020000000000000018,4.311201728893603,-0.0357142857142857,-0.0450819672131147,0.7337662337662337,0.2320441988950276
2024-10-07,-0.42618437533548104,0.5052309579385295,22.63999938964844,0.5183120434750776,0.0,0.040000000000000036,4.2933775537425625,-0.027798600699650133,-0.0288211903118735,0.6457459818308875,0.22206954341936602
2024-10-08,-1.1331369029671912,-0.40137833100590825,21.420000076293945,0.009753899307529679,0.0,0.0,4.844501997498826,-0.0798122065727699,-0.0985915492957746,0.5771812080536913,0.222707423580786
2024-10-09,-0.34476188142322783,-2.5261155468463414,20.86000061035156,0.36986342262350647,0.0,0.020000000000000018,4.27039650600246,-0.0343347639484978,-0.0661764705882353,0.528169014084507,0.1838565022421524
2024-10-10,0.5586857750537355,-0.5090366975952776,20.93000030517578,0.05827268922402595,0.0,0.040000000000000036,4.571303116476514,-0.0084745762711864,-0.0801393728222996,0.6687116564417178,0.2307692307692307
2024-10-11,1.4020160169732065,3.5378479360446136,20.459999084472656,-0.09714249399541686,0.0,0.0,5.509631222108668,0.0,-0.066420664206642,0.7222222222222222,0.1953488372093023
2024-10-14,1.4020160169732065,2.5066840406525515,19.700000762939453,-0.09714249399541686,0.0,0.0,4.974270942101032,-0.0023310023310023,-0.04775121519307563,0.7274544481138602,0.21317549356512364
2024-10-15,0.5123138471504696,4.595155550670249,20.63999938964844,-0.03873055288794447,0.0,0.0,4.944566714126551,-0.0048780487804878,-0.0190114068441064,0.6827586206896552,0.1552511415525114
2024-10-16,0.47232152458107635,0.8490108547450248,19.57999992370605,0.3190664578668567,0.0,-0.009999999999999787,4.378018613276343,-0.0446428571428571,-0.0393700787401574,0.6883116883116883,0.255
2024-10-17,0.6337393065017238,-0.3153528787226634,19.11000061035156,0.2314199232432479,0.0,0.029999999999999805,4.743191483885466,-0.0284552845528455,-0.0679245283018867,0.3407821229050279,0.1792452830188679
2024-10-18,0.8400127613583663,1.5004897049664123,18.030000686645508,-0.32799949123045735,0.0,0.010000000000000231,4.250208060053033,-0.0324074074074074,-0.0561403508771929,0.3836477987421384,0.2060085836909871
2024-10-21,0.8400127613583663,-0.25565507847904456,18.3700008392334,-0.32799949123045735,0.0,0.0,5.209249330630034,-0.009433962264150933,-0.05759022561869073,0.5475409095568269,0.2772570839576989
2024-10-22,0.7718602631014093,-1.3018683669278275,18.200000762939453,0.06727828932673319,0.0,0.020000000000000018,4.753762590037918,-0.064516129032258,-0.0685483870967741,0.5827814569536424,0.256544502617801
2024-10-23,-1.0918677200948856,-1.3890438213698175,19.239999771118164,0.3357141616745274,0.0,-0.020000000000000018,4.591071261608589,-0.0684931506849315,-0.1,0.59375,0.2295081967213114
2024-10-24,0.7523937915991041,2.5691547967452877,19.07999992370605,-0.3549361013124752,0.0,-0.010000000000000231,4.209754413732928,-0.0253807106598984,-0.0729613733905579,0.5804195804195804,0.2240437158469945
2024-10-25,0.21914615637026458,-2.253213347279548,20.32999992370605,0.19201674287812054,0.0,-0.009999999999999787,4.426641427432833,-0.0564971751412429,-0.081081081081081,0.5801526717557252,0.2279792746113989
2024-10-28,0.21914615637026458,2.4333035494368715,19.799999237060547,0.19201674287812054,0.0,0.0,5.134228578015142,-0.0265334542631445,-0.06384583922554983,0.6341131674932515,0.22689474934663814
2024-10-29,0.9253781457163157,6.294895997676697,19.34000015258789,-0.038351789367396805,0.0,0.009999999999999787,4.488411625377895,-0.0129310344827586,-0.060702875399361,0.6524822695035462,0.1755725190839694
2024-10-30,0.7234316137240349,-0.525236341818669,20.350000381469727,-0.27848572297992646,0.0,0.040000000000000036,4.255045172913092,-0.0422535211267605,-0.0039215686274509,0.5986842105263158,0.207070707070707
2024-10-31,-1.8166509123427765,-2.980622089692453,23.15999984741211,-0.009611488950245217,0.0,-0.009999999999999787,4.678792325858705,-0.0464135021097046,-0.0777027027027027,0.6484848484848484,0.1646090534979424
2024-11-01,0.01095688511387749,-1.0490161236779372,21.8799991607666,0.2880972119301717,0.0,0.0,4.756087071304952,-0.0465116279069767,-0.0570342205323193,0.8,0.2898550724637681
2024-11-04,0.01095688511387749,-1.2578370407108963,21.979999542236328,0.2880972119301717,0.0,-0.050000000000000266,5.71998385399421,-0.014704906388181801,-0.0826153846153846,0.5739057097004702,0.2217870030084085
2024-11-05,0.15338367843664713,1.0807922639996193,20.489999771118164,-0.45342919444202323,0.0,-0.009999999999999787,5.744572468664446,-0.0064935064935064,-0.0505836575875486,0.6422018348623854,0.1813471502590673
2024-11-06,-2.688819289182298,8.666903126846393,16.270000457763672,1.6018741767100053,0.0,0.10999999999999988,4.95983310716587,-0.0622568093385214,-0.0526315789473684,0.46,0.1459227467811159
2024-11-07,1.14797401905804,0.35076496874797414,15.199999809265137,-0.5534309983287855,0.0,-0.04999999999999982,5.779260935832107,-0.0522088353413654,-0.0219780219780219,0.4,0.168141592920354
2024-11-08,-0.40475751210937716,0.8404323339316733,14.9399995803833,0.46775691106697437,-0.25,0.020000000000000018,5.731430066585013,-0.028735632183908,-0.0378006872852233,0.6864406779661016,0.1957446808510638
2024-11-11,-0.40475751210937716,6.864940055005597,14.970000267028809,0.46775691106697437,0.0,0.020000000000000018,5.80519520806593,-0.04355872055110233,-0.04625212362591987,0.6702743591981614,0.14614777035708762
2024-11-12,-0.42984220607173995,7.030012805897812,14.710000038146973,0.45376872442313143,0.0,0.020000000000000018,5.417654749136657,-0.0303030303030303,-0.0034722222222222,0.6358695652173914,0.1795918367346938
2024-11-13,-0.7411997718866026,2.94448504877618,14.020000457763672,0.43294817168311184,0.0,0.0,5.138148614395216,-0.0526315789473684,-0.0535117056856187,0.6863905325443787,0.1176470588235294
2024-11-14,-0.48942019061204434,-3.749692231881241,14.3100004196167,0.17827338585103547,0.0,-0.020000000000000018,4.910667618309874,0.003875968992248,-0.0600706713780918,0.5402298850574713,0.1885245901639344
2024-11-15,-0.09739185590538213,4.280211829142644,16.139999389648438,0.018751661475757686,0.0,0.0,5.59255291796966,-0.03515625,-0.0743243243243243,0.7294117647058823,0.217391304347826
2024-11-18,-0.09739185590538213,-0.8273778353968808,15.579999923706056,0.018751661475757686,0.0,0.009999999999999787,5.875454938000741,-0.036145051893083334,-0.06835175105833194,0.692504796311903,0.1731571766783034
2024-11-19,0.6300496006653944,2.220762425925926,16.350000381469727,-0.06588516924095345,0.0,0.0,5.366209632590955,-0.0171673819742489,-0.0346020761245674,0.5783132530120482,0.188034188034188
2024-11-20,0.7999532098494022,2.138144499843264,17.15999984741211,0.4415444461003837,0.0,0.010000000000000231,5.202962185731182,-0.0502283105022831,-0.0321543408360128,0.7409638554216867,0.128
2024-11-21,0.8984571185138179,4.320463738221214,16.8700008392334,0.27147305552004397,0.0,-0.010000000000000231,5.393218371742757,-0.0421940928270042,-0.059171597633136,0.7344632768361582,0.1366906474820144
2024-11-22,1.404698113449765,0.49917220950614904,15.239999771118164,0.484936738153241,0.0,0.0,4.908011770197695,-0.0881057268722467,-0.0304878048780487,0.5337837837837838,0.150735294117647
2024-11-25,1.404698113449765,-2.765078666856091,14.600000381469728,0.484936738153241,0.0,-0.04999999999999982,5.1243210585000725,-0.030045590364022667,-0.03603454944178907,0.6240522875816993,0.15123525106133798
2024-11-26,0.13366177677767155,-4.581646536232498,14.100000381469728,0.17771359471066006,0.0,-0.010000000000000231,5.011634794429339,-0.0368421052631578,-0.0610169491525423,0.5851851851851851,0.135593220338983
2024-11-27,0.7452166991227749,4.232881330495708,14.100000381469728,-0.8728764303189251,0.0,-0.020000000000000018,4.8838619666017395,-0.0171673819742489,-0.0340136054421768,0.7010869565217391,0.125
2024-11-29,0.7452166991227749,1.8736162907208254,13.510000228881836,-0.8728764303189251,0.0,0.0,5.163699669823092,-0.0161943319838056,-0.0376712328767123,0.625,0.2703862660944206
2024-12-02,0.7452166991227749,-0.9589502738380773,13.34000015258789,-0.8728764303189251,0.0,0.0,4.736899956665986,-0.002114103892259867,-0.04030617976884043,0.6578764224659509,0.26559531854948265
2024-12-03,0.3712425318383339,-0.5497432436227356,13.300000190734863,-0.07517545864308417,0.0,0.020000000000000018,4.523851664810503,-0.0253164556962025,0.0034722222222222,0.5663716814159292,0.2635983263598326
2024-12-04,0.34349746546977755,2.8408310872006126,13.449999809265137,-0.028213444614433314,0.0,0.010000000000000231,5.181277804446684,-0.0150753768844221,-0.0036764705882352,0.6013986013986014,0.2300469483568075
2024-12-05,-1.0302322170882228,-2.2266865312221995,13.539999961853027,-0.5941986518624098,0.0,-0.040000000000000036,4.578723535973108,-0.0275590551181102,-0.03584229390681,0.7318435754189944,0.1785714285714285
2024-12-06,0.4558239129528907,3.3864801767808927,12.770000457763672,0.2456559586245355,0.0,-0.009999999999999787,5.967914406647721,-0.0348258706467661,-0.0569395017793594,0.6524822695035462,0.1974248927038626
2024-12-09,0.4558239129528907,-0.39109409954019014,14.1899995803833,0.2456559586245355,0.0,0.029999999999999805,5.488028221773845,-0.024710034360470732,-0.05238232767558276,0.6799913159108796,0.20223864442205053
2024-12-10,1.2196028210302856,-2.910675772023552,14.18000030517578,0.23523887245033848,0.0,0.020000000000000018,5.386282455276681,-0.0316205533596837,-0.0964630225080385,0.7529411764705882,0.1652892561983471
2024-12-11,1.3330075570755717,4.547294957076353,13.579999923706056,0.2909274800379613,0.0,0.009999999999999787,5.3923540084744195,-0.0492957746478873,-0.03971119133574,0.673469387755102,0.1955555555555555
2024-12-12,-1.708120714353356,-1.1232138149603443,13.920000076293944,0.23400581852675018,0.0,0.020000000000000018,4.831827556602097,-0.0372093023255813,-0.0181159420289855,0.7048192771084337,0.2598039215686274
2024-12-13,-1.1790161839593694,1.4057223472295988,13.8100004196167,0.037391022774801996,0.0,0.010000000000000231,4.953570993474578,-0.0495049504950495,-0.0688405797101449,0.7469135802469136,0.2466960352422907
2024-12-16,-1.1790161839593694,2.37760174155337,14.6899995803833,0.037391022774801996,0.0,-0.010000000000000231,5.454095293119451,-0.006623812974836901,-0.0526858499307127,0.6555012285913375,0.2076411694032839
2024-12-17,-0.2643606002823873,2.1331310563644124,15.869999885559082,0.09353519928394505,0.0,-0.009999999999999787,4.465218225560646,-0.053475935828877,0.0,0.7045454545454546,0.1889400921658986
2024-12-18,-0.29918795594436887,-5.917915465376922,27.6200008392334,0.9954030795067403,0.0,0.009999999999999787,5.529389404184368,-0.0613207547169811,-0.0726072607260726,0.6274509803921569,0.2154471544715447
2024-12-19,-1.6945362817807563,-2.5825905125143933,24.09000015258789,0.3511414424155035,-0.25,-0.029999999999999805,5.145807007325711,-0.0526315789473684,-0.0843373493975903,0.6774193548387096,0.1189591078066914
2024-12-20,1.3982491661312046,0.2714273553184654,18.36000061035156,-0.7313839870994876,0.0,0.0,5.1973914479580765,-0.0179640718562874,-0.1047297297297297,0.6528925619834711,0.1383399209486166
2024-12-23,1.3982491661312046,-2.1548510760720063,16.780000686645508,-0.7313839870994876,0.0,0.029999999999999805,5.453538901376788,-0.019436191985211567,-0.03872554411880256,0.7229816966659072,0.18227141458114413
2024-12-24,0.2943239744862325,3.0917357825742897,14.270000457763672,0.20342237028581067,0.0,0.03000000000000025,5.53014311824508,0.0,-0.0610687022900763,0.6944444444444444,0.1796116504854369
2024-12-26,0.2943239744862325,-3.5921593296803778,14.729999542236328,0.20342237028581067,0.0,0.0,4.7720396382231245,-0.0691489361702127,-0.0390070921985815,0.6538461538461539,0.1753554502369668
2024-12-27,-0.8219261513672471,-1.7168804864954978,15.949999809265137,-0.12029544324851926,0.0,-0.010000000000000231,4.64736723468788,0.0054644808743169,-0.0964285714285714,0.6422764227642277,0.1926605504587156
2024-12-30,-0.8219261513672471,-0.4104813755192893,17.399999618530273,-0.12029544324851926,0.0,-0.029999999999999805,5.0247354184750375,-0.02101456215117603,-0.046394595772166695,0.5861560136688918,0.22680733076350848
2024-12-31,0.882471041177979,-0.37382918453534586,17.350000381469727,0.33238015870793447,0.0,0.029999999999999805,4.69537645387424,-0.0219298245614035,-0.0561797752808988,0.66,0.1690140845070422
2025-01-02,0.882471041177979,2.5793710693546856,17.93000030517578,0.33238015870793447,0.0,0.0,5.241217774507464,-0.0235294117647058,-0.0664335664335664,0.6153846153846154,0.1625
2025-01-03,-0.5241401391996803,1.251903875349214,16.1299991607666,-0.4030439172105993,0.0,0.0,5.120445893427694,-0.0285714285714285,-0.0303030303030303,0.6802721088435374,0.1756097560975609
2025-01-06,-0.5241401391996803,1.4527527696612808,16.040000915527344,-0.4030439172105993,0.0,0.0,5.8162377627898945,-0.015685676425289334,-0.029761904761904736,0.6830085802519155,0.19114942326111606
2025-01-07,0.6912096917742971,-2.6676841426660047,17.81999969482422,0.2583015968950164,0.0,0.040000000000000036,5.564290495837602,-0.0130718954248366,-0.0604026845637583,0.6991150442477876,0.1478260869565217
2025-01-08,0.29316900271956214,-1.9578857696565422,17.700000762939453,0.5054418969860031,0.0,0.020000000000000018,5.356633443370873,-0.026595744680851,-0.1141975308641975,0.7172413793103448,0.1706349206349206
2025-01-09,0.7217296123673833,-2.729884917903469,17.700000762939453,0.08247031087238454,0.0,-0.009999999999999787,5.441161510577517,-0.0251256281407035,-0.0416666666666666,0.6940298507462687,0.1891891891891892
2025-01-10,0.9161257237443543,2.36932656291593,19.540000915527344,0.4295589631028385,0.0,0.040000000000000036,4.995589335890984,-0.0170454545454545,-0.0546218487394958,0.6785714285714286,0.1612903225806451
2025-01-13,0.9161257237443543,-0.18771444437000184,19.190000534057617,0.4295589631028385,0.0,0.020000000000000018,6.041301781955154,-0.02479045776918117,-0.06676444856157683,0.7623038129619014,0.2169817559419613
2025-01-14,0.14950479331172772,2.10435633374626,18.709999084472656,-0.6294802109844788,0.0,-0.010000000000000231,5.2225156531317545,-0.045,-0.0618181818181818,0.6846153846153846,0.1345291479820627
2025-01-15,1.298719552681149,4.030666140622685,16.1200008392334,-0.1648656821147121,0.0,-0.020000000000000018,4.707004491869359,-0.0223463687150838,-0.0622837370242214,0.6814814814814815,0.2708333333333333
2025-01-16,1.2420208736854121,-0.7466135920999761,16.600000381469727,-0.11923620412641611,0.0,0.0,4.9029015942928735,0.005050505050505,-0.0376712328767123,0.7133333333333334,0.1850393700787401
2025-01-17,-0.07648764771968075,4.608745388695823,15.970000267028809,0.3572899169909327,0.0,-0.009999999999999787,5.156926598356047,-0.0182481751824817,-0.0114068441064638,0.6702127659574468,0.2075471698113207
2025-01-21,-0.07648764771968075,3.4908563528837533,15.0600004196167,0.3572899169909327,0.0,-0.03000000000000025,5.417743496030575,-0.0309278350515463,-0.0346153846153846,0.6642857142857143,0.2857142857142857
2025-01-22,0.4563111323177438,-2.376854699304154,15.100000381469728,0.10174408917755784,0.0,0.020000000000000018,4.802134019518916,-0.04296875,-0.0501930501930501,0.7673267326732673,0.2156862745098039
2025-01-23,-0.1627280754371796,0.2958402684214434,15.020000457763672,-0.1109935517797922,0.0,0.020000000000000018,5.173434184401347,-0.0204918032786885,-0.0608365019011406,0.8176795580110497,0.1921182266009852
2025-01-24,0.5125977145750582,0.823181116278171,14.850000381469728,-0.5661536258415367,0.0,0.010000000000000231,5.242593217775675,-0.0167364016736401,-0.0118577075098814,0.6535433070866141,0.2912087912087912
2025-01-27,0.5125977145750582,-1.5942867313993858,17.899999618530273,-0.5661536258415367,0.0,-0.03000000000000025,5.110158807553449,-0.056204622945040805,-0.07413209087556613,0.673390092879257,0.20588193888050413
2025-01-28,1.0646340249542696,-1.7889849173778671,16.40999984741211,0.4925491217531608,0.0,0.020000000000000018,5.570974629731707,-0.0613207547169811,-0.0897009966777408,0.6906077348066298,0.2693877551020408
2025-01-29,0.08309575316065576,2.312612074653053,16.559999465942383,0.1204403274918775,0.0,-0.020000000000000018,5.835599899276388,0.013953488372093,-0.0477815699658703,0.6783625730994152,0.2260869565217391
2025-01-30,1.9277756347583441,0.9903181107727477,15.84000015258789,-0.18535403398818318,0.0,-0.020000000000000018,5.681911710237984,-0.0529100529100529,-0.0390625,0.5984848484848485,0.2081218274111675
2025-01-31,-0.37263817408135225,-2.250049117230901,16.43000030517578,0.5273636495052081,0.0,0.040000000000000036,6.206132279941148,-0.0446428571428571,-0.051660516605166,0.6709677419354839,0.2142857142857142
2025-02-03,-0.37263817408135225,-2.459824669793065,18.6200008392334,0.5273636495052081,0.0,0.03000000000000025,5.701179088786087,-0.0128432772990445,-0.0866583454684141,0.6835602255705348,0.21426206332013822
2025-02-04,0.6822415916365898,-2.0678855156418763,17.209999084472656,-0.9495335631418911,0.0,-0.010000000000000231,5.974699800775252,-0.0836820083682008,-0.0320284697508896,0.6727272727272727,0.1895734597156398
2025-02-05,0.6393163440626459,-1.2920048753754187,15.770000457763672,-0.35260058040611497,0.0,-0.020000000000000018,5.42137535403989,-0.009009009009009,-0.0722433460076045,0.6713286713286714,0.24
2025-02-06,-0.544735525046125,-0.022926951799639994,15.5,0.10219781459790411,0.0,0.0,5.920102800622285,-0.0267379679144385,-0.0794223826714801,0.6888888888888889,0.1622807017543859
2025-02-07,0.3948792974386883,-0.06649766736614993,16.540000915527344,0.32447853869053134,0.0,0.0,5.807812105079032,-0.0185185185185185,-0.0725806451612903,0.6573426573426573,0.2233502538071066
2025-02-10,0.3948792974386883,0.2871840534236725,15.8100004196167,0.32447853869053134,0.0,0.020000000000000018,6.20331793706353,-0.03635704874835307,-0.06268135104113937,0.6731603557458374,0.18728276945379518
2025-02-11,-0.0617851606475206,-1.10024284377932,16.020000457763672,-0.33290266770533705,0.0,0.020000000000000018,5.441898095025561,-0.056338028169014,-0.0932835820895522,0.5396825396825397,0.2200956937799043
2025-02-12,-0.12024393787539722,2.208831591934768,15.890000343322754,-0.01852398608823691,0.0,0.0,5.65347115411483,-0.0315315315315315,-0.0915254237288135,0.6434108527131783,0.2647058823529412
2025-02-13,0.5792712774394637,-1.2976316589519143,15.100000381469728,-0.585372062060685,0.0,-0.020000000000000018,5.466751268056719,-0.0666666666666666,-0.0682730923694779,0.6581196581196581,0.2376237623762376
2025-02-14,-1.4562544873085947,0.9118577917229587,14.770000457763672,-0.6919775818822416,0.0,-0.009999999999999787,5.696791427467347,-0.055813953488372,-0.0582191780821917,0.7279411764705882,0.2658227848101265
2025-02-18,-1.4562544873085947,-1.0102101362155835,15.350000381469728,-0.6919775818822416,0.0,0.020000000000000018,5.636074491632124,-0.0269058295964125,-0.123076923076923,0.6347826086956522,0.2452830188679245
2025-02-19,-0.4170300117599446,1.140703518992403,15.270000457763672,0.11202980959197362,0.0,0.0,5.833318396005235,-0.0276679841897233,-0.0646387832699619,0.7161290322580646,0.320754716981132
2025-02-20,0.7031499087045034,1.742191135803317,15.65999984741211,-0.7774868000939961,0.0,0.0,5.907865523231669,-0.0570175438596491,-0.0457746478873239,0.736,0.199074074074074
2025-02-21,-0.08166266630071917,-2.2714094704245014,18.209999084472656,0.2535848049020295,0.0,-0.03000000000000025,5.928577994052791,-0.0408163265306122,-0.101010101010101,0.6666666666666666,0.1932773109243697
2025-02-24,-0.08166266630071917,-1.4343437101937084,18.979999542236328,0.2535848049020295,0.0,0.0,5.844259137403305,-0.0472367326784136,-0.08756381994380134,0.6569664767185174,0.2514105933552032
2025-02-25,-1.4831760871325095,-6.564407355769752,19.43000030517578,-0.27241660821415437,0.0,-0.040000000000000036,5.447340637940477,-0.0378787878787878,-0.1152737752161383,0.6453488372093024,0.1258741258741259
2025-02-26,0.4225883232117589,-5.072808622096936,19.100000381469727,0.10341806267559761,0.0,-0.020000000000000018,5.617389088489082,-0.0772727272727272,-0.1023890784982935,0.722972972972973,0.128099173553719
2025-02-27,-1.1586370186079442,0.4225980660949702,21.1299991607666,0.7675781485370514,0.0,0.010000000000000231,5.664833724517626,-0.0408163265306122,-0.0838323353293413,0.7014925373134329,0.1428571428571428
2025-02-28,-1.6224097946285987,-0.39179629938974614,19.6299991607666,0.3444292436518559,0.0,0.009999999999999787,5.844181894958544,0.0046296296296296,-0.1446945337620578,0.6375838926174496,0.0813953488372093
2025-03-03,-1.6224097946285987,5.0936154288415025,22.780000686645508,0.3444292436518559,0.0,-0.020000000000000018,6.1659009308084505,-0.021859415977062997,-0.05024526014109343,0.6276338590738835,0.18497747458540645
2025-03-04,0.6689961266387101,-1.7724860164216594,23.51000022888184,-0.9506421504101858,0.0,-0.009999999999999787,6.103743574574035,-0.0757575757575757,-0.0553359683794466,0.6689655172413793,0.1391752577319587
2025-03-05,0.19570989537598393,3.825541905303531,21.93000030517578,0.0,0.0,-0.010000000000000231,5.969474529216367,-0.0397727272727272,-0.0532786885245901,0.5735294117647058,0.2119565217391304
2025-03-06,0.044584057237084807,-0.7329931515325683,24.8700008392334,-1.601559820399956,0.0,0.0,6.587908077434491,-0.0147058823529411,-0.0549019607843137,0.6503496503496503,0.1477832512315271
2025-03-07,-0.40884898428901195,-3.6438378269309624,23.3700008392334,-0.21164147117005427,0.0,-0.009999999999999787,6.322026495189462,0.0104166666666666,-0.0884353741496598,0.7238805970149254,0.244131455399061
2025-03-10,-0.40884898428901195,-5.912669645179491,27.86000061035156,-0.21164147117005427,0.0,-0.020000000000000018,6.398106739957785,-0.003702326734207001,-0.07033962707890166,0.7066609642414446,0.1305261779602566
2025-03-11,0.7546651957820671,1.3359874357988133,26.920000076293945,-0.45334170418929176,0.0,0.0,6.556820968886471,-0.0802139037433155,-0.0878378378378378,0.6017699115044248,0.110204081632653
2025-03-12,0.8954330271122579,1.0326959815815329,24.229999542236328,0.16420980887659198,0.0,0.020000000000000018,6.071891796220597,-0.0207253886010362,-0.0972222222222222,0.7379310344827587,0.1659751037344398
2025-03-13,1.5261784579634785,-3.223376776091058,24.65999984741211,0.2121107795967525,0.0,-0.040000000000000036,6.138504289757297,-0.0224215246636771,-0.0492424242424242,0.6865671641791045,0.2222222222222222
2025-03-14,0.3412042879594068,3.5176581475923285,21.770000457763672,-0.1059991510803826,0.0,0.009999999999999787,6.092350064881841,-0.085972850678733,-0.0777777777777777,0.5857142857142857,0.2968036529680365
2025-03-17,0.3412042879594068,-0.3614280533625447,20.51000022888184,-0.1059991510803826,0.0,-0.009999999999999787,6.4382368653336055,-0.03463202716219377,-0.07458365662466576,0.6223692621239113,0.2071799295389596
2025-03-18,1.163211640533568,-1.139133496540623,21.700000762939453,-0.12584569922662325,0.0,0.009999999999999787,6.4203857312524875,-0.0877862595419847,-0.0577617328519855,0.5375,0.2864321608040201
2025-03-19,0.02634836739012769,4.878787945306051,19.899999618530277,0.18387041817407024,0.0,0.010000000000000231,6.337621874317336,-0.043103448275862,-0.0988593155893536,0.7028985507246377,0.263681592039801
2025-03-20,0.13496266707839766,-3.142591561831054,19.799999237060547,0.4052477288751355,0.0,0.0,6.128309194835826,-0.0444444444444444,-0.1052631578947368,0.6241610738255033,0.1862745098039215
2025-03-21,-0.7196904393712344,-0.1473786636289276,19.280000686645508,0.23083387162152746,0.0,0.020000000000000018,5.9670437725663,-0.0539215686274509,-0.086021505376344,0.567741935483871,0.287037037037037
2025-03-24,-0.7196904393712344,2.063228038399245,17.479999542236328,0.23083387162152746,0.0,0.029999999999999805,6.231307877644605,-0.019935828856851936,-0.056191479829285,0.7005800956627078,0.20816395777636085
2025-03-25,0.3511749378260376,1.935161348780312,17.149999618530273,-0.07676245830561257,0.0,-0.009999999999999787,6.159053104299872,-0.0096618357487922,-0.0700389105058365,0.673469387755102,0.3252427184466019
2025-03-26,-0.09264629905239019,-0.6547157036870033,18.32999992370605,0.35452798177422196,0.0,0.020000000000000018,5.757291645508461,-0.0056818181818181,-0.078853046594982,0.7538461538461538,0.2088888888888889
2025-03-27,1.2925489441903082,0.31735085032362775,18.690000534057617,-0.4601708346740452,0.0,0.020000000000000018,5.74655456650007,-0.035,-0.0327868852459016,0.6618705035971223,0.2747252747252747
2025-03-28,0.855750550209855,-3.292956550032855,21.649999618530277,-0.02882973371454156,0.0,-0.020000000000000018,5.89285894335386,-0.0849056603773584,-0.0811965811965812,0.5454545454545454,0.2010869565217391
2025-03-31,0.855750550209855,-2.229051674840221,22.280000686645508,-0.02882973371454156,0.0,0.009999999999999787,6.088923930869551,-0.044622038964902966,-0.08679291989349307,0.6320882169473719,0.23610645028937816
2025-04-01,-0.12497066576351301,3.191791848374592,21.770000457763672,0.0479714610485793,0.0,-0.04999999999999982,6.465335687880207,-0.0763358778625954,-0.0620155038759689,0.589041095890411,0.2189054726368159
2025-04-02,0.6710576935194723,-3.2014458322985107,21.51000022888184,-0.4325518142285212,0.0,-0.010000000000000231,6.0994216886130745,-0.0214592274678111,-0.0676156583629893,0.6405228758169934,0.2522522522522522
2025-04-03,-1.3757020186499602,0.7453656492041105,30.020000457763672,-1.6903432261589302,0.0,-0.040000000000000036,6.08433994705818,-0.0542635658914728,-0.1152542372881356,0.5755395683453237,0.2291666666666666
2025-04-04,-2.782959105342009,0.8876865806506373,45.310001373291016,0.9264262126638556,0.0,-0.09999999999999964,6.310717958397081,-0.0920502092050209,-0.0891719745222929,0.6190476190476191,0.2
2025-04-07,-2.782959105342009,-4.2959283216022826,46.97999954223633,0.9264262126638556,0.0,0.009999999999999787,6.652536094195442,-0.07034598940231046,-0.101799213116586,0.5729056741746569,0.17308174916870564
2025-04-08,0.5777286422797623,-5.16910327790967,52.33000183105469,-0.2909545743579933,0.0,0.03000000000000025,6.338576410202582,-0.0708333333333333,-0.0592592592592592,0.7529411764705882,0.2181818181818181
2025-04-09,2.9247416271417137,7.938900944238014,33.619998931884766,-0.058289672704425755,0.0,0.04999999999999982,6.380258120928175,-0.0343347639484978,-0.0698412698412698,0.6137931034482759,0.159533073929961
2025-04-10,3.1781399464090754,-3.6351854577404197,40.720001220703125,-1.9925071373085856,0.0,-0.08000000000000007,6.435396879439724,-0.0725806451612903,-0.0602409638554216,0.6470588235294118,0.1521739130434782
2025-04-11,2.101247097035497,4.636385379527397,37.560001373291016,-1.0864836096727615,0.0,0.010000000000000231,6.726005558658539,-0.094017094017094,-0.0955631399317406,0.4690265486725664,0.235042735042735
2025-04-14,2.101247097035497,1.3102346942270415,30.88999938964844,-1.0864836096727615,0.0,0.029999999999999805,6.499932393500139,-0.0527210998538571,-0.05225569240408237,0.5706078791185174,0.24905495063029306
2025-04-15,0.43278349931821225,-0.994019434090454,30.1200008392334,0.5804097443401268,0.0,-0.040000000000000036,5.918732550941883,-0.0164609053497942,-0.0872727272727272,0.6149068322981367,0.2064220183486238
2025-04-16,3.2973254571937005,0.4351453244224146,32.63999938964844,-0.8416923174809909,0.0,-0.020000000000000018,6.226121563380083,-0.032520325203252,-0.0694980694980695,0.5983606557377049,0.2238095238095238
2025-04-17,-0.5395442489893654,1.0204134780154916,29.649999618530277,0.0,0.0,0.06000000000000005,6.230501132424104,-0.0714285714285714,-0.065040650406504,0.48,0.2673267326732673
2025-04-21,-0.5395442489893654,1.7234365323801626,33.81999969482422,0.0,0.0,-0.009999999999999787,6.121263984642827,-0.0697312445752767,-0.06283338324414627,0.5739555218173639,0.24886010246233922
2025-04-22,-0.15865736672466824,8.39362153481531,30.56999969482422,0.6490888910444248,0.0,0.04999999999999982,6.0845905250974655,-0.11787072243346,-0.0403726708074534,0.6097560975609756,0.2037037037037037
2025-04-23,-3.7295960627188762,0.2748931682265976,28.450000762939453,0.9257443798579956,0.0,0.020000000000000018,5.822513209252199,-0.079295154185022,-0.0736196319018405,0.4895104895104895,0.2084942084942085
2025-04-24,1.6857972511505892,0.26080137382393787,26.46999931335449,-0.552399767509204,0.0,0.009999999999999787,6.040016587690148,-0.0761904761904762,-0.0654545454545454,0.6056338028169014,0.2452830188679245
2025-04-25,-1.4997891910233818,0.8233751969907388,24.84000015258789,0.18112331701516382,0.0,-0.029999999999999805,6.245932331664218,-0.0052631578947368,-0.0373134328358208,0.68,0.2428571428571428
2025-04-28,-1.4997891910233818,-0.2752138249475067,25.149999618530277,0.18112331701516382,0.0,-0.020000000000000018,6.464240371933005,-0.041137272973309,-0.0582485509927241,0.628812037635567,0.21253730257097314
2025-04-29,-0.4119486550148821,-0.18584386449784773,24.170000076293945,0.2320260587368672,0.0,-0.020000000000000018,6.354822112510577,-0.036697247706422,-0.0418250950570342,0.6627906976744186,0.2417061611374407
2025-04-30,-0.41668132169281336,-0.08220669855223406,24.700000762939453,0.23149661386971943,0.0,0.0,6.070968648220581,-0.0241935483870967,-0.0612244897959183,0.6666666666666666,0.1623036649214659
2025-05-01,-2.916553616172557,2.3965778896187118,24.600000381469727,0.7810962750283146,0.0,0.020000000000000018,6.792142386859959,-0.0803571428571428,-0.0446096654275092,0.703125,0.242152466367713
2025-05-02,0.6799232227836072,0.4319853436324905,22.68000030517578,-0.24968801985867373,0.0,0.020000000000000018,6.384097676400768,-0.0490196078431372,-0.0709219858156028,0.6370967741935484,0.2511415525114155
2025-05-05,0.6799232227836072,-2.006154773710378,23.63999938964844,-0.24968801985867373,0.0,0.009999999999999787,6.333546022493706,-0.02014150923008427,-0.0561715712933309,0.6361928390558248,0.17054548071387443
2025-05-06,2.9781859324396365,1.895068772519437,24.76000022888184,-0.5927620392363053,0.0,-0.020000000000000018,6.3168397242053835,-0.0917030567685589,-0.1078066914498141,0.6201550387596899,0.1359223300970873
2025-05-07,-0.8832939557882113,0.23715438242231102,23.549999237060547,0.37214299867889267,0.0,-0.009999999999999787,6.059520312981926,-0.050632911392405,-0.049618320610687,0.5481481481481482,0.1853658536585365
2025-05-08,-2.5398132101866366,6.202640353374633,22.479999542236328,1.0287219602941988,0.0,0.040000000000000036,6.3418044670888385,-0.0271739130434782,-0.0403726708074534,0.6095890410958904,0.1692307692307692
2025-05-09,1.1700918988175601,-0.26245719962858516,21.899999618530277,-0.2985404328327057,0.0,0.0,6.283592969877143,-0.0526315789473684,-0.0488599348534201,0.6031746031746031,0.1463414634146341
2025-05-12,1.1700918988175601,0.8712264988822938,18.38999938964844,-0.2985404328327057,0.0,0.0,6.5609457966658615,-0.0352375857697277,-0.03953860927514057,0.7059410503556784,0.17083924634731926
2025-05-13,0.6284573623098311,0.28641614232238766,18.21999931335449,-0.7791359617264959,0.0,0.029999999999999805,6.240178374533722,-0.0422535211267605,-0.0559701492537313,0.6950354609929078,0.2128712871287128
2025-05-14,-1.834461239329066,-0.6070027639406561,18.6200008392334,0.03959702620148775,0.0,0.050000000000000266,6.655144296251942,-0.0426540284360189,-0.0520833333333333,0.7,0.1973684210526315
2025-05-15,1.2277391287756956,0.1980148737121823,17.829999923706055,-0.15848226728403247,0.0,-0.03000000000000025,6.150602768446279,-0.0235849056603773,-0.0373134328358208,0.5786163522012578,0.2233009708737864
2025-05-16,-1.2088782158285127,-0.24643811186511044,17.239999771118164,0.2079508509303274,0.0,0.0,6.247191448318212,-0.0560747663551401,-0.0216450216450216,0.610738255033557,0.2197802197802197
2025-05-19,-1.2088782158285127,1.526422868552224,18.13999938964844,0.2079508509303274,0.0,0.020000000000000018,6.312115861770004,-0.0447027276640268,-0.06204066472722839,0.7079152653620739,0.18249940645773977
2025-05-20,1.579340480163438,1.6142109321092946,18.09000015258789,-0.30914764474649914,0.0,-0.009999999999999787,6.012981390570231,-0.0142857142857142,-0.081967213114754,0.6216216216216216,0.2804232804232804
2025-05-21,0.880180490270277,2.667505449687546,20.8700008392334,-0.5609041019042138,0.0,0.0,5.766694674049188,-0.0346320346320346,-0.0512820512820512,0.7707006369426752,0.2412280701754386
2025-05-22,-0.5150277910233925,1.8027963942364167,20.280000686645508,0.4009643830382714,0.0,-0.010000000000000231,5.647882092691624,-0.0497925311203319,-0.0387096774193548,0.7888198757763976,0.2076923076923077
2025-05-23,2.142543450396417,-4.006256233899386,22.290000915527344,-0.8539746230872503,0.0,-0.009999999999999787,5.795267164778379,-0.0648648648648648,-0.0769230769230769,0.6837606837606838,0.2053571428571428
2025-05-27,2.142543450396417,0.21951999476694795,18.959999084472656,0.5946062839726984,0.0,-0.010000000000000231,6.015132244408166,-0.0136986301369863,-0.0190839694656488,0.6917293233082706,0.1616161616161616
2025-05-28,-0.16685124798723194,-1.0999457493792164,19.309999465942383,0.3610842653130497,0.0,0.0,5.642934911323486,-0.0416666666666666,-0.0607142857142857,0.7662337662337663,0.1612903225806451
2025-05-29,0.7109715550713602,-2.0245528009255054,19.18000030517578,-0.6025309311961102,0.0,0.0,5.829063257749159,-0.0206611570247933,-0.0577617328519855,0.8100558659217877,0.238095238095238
2025-05-30,-0.8537804000789961,-1.5676574887612205,18.56999969482422,0.050353006052716864,0.0,0.020000000000000018,6.2422232654551655,-0.0118110236220472,-0.1052631578947368,0.7696335078534031,0.1376146788990825
2025-06-02,-0.8537804000789961,1.329606374681802,18.36000061035156,0.050353006052716864,0.0,-0.009999999999999787,6.361388829630386,-0.0364022862716882,-0.0876954963217202,0.6689227986238788,0.21053181829043896
2025-06-03,-0.6070768059981191,0.039742552682398014,17.690000534057617,0.5557004047396674,0.0,-0.010000000000000231,6.164892506176259,-0.056338028169014,-0.0814814814814814,0.7115384615384616,0.245
2025-06-04,0.693075011258415,-0.6666084188029942,17.610000610351562,-0.4645525243508253,0.0,-0.009999999999999787,6.0412542116104975,-0.0137614678899082,-0.0592885375494071,0.6575342465753424,0.1836734693877551
2025-06-05,-0.6781516425103717,-3.059773184703829,18.479999542236328,-0.05062831279794011,0.0,-0.020000000000000018,5.83129579495516,0.0,-0.0546875,0.7017543859649122,0.1683673469387755
2025-06-06,-0.8391573926159523,2.733035306446041,16.770000457763672,0.4547116175521282,0.0,0.020000000000000018,5.8634607065236155,-0.0382165605095541,-0.033210332103321,0.7372881355932204,0.2547169811320754
2025-06-09,-0.8391573926159523,2.688045830793051,17.15999984741211,0.4547116175521282,0.0,0.0,6.0841424777032636,-0.04270666211526423,-0.04700706782204577,0.7462491314265378,0.21241310276671457
2025-06-10,-0.3366964044300147,2.779849342537233,16.950000762939453,0.11111734796491746,0.0,-0.020000000000000018,5.611776828860177,0.0068965517241379,-0.0434782608695652,0.6666666666666666,0.2422680412371134
2025-06-11,0.012048613043802447,-1.4347388609724732,17.260000228881836,-0.42493568362624856,0.0,-0.020000000000000018,5.641587871063083,0.0197368421052631,-0.0390625,0.7572815533980582,0.236180904522613
2025-06-12,1.7785630102535421,-2.5699166845333465,18.020000457763672,-0.7224647054052902,0.0,-0.020000000000000018,6.183426980938617,0.0050761421319796,-0.0607142857142857,0.6883116883116883,0.2242152466367713
2025-06-13,1.4768122634468028,0.15273471943917372,20.81999969482422,0.2651731673716462,0.0,0.029999999999999805,5.5986071270389,-0.0434782608695652,-0.0944881889763779,0.6637168141592921,0.2131979695431472
2025-06-16,1.4768122634468028,-0.1420289326290458,19.11000061035156,0.2651731673716462,0.0,0.020000000000000018,6.009713680775845,-0.03518954949185813,-0.0389081483621423,0.6669123741452868,0.24477664993925843
2025-06-17,-0.2889521305021958,-1.2722400358448738,21.600000381469727,0.8332531658832742,0.0,0.010000000000000231,6.099690952178853,-0.0680628272251308,-0.0413793103448275,0.6691176470588235,0.2260869565217391
2025-06-18,0.09444399210654097,0.26943395038614426,20.13999938964844,0.09103724470058694,0.0,0.0,6.168103320766439,-0.0145631067961165,-0.0875912408759124,0.6618705035971223,0.2296650717703349
2025-06-20,0.09444399210654097,-1.3218729770938964,20.6200008392334,0.09103724470058694,0.0,0.020000000000000018,5.787909139305635,-0.0443037974683544,-0.0817843866171003,0.63,0.2570093457943925
2025-06-23,0.09444399210654097,-0.35765124611621957,19.82999992370605,0.09103724470058694,0.0,-0.03000000000000025,5.752826574835123,-0.0355191354135276,-0.0715007446442891,0.6778143274853802,0.1943114663510824
2025-06-24,-1.8013675886811242,2.9715692030313434,17.479999542236328,-0.5706124735369578,0.0,-0.009999999999999787,5.787480033677768,-0.0361990950226244,-0.0871369294605809,0.5899280575539568,0.238341968911917
2025-06-25,0.2919768892684971,1.2329889288553275,16.760000228881836,-0.18410591712756386,0.0,-0.010000000000000231,5.836738701904826,-0.0143540669856459,-0.0229007633587786,0.6447368421052632,0.227906976744186
2025-06-26,0.1921720031074159,-0.3744456200287516,16.59000015258789,-0.5440641396818435,0.0,0.0,5.480055419803575,-0.0054347826086956,-0.0925925925925925,0.6268656716417911,0.2427184466019417
2025-06-27,-1.8101974273061927,0.12000060276005087,16.31999969482422,0.2570034784726616,0.0,0.010000000000000231,5.7205412584711555,-0.0612244897959183,-0.0463320463320463,0.6083916083916084,0.2615384615384615
2025-06-30,-1.8101974273061927,0.4916284232932,16.729999542236328,0.2570034784726616,0.0,0.0,6.201448556889977,-0.03867344537839383,-0.05345917320351564,0.6729850297504826,0.24029707423823554
2025-07-01,1.2758252337171427,-1.798259095356336,16.829999923706055,-0.06194895349276308,0.0,0.0,6.097759625925584,-0.0379146919431279,-0.083941605839416,0.6625766871165644,0.2439024390243902
2025-07-02,0.33808726417756674,2.946777720135607,16.639999389648438,-0.04132326075598769,0.0,0.009999999999999787,5.930147498119174,-0.0807174887892376,-0.0441176470588235,0.6183206106870229,0.2300884955752212
2025-07-03,-0.49104542360627335,0.7218611789243212,16.3799991607666,0.41245833660745745,0.0,0.03000000000000025,6.620486454464999,-0.0108108108108108,-0.0566037735849056,0.6379310344827587,0.2289719626168224
2025-07-04,0.027007467956075004,-1.4825919147368083,16.3799991607666,0.41245833660745745,0.0,0.03000000000000025,6.448762803856163,-0.015228426395939,-0.0494699646643109,0.7521367521367521,0.1834862385321101
2025-07-07,0.027007467956075004,0.510904426950809,17.790000915527344,0.41245833660745745,0.0,0.03000000000000025,6.031021742106436,-0.0136471838533372,-0.0462757593743817,0.673863454280017,0.21204233402665704
2025-07-08,-0.759129785975432,0.33334249262626514,16.809999465942383,0.030769556067955506,0.0,0.0,5.42137535403989,-0.0056179775280898,-0.0524344569288389,0.6050420168067226,0.2268518518518518
2025-07-09,0.13900517720006889,2.1576245274882666,15.9399995803833,-0.041030788183249456,0.0,-0.020000000000000018,5.600087238317436,-0.0285714285714285,-0.0833333333333333,0.6470588235294118,0.273542600896861
2025-07-10,0.1749828380560814,4.101205071842706,15.779999732971191,0.1845022075683822,0.0,0.009999999999999787,6.290735458809743,-0.0043859649122807,-0.065359477124183,0.6382978723404256,0.1183206106870229
2025-07-11,1.156847445274245,1.3103070357297852,16.399999618530273,0.20460052993360733,0.0,0.03000000000000025,5.7759170724154005,-0.0104166666666666,-0.070631970260223,0.6335877862595419,0.1574468085106383
2025-07-14,1.156847445274245,1.0861406793672757,17.200000762939453,0.20460052993360733,0.0,0.020000000000000018,5.889404135666778,-0.011887293435349167,-0.04272227212974766,0.6561027697624754,0.14400383588816124
2025-07-15,-0.6495750023280067,-0.8649746319058238,17.3799991607666,0.5490617789240204,0.0,0.020000000000000018,6.352176332028965,-0.0386740331491712,-0.0614334470989761,0.5480769230769231,0.1297071129707113
2025-07-16,0.6794079381101881,0.8129063950951476,17.15999984741211,-0.23349419718483588,0.0,0.0,6.148874196434868,-0.0747126436781609,-0.0548387096774193,0.6198347107438017,0.2165354330708661
2025-07-17,-0.37055602760016626,0.4632531543984797,16.520000457763672,0.34497189502245007,0.0,0.020000000000000018,6.097872014520508,-0.0197044334975369,-0.0202702702702702,0.6482758620689655,0.233201581027668
2025-07-18,0.3854691586395731,-1.084422561798526,16.40999984741211,-0.25353696608458876,0.0,-0.020000000000000018,6.059777187290069,-0.0248756218905472,-0.0359712230215827,0.6918238993710691,0.1764705882352941
2025-07-21,0.3854691586395731,-0.37622623709374636,16.649999618530273,-0.25353696608458876,0.0,-0.010000000000000231,5.99771994127049,-0.036595332067977535,-0.042630187637103835,0.7396177534199745,0.18945081556080176
2025-07-22,1.0904801640990058,2.05038204350636,16.5,-0.47121485420023035,0.0,-0.009999999999999787,5.397574293145378,-0.0360824742268041,-0.0063897763578274,0.6981132075471698,0.193050193050193
2025-07-23,-1.3200213092494195,-1.0391307548022866,15.369999885559082,-0.18499522910806476,0.0,-0.020000000000000018,5.454038241544812,-0.0116279069767441,-0.0555555555555555,0.7333333333333333,0.2107438016528925
2025-07-24,-0.6829222657993128,-0.32638027078917276,15.390000343322754,0.1747245134827935,0.0,0.08000000000000007,5.709698275085505,-0.0273224043715847,-0.045016077170418,0.732824427480916,0.2186234817813765
2025-07-25,-1.1036651923321372,-0.6204300770342286,14.93000030517578,0.2768850398918943,0.0,-0.010000000000000231,5.426798528196577,-0.034313725490196,-0.0830670926517571,0.7666666666666667,0.2222222222222222
2025-07-28,-1.1036651923321372,0.6813333803822985,15.029999732971191,0.2768850398918943,0.0,0.0,5.422833241245605,-0.02194330568005923,-0.04005256420065163,0.7029953232227513,0.18742775440530113
2025-07-29,0.43120472958140255,-0.4382800958842026,15.979999542236328,0.2530749852337699,0.0,-0.009999999999999787,5.295062073827364,-0.0208333333333333,-0.0884615384615384,0.7419354838709677,0.2180094786729857
2025-07-30,-0.8339380490784976,-0.07716619716280348,15.479999542236328,1.0359647568367158,0.0,-0.010000000000000231,5.613638924803235,-0.0579710144927536,-0.0641509433962264,0.5795454545454546,0.2558139534883721
2025-07-31,-0.07892237945714697,-1.7749425967370058,16.719999313354492,0.09000984489411223,0.0,-0.029999999999999805,5.935290942302038,-0.0357142857142857,-0.029090909090909,0.6103896103896104,0.2376681614349775
2025-08-01,1.6413806676874643,-2.1287126462377515,20.3799991607666,-1.348647987167162,0.0,-0.06000000000000005,6.333759086893226,-0.0338983050847457,-0.068259385665529,0.6956521739130435,0.1893004115226337
2025-08-04,1.6413806676874643,0.5445229945957308,17.520000457763672,-1.348647987167162,0.0,0.040000000000000036,6.087880176284002,-0.050682739246568964,-0.07487312545661967,0.628961465272164,0.1815342584174906
2025-08-05,0.22201510582657846,0.17767643883548345,17.850000381469727,0.0,0.0,-0.010000000000000231,5.527681529675303,-0.0092165898617511,-0.0874524714828897,0.6013071895424836,0.2125603864734299
2025-08-06,-0.05619433653798467,0.7737149330479198,16.770000457763672,-0.6092611016446092,0.0,-0.020000000000000018,5.435162014275881,0.0090497737556561,-0.0708955223880597,0.6923076923076923,0.1885964912280701
2025-08-07,0.5987967888746226,2.1236359971132046,16.56999969482422,0.2238287826870966,0.0,0.010000000000000231,5.6369301676683605,-0.0564102564102564,-0.014760147601476,0.5972222222222222,0.2028301886792453
2025-08-08,1.1346160259979143,-0.6902004196733813,15.149999618530272,-0.2238287826870966,0.0,0.040000000000000036,5.480305534440753,0.0,-0.0510948905109489,0.7278481012658228,0.2110091743119266
2025-08-11,1.1346160259979143,1.2694898597255033,16.25,-0.2238287826870966,0.0,0.009999999999999787,5.620280085476651,-0.020581591599748334,-0.033632877835776336,0.6637080240021417,0.18556219855353762
2025-08-12,-0.12534156557428844,1.6726759759658094,14.729999542236328,-0.42721881617149293,0.0,-0.020000000000000018,5.620002235550063,0.0,-0.0416666666666666,0.6285714285714286,0.2145922746781116
2025-08-13,0.2922075262480561,2.6046115310302653,14.489999771118164,-0.2653897067652622,0.0,-0.009999999999999787,5.485916638337356,-0.0085106382978723,-0.0348432055749128,0.6927710843373494,0.1659919028340081
2025-08-14,-0.702134686423328,-4.125044324166893,14.829999923706056,0.4181796800026838,0.0,0.020000000000000018,5.295764109760319,-0.0301724137931034,-0.07,0.6900584795321637,0.1434108527131783
2025-08-15,0.02398515522887834,-0.8154397097905886,15.09000015258789,-0.40795725013467177,0.0,-0.010000000000000231,5.777838064485612,-0.0520231213872832,-0.0725806451612903,0.75,0.227906976744186
2025-08-18,0.02398515522887834,-0.2838613762534692,14.989999771118164,-0.40795725013467177,0.0,0.0,5.650604364182591,-0.006815485297355833,-0.058592904152390234,0.6835301710735598,0.18358412036455682
2025-08-19,-0.5507846531910943,-3.684153579009042,15.56999969482422,0.10181071614718817,0.0,-0.029999999999999805,5.375880078495827,-0.0218340611353711,-0.0824742268041237,0.691358024691358,0.1285140562248996
2025-08-20,0.9013401028552082,1.271285160686908,15.6899995803833,-0.050888517467306826,0.0,0.0,5.180321808310329,-0.0047393364928909,-0.0526315789473684,0.7142857142857143,0.1607142857142857
2025-08-21,-0.19460210593322813,-1.6372327846505996,16.600000381469727,0.4064235606779931,0.0,0.040000000000000036,5.0643024353451915,-0.0377358490566037,-0.0709459459459459,0.6666666666666666,0.1845493562231759
2025-08-22,1.1175298783646426,3.8863926424777873,14.220000267028809,-0.916784976474716,0.0,0.020000000000000018,5.046902933266797,-0.0112359550561797,-0.02,0.7172413793103448,0.1659574468085106
2025-08-25,1.1175298783646426,-3.3835877032469597,14.789999961853027,-0.916784976474716,0.0,0.0,5.970683441257759,-0.024603301526378397,-0.06410501632030523,0.7078709307338169,0.1305430036673713
2025-08-26,0.43771655441116053,-1.0525970306879628,14.619999885559082,-0.20339368805570857,0.0,0.009999999999999787,6.090245967905382,-0.0099502487562189,-0.0484429065743944,0.7058823529411765,0.1213389121338912
2025-08-27,0.47106015210278684,-0.5206553469269792,14.850000381469728,0.0,0.0,0.010000000000000231,5.596123022170668,-0.0482456140350877,-0.0363636363636363,0.7318435754189944,0.116822429906542
2025-08-28,0.795743201556931,1.182264033331748,14.43000030517578,-0.42849055192979435,0.0,-0.020000000000000018,5.633002292595154,-0.045045045045045,-0.0864197530864197,0.6052631578947368,0.1666666666666666
2025-08-29,1.21353751501605,-3.742335971466204,15.359999656677246,-0.0409049159126873,0.0,0.0,5.522060737934214,-0.0218181818181818,-0.098976109215017,0.8134715025906736,0.1821705426356589
2025-09-02,1.21353751501605,2.214491026694887,17.170000076293945,-0.0409049159126873,0.0,0.0,6.191298528986568,-0.0653061224489796,-0.059040590405904,0.4558823529411764,0.15625
2025-09-03,1.2264609179004182,0.4688830576405678,16.350000381469727,-0.26457951225422605,0.0,-0.010000000000000231,5.221544307742123,-0.0717131474103585,-0.0421455938697318,0.6142857142857143,0.1945701357466063
2025-09-04,-0.7654710471889814,-0.8987461697769206,15.300000190734863,0.2137504877720353,0.0,-0.020000000000000018,5.962782110745659,-0.0387596899224806,-0.0415094339622641,0.6753246753246753,0.2112676056338028
2025-09-05,1.3205346467746182,-0.06560571512483904,15.18000030517578,-0.5914782137712571,0.0,-0.009999999999999787,6.398977556833446,-0.0658436213991769,-0.0746268656716417,0.5838926174496645,0.1871921182266009
2025-09-08,1.3205346467746182,0.45408889471509895,15.109999656677246,-0.5914782137712571,0.0,-0.020000000000000018,5.736658315284931,-0.07182389937106913,-0.0644674368301598,0.6118400740969435,0.21940323874018522
2025-09-09,0.1428283558452037,0.33766646843851333,15.039999961853027,0.3482937048931767,0.0,0.009999999999999787,5.494747264343823,-0.1039603960396039,-0.0871212121212121,0.5573770491803278,0.2095238095238095
2025-09-10,0.008235294082759026,2.1508270891821724,15.350000381469728,-0.01022870200415582,0.0,-0.009999999999999787,5.638319081511895,-0.0521739130434782,-0.0564516129032258,0.6308724832214765,0.2473684210526315
2025-09-11,-0.18405871036470955,1.3529013824571834,14.710000038146973,-0.24574849982395008,0.0,-0.010000000000000231,5.742426098248406,-0.0330188679245283,-0.0441176470588235,0.6595744680851063,0.2284482758620689
2025-09-12,0.34311001737599156,0.5129680319349461,14.760000228881836,0.010253868507614783,0.0,0.020000000000000018,5.592590172323767,-0.0246305418719211,-0.0262172284644194,0.7777777777777778,0.2571428571428571
2025-09-15,0.34311001737599156,-0.4320762063510841,15.6899995803833,0.010253868507614783,0.0,0.010000000000000231,5.920899011060709,-0.028473070139736767,-0.028782155523641533,0.6538346080796673,0.22422785994928218
2025-09-16,0.18178977764957693,1.068803868849777,16.360000610351562,-0.6909796968858295,0.0,0.0,5.496799304791385,-0.0515873015873015,-0.0798479087452471,0.5555555555555556,0.1707317073170731
2025-09-17,-0.19265078645300804,-0.32118407874524024,15.720000267028809,0.24806782040531772,0.0,0.009999999999999787,5.991589539296133,-0.1069767441860465,-0.0766423357664233,0.6422764227642277,0.1756756756756756
2025-09-18,-1.0402140797461712,0.5725006775122665,15.699999809265137,0.4942814352483893,-0.25,0.0,5.65027620713306,-0.0646766169154228,-0.0511811023622047,0.6071428571428571,0.2041884816753926
2025-09-19,0.7600662414638748,-1.2441583362178932,15.449999809265137,0.2974523129664064,0.0,0.010000000000000231,5.319246809729067,-0.0256410256410256,-0.079136690647482,0.7272727272727273,0.1788990825688073
2025-09-22,0.7600662414638748,-0.952471061530602,16.100000381469727,0.2974523129664064,0.0033333333333329662,-0.020000000000000018,6.106555072320318,-0.0324175310718624,-0.07945983033932134,0.5943385165987906,0.22817915366018224
2025-09-23,1.06100063895056,-2.275130285353022,16.639999389648438,-0.07194583114911168,0.006666666666666821,0.0,5.514637692514121,-0.0599250936329588,-0.0357142857142857,0.5958904109589042,0.1732283464566929
2025-09-24,-1.2911648948104926,1.166352569712359,16.18000030517578,0.625226856154093,0.0,0.009999999999999787,5.875043084090731,-0.0338345864661654,-0.0145985401459854,0.5617283950617284,0.1830985915492957
2025-09-25,0.12852605029394226,-3.8491879643615334,16.739999771118164,0.6923969064020596,0.0,0.0,5.251120931717062,0.0163265306122449,-0.0808080808080808,0.6802721088435374,0.1686746987951807
2025-09-26,1.0223498096001649,0.606632543055774,15.289999961853027,-0.406712829645528,0.0,0.0,6.01491248297053,-0.0448979591836734,-0.0703363914373088,0.5595238095238095,0.2150943396226415
2025-09-29,1.0223498096001649,2.124241266141347,16.1200008392334,-0.406712829645528,0.0,-0.029999999999999805,5.929420689486021,-0.07679124622480524,-0.04742244277836277,0.6045206466893215,0.26254892478318337
2025-09-30,0.5194719543135662,1.7581597972460727,16.280000686645508,-0.14309795862192942,0.0,0.009999999999999787,6.007928273138647,-0.0212765957446808,-0.0996309963099631,0.5443786982248521,0.2572815533980582
2025-10-01,0.6927612517481307,3.9478652767794387,16.290000915527344,-0.06138485961635354,0.0,-0.009999999999999787,5.727238550692542,-0.0652173913043478,-0.0330882352941176,0.5658914728682171,0.2139737991266375
2025-10-02,-0.7214077634015936,1.6983874858595982,16.6299991607666,0.14317796616145628,0.0,-0.010000000000000231,6.084294380667942,-0.0789473684210526,-0.0313725490196078,0.68,0.1706161137440758
2025-10-03,1.0647104699776477,1.305050721642509,16.649999618530273,-0.13294193666384402,0.0,-0.009999999999999787,5.726163474437768,-0.0628019323671497,-0.0414012738853503,0.6622516556291391,0.1412639405204461
2025-10-06,1.0647104699776477,1.0554378867414727,16.3700008392334,-0.13294193666384402,0.0,0.009999999999999787,6.01823629760541,-0.03535962276851077,-0.04670040464747647,0.6949550275497093,0.1758902564986822
2025-10-07,0.7091447444070198,-1.724368178746083,17.239999771118164,0.47791154551397597,0.0,0.010000000000000231,5.419649651715562,-0.0727272727272727,-0.0503355704697986,0.5378151260504201,0.2125
2025-10-08,1.6633994907520488,1.5551259305388143,16.299999237060547,0.2735114328785926,0.009999999999999787,0.0,5.869861725348733,-0.0505415162454873,-0.0766666666666666,0.5578231292517006,0.2352941176470588
2025-10-09,-2.4282758867578025,-1.346040236705015,16.43000030517578,0.6956048447671392,0.0,-0.010000000000000231,5.971083252416115,-0.076,-0.0848056537102473,0.6014492753623188,0.189873417721519
2025-10-10,0.7472669571045643,-7.232182184699099,21.65999984741211,-0.5641739188980033,0.0,-0.040000000000000036,5.751873982123454,-0.0756972111553784,-0.1009174311926605,0.7054794520547946,0.1888888888888888
2025-10-13,0.7472669571045643,0.47162498060266955,19.030000686645508,-0.5641739188980033,0.0,-0.040000000000000036,5.994493289167991,-0.060036596789191536,-0.07753978890156916,0.6358730396361695,0.147215106689705
2025-10-14,0.7299414410764982,-0.5561933974838951,20.809999465942383,-0.22185728306007846,0.0,-0.040000000000000036,6.097354922365414,-0.0528169014084507,-0.0950704225352112,0.6280487804878049,0.1688888888888889
2025-10-15,0.9187545165353583,-2.086257829089888,20.63999938964844,-0.26284096310433824,0.0,-0.009999999999999787,5.076110876055167,-0.1146953405017921,-0.0863309352517985,0.6890243902439024,0.1915887850467289
2025-10-16,2.4430461884398014,-2.3722484783180064,25.309999465942383,-0.40572276495076665,0.010000000000000675,-0.010000000000000231,5.8954491186742946,-0.1037037037037037,-0.143312101910828,0.5804195804195804,0.1422764227642276
2025-10-17,-2.132293911227734,-1.6009839805349202,20.780000686645508,0.040647206727051355,0.0,-0.009999999999999787,6.312279125595638,-0.1,-0.0694006309148265,0.4565217391304347,0.174721189591078
2025-10-20,-2.132293911227734,2.1833985452788696,18.229999542236328,0.040647206727051355,0.0,-0.010000000000000231,5.851196226545027,-0.0505510365854961,-0.06927779749930969,0.5616948621553884,0.23515016237846745
2025-10-21,-5.906203554004996,-0.31393140739712777,17.8700008392334,0.34427329777821924,0.0,0.020000000000000018,5.6335030616437844,-0.1045296167247386,-0.0721649484536082,0.3856209150326797,0.1742738589211618
2025-10-22,-1.0649268655763322,-0.729356227081901,18.600000381469727,-0.030327836272725506,0.0,0.010000000000000231,6.19485426993533,-0.0888888888888888,-0.0730897009966777,0.4181818181818181,0.1567796610169491
2025-10-23,1.9854040473195056,2.18704444247777,17.299999237060547,0.04043764180172715,0.0,0.009999999999999787,5.422612485819643,-0.0811965811965812,-0.0242914979757085,0.5961538461538461,0.2072538860103626
2025-10-24,-0.17225098547726247,0.872171428526336,16.3700008392334,0.010101073197521515,0.0,-0.009999999999999787,5.7906327275549305,-0.0344827586206896,0.0035211267605633,0.5923566878980892,0.2432432432432432
2025-10-27,-0.17225098547726247,2.118410083012634,15.789999961853027,0.010101073197521515,0.0033333333333329662,-0.010000000000000231,5.875642088264232,-0.03757439561105713,-0.044100709389446796,0.6385284159572804,0.2373293572557487
2025-10-28,-0.8960778782098444,-0.40200431348988985,16.420000076293945,-0.09114938326346689,0.006666666666666821,0.0,5.595231690313395,-0.0735930735930736,-0.0505415162454873,0.5522388059701493,0.1415525114155251
2025-10-29,0.44025782667436175,-2.6016805465767234,16.920000076293945,0.5355970253849485,0.0,0.020000000000000018,5.562026879608908,-0.0576923076923076,-0.1015037593984962,0.5114503816793893,0.2326732673267326
2025-10-30,0.4408297096620828,-1.6026638954619088,16.90999984741211,0.31194748173994924,-0.25,-0.009999999999999787,5.634896740287006,-0.0607476635514018,-0.109090909090909,0.5271317829457365,0.1870503597122302
2025-10-31,-0.47849023856940676,1.1480961196285833,17.440000534057617,0.2709119902856827,-0.010000000000000231,0.009999999999999787,6.086251862970049,-0.0429447852760736,-0.1,0.628099173553719,0.1751152073732718
2025-11-03,-0.47849023856940676,-0.4321658353781288,17.170000076293945,0.2709119902856827,0.0033333333333334103,0.010000000000000231,5.6311042491582155,-0.0399857484900804,-0.09201865538333708,0.727292539193719,0.1858395477585882
2025-11-04,-1.3236252040330854,-7.1165415679024235,19.0,0.3498413955197677,0.006666666666666821,-0.020000000000000018,5.654942309236727,-0.0792079207920792,-0.0974842767295597,0.6097560975609756,0.074074074074074
2025-11-05,0.822408713420586,2.2400061321748765,18.010000228881836,-0.019962351771418696,0.0,0.009999999999999787,5.706478836203944,-0.014018691588785,-0.077639751552795,0.6883116883116883,0.1119402985074626
2025-11-06,-0.010053679233301693,-2.525118249184999,19.5,-0.4701590120104626,0.0,-0.020000000000000018,5.75808124806358,-0.0454545454545454,-0.1013071895424836,0.7764705882352941,0.1574803149606299
2025-11-07,0.4887656635851556,2.0238925968733668,19.07999992370605,-0.1304418803511176,0.0,0.0,5.822513209252199,-0.0505050505050505,-0.0987261146496815,0.6551724137931034,0.1106719367588932
2025-11-10,0.4887656635851556,0.9247572944852678,17.600000381469727,-0.1304418803511176,-4.440892098500626e-16,0.010000000000000231,6.2578655248690875,-0.0403910225844856,-0.07238452301463527,0.6801108563698491,0.19944350314394366
2025-11-11,-0.12167524528550189,-1.2881222599752107,17.280000686645508,-0.16074311341141012,4.440892098500626e-16,0.010000000000000231,5.807752023367887,-0.0571428571428571,-0.0443548387096774,0.7215189873417721,0.1414634146341463
2025-11-12,2.3487483855552327,-1.303914664267758,17.510000228881836,0.020110859840016815,0.0,0.010000000000000231,5.4137420679634545,-0.0817307692307692,-0.0973154362416107,0.6137931034482759,0.1238938053097345
2025-11-13,-0.4170992761121539,-1.9524742976585685,20.0,-0.3020268542035076,0.009999999999999787,0.009999999999999787,6.165396845607379,-0.0223214285714285,-0.1111111111111111,0.6987951807228916,0.1240875912408759
2025-11-14,-2.400255533201623,-5.462287113659059,19.82999992370605,0.09069926474589707,0.0,0.0,5.711651433034897,-0.0469483568075117,-0.0957746478873239,0.7619047619047619,0.0730897009966777
2025-11-17,-2.400255533201623,-0.4861010949563038,22.3799991607666,0.09069926474589707,4.440892098500626e-16,0.0,6.020505415892396,-0.02918247813892093,-0.10674137896538827,0.7178602924077279,0.14327097794467103
2025-11-18,-0.17221023533426916,-1.0607030166649878,24.690000534057617,-0.040166000595665,-4.440892098500626e-16,-0.009999999999999787,6.425533308891862,-0.0163265306122449,-0.0746268656716417,0.6533333333333333,0.0798611111111111
2025-11-19,0.4029960569868152,-1.6082377699810024,23.65999984741211,0.6807517363345283,0.0,0.0,5.423186348593906,-0.0321100917431192,-0.1111111111111111,0.5461538461538461,0.1018867924528302
2025-11-20,-0.5212559145508777,-5.429914313161177,26.420000076293945,-0.06986346146966582,0.0,-0.029999999999999805,5.745084354013307,-0.0825242718446602,-0.1114457831325301,0.6328125,0.1111111111111111
2025-11-21,0.49672927820747503,-1.795049047228936,23.43000030517578,0.0199627061364005,0.0,0.0,5.581351152435311,-0.0238095238095238,-0.1179775280898876,0.6153846153846154,0.1623376623376623
2025-11-24,0.49672927820747503,1.7289369825601142,20.520000457763672,0.0199627061364005,4.440892098500626e-16,-0.010000000000000231,5.503066099138386,-0.026406862641948765,-0.06769598811246036,0.6854209799861973,0.1411518127975195
2025-11-25,1.1493193638319354,0.882322521380452,18.559999465942383,-0.48047712075280913,-4.440892098500626e-16,-0.009999999999999787,5.779940724505814,-0.0321100917431192,-0.1094890510948905,0.7037037037037037,0.2442396313364055
2025-11-26,0.6261760929431759,3.57225879133356,17.190000534057617,-0.06022803288043832,0.0,0.009999999999999787,5.4449685668737295,-0.0462427745664739,-0.0814332247557003,0.5504587155963303,0.2891566265060241
2025-11-28,0.6261760929431759,-0.4018666774420865,16.350000381469727,-0.06022803288043832,0.010000000000000231,0.0,5.778456952981663,-0.0256410256410256,-0.0708333333333333,0.676923076923077,0.1693121693121693
2025-12-01,0.6261760929431759,-1.9211813942741074,17.239999771118164,-0.06022803288043832,0.0,0.010000000000000231,5.5176670636229925,-0.0449993352488564,-0.059661329533070594,0.6942877119931437,0.21220199158460476
2025-12-02,-1.250914319860641,2.394039855889041,16.59000015258789,-0.050312473449576345,0.0,0.0,5.677678032570093,-0.0184331797235023,-0.1038575667655786,0.7696969696969697,0.1530249110320284
2025-12-03,0.3028826217303049,2.35582620118322,16.079999923706055,-0.5146090147678528,0.0,0.0,5.879191304625196,-0.0301507537688442,-0.0428571428571428,0.7284768211920529,0.2532188841201717
2025-12-04,0.2972265169354671,-1.4931972865932508,15.779999732971191,0.14152791711312673,0.0,0.019999999999999574,6.254040327665906,-0.0483870967741935,-0.0869565217391304,0.648854961832061,0.2340425531914893
2025-12-05,0.02611600889661503,-3.034305997567621,15.40999984741211,0.0,0.0,0.0,5.4642977981288725,-0.0054945054945054,-0.1034482758620689,0.7163120567375887,0.1909547738693467
2025-12-08,0.02611600889661503,0.8003828721314221,16.65999984741211,0.0,0.0,0.0,5.759732133554798,-0.020150988800231532,-0.0831531333442009,0.6713709677419355,0.3317212836488537
2025-12-09,0.4646239333865765,2.8291486120155085,16.93000030517578,0.1311128062496003,0.0,0.0,6.369866735666458,0.025,-0.0726072607260726,0.6228070175438597,0.1471861471861472
2025-12-10,-0.2451547168984547,-0.7262832846635092,15.770000457763672,-0.4343224852105365,0.0,-0.009999999999999787,5.8188952817567055,0.0,-0.0306122448979591,0.6825396825396826,0.2139917695473251
2025-12-11,2.1010239753042725,0.5314970108146966,14.850000381469728,-0.4463865003506484,-0.25,0.0,6.262350094407613,-0.0380952380952381,-0.1025641025641025,0.6818181818181818,0.1578947368421052
2025-12-12,0.3401069596485229,-2.4521421452146086,15.739999771118164,0.05082902448219073,0.0,0.009999999999999787,5.87284991577174,0.0195121951219512,-0.0581395348837209,0.5586206896551724,0.2753623188405797
2025-12-15,0.3401069596485229,-2.209354764021043,16.5,0.05082902448219073,0.0,-0.009999999999999787,6.07352828804034,-0.0205347851066625,-0.07326204021606314,0.6299404497001292,0.17403923046177583
2025-12-16,-0.051100782944857315,-0.5153882400083631,16.479999542236328,0.0,0.0,-0.020000000000000018,5.556596374630502,-0.0261780104712041,-0.0404040404040404,0.5984848484848485,0.2073170731707317
2025-12-17,0.9939980130427628,-1.954483304085386,17.6200008392334,0.2238971176730331,0.0,0.010000000000000231,5.441854781544233,-0.0045045045045045,-0.0849673202614379,0.7006802721088435,0.2276422764227642
2025-12-18,-0.18418331441374391,-0.7939728497769138,16.8700008392334,0.06097312959569834,0.0,0.0,5.859103897467798,-0.0283018867924528,-0.0906040268456375,0.61875,0.1864406779661017
2025-12-19,0.5033950243312546,3.043315496840826,14.90999984741211,0.17256073915898895,0.0,0.0,5.7481182884762525,-0.0163043478260869,-0.0812720848056537,0.5912408759124088,0.1888412017167382
2025-12-22,0.5033950243312546,0.43250006951378595,14.079999923706056,0.17256073915898895,0.0,-0.010000000000000231,5.876698829764858,-0.031915655867751636,-0.075277324753849,0.5635894549207242,0.22341307793470308
2025-12-23,0.8557909489308457,-1.218047741790329,14.0,-0.35672306913490104,0.0,0.010000000000000231,5.57727398268146,-0.0476190476190476,-0.075075075075075,0.5471698113207547,0.2528735632183908
2025-12-24,-0.049081980038323536,0.22620761040634818,13.470000267028809,0.04083392701037525,0.0,0.0,5.318267041855657,-0.0339805825242718,-0.0519480519480519,0.5,0.2222222222222222
2025-12-26,-0.049081980038323536,0.07641682813233075,13.600000381469728,0.04083392701037525,0.0,-0.010000000000000231,6.241892471449249,-0.004524886877828,-0.0467625899280575,0.6137931034482759,0.1906976744186046
2025-12-29,-0.049081980038323536,0.33233355622890315,14.199999809265137,0.04083392701037525,0.0,-0.009999999999999787,5.983171924829743,-0.0649251026414514,-0.09044328845350307,0.506074801926523,0.2506193402994366
2025-12-30,1.035063040454176,0.9522605488706759,14.329999923706056,0.20378746555991256,0.0,0.020000000000000018,5.722931293494962,-0.0342857142857142,-0.0428571428571428,0.512396694214876,0.2237442922374429
2025-12-31,-1.0235032825324453,-1.047309934929963,14.949999809265137,0.04070925784969148,0.0,0.009999999999999787,5.728897762134598,-0.0555555555555555,-0.0771812080536912,0.6475409836065574,0.2602739726027397
