date,SENT_C,SENT_G,HSHARE_C,HSHARE_G,N_C,N_G
2017-01-01,-0.044444444444444446,0.0,0.22727272727272727,1.0,270.0,2.0
2017-01-02,-0.04,-0.125,0.35570469798657717,1.0,225.0,16.0
2017-01-03,-0.035856573705179286,-0.2,0.25,1.0,251.0,5.0
2017-01-04,-0.058823529411764705,-0.125,0.2891566265060241,0.9375,221.0,24.0
2017-01-05,-0.0514018691588785,-0.05555555555555555,0.17261904761904762,0.5,214.0,18.0
2017-01-06,-0.05314009661835749,0.0,0.16546762589928057,0.0,207.0,5.0
2017-01-07,-0.0970873786407767,-0.14285714285714285,0.22929936305732485,1.0,206.0,14.0
2017-01-08,-0.09844559585492228,0.06666666666666667,0.30303030303030304,0.5,193.0,15.0
2017-01-09,-0.04419889502762431,-0.1724137931034483,0.4473684210526316,0.8,181.0,29.0
2017-01-10,-0.08053691275167785,-0.09090909090909091,0.38,0.5,149.0,11.0
2017-01-11,-0.04807692307692308,0.0,0.16981132075471697,1.0,208.0,8.0
2017-01-12,-0.043859649122807015,0.0,0.2073170731707317,0.0,228.0,1.0
2017-01-13,-0.005291005291005291,0.0,0.21551724137931033,0.0,189.0,9.0
2017-01-14,-0.06432748538011696,-0.5,0.3486238532110092,0.0,171.0,2.0
2017-01-15,-0.043478260869565216,0.0,0.3023255813953488,1.0,161.0,3.0
2017-01-16,-0.06060606060606061,0.0,0.2127659574468085,0.0,132.0,1.0
2017-01-17,-0.06153846153846154,-0.14285714285714285,0.21739130434782608,1.0,195.0,7.0
2017-01-18,-0.08163265306122448,0.25,0.2826086956521739,0.0,196.0,8.0
2017-01-19,-0.023391812865497075,-1.0,0.22549019607843138,0.0,171.0,1.0
2017-01-20,-0.06,0.0,0.27586206896551724,0.0,150.0,11.0
2017-01-21,-0.072,-0.041666666666666664,0.3170731707317073,1.0,125.0,24.0
2017-01-22,-0.08496732026143791,-0.02631578947368421,0.2616822429906542,1.0,153.0,38.0
2017-01-23,-0.0546448087431694,0.0,0.44537815126050423,1.0,183.0,13.0
2017-01-24,-0.12643678160919541,0.0,0.4,1.0,174.0,17.0
2017-01-25,-0.034722222222222224,-0.3333333333333333,0.3023255813953488,1.0,144.0,3.0
2017-01-26,-0.07194244604316546,-0.21739130434782608,0.3548387096774194,0.8,139.0,23.0
2017-01-27,-0.10738255033557047,0.07142857142857142,0.3402061855670103,0.0,149.0,14.0
2017-01-28,-0.06870229007633588,-0.18181818181818182,0.37362637362637363,1.0,131.0,11.0
2017-01-29,-0.0440251572327044,-0.2,0.2692307692307692,0.0,159.0,5.0
2017-01-30,-0.0273972602739726,0.0,0.26804123711340205,0.0,146.0,9.0
2017-01-31,-0.08441558441558442,-0.18181818181818182,0.21238938053097345,1.0,154.0,11.0
2017-02-01,-0.047058823529411764,0.045454545454545456,0.21487603305785125,0.75,170.0,22.0
2017-02-02,-0.03550295857988166,-0.07142857142857142,0.20168067226890757,0.5,169.0,14.0
2017-02-03,-0.11627906976744186,-0.16666666666666666,0.21505376344086022,0.75,129.0,6.0
2017-02-04,-0.1232876712328767,0.0,0.23529411764705882,0.5,146.0,5.0
2017-02-05,-0.059602649006622516,0.0,0.25252525252525254,0.0,151.0,2.0
2017-02-06,-0.06289308176100629,0.0,0.34579439252336447,0.0,159.0,1.0
2017-02-07,-0.04487179487179487,0.0,0.2967032967032967,1.0,156.0,17.0
2017-02-08,-0.027472527472527472,0.15384615384615385,0.2920353982300885,1.0,182.0,13.0
2017-02-09,-0.09523809523809523,0.0,0.2457627118644068,0.5,168.0,9.0
2017-02-10,-0.05945945945945946,-0.12,0.30952380952380953,0.5,185.0,25.0
2017-02-11,-0.04395604395604396,0.0,0.36363636363636365,1.0,182.0,6.0
2017-02-12,-0.013157894736842105,0.0,0.21568627450980393,0.0,152.0,11.0
2017-02-13,-0.04516129032258064,-0.1111111111111111,0.23636363636363636,1.0,155.0,18.0
2017-02-14,-0.03910614525139665,0.0,0.352,1.0,179.0,8.0
2017-02-15,-0.07741935483870968,-0.045454545454545456,0.3055555555555556,0.9166666666666666,155.0,22.0
2017-02-16,-0.05945945945945946,0.5,0.2826086956521739,1.0,185.0,2.0
2017-02-17,-0.05527638190954774,-0.14285714285714285,0.39285714285714285,0.8,199.0,7.0
2017-02-18,-0.03048780487804878,-0.3333333333333333,0.3302752293577982,1.0,164.0,3.0
2017-02-19,-0.044444444444444446,0.0,0.3225806451612903,1.0,135.0,12.0
2017-02-20,-0.06896551724137931,-0.1111111111111111,0.3541666666666667,1.0,203.0,9.0
2017-02-21,-0.07734806629834254,-0.23076923076923078,0.336,1.0,181.0,13.0
2017-02-22,-0.09,0.0,0.33098591549295775,1.0,200.0,14.0
2017-02-23,-0.05612244897959184,-0.0625,0.17834394904458598,0.875,196.0,16.0
2017-02-24,-0.04721030042918455,0.09090909090909091,0.25882352941176473,1.0,233.0,11.0
2017-02-25,-0.08994708994708994,-0.1111111111111111,0.3008130081300813,1.0,189.0,9.0
2017-02-26,-0.10429447852760736,-0.3333333333333333,0.4369747899159664,0.0,163.0,3.0
2017-02-27,-0.05945945945945946,-0.6666666666666666,0.2932330827067669,1.0,185.0,3.0
2017-02-28,-0.07065217391304347,0.4,0.4146341463414634,1.0,184.0,5.0
2017-03-01,-0.0872093023255814,-0.2,0.3953488372093023,1.0,172.0,10.0
2017-03-02,-0.03208556149732621,0.14285714285714285,0.3897058823529412,0.0,187.0,7.0
2017-03-03,-0.05603448275862069,-0.14285714285714285,0.367816091954023,1.0,232.0,7.0
2017-03-04,-0.09195402298850575,0.0,0.3384615384615385,1.0,174.0,3.0
2017-03-05,-0.04065040650406504,0.16666666666666666,0.4126984126984127,0.5,123.0,6.0
2017-03-06,-0.05714285714285714,-0.2857142857142857,0.37894736842105264,0.0,140.0,7.0
2017-03-07,-0.08181818181818182,-0.07142857142857142,0.21666666666666667,0.5,110.0,14.0
2017-03-08,-0.056179775280898875,-0.125,0.2926829268292683,0.0,178.0,8.0
2017-03-09,-0.09316770186335403,0.0,0.3611111111111111,0.5,161.0,3.0
2017-03-10,-0.065,0.0,0.24691358024691357,1.0,200.0,7.0
2017-03-11,-0.06854838709677419,-0.05555555555555555,0.3230769230769231,1.0,248.0,18.0
2017-03-12,-0.030612244897959183,0.0,0.2692307692307692,0.0,196.0,3.0
2017-03-13,-0.05714285714285714,-0.23529411764705882,0.21551724137931033,1.0,175.0,17.0
2017-03-14,-0.08387096774193549,-0.1,0.25773195876288657,0.6666666666666666,155.0,10.0
2017-03-15,-0.05426356589147287,-0.13793103448275862,0.32857142857142857,1.0,129.0,29.0
2017-03-16,-0.12121212121212122,-0.125,0.2857142857142857,1.0,132.0,24.0
2017-03-17,-0.05917159763313609,-0.14285714285714285,0.20909090909090908,0.5,169.0,7.0
2017-03-18,-0.1728395061728395,0.0,0.1826086956521739,1.0,162.0,7.0
2017-03-19,-0.07453416149068323,-0.03571428571428571,0.21052631578947367,1.0,161.0,28.0
2017-03-20,-0.1171875,0.0,0.12941176470588237,1.0,128.0,3.0
2017-03-21,-0.078125,-0.3333333333333333,0.2558139534883721,0.0,128.0,3.0
2017-03-22,-0.125,0.0,0.3023255813953488,0.6666666666666666,136.0,15.0
2017-03-23,-0.08029197080291971,-0.08333333333333333,0.3125,1.0,137.0,24.0
2017-03-24,-0.10135135135135136,0.5,0.2549019607843137,0.0,148.0,2.0
2017-03-25,-0.12727272727272726,0.0,0.1588785046728972,1.0,165.0,1.0
2017-03-26,-0.06896551724137931,-0.25,0.21428571428571427,1.0,145.0,8.0
2017-03-27,-0.08791208791208792,0.0,0.22727272727272727,1.0,182.0,13.0
2017-03-28,-0.03821656050955414,0.0,0.23232323232323232,1.0,157.0,8.0
2017-03-29,-0.13709677419354838,-0.18181818181818182,0.275,0.6666666666666666,124.0,11.0
2017-03-30,-0.05194805194805195,0.08333333333333333,0.3229166666666667,0.5,154.0,12.0
2017-03-31,-0.022222222222222223,-0.3333333333333333,0.2127659574468085,1.0,135.0,3.0
2017-04-01,-0.09352517985611511,-0.25,0.3291139240506329,0.0,139.0,4.0
2017-04-02,-0.06369426751592357,0.0,0.44,1.0,157.0,8.0
2017-04-03,-0.07303370786516854,0.0,0.34210526315789475,1.0,178.0,4.0
2017-04-04,-0.05970149253731343,-0.2,0.2988505747126437,1.0,134.0,10.0
2017-04-05,-0.055900621118012424,0.0,0.22448979591836735,1.0,161.0,5.0
2017-04-06,-0.0859375,0.125,0.19230769230769232,1.0,128.0,8.0
2017-04-07,-0.1079136690647482,-0.5,0.26373626373626374,0.0,139.0,2.0
2017-04-08,-0.012121212121212121,0.0,0.3888888888888889,1.0,165.0,7.0
2017-04-09,-0.12307692307692308,0.0,0.3448275862068966,0.0,130.0,7.0
2017-04-10,-0.038461538461538464,-0.25,0.26595744680851063,1.0,130.0,4.0
2017-04-11,-0.06349206349206349,-0.25,0.2962962962962963,0.5,126.0,12.0
2017-04-12,-0.006993006993006993,0.05555555555555555,0.1875,1.0,143.0,18.0
2017-04-13,-0.10810810810810811,-0.26666666666666666,0.27380952380952384,1.0,148.0,15.0
2017-04-14,-0.16363636363636364,-0.14285714285714285,0.2375,1.0,165.0,7.0
2017-04-15,-0.09554140127388536,-0.5,0.22429906542056074,0.0,157.0,2.0
2017-04-16,-0.04716981132075472,0.0,0.3422818791946309,0.5,212.0,23.0
2017-04-17,-0.024390243902439025,-0.09090909090909091,0.4,1.0,164.0,33.0
2017-04-18,-0.08108108108108109,-0.25,0.3956043956043956,1.0,148.0,4.0
2017-04-19,-0.08227848101265822,,0.38317757009345793,,158.0,
2017-04-20,-0.0916030534351145,0.0,0.35365853658536583,1.0,131.0,8.0
2017-04-21,-0.09032258064516129,-0.043478260869565216,0.34951456310679613,1.0,155.0,23.0
2017-04-22,-0.08108108108108109,0.0,0.33653846153846156,1.0,148.0,3.0
2017-04-23,-0.05952380952380952,-0.25,0.35,0.0,168.0,4.0
2017-04-24,-0.07801418439716312,0.0,0.24210526315789474,1.0,141.0,9.0
2017-04-25,-0.09933774834437085,0.0,0.39473684210526316,1.0,151.0,11.0
2017-04-26,-0.07386363636363637,-0.1111111111111111,0.29457364341085274,1.0,176.0,9.0
2017-04-27,-0.1095890410958904,-0.25,0.3258426966292135,1.0,146.0,8.0
2017-04-28,-0.06358381502890173,-0.3333333333333333,0.26548672566371684,0.0,173.0,3.0
2017-04-29,-0.11046511627906977,-0.07692307692307693,0.3055555555555556,1.0,172.0,13.0
2017-04-30,-0.07222222222222222,-0.2857142857142857,0.3025210084033613,1.0,180.0,7.0
2017-05-01,-0.05405405405405406,0.0,0.2421875,1.0,185.0,9.0
2017-05-02,-0.06875,0.16666666666666666,0.27692307692307694,1.0,160.0,6.0
2017-05-03,-0.07425742574257425,0.0,0.25675675675675674,0.0,202.0,5.0
2017-05-04,-0.017316017316017316,0.0,0.193717277486911,1.0,231.0,5.0
2017-05-05,-0.0851063829787234,0.0,0.20714285714285716,1.0,188.0,6.0
2017-05-06,-0.10059171597633136,0.0,0.27350427350427353,1.0,169.0,5.0
2017-05-07,-0.055865921787709494,0.0,0.304,0.0,179.0,8.0
2017-05-08,-0.06134969325153374,0.0,0.3418803418803419,0.5,163.0,8.0
2017-05-09,-0.08560311284046693,0.0,0.20108695652173914,1.0,257.0,13.0
2017-05-10,-0.06372549019607843,0.0,0.2152777777777778,1.0,204.0,16.0
2017-05-11,-0.06382978723404255,-0.07692307692307693,0.291044776119403,1.0,188.0,13.0
2017-05-12,-0.09411764705882353,-0.16666666666666666,0.2719298245614035,1.0,170.0,6.0
2017-05-13,-0.04040404040404041,0.0,0.183206106870229,1.0,198.0,1.0
2017-05-14,-0.059880239520958084,0.0,0.20168067226890757,1.0,167.0,2.0
2017-05-15,-0.06077348066298342,0.0,0.3656716417910448,1.0,181.0,23.0
2017-05-16,-0.06741573033707865,0.25,0.390625,0.5,178.0,4.0
2017-05-17,-0.060810810810810814,0.0,0.2978723404255319,1.0,148.0,12.0
2017-05-18,-0.08029197080291971,0.09090909090909091,0.26804123711340205,1.0,137.0,11.0
2017-05-19,-0.03870967741935484,0.0,0.2743362831858407,1.0,155.0,2.0
2017-05-20,-0.0335195530726257,0.0,0.16279069767441862,0.0,179.0,1.0
2017-05-21,-0.06282722513089005,0.0,0.17006802721088435,0.0,191.0,1.0
2017-05-22,-0.06707317073170732,0.0,0.15447154471544716,1.0,164.0,2.0
2017-05-23,-0.07092198581560284,-0.3333333333333333,0.23076923076923078,1.0,141.0,3.0
2017-05-24,-0.0748663101604278,1.0,0.2032520325203252,1.0,187.0,1.0
2017-05-25,-0.05019305019305019,-0.0625,0.1642512077294686,0.9,259.0,16.0
2017-05-26,-0.03896103896103896,0.0,0.2598870056497175,1.0,231.0,9.0
2017-05-27,-0.05426356589147287,-0.2,0.16097560975609757,1.0,258.0,5.0
2017-05-28,-0.06285714285714286,-0.25,0.1968503937007874,1.0,175.0,8.0
2017-05-29,-0.006993006993006993,-0.15384615384615385,0.1956521739130435,1.0,143.0,13.0
2017-05-30,-0.047619047619047616,-0.1111111111111111,0.32323232323232326,0.5,147.0,9.0
2017-05-31,-0.06321839080459771,-0.4,0.2631578947368421,1.0,174.0,5.0
2017-06-01,-0.02976190476190476,0.0,0.2773109243697479,1.0,168.0,3.0
2017-06-02,-0.025157232704402517,-0.125,0.27,0.0,159.0,8.0
2017-06-03,-0.045454545454545456,-0.14285714285714285,0.25384615384615383,1.0,176.0,7.0
2017-06-04,-0.0111731843575419,0.0,0.20610687022900764,1.0,179.0,8.0
2017-06-05,-0.021739130434782608,0.0,0.25806451612903225,0.875,184.0,9.0
2017-06-06,-0.06043956043956044,-0.1111111111111111,0.20863309352517986,1.0,182.0,9.0
2017-06-07,-0.07065217391304347,0.0,0.20689655172413793,1.0,184.0,7.0
2017-06-08,-0.04712041884816754,0.25,0.2684563758389262,0.0,191.0,4.0
2017-06-09,-0.075,-0.13333333333333333,0.24427480916030533,1.0,200.0,15.0
2017-06-10,-0.09569377990430622,0.0,0.2922077922077922,1.0,209.0,11.0
2017-06-11,-0.022123893805309734,0.0,0.3508771929824561,0.6666666666666666,226.0,6.0
2017-06-12,-0.08755760368663594,0.0,0.25675675675675674,1.0,217.0,3.0
2017-06-13,-0.027777777777777776,-0.1111111111111111,0.19230769230769232,1.0,180.0,9.0
2017-06-14,-0.05670103092783505,-0.14285714285714285,0.22377622377622378,1.0,194.0,21.0
2017-06-15,-0.08928571428571429,-0.5,0.19886363636363635,0.5,224.0,6.0
2017-06-16,-0.08074534161490683,0.0,0.3018867924528302,0.0,161.0,3.0
2017-06-17,-0.0136986301369863,0.0,0.13761467889908258,1.0,146.0,1.0
2017-06-18,-0.05325443786982249,0.0,0.175,1.0,169.0,4.0
2017-06-19,0.0,-0.1,0.20155038759689922,0.0,160.0,10.0
2017-06-20,-0.038461538461538464,0.0,0.17543859649122806,1.0,156.0,3.0
2017-06-21,-0.09844559585492228,0.0,0.2080536912751678,0.0,193.0,3.0
2017-06-22,-0.04522613065326633,0.0,0.2597402597402597,1.0,199.0,5.0
2017-06-23,-0.0748663101604278,0.0,0.24087591240875914,1.0,187.0,5.0
2017-06-24,-0.027624309392265192,0.0,0.2080536912751678,0.8333333333333334,181.0,9.0
2017-06-25,-0.10309278350515463,-0.125,0.23809523809523808,1.0,194.0,8.0
2017-06-26,-0.09433962264150944,-0.1111111111111111,0.22981366459627328,0.6666666666666666,212.0,9.0
2017-06-27,-0.06976744186046512,-0.125,0.20863309352517986,0.8,172.0,8.0
2017-06-28,-0.06372549019607843,-0.125,0.2689655172413793,1.0,204.0,16.0
2017-06-29,-0.08241758241758242,0.0,0.26174496644295303,0.0,182.0,3.0
2017-06-30,-0.055248618784530384,0.0,0.208,0.8,181.0,8.0
2017-07-01,-0.04790419161676647,0.0,0.1951219512195122,0.6666666666666666,167.0,5.0
2017-07-02,-0.0273224043715847,0.0,0.25984251968503935,0.0,183.0,1.0
2017-07-03,-0.07650273224043716,-0.5,0.21951219512195122,1.0,183.0,2.0
2017-07-04,-0.07006369426751592,-0.06896551724137931,0.18333333333333332,1.0,157.0,29.0
2017-07-05,-0.06857142857142857,-0.0967741935483871,0.1864406779661017,1.0,175.0,31.0
2017-07-06,-0.08092485549132948,-0.2,0.34146341463414637,0.6666666666666666,173.0,5.0
2017-07-07,-0.011494252873563218,0.0,0.2047244094488189,0.0,174.0,3.0
2017-07-08,-0.07471264367816093,-0.2,0.29310344827586204,0.6666666666666666,174.0,10.0
2017-07-09,-0.05319148936170213,0.0,0.3288590604026846,0.0,188.0,3.0
2017-07-10,-0.04736842105263158,-0.16666666666666666,0.21379310344827587,0.0,190.0,6.0
2017-07-11,-0.13636363636363635,-0.4,0.1437908496732026,0.0,198.0,5.0
2017-07-12,-0.10309278350515463,-0.1875,0.1917808219178082,0.875,194.0,16.0
2017-07-13,-0.06956521739130435,-0.08333333333333333,0.3401360544217687,1.0,230.0,12.0
2017-07-14,-0.06167400881057269,-0.14285714285714285,0.24342105263157895,1.0,227.0,7.0
2017-07-15,-0.03398058252427184,0.0,0.20754716981132076,1.0,206.0,2.0
2017-07-16,-0.07964601769911504,0.0,0.12643678160919541,1.0,226.0,2.0
2017-07-17,-0.07471264367816093,0.0,0.18032786885245902,1.0,174.0,6.0
2017-07-18,-0.09868421052631579,0.0,0.16964285714285715,1.0,152.0,19.0
2017-07-19,-0.11351351351351352,0.0,0.25547445255474455,1.0,185.0,6.0
2017-07-20,-0.0748663101604278,-0.2,0.24342105263157895,1.0,187.0,5.0
2017-07-21,-0.04519774011299435,0.3333333333333333,0.1386861313868613,1.0,177.0,6.0
2017-07-22,-0.015625,0.0,0.2624113475177305,0.0,192.0,2.0
2017-07-23,-0.07272727272727272,0.0,0.2109375,0.75,165.0,4.0
2017-07-24,-0.03289473684210526,0.0,0.23728813559322035,1.0,152.0,9.0
2017-07-25,-0.05202312138728324,0.0,0.22727272727272727,0.6666666666666666,173.0,4.0
2017-07-26,-0.08780487804878048,0.0,0.2785714285714286,1.0,205.0,5.0
2017-07-27,-0.08982035928143713,-0.21428571428571427,0.24786324786324787,1.0,167.0,14.0
2017-07-28,-0.08928571428571429,-0.16666666666666666,0.2,0.5,168.0,6.0
2017-07-29,-0.05113636363636364,0.0,0.19863013698630136,1.0,176.0,9.0
2017-07-30,-0.06535947712418301,0.0,0.2631578947368421,1.0,153.0,2.0
2017-07-31,-0.03680981595092025,0.3333333333333333,0.24347826086956523,0.0,163.0,3.0
2017-08-01,-0.07947019867549669,-0.15789473684210525,0.23893805309734514,0.6666666666666666,151.0,19.0
2017-08-02,-0.005813953488372093,0.0,0.23622047244094488,0.75,172.0,9.0
2017-08-03,-0.01775147928994083,-0.2,0.20634920634920634,0.0,169.0,5.0
2017-08-04,-0.060240963855421686,-0.2,0.25984251968503935,0.5,166.0,5.0
2017-08-05,-0.038834951456310676,0.0,0.2328767123287671,0.0,206.0,3.0
2017-08-06,-0.023474178403755867,0.0,0.2638888888888889,1.0,213.0,13.0
2017-08-07,-0.05855855855855856,-0.07142857142857142,0.22641509433962265,0.8333333333333334,222.0,14.0
2017-08-08,-0.043243243243243246,-0.1111111111111111,0.291970802919708,1.0,185.0,9.0
2017-08-09,-0.08064516129032258,-0.10526315789473684,0.2898550724637681,0.6666666666666666,186.0,19.0
2017-08-10,-0.042682926829268296,0.0,0.28695652173913044,0.6,164.0,18.0
2017-08-11,-0.0966183574879227,-0.125,0.23076923076923078,0.75,207.0,8.0
2017-08-12,-0.04310344827586207,0.3333333333333333,0.17964071856287425,1.0,232.0,3.0
2017-08-13,-0.06666666666666667,0.0,0.11931818181818182,1.0,240.0,4.0
2017-08-14,-0.046610169491525424,0.0,0.19337016574585636,1.0,236.0,43.0
2017-08-15,-0.04580152671755725,0.0,0.215962441314554,1.0,262.0,23.0
2017-08-16,-0.08411214953271028,0.0,0.20121951219512196,1.0,214.0,5.0
2017-08-17,-0.06451612903225806,0.0,0.1927710843373494,1.0,217.0,5.0
2017-08-18,-0.03482587064676617,0.0,0.18840579710144928,0.0,201.0,2.0
2017-08-19,0.0,0.0,0.2672413793103448,0.0,161.0,1.0
2017-08-20,-0.04827586206896552,-0.3333333333333333,0.2692307692307692,0.0,145.0,3.0
2017-08-21,-0.01282051282051282,-0.1,0.22413793103448276,0.75,156.0,10.0
2017-08-22,-0.10179640718562874,0.0,0.18584070796460178,1.0,167.0,14.0
2017-08-23,-0.06790123456790123,-0.07692307692307693,0.23529411764705882,1.0,162.0,13.0
2017-08-24,-0.07065217391304347,-0.06666666666666667,0.24822695035460993,1.0,184.0,15.0
2017-08-25,-0.019230769230769232,0.1111111111111111,0.2809917355371901,1.0,156.0,9.0
2017-08-26,-0.07913669064748201,-0.17857142857142858,0.27835051546391754,1.0,139.0,28.0
2017-08-27,-0.06666666666666667,-0.10526315789473684,0.2777777777777778,1.0,165.0,19.0
2017-08-28,-0.030120481927710843,-0.11764705882352941,0.3274336283185841,1.0,166.0,17.0
2017-08-29,-0.04477611940298507,-0.08333333333333333,0.2360248447204969,1.0,201.0,12.0
2017-08-30,-0.08808290155440414,0.0,0.3088235294117647,1.0,193.0,17.0
2017-08-31,-0.031746031746031744,-0.013157894736842105,0.2265193370165746,0.9512195121951219,252.0,76.0
2017-09-01,-0.01639344262295082,0.0,0.2074468085106383,1.0,244.0,12.0
2017-09-02,-0.10460251046025104,-0.09090909090909091,0.18032786885245902,0.8333333333333334,239.0,11.0
2017-09-03,-0.04583333333333333,-0.3,0.2275132275132275,1.0,240.0,10.0
2017-09-04,-0.07142857142857142,-0.08333333333333333,0.22093023255813954,1.0,210.0,12.0
2017-09-05,-0.12871287128712872,-0.041666666666666664,0.21153846153846154,0.5,202.0,24.0
2017-09-06,-0.015789473684210527,0.0,0.27702702702702703,0.0,190.0,3.0
2017-09-07,-0.06878306878306878,0.0,0.37333333333333335,0.0,189.0,2.0
2017-09-08,-0.09950248756218906,-0.1,0.2215568862275449,0.0,201.0,10.0
2017-09-09,-0.028846153846153848,0.0,0.1509433962264151,0.8,208.0,20.0
2017-09-10,-0.047619047619047616,0.0,0.14102564102564102,1.0,231.0,5.0
2017-09-11,-0.06470588235294118,-1.0,0.176,0.0,170.0,1.0
2017-09-12,-0.10964912280701754,0.0,0.2857142857142857,1.0,228.0,25.0
2017-09-13,-0.0989010989010989,-0.058823529411764705,0.22330097087378642,1.0,273.0,34.0
2017-09-14,-0.05905511811023622,0.0,0.20618556701030927,0.5,254.0,4.0
2017-09-15,-0.15354330708661418,0.0,0.15,0.7692307692307693,254.0,30.0
2017-09-16,-0.07488986784140969,-0.14285714285714285,0.24157303370786518,1.0,227.0,7.0
2017-09-17,0.015384615384615385,0.0,0.2571428571428571,1.0,195.0,12.0
2017-09-18,-0.10152284263959391,0.0,0.2536231884057971,1.0,197.0,22.0
2017-09-19,-0.05333333333333334,0.0,0.3,1.0,225.0,9.0
2017-09-20,-0.022222222222222223,0.0,0.35772357723577236,1.0,180.0,10.0
2017-09-21,-0.09595959595959595,0.0,0.23026315789473684,1.0,198.0,5.0
2017-09-22,-0.05291005291005291,0.0,0.22448979591836735,0.9,189.0,14.0
2017-09-23,-0.0425531914893617,0.0,0.2661290322580645,0.8,188.0,9.0
2017-09-24,-0.04878048780487805,-0.5,0.28888888888888886,1.0,205.0,2.0
2017-09-25,-0.07425742574257425,0.0,0.28289473684210525,1.0,202.0,4.0
2017-09-26,-0.006024096385542169,-0.3333333333333333,0.2807017543859649,0.0,166.0,3.0
2017-09-27,-0.018518518518518517,0.0,0.2605633802816901,1.0,216.0,6.0
2017-09-28,-0.07511737089201878,0.0,0.35294117647058826,1.0,213.0,21.0
2017-09-29,-0.07228915662650602,0.0,0.23931623931623933,1.0,166.0,2.0
2017-09-30,-0.043478260869565216,-0.25,0.28205128205128205,1.0,207.0,4.0
2017-10-01,-0.08290155440414508,0.0,0.19863013698630136,0.0,193.0,5.0
2017-10-02,-0.04591836734693878,0.0,0.2689655172413793,0.6666666666666666,196.0,8.0
2017-10-03,-0.018072289156626505,-0.058823529411764705,0.358974358974359,0.6666666666666666,166.0,17.0
2017-10-04,-0.058823529411764705,-0.07142857142857142,0.2894736842105263,1.0,170.0,14.0
2017-10-05,-0.06936416184971098,0.0,0.30833333333333335,1.0,173.0,10.0
2017-10-06,-0.06111111111111111,-0.1111111111111111,0.2556390977443609,0.75,180.0,18.0
2017-10-07,-0.07647058823529412,0.0,0.3228346456692913,1.0,170.0,19.0
2017-10-08,-0.028846153846153848,0.0,0.3148148148148148,0.6666666666666666,208.0,3.0
2017-10-09,-0.04310344827586207,-0.09090909090909091,0.2,1.0,232.0,11.0
2017-10-10,-0.041474654377880185,-0.058823529411764705,0.2670807453416149,0.4444444444444444,217.0,17.0
2017-10-11,-0.065,0.0,0.22535211267605634,1.0,200.0,7.0
2017-10-12,-0.06329113924050633,0.0,0.26704545454545453,1.0,237.0,5.0
2017-10-13,-0.046413502109704644,-0.15384615384615385,0.22099447513812154,1.0,237.0,13.0
2017-10-14,-0.06511627906976744,0.0,0.24050632911392406,0.0,215.0,2.0
2017-10-15,-0.04878048780487805,-0.08695652173913043,0.27692307692307694,0.9285714285714286,246.0,46.0
2017-10-16,-0.057971014492753624,-0.05263157894736842,0.2987012987012987,1.0,207.0,19.0
2017-10-17,-0.055,-0.06666666666666667,0.2357142857142857,0.8333333333333334,200.0,15.0
2017-10-18,-0.046948356807511735,-0.06976744186046512,0.19375,0.9310344827586207,213.0,43.0
2017-10-19,-0.02,0.0,0.21935483870967742,0.7142857142857143,200.0,35.0
2017-10-20,-0.06437768240343347,0.0,0.2023121387283237,0.6666666666666666,233.0,10.0
2017-10-21,-0.10108303249097472,-0.14285714285714285,0.1596244131455399,1.0,277.0,14.0
2017-10-22,-0.058823529411764705,0.0,0.2360248447204969,1.0,221.0,21.0
2017-10-23,-0.053811659192825115,0.0,0.2727272727272727,1.0,223.0,31.0
2017-10-24,-0.04090909090909091,0.0,0.22151898734177214,0.0,220.0,5.0
2017-10-25,-0.06629834254143646,-0.14285714285714285,0.2109375,1.0,181.0,14.0
2017-10-26,-0.06956521739130435,0.0,0.2948717948717949,0.0,230.0,11.0
2017-10-27,-0.05333333333333334,-0.11764705882352941,0.3727810650887574,0.5,225.0,17.0
2017-10-28,-0.01,0.0,0.2465753424657534,0.5,200.0,4.0
2017-10-29,-0.06451612903225806,0.0,0.2356687898089172,0.6666666666666666,217.0,6.0
2017-10-30,-0.036458333333333336,0.0,0.15671641791044777,1.0,192.0,14.0
2017-10-31,-0.08333333333333333,0.0,0.3067484662576687,1.0,228.0,10.0
2017-11-01,-0.07171314741035857,-0.18181818181818182,0.22797927461139897,0.8,251.0,11.0
2017-11-02,-0.08695652173913043,-0.125,0.16666666666666666,0.8333333333333334,253.0,8.0
2017-11-03,-0.03389830508474576,-0.08333333333333333,0.16939890710382513,1.0,236.0,12.0
2017-11-04,-0.0811965811965812,-0.16666666666666666,0.22641509433962265,1.0,234.0,6.0
2017-11-05,-0.031746031746031744,0.0,0.19230769230769232,1.0,252.0,12.0
2017-11-06,-0.07906976744186046,0.0,0.23163841807909605,0.6666666666666666,215.0,7.0
2017-11-07,-0.1,-0.030303030303030304,0.2348993288590604,0.9333333333333333,200.0,33.0
2017-11-08,-0.09178743961352658,0.0,0.1935483870967742,1.0,207.0,21.0
2017-11-09,-0.04736842105263158,-0.2727272727272727,0.22058823529411764,0.8,190.0,11.0
2017-11-10,-0.10550458715596331,0.0,0.19745222929936307,0.75,218.0,15.0
2017-11-11,-0.042328042328042326,0.0,0.14173228346456693,1.0,189.0,1.0
2017-11-12,-0.06220095693779904,0.0,0.17834394904458598,1.0,209.0,11.0
2017-11-13,-0.06403940886699508,-0.25,0.1875,1.0,203.0,8.0
2017-11-14,-0.06493506493506493,0.1,0.22608695652173913,0.8888888888888888,154.0,10.0
2017-11-15,-0.06565656565656566,0.0,0.2013888888888889,1.0,198.0,5.0
2017-11-16,-0.035856573705179286,-0.3333333333333333,0.2814070351758794,0.3333333333333333,251.0,6.0
2017-11-17,-0.0990990990990991,0.0,0.2422360248447205,1.0,222.0,9.0
2017-11-18,-0.06607929515418502,0.0,0.23563218390804597,0.0,227.0,1.0
2017-11-19,-0.06829268292682927,0.03225806451612903,0.18181818181818182,0.8421052631578947,205.0,31.0
2017-11-20,-0.07614213197969544,0.0,0.28187919463087246,0.9534883720930233,197.0,113.0
2017-11-21,-0.07344632768361582,0.0,0.176056338028169,0.9333333333333333,177.0,23.0
2017-11-22,-0.07471264367816093,-0.07692307692307693,0.2222222222222222,1.0,174.0,26.0
2017-11-23,-0.05102040816326531,-0.2,0.2803030303030303,0.0,196.0,5.0
2017-11-24,-0.0410958904109589,0.0,0.3235294117647059,1.0,219.0,5.0
2017-11-25,-0.058333333333333334,-0.18181818181818182,0.18857142857142858,1.0,240.0,11.0
2017-11-26,-0.026615969581749048,0.0,0.17412935323383086,1.0,263.0,36.0
2017-11-27,-0.042801556420233464,-0.03508771929824561,0.233502538071066,1.0,257.0,57.0
2017-11-28,-0.012987012987012988,-0.10256410256410256,0.18181818181818182,1.0,231.0,39.0
2017-11-29,-0.05660377358490566,0.0,0.15228426395939088,1.0,265.0,16.0
2017-11-30,-0.04721030042918455,-0.07407407407407407,0.17857142857142858,1.0,233.0,81.0
2017-12-01,-0.07228915662650602,-0.15384615384615385,0.24864864864864866,0.9166666666666666,249.0,26.0
2017-12-02,-0.07883817427385892,-0.2,0.23863636363636365,1.0,241.0,5.0
2017-12-03,-0.018433179723502304,-0.125,0.24390243902439024,1.0,217.0,8.0
2017-12-04,-0.04878048780487805,-0.03571428571428571,0.22058823529411764,0.6428571428571429,205.0,28.0
2017-12-05,-0.11594202898550725,-0.06666666666666667,0.19463087248322147,0.8888888888888888,207.0,15.0
2017-12-06,-0.084070796460177,-0.05,0.1676300578034682,1.0,226.0,20.0
2017-12-07,-0.05761316872427984,-0.17142857142857143,0.1319796954314721,0.96,243.0,35.0
2017-12-08,-0.0625,-0.1,0.21787709497206703,0.9666666666666667,240.0,50.0
2017-12-09,-0.08016877637130802,-0.043478260869565216,0.19786096256684493,1.0,237.0,23.0
2017-12-10,-0.06382978723404255,-0.034482758620689655,0.1977401129943503,1.0,235.0,29.0
2017-12-11,-0.043859649122807015,-0.09803921568627451,0.2542372881355932,1.0,228.0,51.0
2017-12-12,-0.01834862385321101,-0.05,0.12903225806451613,1.0,218.0,60.0
2017-12-13,-0.02926829268292683,-0.10526315789473684,0.21518987341772153,1.0,205.0,19.0
2017-12-14,-0.1,-0.10526315789473684,0.27380952380952384,1.0,220.0,19.0
2017-12-15,-0.04424778761061947,-0.0625,0.2865853658536585,0.7,226.0,16.0
2017-12-16,-0.05241935483870968,-0.03125,0.22950819672131148,0.8,248.0,32.0
2017-12-17,-0.03734439834024896,0.0,0.20430107526881722,1.0,241.0,9.0
2017-12-18,-0.0593607305936073,0.0,0.21604938271604937,0.9090909090909091,219.0,24.0
2017-12-19,-0.020833333333333332,0.0,0.2751677852348993,1.0,192.0,9.0
2017-12-20,-0.12299465240641712,0.07142857142857142,0.17482517482517482,0.8888888888888888,187.0,14.0
2017-12-21,-0.07537688442211055,-0.07692307692307693,0.2808219178082192,1.0,199.0,13.0
2017-12-22,-0.0916030534351145,-0.13043478260869565,0.14018691588785046,1.0,262.0,23.0
2017-12-23,-0.100418410041841,-0.16666666666666666,0.1878453038674033,0.95,239.0,48.0
2017-12-24,-0.03167420814479638,-0.02857142857142857,0.27586206896551724,1.0,221.0,35.0
2017-12-25,-0.0975609756097561,0.0,0.24731182795698925,0.8888888888888888,246.0,14.0
2017-12-26,-0.045454545454545456,-0.03571428571428571,0.2606060606060606,0.8333333333333334,220.0,28.0
2017-12-27,-0.04411764705882353,-0.05263157894736842,0.26875,1.0,204.0,19.0
2017-12-28,-0.02727272727272727,0.0,0.26627218934911245,1.0,220.0,9.0
2017-12-29,-0.05106382978723404,-0.125,0.3402061855670103,0.75,235.0,8.0
2017-12-30,-0.09561752988047809,0.21428571428571427,0.28708133971291866,0.5,251.0,14.0
2017-12-31,-0.041474654377880185,-0.3333333333333333,0.37142857142857144,0.6666666666666666,217.0,6.0
2018-01-01,-0.056768558951965066,0.0,0.30978260869565216,0.75,229.0,5.0
2018-01-02,0.0,0.0,0.2459016393442623,1.0,218.0,8.0
2018-01-03,-0.046218487394957986,-0.1875,0.3157894736842105,0.8571428571428571,238.0,16.0
2018-01-04,-0.0398406374501992,-0.07142857142857142,0.2897196261682243,1.0,251.0,14.0
2018-01-05,0.003703703703703704,0.0,0.2831858407079646,0.8888888888888888,270.0,18.0
2018-01-06,-0.022026431718061675,-0.07692307692307693,0.32142857142857145,1.0,227.0,13.0
2018-01-07,-0.023809523809523808,0.16666666666666666,0.31627906976744186,0.8,252.0,6.0
2018-01-08,-0.09126984126984126,0.0,0.2761904761904762,1.0,252.0,19.0
2018-01-09,-0.06896551724137931,0.14285714285714285,0.3160377358490566,0.75,261.0,7.0
2018-01-10,-0.053061224489795916,-0.07407407407407407,0.24644549763033174,0.9411764705882353,245.0,27.0
2018-01-11,-0.05090909090909091,-0.15151515151515152,0.18141592920353983,1.0,275.0,33.0
2018-01-12,-0.07174887892376682,-0.125,0.2617801047120419,1.0,223.0,24.0
2018-01-13,-0.029411764705882353,-0.28,0.2561576354679803,0.75,238.0,25.0
2018-01-14,-0.03375527426160337,-0.1111111111111111,0.29015544041450775,1.0,237.0,18.0
2018-01-15,-0.02100840336134454,0.0,0.28272251308900526,0.75,238.0,18.0
2018-01-16,-0.06430868167202572,-0.038461538461538464,0.18604651162790697,1.0,311.0,26.0
2018-01-17,-0.05734767025089606,-0.08695652173913043,0.1799163179916318,0.9565217391304348,279.0,46.0
2018-01-18,-0.03305785123966942,-0.06666666666666667,0.2731707317073171,0.9629629629629629,242.0,45.0
2018-01-19,-0.024630541871921183,0.05263157894736842,0.2732919254658385,1.0,203.0,38.0
2018-01-20,-0.02586206896551724,0.0,0.32663316582914576,1.0,232.0,19.0
2018-01-21,-0.026905829596412557,0.06666666666666667,0.27807486631016043,1.0,223.0,15.0
2018-01-22,-0.007936507936507936,-0.14285714285714285,0.2558139534883721,0.6666666666666666,252.0,7.0
2018-01-23,-0.05439330543933055,0.0,0.34328358208955223,1.0,239.0,19.0
2018-01-24,-0.05392156862745098,-0.17647058823529413,0.3475609756097561,0.8333333333333334,204.0,17.0
2018-01-25,-0.07389162561576355,-0.06451612903225806,0.3248407643312102,0.9230769230769231,203.0,31.0
2018-01-26,-0.029914529914529916,-0.3076923076923077,0.328042328042328,1.0,234.0,13.0
2018-01-27,-0.09053497942386832,0.125,0.31155778894472363,0.0,243.0,8.0
2018-01-28,-0.02717391304347826,0.0,0.3522012578616352,0.0,184.0,9.0
2018-01-29,-0.07729468599033816,-0.045454545454545456,0.19298245614035087,1.0,207.0,22.0
2018-01-30,-0.05741626794258373,-0.11764705882352941,0.2033898305084746,0.6666666666666666,209.0,17.0
2018-01-31,-0.048,-0.17647058823529413,0.21393034825870647,0.75,250.0,17.0
2018-02-01,-0.08139534883720931,0.0,0.15346534653465346,1.0,258.0,4.0
2018-02-02,-0.07394366197183098,-0.06666666666666667,0.13100436681222707,1.0,284.0,15.0
2018-02-03,-0.10236220472440945,0.0,0.2097560975609756,1.0,254.0,5.0
2018-02-04,-0.07661290322580645,-0.14705882352941177,0.1837837837837838,0.5,248.0,34.0
2018-02-05,-0.10158730158730159,-0.13043478260869565,0.14453125,1.0,315.0,23.0
2018-02-06,-0.08360128617363344,0.11764705882352941,0.14957264957264957,0.375,311.0,17.0
2018-02-07,-0.05855855855855856,0.0,0.22580645161290322,0.75,222.0,6.0
2018-02-08,-0.05726872246696035,-0.07692307692307693,0.20481927710843373,0.875,227.0,13.0
2018-02-09,-0.07389162561576355,-0.0625,0.2392638036809816,0.6,203.0,16.0
2018-02-10,-0.08133971291866028,-0.08333333333333333,0.25882352941176473,0.75,209.0,12.0
2018-02-11,-0.1111111111111111,-0.08333333333333333,0.31645569620253167,1.0,198.0,12.0
2018-02-12,-0.053811659192825115,0.0,0.2596685082872928,1.0,223.0,24.0
2018-02-13,-0.11214953271028037,0.125,0.2558139534883721,1.0,214.0,8.0
2018-02-14,-0.0861244019138756,-0.1,0.22641509433962265,0.6666666666666666,209.0,10.0
2018-02-15,-0.021551724137931036,0.25,0.26519337016574585,0.0,232.0,4.0
2018-02-16,-0.04035874439461883,-0.1,0.3105263157894737,0.5,223.0,10.0
2018-02-17,-0.04072398190045249,0.0,0.3891891891891892,1.0,221.0,7.0
2018-02-18,-0.08866995073891626,0.0,0.26973684210526316,0.4,203.0,10.0
2018-02-19,-0.09405940594059406,0.0,0.3161290322580645,0.8333333333333334,202.0,12.0
2018-02-20,-0.06306306306306306,0.0,0.24858757062146894,1.0,222.0,11.0
2018-02-21,-0.06565656565656566,-0.15384615384615385,0.20987654320987653,0.625,198.0,26.0
2018-02-22,-0.07142857142857142,0.0,0.21341463414634146,0.875,210.0,12.0
2018-02-23,-0.059322033898305086,0.0,0.22043010752688172,0.8333333333333334,236.0,11.0
2018-02-24,-0.06532663316582915,0.0,0.25316455696202533,0.0,199.0,5.0
2018-02-25,-0.03940886699507389,0.0,0.3184713375796178,0.0,203.0,3.0
2018-02-26,-0.06091370558375635,0.0,0.22981366459627328,1.0,197.0,3.0
2018-02-27,-0.08080808080808081,0.0,0.24050632911392406,1.0,198.0,9.0
2018-02-28,-0.10101010101010101,0.0,0.28205128205128205,0.0,198.0,1.0
2018-03-01,-0.02577319587628866,0.0,0.2751677852348993,0.0,194.0,4.0
2018-03-02,-0.07177033492822966,-0.05,0.2795031055900621,1.0,209.0,20.0
2018-03-03,-0.01904761904761905,-0.06666666666666667,0.20382165605095542,0.6,210.0,15.0
2018-03-04,-0.05116279069767442,0.0,0.2982456140350877,0.0,215.0,2.0
2018-03-05,-0.005681818181818182,-0.1875,0.25517241379310346,0.7142857142857143,176.0,16.0
2018-03-06,-0.08796296296296297,0.0,0.22033898305084745,0.8571428571428571,216.0,28.0
2018-03-07,-0.16981132075471697,0.0,0.2781065088757396,1.0,212.0,12.0
2018-03-08,-0.0823045267489712,0.0,0.20603015075376885,1.0,243.0,10.0
2018-03-09,-0.11929824561403508,-0.14285714285714285,0.17167381974248927,1.0,285.0,7.0
2018-03-10,-0.056074766355140186,0.0,0.20987654320987653,1.0,214.0,26.0
2018-03-11,-0.08296943231441048,-0.4,0.22857142857142856,0.5,229.0,5.0
2018-03-12,-0.08018867924528301,-0.08333333333333333,0.2532467532467532,0.0,212.0,12.0
2018-03-13,-0.10144927536231885,0.0,0.23870967741935484,0.8333333333333334,207.0,10.0
2018-03-14,-0.13191489361702127,-0.1388888888888889,0.16393442622950818,1.0,235.0,36.0
2018-03-15,-0.0959409594095941,-0.058823529411764705,0.15566037735849056,1.0,271.0,17.0
2018-03-16,-0.0365296803652968,0.0,0.2857142857142857,1.0,219.0,21.0
2018-03-17,-0.11067193675889328,0.0,0.15789473684210525,1.0,253.0,7.0
2018-03-18,-0.14035087719298245,-0.1,0.15486725663716813,0.7777777777777778,285.0,20.0
2018-03-19,-0.05952380952380952,-0.06666666666666667,0.22380952380952382,1.0,252.0,30.0
2018-03-20,-0.020833333333333332,-0.04,0.3103448275862069,0.75,192.0,50.0
2018-03-21,-0.01904761904761905,0.0,0.30128205128205127,0.8,210.0,9.0
2018-03-22,-0.1004566210045662,0.16666666666666666,0.2781065088757396,1.0,219.0,6.0
2018-03-23,-0.046511627906976744,0.0625,0.29310344827586204,0.75,215.0,16.0
2018-03-24,-0.02586206896551724,0.0,0.24479166666666666,1.0,232.0,10.0
2018-03-25,-0.07981220657276995,0.0,0.2631578947368421,1.0,213.0,6.0
2018-03-26,-0.11555555555555555,-0.05263157894736842,0.20218579234972678,0.5,225.0,19.0
2018-03-27,-0.08928571428571429,-0.2,0.21348314606741572,0.8,224.0,15.0
2018-03-28,-0.06224066390041494,-0.13333333333333333,0.2698412698412698,1.0,241.0,15.0
2018-03-29,-0.10196078431372549,0.0,0.234375,0.0,255.0,2.0
2018-03-30,-0.07142857142857142,0.0,0.22608695652173913,0.6666666666666666,294.0,7.0
2018-03-31,-0.07421875,-0.18181818181818182,0.22,1.0,256.0,11.0
2018-04-01,-0.11764705882352941,0.0,0.20642201834862386,0.6666666666666666,272.0,7.0
2018-04-02,-0.06637168141592921,0.0,0.1853932584269663,0.75,226.0,10.0
2018-04-03,-0.09803921568627451,0.0,0.18691588785046728,0.6666666666666666,255.0,7.0
2018-04-04,-0.11788617886178862,0.0,0.21468926553672316,1.0,246.0,10.0
2018-04-05,-0.08620689655172414,-0.08571428571428572,0.33157894736842103,0.7777777777777778,232.0,35.0
2018-04-06,-0.07630522088353414,-0.2,0.3224043715846995,0.5,249.0,5.0
2018-04-07,-0.04524886877828054,-0.08333333333333333,0.20348837209302326,0.0,221.0,12.0
2018-04-08,-0.07511737089201878,-0.07692307692307693,0.2356687898089172,0.6,213.0,13.0
2018-04-09,-0.06719367588932806,0.1111111111111111,0.203125,0.1,253.0,18.0
2018-04-10,-0.07604562737642585,-0.09090909090909091,0.3490566037735849,0.75,263.0,22.0
2018-04-11,-0.08050847457627118,-0.3,0.2692307692307692,0.3333333333333333,236.0,10.0
2018-04-12,-0.044534412955465584,0.0,0.1477832512315271,0.8,247.0,12.0
2018-04-13,-0.03418803418803419,-0.2,0.18974358974358974,1.0,234.0,5.0
2018-04-14,-0.06467661691542288,0.1,0.2392638036809816,1.0,201.0,10.0
2018-04-15,-0.10344827586206896,0.0,0.21311475409836064,1.0,232.0,3.0
2018-04-16,-0.05504587155963303,-0.14285714285714285,0.3028571428571429,1.0,218.0,7.0
2018-04-17,-0.052884615384615384,-0.3333333333333333,0.30120481927710846,1.0,208.0,6.0
2018-04-18,-0.03139013452914798,0.0,0.2914285714285714,1.0,223.0,6.0
2018-04-19,-0.0594059405940594,-0.14285714285714285,0.32075471698113206,0.5,202.0,7.0
2018-04-20,-0.0641025641025641,0.0,0.273224043715847,0.5,234.0,6.0
2018-04-21,-0.06435643564356436,0.0,0.25,0.75,202.0,13.0
2018-04-22,-0.08482142857142858,-0.11904761904761904,0.22988505747126436,0.6842105263157895,224.0,42.0
2018-04-23,-0.04017857142857143,0.13043478260869565,0.31213872832369943,0.7142857142857143,224.0,23.0
2018-04-24,-0.03292181069958848,-0.05555555555555555,0.26373626373626374,1.0,243.0,18.0
2018-04-25,-0.036585365853658534,0.0,0.17204301075268819,1.0,246.0,14.0
2018-04-26,-0.047619047619047616,0.0,0.2573099415204678,0.75,210.0,5.0
2018-04-27,-0.06572769953051644,0.0,0.2222222222222222,0.3333333333333333,213.0,7.0
2018-04-28,-0.025906735751295335,-0.1,0.3237410071942446,0.6,193.0,10.0
2018-04-29,-0.03686635944700461,-0.25,0.3793103448275862,1.0,217.0,4.0
2018-04-30,-0.04433497536945813,0.0,0.36416184971098264,1.0,203.0,1.0
2018-05-01,-0.029914529914529916,0.0,0.329608938547486,1.0,234.0,8.0
2018-05-02,-0.024630541871921183,0.0,0.2689655172413793,1.0,203.0,6.0
2018-05-03,-0.0326530612244898,0.0,0.25380710659898476,1.0,245.0,5.0
2018-05-04,-0.011811023622047244,-0.07407407407407407,0.3069306930693069,0.6153846153846154,254.0,27.0
2018-05-05,-0.023474178403755867,0.0,0.28484848484848485,1.0,213.0,7.0
2018-05-06,-0.06140350877192982,0.0,0.21637426900584794,1.0,228.0,9.0
2018-05-07,-0.05622489959839357,0.0,0.23699421965317918,1.0,249.0,7.0
2018-05-08,-0.02643171806167401,0.0,0.27218934911242604,1.0,227.0,17.0
2018-05-09,-0.10138248847926268,-0.08695652173913043,0.2550335570469799,0.75,217.0,23.0
2018-05-10,-0.04072398190045249,-0.3333333333333333,0.2696629213483146,0.0,221.0,3.0
2018-05-11,-0.1336206896551724,-0.2,0.14754098360655737,1.0,232.0,5.0
2018-05-12,-0.019011406844106463,0.0,0.2193877551020408,0.0,263.0,8.0
2018-05-13,-0.0502283105022831,0.0,0.35542168674698793,1.0,219.0,4.0
2018-05-14,-0.06542056074766354,0.0,0.391812865497076,1.0,214.0,4.0
2018-05-15,-0.06074766355140187,0.0,0.3202247191011236,1.0,214.0,8.0
2018-05-16,-0.07296137339055794,0.0,0.3404255319148936,1.0,233.0,6.0
2018-05-17,-0.07079646017699115,-0.09523809523809523,0.19767441860465115,0.75,226.0,21.0
2018-05-18,-0.08547008547008547,-0.05555555555555555,0.3352601156069364,0.9,234.0,18.0
2018-05-19,-0.050761421319796954,0.0,0.296551724137931,1.0,197.0,4.0
2018-05-20,-0.05319148936170213,-0.13333333333333333,0.35664335664335667,0.5,188.0,15.0
2018-05-21,-0.005555555555555556,-0.1875,0.31343283582089554,0.75,180.0,16.0
2018-05-22,-0.0380952380952381,0.0,0.36645962732919257,0.0,210.0,4.0
2018-05-23,-0.07317073170731707,-0.125,0.2074468085106383,1.0,246.0,8.0
2018-05-24,-0.07234042553191489,-0.09090909090909091,0.25268817204301075,0.7142857142857143,235.0,11.0
2018-05-25,-0.07179487179487179,-0.25,0.24305555555555555,1.0,195.0,4.0
2018-05-26,-0.068,0.0,0.3711340206185567,0.0,250.0,4.0
2018-05-27,-0.06666666666666667,0.058823529411764705,0.3271604938271605,0.9,210.0,17.0
2018-05-28,-0.10843373493975904,0.0,0.21465968586387435,0.4,249.0,5.0
2018-05-29,-0.04035874439461883,0.0,0.3146067415730337,1.0,223.0,7.0
2018-05-30,-0.0944206008583691,-0.09090909090909091,0.31213872832369943,0.6666666666666666,233.0,11.0
2018-05-31,-0.05853658536585366,0.07142857142857142,0.4125,1.0,205.0,14.0
2018-06-01,-0.06763285024154589,-0.15384615384615385,0.294478527607362,0.6666666666666666,207.0,13.0
2018-06-02,-0.0684931506849315,-0.0625,0.2795031055900621,0.75,219.0,16.0
2018-06-03,-0.04046242774566474,-0.25,0.3333333333333333,0.6,173.0,20.0
2018-06-04,-0.09659090909090909,0.0,0.35507246376811596,1.0,176.0,11.0
2018-06-05,-0.057971014492753624,0.16666666666666666,0.28205128205128205,0.0,207.0,6.0
2018-06-06,-0.05069124423963134,0.16666666666666666,0.39766081871345027,1.0,217.0,6.0
2018-06-07,-0.09,0.1111111111111111,0.3419354838709677,1.0,200.0,18.0
2018-06-08,-0.046153846153846156,0.0,0.40397350993377484,0.5,195.0,10.0
2018-06-09,-0.05286343612334802,-0.2857142857142857,0.30538922155688625,0.6,227.0,21.0
2018-06-10,-0.1306122448979592,0.0,0.19270833333333334,0.875,245.0,12.0
2018-06-11,-0.10727969348659004,-0.13333333333333333,0.18518518518518517,0.6666666666666666,261.0,15.0
2018-06-12,-0.14220183486238533,0.0,0.24571428571428572,1.0,218.0,2.0
2018-06-13,-0.09578544061302682,0.0,0.21287128712871287,0.0,261.0,5.0
2018-06-14,-0.06746031746031746,0.0,0.21844660194174756,1.0,252.0,3.0
2018-06-15,-0.017857142857142856,0.0,0.2808988764044944,0.6666666666666666,224.0,14.0
2018-06-16,-0.05583756345177665,0.0,0.28378378378378377,0.0,197.0,6.0
2018-06-17,-0.06511627906976744,0.08333333333333333,0.21935483870967742,1.0,215.0,12.0
2018-06-18,-0.0430622009569378,0.0,0.34868421052631576,1.0,209.0,3.0
2018-06-19,-0.046296296296296294,0.0,0.3132530120481928,0.5,216.0,7.0
2018-06-20,-0.07462686567164178,-0.07692307692307693,0.35333333333333333,0.42857142857142855,201.0,13.0
2018-06-21,-0.05454545454545454,0.0,0.2752808988764045,1.0,220.0,4.0
2018-06-22,-0.08097165991902834,0.125,0.26842105263157895,0.75,247.0,8.0
2018-06-23,-0.0603448275862069,-0.0625,0.18452380952380953,0.6666666666666666,232.0,16.0
2018-06-24,-0.11428571428571428,-0.25,0.1583710407239819,1.0,280.0,4.0
2018-06-25,-0.08974358974358974,-0.125,0.2529411764705882,0.6666666666666666,234.0,8.0
2018-06-26,-0.09649122807017543,-0.058823529411764705,0.28735632183908044,0.6666666666666666,228.0,17.0
2018-06-27,-0.09012875536480687,0.1111111111111111,0.3107344632768362,0.5,233.0,9.0
2018-06-28,-0.05603448275862069,-0.14285714285714285,0.28994082840236685,0.5,232.0,7.0
2018-06-29,-0.06451612903225806,0.0,0.25462962962962965,1.0,279.0,6.0
2018-06-30,-0.08955223880597014,0.2,0.23333333333333334,0.0,268.0,5.0
2018-07-01,-0.06382978723404255,0.0,0.3111111111111111,1.0,235.0,3.0
2018-07-02,-0.0196078431372549,-0.2,0.2822085889570552,0.0,204.0,5.0
2018-07-03,-0.0787037037037037,0.0,0.30538922155688625,1.0,216.0,15.0
2018-07-04,-0.08648648648648649,-0.2,0.2642857142857143,1.0,185.0,15.0
2018-07-05,-0.08542713567839195,0.0,0.46621621621621623,0.0,199.0,3.0
2018-07-06,-0.07083333333333333,0.0,0.32085561497326204,0.0,240.0,2.0
2018-07-07,-0.042801556420233464,0.0,0.4072164948453608,1.0,257.0,6.0
2018-07-08,-0.030434782608695653,0.0,0.34269662921348315,1.0,230.0,7.0
2018-07-09,-0.05202312138728324,0.18181818181818182,0.3252032520325203,1.0,173.0,11.0
2018-07-10,-0.05853658536585366,-0.11764705882352941,0.23270440251572327,1.0,205.0,17.0
2018-07-11,-0.06607929515418502,-0.3333333333333333,0.22023809523809523,0.5,227.0,9.0
2018-07-12,-0.078125,0.0,0.3717277486910995,1.0,256.0,3.0
2018-07-13,-0.10655737704918032,-0.125,0.32947976878612717,0.75,244.0,8.0
2018-07-14,-0.06770833333333333,-0.1,0.2535211267605634,0.75,192.0,10.0
2018-07-15,-0.06914893617021277,0.0,0.3706293706293706,1.0,188.0,4.0
2018-07-16,-0.013953488372093023,0.0,0.2839506172839506,0.75,215.0,19.0
2018-07-17,-0.05761316872427984,-0.3333333333333333,0.22564102564102564,1.0,243.0,3.0
2018-07-18,-0.06018518518518518,0.0,0.2608695652173913,0.6666666666666666,216.0,8.0
2018-07-19,-0.06986899563318777,0.058823529411764705,0.30687830687830686,1.0,229.0,17.0
2018-07-20,-0.04782608695652174,-0.0625,0.20588235294117646,1.0,230.0,16.0
2018-07-21,-0.09722222222222222,-0.05,0.33962264150943394,1.0,216.0,20.0
2018-07-22,-0.0375,-0.1111111111111111,0.3076923076923077,0.8888888888888888,240.0,36.0
2018-07-23,-0.05333333333333334,-0.07894736842105263,0.28415300546448086,1.0,225.0,38.0
2018-07-24,-0.06620209059233449,-0.1,0.2396694214876033,0.8461538461538461,287.0,80.0
2018-07-25,-0.10762331838565023,-0.14285714285714285,0.3271604938271605,1.0,223.0,21.0
2018-07-26,-0.1111111111111111,-0.0625,0.36787564766839376,0.6666666666666666,243.0,16.0
2018-07-27,-0.09126984126984126,0.0,0.3604060913705584,0.7857142857142857,252.0,21.0
2018-07-28,-0.018779342723004695,0.0,0.4166666666666667,0.75,213.0,14.0
2018-07-29,-0.050761421319796954,0.0,0.3157894736842105,1.0,197.0,6.0
2018-07-30,-0.09012875536480687,-0.15384615384615385,0.3149171270718232,0.5,233.0,13.0
2018-07-31,-0.08333333333333333,0.0,0.33689839572192515,0.0,240.0,2.0
2018-08-01,-0.07462686567164178,-0.16666666666666666,0.2564102564102564,1.0,201.0,6.0
2018-08-02,-0.04326923076923077,-0.17857142857142858,0.26490066225165565,0.8333333333333334,208.0,28.0
2018-08-03,-0.053763440860215055,-0.08333333333333333,0.23148148148148148,0.5714285714285714,279.0,12.0
2018-08-04,-0.11149825783972125,0.0,0.31877729257641924,0.0,287.0,4.0
2018-08-05,-0.08764940239043825,-0.1111111111111111,0.34536082474226804,0.8,251.0,9.0
2018-08-06,-0.07729468599033816,-0.15384615384615385,0.2867132867132867,0.875,207.0,13.0
2018-08-07,-0.05652173913043478,0.0,0.26704545454545453,0.8333333333333334,230.0,7.0
2018-08-08,-0.09180327868852459,-0.2,0.21008403361344538,0.5,305.0,5.0
2018-08-09,-0.11857707509881422,-0.17647058823529413,0.25,1.0,253.0,17.0
2018-08-10,-0.08056872037914692,-0.1111111111111111,0.35294117647058826,0.6,211.0,18.0
2018-08-11,-0.16161616161616163,0.0,0.17721518987341772,0.75,297.0,7.0
2018-08-12,-0.05761316872427984,0.0,0.25268817204301075,1.0,243.0,4.0
2018-08-13,-0.1072961373390558,0.0,0.22346368715083798,1.0,233.0,17.0
2018-08-14,-0.10357142857142858,-0.08108108108108109,0.18932038834951456,0.782608695652174,280.0,37.0
2018-08-15,-0.06640625,-0.14814814814814814,0.26732673267326734,0.9444444444444444,256.0,27.0
2018-08-16,-0.012987012987012988,-0.5714285714285714,0.38333333333333336,0.5,231.0,7.0
2018-08-17,-0.05803571428571429,-0.25,0.292817679558011,0.5,224.0,16.0
2018-08-18,-0.0502283105022831,-0.25,0.2471264367816092,1.0,219.0,12.0
2018-08-19,-0.07909604519774012,-0.3333333333333333,0.23076923076923078,0.0,177.0,3.0
2018-08-20,-0.0660377358490566,0.0,0.2929936305732484,1.0,212.0,2.0
2018-08-21,-0.0811965811965812,-0.10714285714285714,0.34972677595628415,1.0,234.0,28.0
2018-08-22,-0.0625,0.0,0.2828282828282828,1.0,240.0,17.0
2018-08-23,-0.07723577235772358,0.0,0.4585365853658537,0.8,246.0,8.0
2018-08-24,-0.035897435897435895,0.1111111111111111,0.2684563758389262,1.0,195.0,9.0
2018-08-25,-0.04591836734693878,,0.2482758620689655,,196.0,
2018-08-26,-0.08585858585858586,0.0,0.28289473684210525,1.0,198.0,4.0
2018-08-27,-0.055,0.0,0.3231707317073171,1.0,200.0,5.0
2018-08-28,-0.07657657657657657,0.0,0.23809523809523808,0.75,222.0,11.0
2018-08-29,-0.07339449541284404,0.0,0.22151898734177214,1.0,218.0,13.0
2018-08-30,-0.07281553398058252,-0.6,0.33125,0.0,206.0,5.0
2018-08-31,-0.059574468085106386,-0.08695652173913043,0.2905027932960894,0.8333333333333334,235.0,23.0
2018-09-01,-0.020080321285140562,-0.4,0.23979591836734693,0.0,249.0,5.0
2018-09-02,-0.07582938388625593,-0.08333333333333333,0.26857142857142857,0.6666666666666666,211.0,12.0
2018-09-03,-0.013043478260869565,-0.14285714285714285,0.3275862068965517,1.0,230.0,7.0
2018-09-04,-0.04741379310344827,-0.017857142857142856,0.35911602209944754,0.8571428571428571,232.0,56.0
2018-09-05,-0.10384615384615385,0.0,0.2079207920792079,0.0,260.0,6.0
2018-09-06,-0.12416107382550336,0.3333333333333333,0.225,0.0,298.0,3.0
2018-09-07,-0.1037344398340249,-0.16666666666666666,0.12307692307692308,1.0,241.0,6.0
2018-09-08,-0.08085106382978724,-0.26666666666666666,0.2698412698412698,0.8,235.0,15.0
2018-09-09,-0.07142857142857142,-0.034482758620689655,0.2982456140350877,0.9333333333333333,280.0,29.0
2018-09-10,-0.06584362139917696,0.13043478260869565,0.24120603015075376,0.8,243.0,23.0
2018-09-11,-0.03333333333333333,0.0,0.3151515151515151,0.7777777777777778,210.0,10.0
2018-09-12,-0.07024793388429752,-0.09090909090909091,0.27932960893854747,1.0,242.0,11.0
2018-09-13,-0.11013215859030837,-0.1,0.2727272727272727,1.0,227.0,10.0
2018-09-14,-0.05970149253731343,-0.07692307692307693,0.25161290322580643,0.5,201.0,13.0
2018-09-15,-0.06965174129353234,-0.1,0.3212121212121212,0.8571428571428571,201.0,20.0
2018-09-16,-0.05371900826446281,-0.25,0.3812154696132597,1.0,242.0,8.0
2018-09-17,-0.09243697478991597,0.0,0.4,0.0,238.0,4.0
2018-09-18,-0.043689320388349516,0.25,0.27631578947368424,1.0,206.0,4.0
2018-09-19,-0.1067193675889328,0.0,0.38235294117647056,0.5,253.0,7.0
2018-09-20,-0.0392156862745098,-0.125,0.40096618357487923,1.0,255.0,8.0
2018-09-21,-0.06338028169014084,-0.3333333333333333,0.37656903765690375,0.5,284.0,3.0
2018-09-22,-0.03398058252427184,0.0,0.3525641025641026,1.0,206.0,6.0
2018-09-23,-0.05803571428571429,-0.25,0.31868131868131866,0.6666666666666666,224.0,4.0
2018-09-24,-0.09486166007905138,-0.2857142857142857,0.3157894736842105,0.6666666666666666,253.0,7.0
2018-09-25,-0.05241935483870968,-0.16666666666666666,0.3541666666666667,1.0,248.0,18.0
2018-09-26,-0.06912442396313365,-0.3333333333333333,0.384180790960452,1.0,217.0,6.0
2018-09-27,-0.0546218487394958,-0.05555555555555555,0.2698412698412698,0.8571428571428571,238.0,18.0
2018-09-28,-0.04721030042918455,0.0,0.2742857142857143,1.0,233.0,6.0
2018-09-29,-0.0379746835443038,-0.14285714285714285,0.28415300546448086,1.0,237.0,7.0
2018-09-30,-0.023696682464454975,-0.125,0.35428571428571426,0.8888888888888888,211.0,24.0
2018-10-01,-0.07692307692307693,-0.045454545454545456,0.3614457831325301,0.8333333333333334,208.0,22.0
2018-10-02,-0.05217391304347826,-0.2,0.3717277486910995,0.6666666666666666,230.0,10.0
2018-10-03,-0.06147540983606557,0.2,0.3191489361702128,1.0,244.0,5.0
2018-10-04,-0.07142857142857142,0.0,0.27710843373493976,1.0,224.0,3.0
2018-10-05,-0.02074688796680498,0.0,0.3333333333333333,1.0,241.0,3.0
2018-10-06,-0.06324110671936758,0.0,0.2826086956521739,1.0,253.0,2.0
2018-10-07,-0.06763285024154589,0.125,0.32432432432432434,0.5,207.0,8.0
2018-10-08,-0.08372093023255814,0.0,0.3092105263157895,0.5,215.0,6.0
2018-10-09,-0.06837606837606838,-0.21052631578947367,0.3575418994413408,0.8,234.0,19.0
2018-10-10,-0.06190476190476191,-0.625,0.3212121212121212,1.0,210.0,8.0
2018-10-11,-0.11808118081180811,-0.19047619047619047,0.21182266009852216,1.0,271.0,21.0
2018-10-12,-0.04330708661417323,0.0,0.24864864864864866,0.8333333333333334,254.0,16.0
2018-10-13,-0.11836734693877551,-0.14285714285714285,0.4076086956521739,0.0,245.0,7.0
2018-10-14,-0.11320754716981132,-0.25,0.31543624161073824,0.8,212.0,12.0
2018-10-15,-0.07423580786026202,-0.125,0.41714285714285715,1.0,229.0,8.0
2018-10-16,-0.03669724770642202,0.0,0.29411764705882354,0.3,218.0,16.0
2018-10-17,-0.023715415019762844,0.0,0.3118811881188119,1.0,253.0,9.0
2018-10-18,-0.06578947368421052,-0.05555555555555555,0.3068181818181818,0.9333333333333333,228.0,18.0
2018-10-19,-0.05084745762711865,-0.0625,0.23741007194244604,1.0,177.0,16.0
2018-10-20,-0.06437768240343347,-0.05555555555555555,0.291005291005291,0.6666666666666666,233.0,18.0
2018-10-21,-0.12236286919831224,-0.0625,0.4583333333333333,0.8,237.0,32.0
2018-10-22,-0.05829596412556054,-0.10526315789473684,0.480225988700565,0.8,223.0,19.0
2018-10-23,-0.032520325203252036,-0.14814814814814814,0.31016042780748665,1.0,246.0,27.0
2018-10-24,-0.047619047619047616,0.0,0.29559748427672955,1.0,210.0,20.0
2018-10-25,-0.08333333333333333,0.0,0.4,0.5,204.0,13.0
2018-10-26,-0.06435643564356436,0.0,0.37254901960784315,1.0,202.0,9.0
2018-10-27,-0.0425531914893617,-0.2222222222222222,0.27906976744186046,1.0,235.0,9.0
2018-10-28,-0.05357142857142857,-0.08695652173913043,0.30952380952380953,0.875,224.0,23.0
2018-10-29,-0.11822660098522167,-0.05,0.2733333333333333,0.9166666666666666,203.0,20.0
2018-10-30,-0.07329842931937172,0.0,0.24489795918367346,0.8571428571428571,191.0,13.0
2018-10-31,-0.13478260869565217,0.0,0.3125,0.0,230.0,10.0
2018-11-01,-0.03056768558951965,-0.07692307692307693,0.3858695652173913,0.0,229.0,13.0
2018-11-02,-0.042328042328042326,0.0,0.30597014925373134,0.25,189.0,11.0
2018-11-03,-0.027777777777777776,0.0,0.26515151515151514,1.0,180.0,6.0
2018-11-04,-0.09375,-0.14285714285714285,0.23225806451612904,1.0,224.0,7.0
2018-11-05,-0.05045871559633028,-0.3333333333333333,0.2608695652173913,1.0,218.0,3.0
2018-11-06,-0.058091286307053944,-0.2222222222222222,0.37572254335260113,0.3333333333333333,241.0,9.0
2018-11-07,-0.038834951456310676,0.0,0.33540372670807456,0.8333333333333334,206.0,8.0
2018-11-08,-0.09345794392523364,0.0,0.3630952380952381,0.0,214.0,2.0
2018-11-09,-0.03765690376569038,-0.25,0.3016759776536313,1.0,239.0,4.0
2018-11-10,-0.0410958904109589,0.0,0.34177215189873417,1.0,219.0,9.0
2018-11-11,-0.08906882591093117,-0.17647058823529413,0.2742857142857143,0.75,247.0,17.0
2018-11-12,-0.05752212389380531,0.0,0.3712574850299401,1.0,226.0,6.0
2018-11-13,-0.08163265306122448,0.0,0.3493150684931507,0.0,196.0,2.0
2018-11-14,-0.14979757085020243,0.0,0.15816326530612246,1.0,247.0,7.0
2018-11-15,-0.056818181818181816,0.0,0.14136125654450263,1.0,264.0,4.0
2018-11-16,-0.05485232067510549,0.0,0.2594594594594595,0.3333333333333333,237.0,4.0
2018-11-17,-0.018867924528301886,0.0,0.2808219178082192,0.0,212.0,2.0
2018-11-18,-0.10699588477366255,-0.07142857142857142,0.34946236559139787,0.6153846153846154,243.0,14.0
2018-11-19,-0.0996309963099631,-0.058823529411764705,0.16981132075471697,0.8571428571428571,271.0,17.0
2018-11-20,-0.0673076923076923,0.0,0.1799163179916318,1.0,312.0,5.0
2018-11-21,-0.11228070175438597,0.0,0.1917808219178082,1.0,285.0,12.0
2018-11-22,-0.11673151750972763,0.07692307692307693,0.21717171717171718,1.0,257.0,13.0
2018-11-23,-0.09881422924901186,0.0,0.26063829787234044,0.8333333333333334,253.0,27.0
2018-11-24,-0.07692307692307693,0.0,0.14537444933920704,1.0,286.0,6.0
2018-11-25,-0.08132530120481928,0.05263157894736842,0.17578125,0.8571428571428571,332.0,19.0
2018-11-26,-0.10204081632653061,0.0,0.23711340206185566,1.0,245.0,13.0
2018-11-27,-0.05,-0.09375,0.2529411764705882,1.0,240.0,32.0
2018-11-28,-0.07722007722007722,0.25,0.22549019607843138,0.0,259.0,4.0
2018-11-29,-0.0546875,-0.13333333333333333,0.2562814070351759,1.0,256.0,15.0
2018-11-30,-0.1277533039647577,0.0,0.2808988764044944,0.4,227.0,8.0
2018-12-01,-0.06866952789699571,0.0,0.22289156626506024,0.75,233.0,7.0
2018-12-02,-0.08108108108108109,0.0,0.3353658536585366,0.0,222.0,6.0
2018-12-03,-0.11914893617021277,0.0,0.25862068965517243,0.5,235.0,4.0
2018-12-04,-0.07692307692307693,0.0,0.2524752475247525,0.3333333333333333,273.0,10.0
2018-12-05,-0.11740890688259109,0.0,0.25824175824175827,0.75,247.0,10.0
2018-12-06,-0.09824561403508772,-0.07142857142857142,0.25316455696202533,0.9,285.0,28.0
2018-12-07,-0.10256410256410256,-0.2,0.1506849315068493,0.6,273.0,10.0
2018-12-08,-0.0989010989010989,0.0,0.2079207920792079,1.0,273.0,16.0
2018-12-09,-0.06274509803921569,-0.05555555555555555,0.2554347826086957,0.6666666666666666,255.0,18.0
2018-12-10,-0.06551724137931035,0.041666666666666664,0.26291079812206575,0.8333333333333334,290.0,24.0
2018-12-11,-0.10460251046025104,-0.05,0.27918781725888325,0.7,239.0,20.0
2018-12-12,-0.055762081784386616,0.13333333333333333,0.2894736842105263,0.75,269.0,15.0
2018-12-13,-0.08,0.037037037037037035,0.23255813953488372,0.875,250.0,27.0
2018-12-14,-0.07142857142857142,-0.1111111111111111,0.26262626262626265,1.0,252.0,9.0
2018-12-15,-0.10869565217391304,0.2,0.1822429906542056,1.0,276.0,5.0
2018-12-16,-0.058365758754863814,0.0,0.266304347826087,0.5,257.0,5.0
2018-12-17,-0.10612244897959183,-0.10810810810810811,0.23529411764705882,1.0,245.0,37.0
2018-12-18,-0.11372549019607843,-0.04,0.29651162790697677,1.0,255.0,25.0
2018-12-19,-0.0728744939271255,-0.16666666666666666,0.30319148936170215,1.0,247.0,6.0
2018-12-20,-0.10176991150442478,0.0,0.26900584795321636,0.8333333333333334,226.0,19.0
2018-12-21,-0.06694560669456066,-0.2,0.35175879396984927,0.5,239.0,10.0
2018-12-22,-0.03317535545023697,0.038461538461538464,0.4878048780487805,0.2,211.0,26.0
2018-12-23,-0.040160642570281124,-0.058823529411764705,0.3756906077348066,0.9,249.0,17.0
2018-12-24,-0.08835341365461848,-0.08888888888888889,0.33689839572192515,0.8333333333333334,249.0,45.0
2018-12-25,-0.17142857142857143,-0.2222222222222222,0.1732283464566929,1.0,175.0,18.0
2018-12-26,-0.08860759493670886,-0.16129032258064516,0.30833333333333335,0.6666666666666666,158.0,31.0
2018-12-27,-0.05555555555555555,0.0,0.3860759493670886,0.7142857142857143,216.0,17.0
2018-12-28,-0.08602150537634409,-0.21739130434782608,0.37209302325581395,1.0,186.0,23.0
2018-12-29,-0.04504504504504504,-0.04,0.4528301886792453,0.5833333333333334,222.0,25.0
2018-12-30,-0.023255813953488372,-0.05263157894736842,0.2894736842105263,0.6666666666666666,215.0,19.0
2018-12-31,-0.05970149253731343,0.029411764705882353,0.21875,0.6,201.0,34.0
2019-01-01,-0.03773584905660377,0.0,0.35766423357664234,0.9090909090909091,212.0,18.0
2019-01-02,-0.0718232044198895,-0.06666666666666667,0.42424242424242425,0.625,181.0,15.0
2019-01-03,-0.058823529411764705,0.0,0.3305084745762712,0.6666666666666666,170.0,10.0
2019-01-04,-0.1024390243902439,-0.045454545454545456,0.3680555555555556,0.5833333333333334,205.0,44.0
2019-01-05,-0.10869565217391304,-0.25,0.3776223776223776,1.0,184.0,16.0
2019-01-06,-0.09216589861751152,0.0,0.3987341772151899,1.0,217.0,6.0
2019-01-07,-0.07777777777777778,0.0,0.3435114503816794,0.75,180.0,16.0
2019-01-08,-0.0625,-0.2,0.39444444444444443,0.5,224.0,10.0
2019-01-09,-0.0871559633027523,0.0,0.48484848484848486,1.0,218.0,7.0
2019-01-10,-0.020080321285140562,0.1,0.336734693877551,1.0,249.0,10.0
2019-01-11,-0.07476635514018691,-0.041666666666666664,0.3493975903614458,1.0,214.0,24.0
2019-01-12,-0.048582995951417005,0.0,0.3177083333333333,0.7142857142857143,247.0,17.0
2019-01-13,-0.0594059405940594,0.0,0.31788079470198677,0.5,202.0,12.0
2019-01-14,-0.07075471698113207,0.0,0.38064516129032255,1.0,212.0,11.0
2019-01-15,-0.06635071090047394,-0.10526315789473684,0.24836601307189543,0.75,211.0,19.0
2019-01-16,-0.0547945205479452,-0.06666666666666667,0.3803680981595092,0.6666666666666666,219.0,15.0
2019-01-17,-0.046511627906976744,-0.2,0.34591194968553457,0.8333333333333334,215.0,15.0
2019-01-18,-0.084070796460177,0.05,0.3485714285714286,0.5,226.0,20.0
2019-01-19,-0.08095238095238096,-0.2222222222222222,0.35365853658536583,0.3333333333333333,210.0,9.0
2019-01-20,-0.07017543859649122,-0.07142857142857142,0.26011560693641617,0.8333333333333334,228.0,14.0
2019-01-21,-0.058823529411764705,-0.0625,0.3382352941176471,1.0,204.0,16.0
2019-01-22,-0.07604562737642585,0.125,0.3487179487179487,0.75,263.0,16.0
2019-01-23,-0.07929515418502203,-0.02564102564102564,0.44642857142857145,0.9230769230769231,227.0,39.0
2019-01-24,-0.05759162303664921,-0.26666666666666666,0.46153846153846156,0.5,191.0,15.0
2019-01-25,-0.06770833333333333,0.0,0.36496350364963503,0.8947368421052632,192.0,36.0
2019-01-26,-0.09876543209876543,-0.125,0.390625,0.6363636363636364,243.0,24.0
2019-01-27,-0.09009009009009009,0.06666666666666667,0.3988439306358382,0.75,222.0,15.0
2019-01-28,-0.050980392156862744,-0.058823529411764705,0.38071065989847713,0.8181818181818182,255.0,17.0
2019-01-29,-0.08906882591093117,0.0,0.30569948186528495,0.7857142857142857,247.0,44.0
2019-01-30,-0.07655502392344497,-0.10714285714285714,0.345679012345679,0.9090909090909091,209.0,28.0
2019-01-31,-0.07281553398058252,0.0,0.3630573248407643,0.7619047619047619,206.0,35.0
2019-02-01,-0.0782608695652174,0.05,0.38372093023255816,0.8666666666666667,230.0,20.0
2019-02-02,-0.04329004329004329,0.0,0.3141025641025641,0.8571428571428571,231.0,14.0
2019-02-03,-0.058823529411764705,0.0,0.3157894736842105,0.9285714285714286,221.0,19.0
2019-02-04,-0.13247863247863248,0.0,0.45251396648044695,0.75,234.0,15.0
2019-02-05,-0.09016393442622951,0.0,0.4034090909090909,0.9411764705882353,244.0,19.0
2019-02-06,-0.04128440366972477,0.0,0.296969696969697,0.8888888888888888,218.0,13.0
2019-02-07,-0.1278538812785388,0.047619047619047616,0.36486486486486486,0.875,219.0,21.0
2019-02-08,-0.02880658436213992,0.0,0.32275132275132273,0.8,243.0,22.0
2019-02-09,-0.09322033898305085,0.0,0.22727272727272727,0.625,236.0,11.0
2019-02-10,-0.0660377358490566,-0.05128205128205128,0.32926829268292684,0.6666666666666666,212.0,156.0
2019-02-11,-0.04721030042918455,-0.05405405405405406,0.4230769230769231,0.8333333333333334,233.0,37.0
2019-02-12,-0.03977272727272727,0.0,0.3925925925925926,0.6666666666666666,176.0,16.0
2019-02-13,-0.05188679245283019,-0.09523809523809523,0.26,0.9285714285714286,212.0,21.0
2019-02-14,-0.07109004739336493,0.0,0.49390243902439024,1.0,211.0,11.0
2019-02-15,-0.06818181818181818,0.0,0.4811320754716981,1.0,264.0,6.0
2019-02-16,-0.09523809523809523,0.0,0.4044943820224719,1.0,231.0,11.0
2019-02-17,-0.0990990990990991,0.07692307692307693,0.37790697674418605,0.0,222.0,13.0
2019-02-18,-0.09051724137931035,0.0,0.25405405405405407,0.6923076923076923,232.0,31.0
2019-02-19,-0.019704433497536946,-0.06666666666666667,0.2608695652173913,1.0,203.0,15.0
2019-02-20,-0.06796116504854369,0.0,0.33766233766233766,1.0,206.0,16.0
2019-02-21,-0.06698564593301436,0.0,0.35443037974683544,0.5714285714285714,209.0,22.0
2019-02-22,-0.04938271604938271,0.0,0.26595744680851063,1.0,243.0,13.0
2019-02-23,-0.04591836734693878,0.1,0.24528301886792453,0.75,196.0,10.0
2019-02-24,-0.07258064516129033,-0.125,0.205607476635514,0.3333333333333333,248.0,8.0
2019-02-25,-0.04417670682730924,-0.06896551724137931,0.3817204301075269,1.0,249.0,29.0
2019-02-26,-0.06018518518518518,-0.043478260869565216,0.3575757575757576,0.875,216.0,23.0
2019-02-27,-0.12435233160621761,0.0,0.304635761589404,0.5454545454545454,193.0,17.0
2019-02-28,-0.06111111111111111,0.043478260869565216,0.33093525179856115,0.6923076923076923,180.0,23.0
2019-03-01,0.0,0.0,0.29775280898876405,0.4444444444444444,228.0,19.0
2019-03-02,-0.03225806451612903,0.0,0.35802469135802467,0.25,217.0,4.0
2019-03-03,-0.017045454545454544,0.0,0.3014705882352941,0.6666666666666666,176.0,11.0
2019-03-04,-0.09326424870466321,-0.05263157894736842,0.34459459459459457,0.09090909090909091,193.0,19.0
2019-03-05,-0.05188679245283019,0.0,0.2631578947368421,0.3333333333333333,212.0,10.0
2019-03-06,-0.03515625,-0.10526315789473684,0.3567567567567568,0.8,256.0,19.0
2019-03-07,-0.07171314741035857,0.0,0.3131868131868132,0.7,251.0,24.0
2019-03-08,-0.057291666666666664,0.0,0.35443037974683544,0.8,192.0,18.0
2019-03-09,-0.04145077720207254,-0.13043478260869565,0.19736842105263158,0.9,193.0,23.0
2019-03-10,-0.05853658536585366,0.0,0.2727272727272727,0.8333333333333334,205.0,14.0
2019-03-11,-0.08163265306122448,-0.1875,0.32298136645962733,1.0,196.0,16.0
2019-03-12,-0.08333333333333333,-0.11538461538461539,0.2905405405405405,0.7142857142857143,192.0,26.0
2019-03-13,-0.04329004329004329,-0.08,0.39664804469273746,1.0,231.0,25.0
2019-03-14,-0.03255813953488372,-0.1,0.39766081871345027,0.5714285714285714,215.0,10.0
2019-03-15,-0.04608294930875576,0.0,0.3609467455621302,0.7142857142857143,217.0,13.0
2019-03-16,-0.13930348258706468,0.0,0.2903225806451613,1.0,201.0,7.0
2019-03-17,-0.06222222222222222,-0.06666666666666667,0.39263803680981596,0.7142857142857143,225.0,15.0
2019-03-18,-0.04310344827586207,0.0,0.3333333333333333,1.0,232.0,23.0
2019-03-19,-0.06666666666666667,0.0,0.4140127388535032,0.8461538461538461,210.0,19.0
2019-03-20,-0.0752212389380531,-0.03333333333333333,0.367816091954023,0.8076923076923077,226.0,30.0
2019-03-21,-0.07441860465116279,0.05263157894736842,0.26666666666666666,0.8181818181818182,215.0,19.0
2019-03-22,-0.03686635944700461,-0.022727272727272728,0.25333333333333335,0.7894736842105263,217.0,44.0
2019-03-23,-0.04,-0.07692307692307693,0.21568627450980393,1.0,200.0,13.0
2019-03-24,-0.0881057268722467,-0.13793103448275862,0.3373493975903614,0.8181818181818182,227.0,29.0
2019-03-25,-0.06435643564356436,-0.05,0.2905405405405405,0.6,202.0,20.0
2019-03-26,-0.06735751295336788,0.0,0.30985915492957744,0.9523809523809523,193.0,30.0
2019-03-27,-0.043478260869565216,-0.1,0.3464052287581699,0.8,207.0,10.0
2019-03-28,-0.0794392523364486,-0.16666666666666666,0.35555555555555557,1.0,214.0,12.0
2019-03-29,-0.10232558139534884,0.0,0.4034090909090909,0.8333333333333334,215.0,10.0
2019-03-30,-0.07009345794392523,0.0,0.5088757396449705,0.8571428571428571,214.0,12.0
2019-03-31,-0.06280193236714976,0.0,0.37037037037037035,0.8181818181818182,207.0,13.0
2019-04-01,-0.05555555555555555,-0.030303030303030304,0.2556818181818182,0.6,234.0,33.0
2019-04-02,-0.07094594594594594,-0.02040816326530612,0.2336065573770492,0.9545454545454546,296.0,49.0
2019-04-03,-0.09652509652509653,-0.16666666666666666,0.1990521327014218,0.8275862068965517,259.0,42.0
2019-04-04,-0.028169014084507043,-0.1320754716981132,0.17647058823529413,0.9285714285714286,213.0,53.0
2019-04-05,-0.025,-0.06666666666666667,0.21052631578947367,1.0,200.0,15.0
2019-04-06,-0.05508474576271186,0.0,0.25773195876288657,0.8,236.0,11.0
2019-04-07,-0.05963302752293578,-0.058823529411764705,0.2710843373493976,0.8461538461538461,218.0,17.0
2019-04-08,-0.037209302325581395,-0.09523809523809523,0.2768361581920904,0.7142857142857143,215.0,21.0
2019-04-09,-0.027624309392265192,0.0,0.2553191489361702,0.75,181.0,14.0
2019-04-10,-0.02631578947368421,-0.0625,0.19463087248322147,0.6666666666666666,190.0,16.0
2019-04-11,-0.03932584269662921,-0.06666666666666667,0.2962962962962963,0.7142857142857143,178.0,30.0
2019-04-12,-0.04225352112676056,-0.07692307692307693,0.25308641975308643,0.75,213.0,13.0
2019-04-13,-0.05238095238095238,0.0,0.2545454545454545,0.42857142857142855,210.0,11.0
2019-04-14,-0.10285714285714286,-0.07692307692307693,0.24113475177304963,0.4,175.0,13.0
2019-04-15,-0.09166666666666666,-0.1,0.27472527472527475,0.4,240.0,10.0
2019-04-16,-0.06976744186046512,-0.13333333333333333,0.27439024390243905,1.0,215.0,15.0
2019-04-17,-0.08241758241758242,0.0,0.3357142857142857,0.8125,182.0,25.0
2019-04-18,-0.02857142857142857,-0.125,0.2682926829268293,0.5,210.0,8.0
2019-04-19,-0.10112359550561797,0.0,0.3197278911564626,1.0,178.0,4.0
2019-04-20,-0.04739336492890995,-0.10526315789473684,0.23668639053254437,0.8888888888888888,211.0,19.0
2019-04-21,-0.06349206349206349,0.0,0.2857142857142857,1.0,189.0,5.0
2019-04-22,-0.04830917874396135,0.0,0.34523809523809523,0.8,207.0,12.0
2019-04-23,-0.05701754385964912,-0.14285714285714285,0.29891304347826086,1.0,228.0,7.0
2019-04-24,-0.06103286384976526,-0.1111111111111111,0.20245398773006135,1.0,213.0,9.0
2019-04-25,-0.07407407407407407,0.0,0.22875816993464052,1.0,189.0,10.0
2019-04-26,-0.12807881773399016,-0.25,0.3051948051948052,0.5,203.0,8.0
2019-04-27,-0.06074766355140187,0.0,0.3355263157894737,1.0,214.0,16.0
2019-04-28,-0.04878048780487805,0.0,0.30985915492957744,0.0,205.0,5.0
2019-04-29,-0.07106598984771574,0.0,0.37037037037037035,0.5,197.0,5.0
2019-04-30,-0.027624309392265192,0.0,0.35074626865671643,1.0,181.0,13.0
2019-05-01,-0.07246376811594203,-0.041666666666666664,0.3625,0.9444444444444444,207.0,24.0
2019-05-02,-0.038461538461538464,-0.06666666666666667,0.518918918918919,0.5714285714285714,234.0,15.0
2019-05-03,-0.05,0.0,0.2751322751322751,1.0,240.0,10.0
2019-05-04,-0.054945054945054944,-0.08333333333333333,0.3208955223880597,0.375,182.0,12.0
2019-05-05,-0.0111731843575419,0.03571428571428571,0.28125,0.9047619047619048,179.0,28.0
2019-05-06,-0.05741626794258373,0.0,0.42038216560509556,0.9285714285714286,209.0,23.0
2019-05-07,-0.046511627906976744,-0.022988505747126436,0.2787878787878788,0.9090909090909091,215.0,87.0
2019-05-08,-0.08465608465608465,0.0,0.27007299270072993,0.8333333333333334,189.0,16.0
2019-05-09,-0.04455445544554455,-0.030303030303030304,0.19480519480519481,0.7692307692307693,202.0,33.0
2019-05-10,-0.05263157894736842,-0.0625,0.16753926701570682,0.75,247.0,16.0
2019-05-11,-0.072,-0.2,0.14485981308411214,1.0,250.0,10.0
2019-05-12,-0.03389830508474576,-0.04,0.16417910447761194,0.9523809523809523,236.0,25.0
2019-05-13,-0.08097165991902834,0.0,0.19597989949748743,1.0,247.0,26.0
2019-05-14,-0.05734767025089606,0.0,0.2409090909090909,0.96,279.0,39.0
2019-05-15,-0.06422018348623854,0.10526315789473684,0.1694915254237288,1.0,218.0,19.0
2019-05-16,-0.03286384976525822,0.058823529411764705,0.14450867052023122,0.75,213.0,17.0
2019-05-17,-0.07024793388429752,0.0,0.14516129032258066,1.0,242.0,8.0
2019-05-18,-0.054474708171206226,-0.14285714285714285,0.30939226519337015,1.0,257.0,7.0
2019-05-19,0.02092050209205021,-0.09090909090909091,0.1881720430107527,1.0,239.0,11.0
2019-05-20,-0.021739130434782608,-0.1111111111111111,0.31891891891891894,1.0,230.0,9.0
2019-05-21,-0.044642857142857144,-0.125,0.19653179190751446,1.0,224.0,8.0
2019-05-22,-0.11013215859030837,0.0,0.23699421965317918,1.0,227.0,29.0
2019-05-23,-0.08035714285714286,-0.36363636363636365,0.27717391304347827,1.0,224.0,11.0
2019-05-24,-0.07179487179487179,0.0,0.18421052631578946,0.6666666666666666,195.0,9.0
2019-05-25,-0.026041666666666668,0.0,0.2913907284768212,0.7272727272727273,192.0,19.0
2019-05-26,-0.06719367588932806,0.0,0.21359223300970873,1.0,253.0,33.0
2019-05-27,-0.06882591093117409,0.0,0.16580310880829016,0.7692307692307693,247.0,21.0
2019-05-28,-0.09090909090909091,-0.12903225806451613,0.29012345679012347,0.7857142857142857,209.0,31.0
2019-05-29,-0.06796116504854369,0.1,0.31901840490797545,0.7142857142857143,206.0,10.0
2019-05-30,-0.05511811023622047,-0.15384615384615385,0.19811320754716982,0.6666666666666666,254.0,13.0
2019-05-31,-0.0796812749003984,0.0,0.24271844660194175,1.0,251.0,6.0
2019-06-01,-0.034334763948497854,0.05,0.211340206185567,0.8181818181818182,233.0,20.0
2019-06-02,-0.06140350877192982,0.06666666666666667,0.3023255813953488,0.6666666666666666,228.0,15.0
2019-06-03,-0.06880733944954129,0.0,0.3192771084337349,0.8,218.0,19.0
2019-06-04,-0.05860805860805861,-0.058823529411764705,0.12831858407079647,0.5833333333333334,273.0,17.0
2019-06-05,-0.05555555555555555,-0.1111111111111111,0.12568306010928962,0.7142857142857143,234.0,18.0
2019-06-06,-0.040983606557377046,-0.020833333333333332,0.25146198830409355,0.896551724137931,244.0,48.0
2019-06-07,-0.05622489959839357,-0.058823529411764705,0.3473684210526316,0.9,249.0,17.0
2019-06-08,-0.06018518518518518,-0.043478260869565216,0.39325842696629215,0.8,216.0,23.0
2019-06-09,-0.08108108108108109,0.0,0.33519553072625696,1.0,222.0,15.0
2019-06-10,-0.061611374407582936,-0.2,0.2752808988764045,1.0,211.0,5.0
2019-06-11,-0.04950495049504951,0.0,0.3333333333333333,1.0,202.0,6.0
2019-06-12,-0.05150214592274678,0.0,0.29608938547486036,0.4,233.0,5.0
2019-06-13,-0.04225352112676056,-0.05084745762711865,0.2919254658385093,0.8260869565217391,213.0,59.0
2019-06-14,-0.041884816753926704,0.0,0.20270270270270271,1.0,191.0,9.0
2019-06-15,-0.06666666666666667,0.0,0.2422360248447205,0.6666666666666666,210.0,24.0
2019-06-16,-0.045112781954887216,0.1,0.2,0.4,266.0,20.0
2019-06-17,-0.07296137339055794,-0.11538461538461539,0.3485714285714286,0.8571428571428571,233.0,26.0
2019-06-18,-0.018115942028985508,-0.09523809523809523,0.4492753623188406,1.0,276.0,42.0
2019-06-19,0.0,0.034482758620689655,0.33548387096774196,0.8333333333333334,193.0,29.0
2019-06-20,-0.03508771929824561,-0.044444444444444446,0.3539325842696629,0.8,228.0,45.0
2019-06-21,-0.05454545454545454,-0.06329113924050633,0.2420091324200913,0.7428571428571429,275.0,79.0
2019-06-22,-0.051470588235294115,0.01694915254237288,0.15813953488372093,0.9487179487179487,272.0,59.0
2019-06-23,-0.028225806451612902,-0.1,0.22110552763819097,0.9444444444444444,248.0,30.0
2019-06-24,-0.088,-0.05128205128205128,0.21808510638297873,0.6956521739130435,250.0,39.0
2019-06-25,-0.0353356890459364,-0.030303030303030304,0.25416666666666665,0.631578947368421,283.0,99.0
2019-06-26,-0.03594771241830065,-0.03773584905660377,0.13178294573643412,0.8484848484848485,306.0,53.0
2019-06-27,-0.041237113402061855,-0.1,0.16600790513833993,1.0,291.0,30.0
2019-06-28,-0.05405405405405406,-0.07692307692307693,0.2804232804232804,0.7647058823529411,222.0,26.0
2019-06-29,-0.028112449799196786,-0.08333333333333333,0.20812182741116753,0.875,249.0,12.0
2019-06-30,-0.04739336492890995,-0.03571428571428571,0.25609756097560976,1.0,211.0,28.0
2019-07-01,-0.044897959183673466,0.034482758620689655,0.2358974358974359,0.7,245.0,29.0
2019-07-02,-0.03375527426160337,-0.08695652173913043,0.21164021164021163,0.7272727272727273,237.0,23.0
2019-07-03,-0.05263157894736842,-0.017241379310344827,0.3114754098360656,1.0,228.0,58.0
2019-07-04,-0.04433497536945813,-0.10909090909090909,0.25806451612903225,0.6842105263157895,203.0,55.0
2019-07-05,-0.07623318385650224,-0.125,0.29651162790697677,0.6,223.0,32.0
2019-07-06,-0.043478260869565216,-0.23076923076923078,0.25,1.0,207.0,26.0
2019-07-07,-0.03829787234042553,-0.07407407407407407,0.2857142857142857,0.7272727272727273,235.0,54.0
2019-07-08,-0.0196078431372549,0.0,0.2597402597402597,0.6,204.0,21.0
2019-07-09,-0.05394190871369295,-0.2222222222222222,0.2835820895522388,0.9090909090909091,241.0,18.0
2019-07-10,-0.07468879668049792,0.0,0.20098039215686275,0.2857142857142857,241.0,16.0
2019-07-11,-0.03018867924528302,0.0,0.29107981220657275,1.0,265.0,17.0
2019-07-12,-0.059574468085106386,-0.14285714285714285,0.4506172839506173,0.6428571428571429,235.0,28.0
2019-07-13,-0.05357142857142857,0.06060606060606061,0.3493975903614458,0.5217391304347826,224.0,33.0
2019-07-14,-0.08085106382978724,-0.08333333333333333,0.35294117647058826,1.0,235.0,12.0
2019-07-15,-0.06563706563706563,-0.1111111111111111,0.18357487922705315,0.6666666666666666,259.0,9.0
2019-07-16,-0.0995850622406639,-0.05,0.2074468085106383,0.9,241.0,20.0
2019-07-17,-0.07017543859649122,-0.16216216216216217,0.24444444444444444,0.5,228.0,37.0
2019-07-18,-0.037383177570093455,-0.1,0.2422360248447205,0.6363636363636364,214.0,40.0
2019-07-19,-0.06086956521739131,0.0,0.24705882352941178,0.75,230.0,47.0
2019-07-20,-0.056074766355140186,-0.11428571428571428,0.2958579881656805,0.6,214.0,35.0
2019-07-21,-0.027777777777777776,-0.045454545454545456,0.42168674698795183,0.8888888888888888,216.0,22.0
2019-07-22,-0.10091743119266056,-0.10526315789473684,0.27607361963190186,0.875,218.0,19.0
2019-07-23,-0.035555555555555556,-0.0625,0.28402366863905326,0.9090909090909091,225.0,32.0
2019-07-24,-0.06967213114754098,-0.10256410256410256,0.24867724867724866,0.8695652173913043,244.0,39.0
2019-07-25,-0.05238095238095238,-0.10344827586206896,0.33986928104575165,0.7333333333333333,210.0,29.0
2019-07-26,-0.10614525139664804,0.0,0.2868217054263566,0.5833333333333334,179.0,25.0
2019-07-27,-0.08450704225352113,-0.10526315789473684,0.2710843373493976,0.5555555555555556,213.0,19.0
2019-07-28,-0.08205128205128205,0.0,0.22962962962962963,0.75,195.0,27.0
2019-07-29,-0.06698564593301436,-0.11764705882352941,0.3312883435582822,1.0,209.0,17.0
2019-07-30,-0.06666666666666667,-0.12121212121212122,0.3643410852713178,0.8666666666666667,180.0,33.0
2019-07-31,-0.05454545454545454,0.05555555555555555,0.26582278481012656,0.7368421052631579,220.0,36.0
2019-08-01,-0.06477732793522267,-0.1724137931034483,0.22395833333333334,0.8333333333333334,247.0,29.0
2019-08-02,-0.07272727272727272,-0.02040816326530612,0.358974358974359,0.9166666666666666,220.0,49.0
2019-08-03,-0.08296943231441048,-0.17647058823529413,0.34502923976608185,0.42857142857142855,229.0,17.0
2019-08-04,-0.07,0.0,0.2553191489361702,0.7272727272727273,200.0,22.0
2019-08-05,-0.08196721311475409,-0.1,0.25,0.7333333333333333,244.0,70.0
2019-08-06,-0.10196078431372549,-0.0975609756097561,0.30303030303030304,0.7142857142857143,255.0,41.0
2019-08-07,-0.09361702127659574,-0.12149532710280374,0.32460732984293195,0.6666666666666666,235.0,107.0
2019-08-08,-0.06030150753768844,-0.02040816326530612,0.25,0.8947368421052632,199.0,98.0
2019-08-09,-0.0642570281124498,-0.03389830508474576,0.26229508196721313,0.5666666666666667,249.0,59.0
2019-08-10,-0.07725321888412018,0.0,0.20710059171597633,0.9523809523809523,233.0,32.0
2019-08-11,-0.06578947368421052,-0.19047619047619047,0.3333333333333333,1.0,228.0,21.0
2019-08-12,-0.07723577235772358,-0.05263157894736842,0.4044943820224719,0.8571428571428571,246.0,57.0
2019-08-13,-0.037037037037037035,-0.06944444444444445,0.38311688311688313,0.6944444444444444,216.0,72.0
2019-08-14,-0.1111111111111111,-0.14772727272727273,0.31313131313131315,0.8333333333333334,261.0,88.0
2019-08-15,-0.09055118110236221,-0.07246376811594203,0.27835051546391754,0.8095238095238095,254.0,69.0
2019-08-16,-0.057777777777777775,-0.08450704225352113,0.25443786982248523,0.875,225.0,71.0
2019-08-17,-0.08144796380090498,-0.05128205128205128,0.31901840490797545,0.8857142857142857,221.0,117.0
2019-08-18,-0.03879310344827586,-0.08108108108108109,0.3312883435582822,0.9285714285714286,232.0,37.0
2019-08-19,-0.06763285024154589,-0.04,0.32867132867132864,0.9411764705882353,207.0,50.0
2019-08-20,-0.06521739130434782,-0.0963855421686747,0.34810126582278483,0.7857142857142857,184.0,83.0
2019-08-21,-0.052083333333333336,-0.07692307692307693,0.381294964028777,0.7647058823529411,192.0,39.0
2019-08-22,-0.09134615384615384,0.03225806451612903,0.3197278911564626,0.8947368421052632,208.0,31.0
2019-08-23,-0.0847457627118644,-0.125,0.3968253968253968,0.75,177.0,24.0
2019-08-24,-0.07692307692307693,-0.044444444444444446,0.3103448275862069,0.4,208.0,45.0
2019-08-25,-0.08796296296296297,-0.07407407407407407,0.2789115646258503,0.5384615384615384,216.0,27.0
2019-08-26,-0.08438818565400844,-0.0784313725490196,0.29081632653061223,0.72,237.0,51.0
2019-08-27,-0.07929515418502203,0.03225806451612903,0.294478527607362,0.7894736842105263,227.0,62.0
2019-08-28,-0.07662835249042145,-0.07407407407407407,0.1921182266009852,0.8,261.0,54.0
2019-08-29,-0.08396946564885496,-0.05660377358490566,0.1941747572815534,0.7692307692307693,262.0,53.0
2019-08-30,-0.03535353535353535,0.023809523809523808,0.21476510067114093,0.8823529411764706,198.0,42.0
2019-08-31,-0.05181347150259067,-0.03125,0.2733812949640288,0.8,193.0,32.0
2019-09-01,-0.04219409282700422,-0.045454545454545456,0.25,0.625,237.0,22.0
2019-09-02,-0.036036036036036036,-0.058823529411764705,0.2569832402234637,0.9,222.0,51.0
2019-09-03,-0.039301310043668124,0.0625,0.22674418604651161,0.6,229.0,32.0
2019-09-04,-0.085,0.0,0.2846715328467153,0.9090909090909091,200.0,34.0
2019-09-05,-0.005291005291005291,-0.07142857142857142,0.2535211267605634,0.8333333333333334,189.0,28.0
2019-09-06,-0.03017241379310345,0.027777777777777776,0.3258426966292135,1.0,232.0,36.0
2019-09-07,-0.07755102040816327,-0.05172413793103448,0.32934131736526945,0.6521739130434783,245.0,58.0
2019-09-08,-0.0374331550802139,-0.07317073170731707,0.3013698630136986,0.7619047619047619,187.0,41.0
2019-09-09,-0.0903954802259887,0.027777777777777776,0.31496062992125984,0.75,177.0,36.0
2019-09-10,-0.057291666666666664,-0.16129032258064516,0.22627737226277372,0.8888888888888888,192.0,31.0
2019-09-11,-0.08837209302325581,0.034482758620689655,0.32051282051282054,0.8235294117647058,215.0,29.0
2019-09-12,-0.07851239669421488,-0.11764705882352941,0.3717277486910995,0.8571428571428571,242.0,17.0
2019-09-13,-0.07511737089201878,-0.17391304347826086,0.42857142857142855,0.6923076923076923,213.0,23.0
2019-09-14,-0.03636363636363636,-0.03333333333333333,0.4647058823529412,0.8095238095238095,220.0,30.0
2019-09-15,-0.09282700421940929,-0.07692307692307693,0.29012345679012347,0.625,237.0,39.0
2019-09-16,-0.05263157894736842,-0.09433962264150944,0.3137254901960784,0.8888888888888888,209.0,53.0
2019-09-17,-0.07954545454545454,-0.037037037037037035,0.3645320197044335,0.8461538461538461,264.0,27.0
2019-09-18,-0.0912863070539419,-0.15384615384615385,0.4236453201970443,0.5,241.0,26.0
2019-09-19,-0.1013215859030837,-0.14705882352941177,0.34911242603550297,0.8333333333333334,227.0,34.0
2019-09-20,-0.05612244897959184,-0.13333333333333333,0.3716216216216216,0.5,196.0,15.0
2019-09-21,-0.0625,0.0,0.3356164383561644,0.5,208.0,8.0
2019-09-22,-0.09595959595959595,0.0,0.2695035460992908,0.3333333333333333,198.0,12.0
2019-09-23,-0.04564315352697095,-0.05714285714285714,0.26881720430107525,0.5384615384615384,241.0,35.0
2019-09-24,-0.11567164179104478,-0.10526315789473684,0.10952380952380952,0.6666666666666666,268.0,19.0
2019-09-25,-0.0958904109589041,-0.15384615384615385,0.17937219730941703,0.7777777777777778,292.0,39.0
2019-09-26,-0.04905660377358491,-0.14285714285714285,0.18407960199004975,0.9230769230769231,265.0,28.0
2019-09-27,-0.10150375939849623,-0.046511627906976744,0.3106796116504854,0.8928571428571429,266.0,43.0
2019-09-28,-0.09125475285171103,0.044444444444444446,0.34196891191709844,0.8076923076923077,263.0,45.0
2019-09-29,-0.05474452554744526,-0.075,0.43434343434343436,0.6521739130434783,274.0,40.0
2019-09-30,-0.07112970711297072,-0.06451612903225806,0.3125,0.65,239.0,31.0
2019-10-01,-0.021739130434782608,0.0,0.3005464480874317,0.6363636363636364,230.0,26.0
2019-10-02,-0.06930693069306931,0.058823529411764705,0.3698630136986301,0.8333333333333334,202.0,17.0
2019-10-03,-0.0430622009569378,-0.03225806451612903,0.2925170068027211,0.5714285714285714,209.0,31.0
2019-10-04,-0.04918032786885246,-0.08695652173913043,0.30612244897959184,0.8181818181818182,183.0,23.0
2019-10-05,-0.06756756756756757,-0.03571428571428571,0.3142857142857143,1.0,222.0,28.0
2019-10-06,-0.050505050505050504,-0.030303030303030304,0.23776223776223776,0.7,198.0,33.0
2019-10-07,-0.07179487179487179,0.020833333333333332,0.34814814814814815,0.84,195.0,48.0
2019-10-08,-0.07373271889400922,-0.05555555555555555,0.3092105263157895,0.42857142857142855,217.0,18.0
2019-10-09,-0.07211538461538461,-0.08333333333333333,0.22023809523809523,0.8333333333333334,208.0,24.0
2019-10-10,-0.049019607843137254,-0.08928571428571429,0.21379310344827587,0.6857142857142857,204.0,56.0
2019-10-11,-0.05263157894736842,0.041666666666666664,0.4178082191780822,0.8888888888888888,209.0,24.0
2019-10-12,-0.06403940886699508,-0.03225806451612903,0.25384615384615383,0.5454545454545454,203.0,31.0
2019-10-13,-0.041666666666666664,-0.08108108108108109,0.33540372670807456,0.5,240.0,37.0
2019-10-14,-0.05235602094240838,0.0,0.39072847682119205,0.7692307692307693,191.0,50.0
2019-10-15,-0.0380952380952381,-0.0625,0.3597560975609756,0.6875,210.0,32.0
2019-10-16,-0.09623430962343096,-0.16216216216216217,0.2988505747126437,0.6666666666666666,239.0,37.0
2019-10-17,-0.06276150627615062,0.0,0.3181818181818182,0.6666666666666666,239.0,23.0
2019-10-18,-0.06584362139917696,0.0,0.27586206896551724,1.0,243.0,16.0
2019-10-19,-0.0635593220338983,-0.2222222222222222,0.3630573248407643,0.75,236.0,18.0
2019-10-20,-0.048034934497816595,-0.03333333333333333,0.41714285714285715,0.7333333333333333,229.0,30.0
2019-10-21,-0.10344827586206896,-0.057692307692307696,0.31690140845070425,0.6956521739130435,203.0,52.0
2019-10-22,-0.047619047619047616,-0.0967741935483871,0.3660130718954248,0.6923076923076923,210.0,31.0
2019-10-23,-0.060085836909871244,-0.06666666666666667,0.2469879518072289,0.6363636363636364,233.0,30.0
2019-10-24,-0.0625,0.07142857142857142,0.2712765957446808,0.6666666666666666,272.0,14.0
2019-10-25,-0.06147540983606557,-0.075,0.2182741116751269,0.6842105263157895,244.0,40.0
2019-10-26,-0.07364341085271318,-0.05714285714285714,0.1497584541062802,0.7142857142857143,258.0,35.0
2019-10-27,-0.045662100456621,0.0,0.23391812865497075,0.7142857142857143,219.0,47.0
2019-10-28,-0.07009345794392523,-0.037037037037037035,0.2958579881656805,0.75,214.0,27.0
2019-10-29,-0.056074766355140186,-0.024390243902439025,0.3953488372093023,0.7142857142857143,214.0,41.0
2019-10-30,-0.05116279069767442,0.0,0.423841059602649,1.0,215.0,19.0
2019-10-31,-0.03431372549019608,-0.06451612903225806,0.3541666666666667,0.7857142857142857,204.0,31.0
2019-11-01,-0.06132075471698113,-0.047619047619047616,0.3227848101265823,0.9,212.0,21.0
2019-11-02,-0.06572769953051644,0.0,0.3448275862068966,1.0,213.0,22.0
2019-11-03,-0.032407407407407406,-0.05714285714285714,0.44785276073619634,0.6428571428571429,216.0,35.0
2019-11-04,-0.05238095238095238,-0.06818181818181818,0.2903225806451613,0.875,210.0,44.0
2019-11-05,-0.055793991416309016,0.0,0.3393939393939394,0.8888888888888888,233.0,29.0
2019-11-06,-0.05741626794258373,-0.07547169811320754,0.41317365269461076,0.9032258064516129,209.0,53.0
2019-11-07,-0.05803571428571429,-0.058823529411764705,0.3395061728395062,0.8,224.0,51.0
2019-11-08,-0.058333333333333334,0.0425531914893617,0.4090909090909091,0.9285714285714286,240.0,47.0
2019-11-09,-0.056338028169014086,-0.047619047619047616,0.24375,0.8571428571428571,213.0,21.0
2019-11-10,-0.04950495049504951,-0.15384615384615385,0.4125,0.7,202.0,26.0
2019-11-11,-0.07692307692307693,-0.047619047619047616,0.43243243243243246,0.6666666666666666,208.0,21.0
2019-11-12,-0.041884816753926704,0.0,0.4296875,0.4,191.0,18.0
2019-11-13,-0.0639269406392694,-0.06666666666666667,0.31645569620253167,0.9,219.0,15.0
2019-11-14,-0.09424083769633508,-0.05555555555555555,0.33093525179856115,0.9166666666666666,191.0,36.0
2019-11-15,-0.03515625,0.0,0.2905027932960894,0.75,256.0,17.0
2019-11-16,-0.06493506493506493,-0.07142857142857142,0.32926829268292684,0.9583333333333334,231.0,28.0
2019-11-17,-0.08936170212765958,-0.075,0.42528735632183906,0.88,235.0,40.0
2019-11-18,-0.061611374407582936,-0.07692307692307693,0.35625,0.8333333333333334,211.0,13.0
2019-11-19,-0.11764705882352941,0.08823529411764706,0.24848484848484848,0.7647058823529411,221.0,34.0
2019-11-20,-0.08421052631578947,0.027777777777777776,0.35036496350364965,0.8235294117647058,190.0,36.0
2019-11-21,-0.10526315789473684,0.0,0.25609756097560976,0.7142857142857143,228.0,41.0
2019-11-22,-0.07777777777777778,-0.09090909090909091,0.22277227722772278,1.0,270.0,22.0
2019-11-23,-0.026905829596412557,0.0,0.23270440251572327,0.8421052631578947,223.0,23.0
2019-11-24,-0.08372093023255814,0.07142857142857142,0.23333333333333334,0.8214285714285714,215.0,42.0
2019-11-25,-0.06405693950177936,0.0625,0.21844660194174756,0.6153846153846154,281.0,16.0
2019-11-26,-0.09349593495934959,-0.11538461538461539,0.3370165745856354,0.8125,246.0,26.0
2019-11-27,-0.04225352112676056,-0.0625,0.31176470588235294,0.625,213.0,16.0
2019-11-28,-0.11206896551724138,-0.125,0.2974683544303797,1.0,232.0,40.0
2019-11-29,-0.09900990099009901,0.07407407407407407,0.2827586206896552,0.7272727272727273,202.0,27.0
2019-11-30,-0.05181347150259067,-0.038461538461538464,0.2925170068027211,0.9166666666666666,193.0,26.0
2019-12-01,-0.018518518518518517,-0.05263157894736842,0.3741935483870968,0.6666666666666666,216.0,19.0
2019-12-02,-0.11483253588516747,-0.09090909090909091,0.3870967741935484,0.8,209.0,33.0
2019-12-03,-0.06097560975609756,0.0,0.29357798165137616,0.8,164.0,25.0
2019-12-04,-0.08264462809917356,0.0,0.32142857142857145,0.75,242.0,20.0
2019-12-05,-0.0045045045045045045,-0.1388888888888889,0.271523178807947,0.7692307692307693,222.0,36.0
2019-12-06,-0.03686635944700461,-0.09523809523809523,0.27325581395348836,0.625,217.0,21.0
2019-12-07,-0.09693877551020408,0.0,0.3381294964028777,0.6666666666666666,196.0,25.0
2019-12-08,-0.04504504504504504,-0.125,0.3881578947368421,1.0,222.0,40.0
2019-12-09,-0.12719298245614036,-0.022727272727272728,0.35443037974683544,0.7692307692307693,228.0,44.0
2019-12-10,-0.0931174089068826,-0.07317073170731707,0.3383838383838384,0.6666666666666666,247.0,41.0
2019-12-11,-0.09954751131221719,-0.05,0.34558823529411764,0.75,221.0,40.0
2019-12-12,-0.06995884773662552,-0.09090909090909091,0.25668449197860965,0.7333333333333333,243.0,33.0
2019-12-13,-0.06806282722513089,-0.09302325581395349,0.3333333333333333,0.6363636363636364,191.0,43.0
2019-12-14,-0.12,-0.05555555555555555,0.34355828220858897,1.0,225.0,18.0
2019-12-15,-0.07692307692307693,0.0,0.36024844720496896,0.6666666666666666,234.0,20.0
2019-12-16,-0.07171314741035857,0.037037037037037035,0.35106382978723405,0.5555555555555556,251.0,27.0
2019-12-17,-0.08664259927797834,0.0,0.2608695652173913,1.0,277.0,50.0
2019-12-18,-0.08527131782945736,-0.1,0.19072164948453607,0.875,258.0,30.0
2019-12-19,-0.053763440860215055,-0.04878048780487805,0.22916666666666666,0.6956521739130435,186.0,41.0
2019-12-20,-0.07766990291262135,0.0,0.4012738853503185,0.7916666666666666,206.0,32.0
2019-12-21,-0.04838709677419355,-0.08620689655172414,0.34615384615384615,0.9574468085106383,186.0,58.0
2019-12-22,-0.052884615384615384,-0.09090909090909091,0.3223684210526316,0.9375,208.0,33.0
2019-12-23,-0.036458333333333336,0.058823529411764705,0.47297297297297297,0.75,192.0,17.0
2019-12-24,-0.09743589743589744,-0.10344827586206896,0.31690140845070425,0.8888888888888888,195.0,29.0
2019-12-25,-0.06190476190476191,-0.15217391304347827,0.35172413793103446,0.7647058823529411,210.0,46.0
2019-12-26,-0.04784688995215311,-0.10869565217391304,0.3741496598639456,0.7692307692307693,209.0,46.0
2019-12-27,-0.09467455621301775,-0.03571428571428571,0.38738738738738737,0.7857142857142857,169.0,28.0
2019-12-28,-0.015,-0.030303030303030304,0.417910447761194,0.7692307692307693,200.0,33.0
2019-12-29,-0.07627118644067797,-0.16666666666666666,0.34104046242774566,0.5333333333333333,236.0,36.0
2019-12-30,-0.06220095693779904,-0.08108108108108109,0.33774834437086093,0.8,209.0,37.0
2019-12-31,-0.04090909090909091,-0.03125,0.3,0.8947368421052632,220.0,32.0
2020-01-01,-0.05263157894736842,-0.09375,0.36879432624113473,0.7777777777777778,209.0,64.0
2020-01-02,-0.024630541871921183,-0.04,0.22602739726027396,0.8571428571428571,203.0,25.0
2020-01-03,-0.08962264150943396,-0.02564102564102564,0.36,0.5789473684210527,212.0,39.0
2020-01-04,-0.07281553398058252,-0.05555555555555555,0.33793103448275863,0.7272727272727273,206.0,18.0
2020-01-05,-0.09178743961352658,0.0,0.2356687898089172,0.5833333333333334,207.0,25.0
2020-01-06,-0.004672897196261682,-0.07389162561576355,0.2446043165467626,0.7454545454545455,214.0,203.0
2020-01-07,-0.05363984674329502,-0.02727272727272727,0.1791044776119403,0.6410256410256411,261.0,110.0
2020-01-08,-0.02843601895734597,-0.04838709677419355,0.2611464968152866,0.5454545454545454,211.0,62.0
2020-01-09,-0.057803468208092484,0.05405405405405406,0.24347826086956523,0.47058823529411764,173.0,37.0
2020-01-10,-0.05238095238095238,0.0,0.33783783783783783,0.6,210.0,41.0
2020-01-11,-0.03333333333333333,-0.025,0.3161290322580645,0.7,210.0,40.0
2020-01-12,-0.04081632653061224,-0.03125,0.29285714285714287,0.7368421052631579,196.0,32.0
2020-01-13,-0.1145374449339207,-0.047619047619047616,0.40588235294117647,0.75,227.0,21.0
2020-01-14,-0.058823529411764705,0.0,0.2235294117647059,0.7727272727272727,221.0,44.0
2020-01-15,-0.03664921465968586,-0.05,0.35668789808917195,0.9230769230769231,191.0,80.0
2020-01-16,-0.06896551724137931,-0.14492753623188406,0.29770992366412213,0.9090909090909091,174.0,69.0
2020-01-17,-0.06542056074766354,0.0,0.2983425414364641,0.8333333333333334,214.0,45.0
2020-01-18,-0.02843601895734597,-0.03333333333333333,0.2345679012345679,0.5555555555555556,211.0,30.0
2020-01-19,-0.092,0.0,0.29508196721311475,0.5833333333333334,250.0,19.0
2020-01-20,-0.024154589371980676,-0.022727272727272728,0.3933333333333333,0.9230769230769231,207.0,44.0
2020-01-21,-0.049079754601226995,-0.01694915254237288,0.25984251968503935,0.84,163.0,59.0
2020-01-22,-0.05687203791469194,0.0,0.36428571428571427,0.7222222222222222,211.0,47.0
2020-01-23,-0.031578947368421054,-0.03389830508474576,0.3609022556390977,0.8333333333333334,190.0,59.0
2020-01-24,-0.03482587064676617,-0.07368421052631578,0.5506329113924051,0.8852459016393442,201.0,95.0
2020-01-25,-0.11707317073170732,-0.09090909090909091,0.43870967741935485,0.8823529411764706,205.0,33.0
2020-01-26,-0.034782608695652174,-0.06896551724137931,0.32903225806451614,0.95,230.0,29.0
2020-01-27,-0.04390243902439024,-0.022222222222222223,0.3509933774834437,0.782608695652174,205.0,45.0
2020-01-28,-0.052132701421800945,-0.05555555555555555,0.19480519480519481,0.7586206896551724,211.0,54.0
2020-01-29,-0.046875,-0.04395604395604396,0.2517482517482518,0.8035714285714286,192.0,91.0
2020-01-30,-0.06989247311827956,-0.0379746835443038,0.2536231884057971,0.8,186.0,79.0
2020-01-31,-0.05319148936170213,-0.05747126436781609,0.3793103448275862,0.8392857142857143,188.0,87.0
2020-02-01,-0.04784688995215311,0.0,0.2839506172839506,0.625,209.0,36.0
2020-02-02,-0.049107142857142856,-0.043478260869565216,0.3987730061349693,0.9166666666666666,224.0,23.0
2020-02-03,-0.009569377990430622,-0.05555555555555555,0.2360248447204969,0.8181818181818182,209.0,36.0
2020-02-04,-0.06220095693779904,0.11764705882352941,0.33098591549295775,0.9,209.0,17.0
2020-02-05,-0.032520325203252036,-0.034482758620689655,0.32,0.8571428571428571,246.0,29.0
2020-02-06,-0.04526748971193416,-0.0898876404494382,0.3181818181818182,0.9259259259259259,243.0,89.0
2020-02-07,-0.017316017316017316,-0.09433962264150944,0.23783783783783785,0.92,231.0,53.0
2020-02-08,-0.06372549019607843,0.0,0.3157894736842105,0.7894736842105263,204.0,28.0
2020-02-09,-0.046413502109704644,0.009174311926605505,0.2057142857142857,0.9661016949152542,237.0,109.0
2020-02-10,-0.04390243902439024,-0.06060606060606061,0.2967741935483871,0.8823529411764706,205.0,33.0
2020-02-11,-0.022935779816513763,0.0,0.2670807453416149,1.0,218.0,27.0
2020-02-12,-0.012448132780082987,-0.058823529411764705,0.2670157068062827,0.625,241.0,17.0
2020-02-13,-0.06751054852320675,-0.0625,0.24,0.8,237.0,16.0
2020-02-14,-0.04310344827586207,0.029411764705882353,0.2469879518072289,0.8095238095238095,232.0,34.0
2020-02-15,-0.09051724137931035,-0.02857142857142857,0.25268817204301075,0.8947368421052632,232.0,35.0
2020-02-16,-0.09417040358744394,-0.1111111111111111,0.27607361963190186,0.875,223.0,27.0
2020-02-17,-0.05641025641025641,-0.02631578947368421,0.2689655172413793,0.8,195.0,76.0
2020-02-18,-0.08108108108108109,0.0,0.2804232804232804,0.9310344827586207,259.0,77.0
2020-02-19,-0.03317535545023697,0.02127659574468085,0.2804878048780488,0.5555555555555556,211.0,47.0
2020-02-20,-0.08121827411167512,0.0,0.20394736842105263,0.26666666666666666,197.0,28.0
2020-02-21,-0.06572769953051644,-0.06111111111111111,0.4057971014492754,0.7352941176470589,213.0,180.0
2020-02-22,-0.061452513966480445,-0.07407407407407407,0.3435114503816794,0.6538461538461539,179.0,81.0
2020-02-23,-0.034653465346534656,-0.04938271604938271,0.35251798561151076,0.6571428571428571,202.0,81.0
2020-02-24,-0.03,-0.07142857142857142,0.27972027972027974,0.5967741935483871,200.0,154.0
2020-02-25,-0.07661290322580645,-0.0761904761904762,0.26785714285714285,0.7692307692307693,248.0,105.0
2020-02-26,-0.13454545454545455,-0.19047619047619047,0.23300970873786409,0.7241379310344828,275.0,84.0
2020-02-27,-0.07224334600760456,-0.00819672131147541,0.25,0.7692307692307693,263.0,122.0
2020-02-28,-0.08203125,-0.11504424778761062,0.30857142857142855,0.5538461538461539,256.0,226.0
2020-02-29,-0.10441767068273092,-0.06756756756756757,0.37037037037037035,0.5714285714285714,249.0,74.0
2020-03-01,-0.1111111111111111,-0.15384615384615385,0.2824858757062147,0.8571428571428571,243.0,65.0
2020-03-02,-0.06862745098039216,-0.125,0.30405405405405406,0.6363636363636364,204.0,72.0
2020-03-03,-0.08558558558558559,-0.1282051282051282,0.30625,0.7857142857142857,222.0,39.0
2020-03-04,-0.045871559633027525,-0.1,0.35802469135802467,0.7222222222222222,218.0,60.0
2020-03-05,-0.1024390243902439,-0.028169014084507043,0.3048780487804878,0.78125,205.0,71.0
2020-03-06,-0.08823529411764706,-0.10377358490566038,0.3693181818181818,0.7727272727272727,238.0,106.0
2020-03-07,-0.09251101321585903,-0.14893617021276595,0.33793103448275863,0.631578947368421,227.0,47.0
2020-03-08,-0.11646586345381527,-0.025974025974025976,0.25287356321839083,0.8648648648648649,249.0,77.0
2020-03-09,-0.11688311688311688,-0.17647058823529413,0.2606837606837607,0.5384615384615384,308.0,153.0
2020-03-10,-0.0959409594095941,-0.08181818181818182,0.24210526315789474,0.7115384615384616,271.0,110.0
2020-03-11,-0.0912863070539419,-0.2125,0.3333333333333333,0.6451612903225806,241.0,80.0
2020-03-12,-0.1728395061728395,-0.1509433962264151,0.2,0.6756756756756757,324.0,212.0
2020-03-13,-0.14655172413793102,-0.1513157894736842,0.14492753623188406,0.6842105263157895,348.0,152.0
2020-03-14,-0.10130718954248366,-0.18012422360248448,0.31196581196581197,0.576271186440678,306.0,161.0
2020-03-15,-0.16498316498316498,-0.16477272727272727,0.3141592920353982,0.589041095890411,297.0,176.0
2020-03-16,-0.14181818181818182,-0.1778846153846154,0.24878048780487805,0.5211267605633803,275.0,208.0
2020-03-17,-0.08550185873605948,-0.16049382716049382,0.24056603773584906,0.6153846153846154,269.0,81.0
2020-03-18,-0.11740890688259109,-0.0972972972972973,0.4083769633507853,0.6190476190476191,247.0,185.0
2020-03-19,-0.16785714285714284,-0.06818181818181818,0.3063063063063063,0.7857142857142857,280.0,132.0
2020-03-20,-0.09961685823754789,-0.15447154471544716,0.22596153846153846,0.5882352941176471,261.0,123.0
2020-03-21,-0.13008130081300814,-0.12403100775193798,0.3160919540229885,0.6153846153846154,246.0,129.0
2020-03-22,-0.12663755458515283,-0.18085106382978725,0.41317365269461076,0.6428571428571429,229.0,94.0
2020-03-23,-0.1519434628975265,-0.14166666666666666,0.46846846846846846,0.8529411764705882,283.0,120.0
2020-03-24,-0.14007782101167315,-0.09826589595375723,0.41,0.5853658536585366,257.0,173.0
2020-03-25,-0.13983050847457626,-0.07092198581560284,0.45698924731182794,0.5102040816326531,236.0,141.0
2020-03-26,-0.09433962264150944,-0.0962962962962963,0.38578680203045684,0.6933333333333334,265.0,135.0
2020-03-27,-0.11739130434782609,-0.08943089430894309,0.47058823529411764,0.6885245901639344,230.0,123.0
2020-03-28,-0.07174887892376682,-0.06086956521739131,0.3508771929824561,0.631578947368421,223.0,115.0
2020-03-29,-0.08921933085501858,-0.12295081967213115,0.4742268041237113,0.7454545454545455,269.0,122.0
2020-03-30,-0.09956709956709957,-0.10416666666666667,0.4,0.6417910447761194,231.0,144.0
2020-03-31,-0.07142857142857142,-0.07857142857142857,0.4262295081967213,0.5,238.0,140.0
2020-04-01,-0.07657657657657657,-0.02631578947368421,0.4539877300613497,0.6153846153846154,222.0,76.0
2020-04-02,-0.08196721311475409,-0.016129032258064516,0.35195530726256985,0.7230769230769231,244.0,124.0
2020-04-03,-0.08,-0.046511627906976744,0.3081761006289308,0.6744186046511628,225.0,86.0
2020-04-04,-0.07692307692307693,-0.05172413793103448,0.3611111111111111,0.7291666666666666,208.0,116.0
2020-04-05,-0.08040201005025126,-0.0975609756097561,0.3310810810810811,0.6666666666666666,199.0,82.0
2020-04-06,-0.10454545454545454,-0.047619047619047616,0.37662337662337664,0.92,220.0,126.0
2020-04-07,-0.1183206106870229,-0.060240963855421686,0.39603960396039606,0.6904761904761905,262.0,83.0
2020-04-08,-0.09016393442622951,-0.05263157894736842,0.2751322751322751,0.9,244.0,76.0
2020-04-09,-0.08597285067873303,-0.06403940886699508,0.4642857142857143,0.7368421052631579,221.0,203.0
2020-04-10,-0.07725321888412018,-0.09523809523809523,0.42777777777777776,0.6938775510204082,233.0,126.0
2020-04-11,-0.07792207792207792,-0.12612612612612611,0.41139240506329117,0.673469387755102,231.0,111.0
2020-04-12,-0.06808510638297872,-0.03296703296703297,0.34545454545454546,0.7111111111111111,235.0,91.0
2020-04-13,-0.11261261261261261,-0.1746031746031746,0.3218390804597701,0.7213114754098361,222.0,126.0
2020-04-14,-0.04128440366972477,-0.0915032679738562,0.30538922155688625,0.7638888888888888,218.0,153.0
2020-04-15,-0.061068702290076333,-0.06535947712418301,0.3989071038251366,0.6506024096385542,262.0,153.0
2020-04-16,-0.10884353741496598,-0.08379888268156424,0.4,0.8192771084337349,294.0,179.0
2020-04-17,-0.0860655737704918,-0.034782608695652174,0.4034090909090909,0.6166666666666667,244.0,115.0
2020-04-18,-0.07834101382488479,-0.1258741258741259,0.37579617834394907,0.7638888888888888,217.0,143.0
2020-04-19,-0.058333333333333334,-0.04918032786885246,0.36024844720496896,0.7073170731707317,240.0,61.0
2020-04-20,-0.08780487804878048,-0.11363636363636363,0.2804878048780488,0.7619047619047619,205.0,88.0
2020-04-21,-0.05286343612334802,-0.056,0.4111111111111111,0.8450704225352113,227.0,125.0
2020-04-22,-0.12236286919831224,-0.024096385542168676,0.3526315789473684,0.7362637362637363,237.0,166.0
2020-04-23,-0.07177033492822966,-0.07936507936507936,0.31213872832369943,0.7222222222222222,209.0,126.0
2020-04-24,-0.0761904761904762,-0.00909090909090909,0.273972602739726,0.5185185185185185,210.0,110.0
2020-04-25,-0.09216589861751152,-0.0546875,0.32298136645962733,0.65625,217.0,128.0
2020-04-26,-0.04424778761061947,-0.21978021978021978,0.3225806451612903,0.6363636363636364,226.0,91.0
2020-04-27,-0.05855855855855856,-0.060240963855421686,0.23636363636363636,0.6511627906976745,222.0,83.0
2020-04-28,-0.06637168141592921,-0.06060606060606061,0.2619047619047619,0.7931034482758621,226.0,132.0
2020-04-29,-0.06787330316742081,-0.07142857142857142,0.25949367088607594,0.7916666666666666,221.0,84.0
2020-04-30,-0.06048387096774194,-0.06451612903225806,0.2578947368421053,0.7288135593220338,248.0,93.0
2020-05-01,-0.07042253521126761,-0.0975609756097561,0.3221476510067114,0.6176470588235294,213.0,164.0
2020-05-02,-0.07659574468085106,0.009708737864077669,0.4067796610169492,0.7857142857142857,235.0,103.0
2020-05-03,-0.014150943396226415,-0.01639344262295082,0.35135135135135137,0.75,212.0,61.0
2020-05-04,-0.03361344537815126,-0.06153846153846154,0.3891891891891892,0.8055555555555556,238.0,65.0
2020-05-05,-0.09004739336492891,-0.07692307692307693,0.43037974683544306,0.7333333333333333,211.0,91.0
2020-05-06,-0.10569105691056911,-0.06140350877192982,0.3869047619047619,0.875,246.0,114.0
2020-05-07,-0.053691275167785234,-0.02857142857142857,0.26291079812206575,0.7450980392156863,298.0,105.0
2020-05-08,-0.04452054794520548,-0.05154639175257732,0.2560386473429952,0.6909090909090909,292.0,97.0
2020-05-09,-0.06513409961685823,-0.05333333333333334,0.3541666666666667,0.775,261.0,75.0
2020-05-10,-0.08888888888888889,-0.06962025316455696,0.1461187214611872,0.7777777777777778,270.0,158.0
2020-05-11,-0.01556420233463035,-0.028846153846153848,0.2768361581920904,0.7027027027027027,257.0,104.0
2020-05-12,-0.04201680672268908,-0.11458333333333333,0.3548387096774194,0.8333333333333334,238.0,96.0
2020-05-13,-0.12033195020746888,-0.06976744186046512,0.2972972972972973,0.8723404255319149,241.0,86.0
2020-05-14,-0.05527638190954774,-0.029850746268656716,0.29936305732484075,0.7604166666666666,199.0,134.0
2020-05-15,-0.10576923076923077,-0.06382978723404255,0.3105590062111801,0.734375,208.0,94.0
2020-05-16,-0.0582010582010582,-0.06930693069306931,0.3125,0.8,189.0,101.0
2020-05-17,-0.056768558951965066,-0.013157894736842105,0.2647058823529412,0.7073170731707317,229.0,152.0
2020-05-18,-0.03167420814479638,-0.05732484076433121,0.3160919540229885,0.6831683168316832,221.0,157.0
2020-05-19,-0.06280193236714976,0.007142857142857143,0.2866666666666667,0.7368421052631579,207.0,140.0
2020-05-20,-0.06132075471698113,-0.017142857142857144,0.29375,0.7663551401869159,212.0,175.0
2020-05-21,-0.056768558951965066,-0.04891304347826087,0.2111801242236025,0.68,229.0,184.0
2020-05-22,-0.059574468085106386,-0.058333333333333334,0.24324324324324326,0.782608695652174,235.0,120.0
2020-05-23,-0.050761421319796954,-0.0958904109589041,0.34838709677419355,0.8301886792452831,197.0,73.0
2020-05-24,-0.09004739336492891,0.0,0.26875,0.9,211.0,80.0
2020-05-25,-0.06666666666666667,-0.028169014084507043,0.2787878787878788,0.8181818181818182,210.0,71.0
2020-05-26,-0.06153846153846154,-0.10891089108910891,0.28378378378378377,0.5555555555555556,195.0,101.0
2020-05-27,-0.06698564593301436,-0.015151515151515152,0.3404255319148936,0.7540983606557377,209.0,132.0
2020-05-28,-0.03827751196172249,-0.061224489795918366,0.4391891891891892,0.7457627118644068,209.0,98.0
2020-05-29,-0.09821428571428571,0.03333333333333333,0.3333333333333333,0.75,224.0,90.0
2020-05-30,-0.05339805825242718,-0.08163265306122448,0.2909090909090909,0.7,206.0,49.0
2020-05-31,-0.06956521739130435,-0.023529411764705882,0.20121951219512196,0.8604651162790697,230.0,85.0
2020-06-01,-0.045871559633027525,-0.015625,0.30201342281879195,0.8072289156626506,218.0,128.0
2020-06-02,-0.08558558558558559,-0.06451612903225806,0.15300546448087432,0.78125,222.0,62.0
2020-06-03,-0.08762886597938144,-0.060240963855421686,0.3111111111111111,0.72,194.0,83.0
2020-06-04,-0.115,-0.07017543859649122,0.273972602739726,0.6571428571428571,200.0,57.0
2020-06-05,-0.06542056074766354,-0.08974358974358974,0.2822085889570552,0.5,214.0,78.0
2020-06-06,-0.04838709677419355,-0.13333333333333333,0.21897810218978103,0.6285714285714286,186.0,75.0
2020-06-07,-0.018518518518518517,-0.08974358974358974,0.2987012987012987,0.6666666666666666,216.0,78.0
2020-06-08,-0.07954545454545454,-0.04819277108433735,0.27941176470588236,0.631578947368421,176.0,83.0
2020-06-09,-0.08080808080808081,-0.02247191011235955,0.35947712418300654,0.9230769230769231,198.0,89.0
2020-06-10,-0.05188679245283019,-0.09433962264150944,0.41216216216216217,0.574468085106383,212.0,106.0
2020-06-11,-0.0821256038647343,-0.041666666666666664,0.26627218934911245,0.7096774193548387,207.0,96.0
2020-06-12,-0.108,-0.02247191011235955,0.4020618556701031,0.7735849056603774,250.0,89.0
2020-06-13,-0.1319796954314721,-0.054945054945054944,0.432258064516129,0.7636363636363637,197.0,91.0
2020-06-14,-0.057777777777777775,-0.034482758620689655,0.26666666666666666,0.7903225806451613,225.0,87.0
2020-06-15,-0.156,-0.01020408163265306,0.3088235294117647,0.6739130434782609,250.0,98.0
2020-06-16,-0.05699481865284974,-0.0821917808219178,0.31386861313868614,0.7291666666666666,193.0,73.0
2020-06-17,-0.09178743961352658,0.057692307692307696,0.28,0.8292682926829268,207.0,52.0
2020-06-18,-0.02631578947368421,-0.0196078431372549,0.32,0.5,190.0,51.0
2020-06-19,-0.06018518518518518,0.0,0.3764705882352941,0.75,216.0,70.0
2020-06-20,-0.05976095617529881,-0.041666666666666664,0.45698924731182794,0.7192982456140351,251.0,72.0
2020-06-21,-0.0371900826446281,-0.019230769230769232,0.3707865168539326,0.575,242.0,52.0
2020-06-22,-0.07692307692307693,-0.0707070707070707,0.304635761589404,0.7021276595744681,221.0,99.0
2020-06-23,-0.05416666666666667,-0.0392156862745098,0.27058823529411763,0.7111111111111111,240.0,102.0
2020-06-24,-0.059907834101382486,-0.011494252873563218,0.3333333333333333,0.7428571428571429,217.0,87.0
2020-06-25,-0.06967213114754098,-0.06422018348623854,0.24404761904761904,0.6842105263157895,244.0,109.0
2020-06-26,-0.09012875536480687,-0.03571428571428571,0.2603550295857988,0.7647058823529411,233.0,112.0
2020-06-27,-0.08755760368663594,-0.022222222222222223,0.24503311258278146,0.7333333333333333,217.0,135.0
2020-06-28,-0.03864734299516908,0.0,0.3051948051948052,0.7368421052631579,207.0,73.0
2020-06-29,-0.07853403141361257,-0.10810810810810811,0.3458646616541353,0.825,191.0,74.0
2020-06-30,-0.07446808510638298,-0.047619047619047616,0.36585365853658536,0.7,188.0,105.0
2020-07-01,-0.07009345794392523,-0.02857142857142857,0.3037974683544304,0.7317073170731707,214.0,105.0
2020-07-02,-0.058823529411764705,-0.01,0.34965034965034963,0.775,204.0,100.0
2020-07-03,-0.04878048780487805,-0.12280701754385964,0.3464052287581699,0.7666666666666667,205.0,57.0
2020-07-04,-0.09183673469387756,-0.06626506024096386,0.28169014084507044,0.8554216867469879,196.0,332.0
2020-07-05,-0.06382978723404255,-0.05844155844155844,0.3058823529411765,0.7261904761904762,235.0,154.0
2020-07-06,-0.0660377358490566,-0.015873015873015872,0.3310810810810811,0.7894736842105263,212.0,63.0
2020-07-07,-0.09251101321585903,-0.11818181818181818,0.3407821229050279,0.7592592592592593,227.0,110.0
2020-07-08,0.0,-0.0546875,0.3404255319148936,0.6271186440677966,238.0,128.0
2020-07-09,-0.05025125628140704,0.012658227848101266,0.3212121212121212,0.5,199.0,79.0
2020-07-10,-0.07112970711297072,-0.03614457831325301,0.32786885245901637,0.7317073170731707,239.0,83.0
2020-07-11,-0.033816425120772944,0.031746031746031744,0.30718954248366015,0.8695652173913043,207.0,63.0
2020-07-12,-0.07228915662650602,-0.015151515151515152,0.40512820512820513,0.6904761904761905,249.0,66.0
2020-07-13,-0.09134615384615384,0.012658227848101266,0.34868421052631576,0.8043478260869565,208.0,79.0
2020-07-14,-0.04721030042918455,-0.022988505747126436,0.30409356725146197,0.7948717948717948,233.0,87.0
2020-07-15,-0.047619047619047616,-0.03488372093023256,0.2945205479452055,0.5882352941176471,210.0,86.0
2020-07-16,-0.04597701149425287,0.0,0.2962962962962963,0.7241379310344828,174.0,45.0
2020-07-17,-0.07567567567567568,-0.02127659574468085,0.24615384615384617,0.7727272727272727,185.0,94.0
2020-07-18,-0.011695906432748537,-0.0625,0.29310344827586204,0.7666666666666667,171.0,48.0
2020-07-19,-0.09322033898305085,0.0,0.39896373056994816,0.9285714285714286,236.0,39.0
2020-07-20,-0.07258064516129033,-0.043478260869565216,0.3089005235602094,0.7058823529411765,248.0,69.0
2020-07-21,-0.053497942386831275,0.00980392156862745,0.2655367231638418,0.49122807017543857,243.0,102.0
2020-07-22,-0.053811659192825115,-0.1258741258741259,0.37349397590361444,0.6885245901639344,223.0,143.0
2020-07-23,-0.053497942386831275,-0.09166666666666666,0.33879781420765026,0.6785714285714286,243.0,120.0
2020-07-24,-0.07589285714285714,-0.0684931506849315,0.3615819209039548,0.746031746031746,224.0,146.0
2020-07-25,-0.03980099502487562,-0.033707865168539325,0.2422360248447205,0.8181818181818182,201.0,89.0
2020-07-26,0.0,-0.07339449541284404,0.20118343195266272,0.7209302325581395,212.0,109.0
2020-07-27,-0.0035087719298245615,-0.03431372549019608,0.19574468085106383,0.5333333333333333,285.0,204.0
2020-07-28,-0.09665427509293681,-0.06666666666666667,0.22641509433962265,0.7981651376146789,269.0,210.0
2020-07-29,-0.05963302752293578,0.0,0.2229299363057325,0.723404255319149,218.0,96.0
2020-07-30,-0.055,-0.01282051282051282,0.20253164556962025,0.717948717948718,200.0,78.0
2020-07-31,-0.014925373134328358,-0.10476190476190476,0.3018867924528302,0.6470588235294118,201.0,105.0
2020-08-01,-0.022900763358778626,0.026785714285714284,0.2073732718894009,0.7866666666666666,262.0,112.0
2020-08-02,-0.048507462686567165,-0.056179775280898875,0.16666666666666666,0.8214285714285714,268.0,89.0
2020-08-03,-0.0625,0.02857142857142857,0.27225130890052357,0.7027027027027027,256.0,70.0
2020-08-04,-0.045081967213114756,0.04504504504504504,0.25906735751295334,0.55,244.0,111.0
2020-08-05,0.012396694214876033,-0.049723756906077346,0.36065573770491804,0.6419753086419753,242.0,181.0
2020-08-06,-0.05194805194805195,-0.06077348066298342,0.28654970760233917,0.7701149425287356,231.0,181.0
2020-08-07,-0.02459016393442623,-0.06956521739130435,0.2512820512820513,0.803030303030303,244.0,115.0
2020-08-08,-0.04090909090909091,-0.02631578947368421,0.22527472527472528,0.7702702702702703,220.0,114.0
2020-08-09,-0.1,-0.03614457831325301,0.3,0.72,250.0,83.0
2020-08-10,-0.024,-0.03333333333333333,0.245,0.78,250.0,90.0
2020-08-11,-0.06140350877192982,-0.09243697478991597,0.21348314606741572,0.5606060606060606,228.0,119.0
2020-08-12,-0.07391304347826087,-0.09195402298850575,0.29213483146067415,0.6818181818181818,230.0,87.0
2020-08-13,-0.02304147465437788,-0.030303030303030304,0.19540229885057472,0.7321428571428571,217.0,99.0
2020-08-14,0.0,-0.041666666666666664,0.2994350282485876,0.6086956521739131,232.0,72.0
2020-08-15,-0.07758620689655173,0.017094017094017096,0.25477707006369427,0.6896551724137931,232.0,117.0
2020-08-16,-0.014492753623188406,-0.06930693069306931,0.3333333333333333,0.8333333333333334,207.0,101.0
2020-08-17,-0.06276150627615062,-0.12578616352201258,0.29896907216494845,0.6333333333333333,239.0,159.0
2020-08-18,-0.06792452830188679,-0.025,0.19704433497536947,0.7866666666666666,265.0,160.0
2020-08-19,-0.06965174129353234,-0.07865168539325842,0.21232876712328766,0.7692307692307693,201.0,89.0
2020-08-20,0.014705882352941176,-0.11818181818181818,0.2619047619047619,0.7441860465116279,204.0,110.0
2020-08-21,-0.058823529411764705,-0.0970873786407767,0.18235294117647058,0.8070175438596491,221.0,103.0
2020-08-22,-0.046948356807511735,-0.13725490196078433,0.16551724137931034,0.5925925925925926,213.0,51.0
2020-08-23,-0.009900990099009901,-0.10144927536231885,0.25,0.6097560975609756,202.0,69.0
2020-08-24,-0.028708133971291867,-0.05084745762711865,0.323943661971831,0.7692307692307693,209.0,59.0
2020-08-25,-0.10434782608695652,-0.03389830508474576,0.27586206896551724,0.8055555555555556,230.0,59.0
2020-08-26,-0.06280193236714976,0.0,0.2875816993464052,0.9090909090909091,207.0,33.0
2020-08-27,-0.06896551724137931,-0.05063291139240506,0.3989071038251366,0.782608695652174,232.0,79.0
2020-08-28,-0.058823529411764705,-0.027777777777777776,0.2857142857142857,0.7592592592592593,255.0,72.0
2020-08-29,-0.06880733944954129,0.02857142857142857,0.2909090909090909,0.7678571428571429,218.0,105.0
2020-08-30,-0.09223300970873786,-0.12307692307692308,0.21428571428571427,0.6944444444444444,206.0,65.0
2020-08-31,-0.028846153846153848,-0.01639344262295082,0.32941176470588235,0.7435897435897436,208.0,61.0
2020-09-01,-0.0603448275862069,0.06493506493506493,0.30386740331491713,0.5925925925925926,232.0,77.0
2020-09-02,-0.09130434782608696,-0.05172413793103448,0.2711864406779661,0.7272727272727273,230.0,58.0
2020-09-03,-0.08064516129032258,-0.109375,0.18716577540106952,0.6774193548387096,248.0,64.0
2020-09-04,-0.09055118110236221,-0.04,0.1782178217821782,0.7575757575757576,254.0,50.0
2020-09-05,-0.09689922480620156,-0.06521739130434782,0.1407035175879397,0.7,258.0,46.0
2020-09-06,-0.07692307692307693,-0.06756756756756757,0.24675324675324675,0.6071428571428571,208.0,74.0
2020-09-07,-0.07751937984496124,-0.07407407407407407,0.24509803921568626,0.7857142857142857,258.0,54.0
2020-09-08,-0.06785714285714285,-0.13793103448275862,0.2265193370165746,0.6956521739130435,280.0,58.0
2020-09-09,-0.10762331838565023,-0.023529411764705882,0.3393939393939394,0.7692307692307693,223.0,85.0
2020-09-10,-0.031914893617021274,-0.0125,0.26717557251908397,0.7714285714285715,188.0,80.0
2020-09-11,-0.08928571428571429,-0.05555555555555555,0.3116883116883117,0.6595744680851063,224.0,72.0
2020-09-12,-0.03286384976525822,-0.044444444444444446,0.2857142857142857,0.7714285714285715,213.0,45.0
2020-09-13,-0.07339449541284404,-0.0625,0.28104575163398693,0.5666666666666667,218.0,48.0
2020-09-14,-0.056338028169014086,0.05555555555555555,0.2624113475177305,0.5384615384615384,213.0,18.0
2020-09-15,-0.012987012987012988,-0.05263157894736842,0.32748538011695905,0.76,231.0,38.0
2020-09-16,-0.04,-0.06779661016949153,0.38333333333333336,0.9,250.0,59.0
2020-09-17,-0.05982905982905983,0.013888888888888888,0.3687150837988827,0.7441860465116279,234.0,72.0
2020-09-18,-0.06751054852320675,-0.034482758620689655,0.25654450261780104,0.6578947368421053,237.0,58.0
2020-09-19,-0.024896265560165973,-0.16279069767441862,0.2571428571428571,0.7272727272727273,241.0,43.0
2020-09-20,-0.02531645569620253,-0.08928571428571429,0.24858757062146894,0.6896551724137931,237.0,56.0
2020-09-21,-0.08,-0.045454545454545456,0.22110552763819097,0.3939393939393939,250.0,88.0
2020-09-22,-0.05511811023622047,-0.037037037037037035,0.29441624365482233,0.625,254.0,54.0
2020-09-23,-0.07906976744186046,-0.07407407407407407,0.32919254658385094,0.8461538461538461,215.0,81.0
2020-09-24,-0.0707070707070707,-0.09615384615384616,0.2894736842105263,0.6956521739130435,198.0,52.0
2020-09-25,-0.0514018691588785,0.05263157894736842,0.30625,0.7857142857142857,214.0,38.0
2020-09-26,-0.03482587064676617,-0.046153846153846156,0.27044025157232704,0.7241379310344828,201.0,65.0
2020-09-27,-0.07514450867052024,-0.17391304347826086,0.19696969696969696,0.7058823529411765,173.0,23.0
2020-09-28,-0.05172413793103448,-0.06896551724137931,0.2676056338028169,0.6060606060606061,174.0,58.0
2020-09-29,-0.03225806451612903,0.015873015873015872,0.22289156626506024,0.6222222222222222,217.0,63.0
2020-09-30,-0.06912442396313365,-0.014705882352941176,0.23780487804878048,0.6585365853658537,217.0,68.0
2020-10-01,-0.038461538461538464,-0.037037037037037035,0.22794117647058823,0.6470588235294118,182.0,27.0
2020-10-02,-0.10747663551401869,0.02,0.24,0.7727272727272727,214.0,50.0
2020-10-03,-0.0673076923076923,-0.030303030303030304,0.27450980392156865,0.696969696969697,208.0,66.0
2020-10-04,-0.041474654377880185,0.022222222222222223,0.31137724550898205,0.7058823529411765,217.0,45.0
2020-10-05,-0.05194805194805195,0.041666666666666664,0.2542372881355932,0.5128205128205128,231.0,48.0
2020-10-06,-0.07692307692307693,0.0,0.2962962962962963,0.7073170731707317,221.0,51.0
2020-10-07,-0.06217616580310881,0.023809523809523808,0.3141025641025641,0.7941176470588235,193.0,42.0
2020-10-08,-0.05314009661835749,-0.04081632653061224,0.22981366459627328,0.9583333333333334,207.0,49.0
2020-10-09,-0.03375527426160337,-0.03125,0.23404255319148937,0.8409090909090909,237.0,64.0
2020-10-10,-0.04424778761061947,0.0,0.24581005586592178,0.88,226.0,72.0
2020-10-11,-0.00851063829787234,-0.03225806451612903,0.23728813559322035,0.9074074074074074,235.0,62.0
2020-10-12,-0.022026431718061675,-0.1044776119402985,0.24861878453038674,0.9387755102040817,227.0,67.0
2020-10-13,-0.05056179775280899,-0.15873015873015872,0.2569444444444444,0.6818181818181818,178.0,63.0
2020-10-14,-0.04830917874396135,-0.03278688524590164,0.22875816993464052,0.7714285714285715,207.0,61.0
2020-10-15,-0.05154639175257732,0.034482758620689655,0.31788079470198677,0.8125,194.0,29.0
2020-10-16,-0.07766990291262135,0.0,0.18238993710691823,0.8125,206.0,31.0
2020-10-17,-0.03773584905660377,0.13333333333333333,0.25609756097560976,0.75,212.0,15.0
2020-10-18,-0.014492753623188406,-0.027777777777777776,0.22641509433962265,0.42857142857142855,207.0,36.0
2020-10-19,-0.0871559633027523,-0.08823529411764706,0.23493975903614459,0.8936170212765957,218.0,68.0
2020-10-20,-0.010638297872340425,-0.06666666666666667,0.16774193548387098,0.9230769230769231,188.0,15.0
2020-10-21,-0.024390243902439025,-0.07462686567164178,0.23076923076923078,0.8461538461538461,246.0,67.0
2020-10-22,-0.0391304347826087,-0.046511627906976744,0.22093023255813954,0.8235294117647058,230.0,43.0
2020-10-23,-0.03745318352059925,0.047619047619047616,0.287292817679558,0.8571428571428571,267.0,42.0
2020-10-24,-0.07373271889400922,-0.030303030303030304,0.27848101265822783,0.8695652173913043,217.0,66.0
2020-10-25,-0.09004739336492891,-0.10344827586206896,0.3067484662576687,0.8717948717948718,211.0,58.0
2020-10-26,-0.064,0.0,0.25,0.84375,250.0,64.0
2020-10-27,-0.05042016806722689,0.02564102564102564,0.22527472527472528,0.8478260869565217,238.0,78.0
2020-10-28,-0.018779342723004695,0.0,0.15294117647058825,0.8974358974358975,213.0,60.0
2020-10-29,-0.08695652173913043,0.0196078431372549,0.24375,0.7272727272727273,207.0,51.0
2020-10-30,-0.046296296296296294,0.025,0.1927710843373494,0.7241379310344828,216.0,40.0
2020-10-31,-0.05172413793103448,-0.0967741935483871,0.2057142857142857,0.7894736842105263,232.0,31.0
2020-11-01,0.0,-0.08333333333333333,0.22142857142857142,0.6875,191.0,48.0
2020-11-02,-0.08056872037914692,-0.06,0.27672955974842767,0.6,211.0,50.0
2020-11-03,-0.047619047619047616,-0.08823529411764706,0.27972027972027974,0.8604651162790697,210.0,68.0
2020-11-04,-0.04591836734693878,0.0,0.15894039735099338,0.75,196.0,8.0
2020-11-05,-0.023809523809523808,0.0,0.11707317073170732,0.85,252.0,40.0
2020-11-06,-0.03070175438596491,-0.03636363636363636,0.14814814814814814,0.8,228.0,55.0
2020-11-07,-0.022988505747126436,-0.047619047619047616,0.1497584541062802,0.8275862068965517,261.0,42.0
2020-11-08,-0.0547945205479452,0.09090909090909091,0.15428571428571428,0.9047619047619048,219.0,33.0
2020-11-09,-0.0625,-0.047619047619047616,0.22527472527472528,0.6071428571428571,240.0,63.0
2020-11-10,0.0,0.0,0.2606060606060606,0.68,214.0,35.0
2020-11-11,0.014492753623188406,-0.025,0.2125,0.7878787878787878,207.0,40.0
2020-11-12,-0.07116104868913857,-0.04807692307692308,0.24154589371980675,0.9107142857142857,267.0,104.0
2020-11-13,-0.025362318840579712,-0.02857142857142857,0.21929824561403508,0.8444444444444444,276.0,70.0
2020-11-14,-0.013574660633484163,0.02040816326530612,0.21428571428571427,0.7948717948717948,221.0,49.0
2020-11-15,-0.03333333333333333,-0.05357142857142857,0.3333333333333333,0.9230769230769231,210.0,56.0
2020-11-16,-0.04411764705882353,-0.012195121951219513,0.1598173515981735,0.9298245614035088,272.0,82.0
2020-11-17,-0.012345679012345678,0.0,0.13471502590673576,0.6818181818181818,243.0,40.0
2020-11-18,-0.03546099290780142,-0.17073170731707318,0.15492957746478872,0.6341463414634146,282.0,82.0
2020-11-19,-0.048,-0.12,0.2127659574468085,0.75,250.0,50.0
2020-11-20,-0.024691358024691357,0.028985507246376812,0.23857868020304568,0.9523809523809523,243.0,69.0
2020-11-21,-0.03272727272727273,-0.10714285714285714,0.24545454545454545,0.7878787878787878,275.0,56.0
2020-11-22,-0.03435114503816794,0.03225806451612903,0.2534562211981567,0.5714285714285714,262.0,31.0
2020-11-23,-0.03225806451612903,-0.05263157894736842,0.25252525252525254,0.6551724137931034,248.0,38.0
2020-11-24,-0.0078125,-0.046632124352331605,0.20476190476190476,0.8686131386861314,256.0,193.0
2020-11-25,-0.049107142857142856,-0.008695652173913044,0.20348837209302326,0.8208955223880597,224.0,115.0
2020-11-26,-0.05384615384615385,-0.056338028169014086,0.10328638497652583,0.9047619047619048,260.0,71.0
2020-11-27,-0.0752212389380531,-0.0375,0.24691358024691357,0.64,226.0,80.0
2020-11-28,-0.013953488372093023,-0.015151515151515152,0.21084337349397592,0.6923076923076923,215.0,66.0
2020-11-29,0.00392156862745098,-0.02564102564102564,0.193717277486911,0.8461538461538461,255.0,39.0
2020-11-30,0.0,-0.017543859649122806,0.1493212669683258,0.6944444444444444,275.0,57.0
2020-12-01,-0.020242914979757085,-0.1,0.2107843137254902,0.835820895522388,247.0,100.0
2020-12-02,-0.024896265560165973,-0.010752688172043012,0.22872340425531915,0.8571428571428571,241.0,93.0
2020-12-03,-0.018604651162790697,-0.01818181818181818,0.20496894409937888,0.8085106382978723,215.0,55.0
2020-12-04,-0.026923076923076925,-0.0136986301369863,0.30612244897959184,0.7555555555555555,260.0,73.0
2020-12-05,-0.046153846153846156,-0.06756756756756757,0.23039215686274508,0.86,260.0,74.0
2020-12-06,-0.07377049180327869,-0.0273972602739726,0.36363636363636365,0.7222222222222222,244.0,73.0
2020-12-07,-0.08372093023255814,0.0,0.3468208092485549,0.8235294117647058,215.0,55.0
2020-12-08,-0.07171314741035857,0.02040816326530612,0.23118279569892472,0.8,251.0,49.0
2020-12-09,-0.03056768558951965,-0.052083333333333336,0.2727272727272727,0.8604651162790697,229.0,96.0
2020-12-10,-0.046511627906976744,-0.07865168539325842,0.33532934131736525,0.803921568627451,215.0,89.0
2020-12-11,-0.05309734513274336,0.019230769230769232,0.25443786982248523,0.9090909090909091,226.0,52.0
2020-12-12,-0.07555555555555556,-0.14285714285714285,0.3333333333333333,0.7954545454545454,225.0,63.0
2020-12-13,-0.02734375,-0.10416666666666667,0.25252525252525254,0.7272727272727273,256.0,48.0
2020-12-14,-0.0660377358490566,-0.045454545454545456,0.1951219512195122,0.7777777777777778,212.0,66.0
2020-12-15,-0.024096385542168676,-0.04838709677419355,0.23076923076923078,0.7666666666666667,249.0,62.0
2020-12-16,-0.046511627906976744,-0.037383177570093455,0.1650943396226415,0.8947368421052632,258.0,107.0
2020-12-17,-0.05622489959839357,-0.06172839506172839,0.12,0.9553571428571429,249.0,162.0
2020-12-18,-0.051094890510948905,-0.07042253521126761,0.21634615384615385,0.8478260869565217,274.0,71.0
2020-12-19,-0.0273972602739726,0.0,0.21739130434782608,0.6111111111111112,292.0,30.0
2020-12-20,-0.007380073800738007,-0.0684931506849315,0.2,0.7659574468085106,271.0,73.0
2020-12-21,-0.05454545454545454,-0.04081632653061224,0.15976331360946747,0.8333333333333334,220.0,49.0
2020-12-22,-0.08490566037735849,0.029411764705882353,0.3785310734463277,0.5925925925925926,212.0,34.0
2020-12-23,-0.06037735849056604,-0.045454545454545456,0.4336283185840708,0.8620689655172413,265.0,44.0
2020-12-24,-0.05263157894736842,-0.09615384615384616,0.31313131313131315,0.6153846153846154,247.0,52.0
2020-12-25,-0.02702702702702703,-0.08888888888888889,0.2975609756097561,0.7272727272727273,259.0,45.0
2020-12-26,-0.050335570469798654,-0.08490566037735849,0.20784313725490197,0.8307692307692308,298.0,106.0
2020-12-27,-0.05084745762711865,-0.04716981132075472,0.18846153846153846,0.7702702702702703,295.0,106.0
2020-12-28,-0.046875,-0.02654867256637168,0.24774774774774774,0.8589743589743589,256.0,113.0
2020-12-29,-0.02390438247011952,-0.0392156862745098,0.33170731707317075,0.6888888888888889,251.0,51.0
2020-12-30,-0.02857142857142857,-0.03723404255319149,0.21875,0.896,210.0,188.0
2020-12-31,-0.015810276679841896,-0.03932584269662921,0.22815533980582525,0.8085106382978723,253.0,178.0
2021-01-01,-0.02857142857142857,-0.0440251572327044,0.18407960199004975,0.8947368421052632,245.0,159.0
2021-01-02,-0.014134275618374558,0.0,0.17154811715481172,0.84,283.0,76.0
2021-01-03,-0.05166051660516605,-0.05714285714285714,0.20270270270270271,0.7941176470588235,271.0,105.0
2021-01-04,-0.032846715328467155,-0.03636363636363636,0.15450643776824036,0.7702702702702703,274.0,110.0
2021-01-05,-0.0038022813688212928,-0.046511627906976744,0.25471698113207547,0.7391304347826086,263.0,86.0
2021-01-06,-0.028925619834710745,0.0,0.18974358974358974,0.8636363636363636,242.0,109.0
2021-01-07,-0.04067796610169491,-0.08620689655172414,0.1934156378600823,0.8529411764705882,295.0,58.0
2021-01-08,-0.046218487394957986,-0.03431372549019608,0.15591397849462366,0.8613861386138614,238.0,204.0
2021-01-09,-0.03787878787878788,-0.006896551724137931,0.19069767441860466,0.7439024390243902,264.0,145.0
2021-01-10,-0.05454545454545454,-0.05042016806722689,0.12931034482758622,0.7761194029850746,275.0,119.0
2021-01-11,-0.06779661016949153,-0.02577319587628866,0.07171314741035857,0.837037037037037,295.0,194.0
2021-01-12,-0.08363636363636363,0.0,0.21559633027522937,0.7346938775510204,275.0,91.0
2021-01-13,-0.047619047619047616,-0.058823529411764705,0.2315270935960591,0.7446808510638298,252.0,85.0
2021-01-14,-0.058091286307053944,-0.037037037037037035,0.10837438423645321,0.8333333333333334,241.0,81.0
2021-01-15,-0.052434456928838954,0.0,0.19811320754716982,0.8285714285714286,267.0,100.0
2021-01-16,-0.01818181818181818,0.011235955056179775,0.1511111111111111,0.7413793103448276,275.0,89.0
2021-01-17,-0.004132231404958678,-0.08235294117647059,0.17766497461928935,0.5714285714285714,242.0,85.0
2021-01-18,-0.011320754716981131,-0.04807692307692308,0.20952380952380953,0.9166666666666666,265.0,104.0
2021-01-19,0.007575757575757576,0.007575757575757576,0.1735159817351598,0.8823529411764706,264.0,132.0
2021-01-20,-0.06097560975609756,0.0,0.20418848167539266,0.86,246.0,75.0
2021-01-21,-0.05952380952380952,0.0,0.15763546798029557,0.7959183673469388,252.0,93.0
2021-01-22,-0.0821917808219178,-0.007407407407407408,0.1349206349206349,0.875,292.0,135.0
2021-01-23,-0.028225806451612902,0.03125,0.11052631578947368,0.7377049180327869,248.0,96.0
2021-01-24,-0.03734439834024896,-0.09649122807017543,0.15625,0.6567164179104478,241.0,114.0
2021-01-25,-0.09606986899563319,-0.022058823529411766,0.19101123595505617,0.6981132075471698,229.0,136.0
2021-01-26,-0.02459016393442623,-0.045454545454545456,0.23783783783783785,0.7,244.0,44.0
2021-01-27,-0.07346938775510205,-0.016666666666666666,0.1111111111111111,0.7692307692307693,245.0,60.0
2021-01-28,-0.04184100418410042,-0.015873015873015872,0.35148514851485146,0.5714285714285714,239.0,63.0
2021-01-29,-0.02622950819672131,-0.04395604395604396,0.35177865612648224,0.6612903225806451,305.0,91.0
2021-01-30,-0.08171206225680934,-0.058333333333333334,0.3165137614678899,0.7922077922077922,257.0,120.0
2021-01-31,-0.01858736059479554,-0.033707865168539325,0.3305084745762712,0.5161290322580645,269.0,89.0
2021-02-01,-0.03614457831325301,-0.03260869565217391,0.3333333333333333,0.631578947368421,249.0,92.0
2021-02-02,0.0036496350364963502,-0.02531645569620253,0.2191780821917808,0.6808510638297872,274.0,79.0
2021-02-03,-0.017467248908296942,-0.021739130434782608,0.19230769230769232,0.6440677966101694,229.0,92.0
2021-02-04,-0.0234375,-0.05223880597014925,0.2413793103448276,0.6867469879518072,256.0,134.0
2021-02-05,-0.01762114537444934,-0.05223880597014925,0.20218579234972678,0.6582278481012658,227.0,134.0
2021-02-06,-0.038910505836575876,-0.012578616352201259,0.2358490566037736,0.9090909090909091,257.0,159.0
2021-02-07,-0.0375,-0.007936507936507936,0.34328358208955223,0.7349397590361446,240.0,126.0
2021-02-08,-0.02181818181818182,-0.018292682926829267,0.2782608695652174,0.7981651376146789,275.0,164.0
2021-02-09,0.0,-0.026737967914438502,0.17647058823529413,0.8504672897196262,258.0,187.0
2021-02-10,-0.016877637130801686,0.0,0.18461538461538463,0.6764705882352942,237.0,112.0
2021-02-11,-0.004098360655737705,-0.038461538461538464,0.20812182741116753,0.8354430379746836,244.0,130.0
2021-02-12,-0.013043478260869565,-0.037037037037037035,0.22994652406417113,0.8804347826086957,230.0,162.0
2021-02-13,-0.02834008097165992,-0.049019607843137254,0.20192307692307693,0.803921568627451,247.0,102.0
2021-02-14,-0.008,-0.02857142857142857,0.15577889447236182,0.6865671641791045,250.0,105.0
2021-02-15,-0.03076923076923077,-0.012578616352201259,0.1619047619047619,0.75,260.0,159.0
2021-02-16,-0.036885245901639344,-0.09146341463414634,0.14146341463414633,0.7282608695652174,244.0,164.0
2021-02-17,0.003861003861003861,-0.016666666666666666,0.20574162679425836,0.8333333333333334,259.0,240.0
2021-02-18,-0.009216589861751152,-0.05333333333333334,0.1871345029239766,0.8356164383561644,217.0,225.0
2021-02-19,-0.02358490566037736,-0.08695652173913043,0.1590909090909091,0.7425742574257426,212.0,161.0
2021-02-20,0.0,-0.01948051948051948,0.14150943396226415,0.72,267.0,154.0
2021-02-21,-0.05063291139240506,-0.0364963503649635,0.21808510638297873,0.8631578947368421,237.0,137.0
2021-02-22,-0.06329113924050633,-0.035175879396984924,0.14795918367346939,0.8518518518518519,237.0,199.0
2021-02-23,-0.04779411764705882,-0.03225806451612903,0.084070796460177,0.8125,272.0,62.0
2021-02-24,-0.027522935779816515,-0.03333333333333333,0.1696969696969697,0.7833333333333333,218.0,90.0
2021-02-25,-0.05909090909090909,-0.08256880733944955,0.26011560693641617,0.8222222222222222,220.0,109.0
2021-02-26,-0.042735042735042736,-0.0718954248366013,0.15263157894736842,0.75,234.0,153.0
2021-02-27,-0.035856573705179286,-0.07428571428571429,0.14705882352941177,0.7777777777777778,251.0,175.0
2021-02-28,-0.06563706563706563,-0.054901960784313725,0.1689497716894977,0.9285714285714286,259.0,255.0
2021-03-01,-0.03125,-0.03333333333333333,0.17679558011049723,0.8712871287128713,224.0,150.0
2021-03-02,-0.04329004329004329,-0.020202020202020204,0.19662921348314608,0.6307692307692307,231.0,99.0
2021-03-03,-0.021739130434782608,-0.056179775280898875,0.20320855614973263,0.7073170731707317,230.0,178.0
2021-03-04,0.009345794392523364,-0.046296296296296294,0.2155688622754491,0.7681159420289855,214.0,216.0
2021-03-05,-0.04035874439461883,-0.06040268456375839,0.2154696132596685,0.7476635514018691,223.0,149.0
2021-03-06,-0.046610169491525424,-0.02654867256637168,0.18324607329842932,0.7402597402597403,236.0,113.0
2021-03-07,0.0,-0.0798611111111111,0.2535211267605634,0.8851351351351351,255.0,288.0
2021-03-08,-0.046632124352331605,-0.0446927374301676,0.18787878787878787,0.773109243697479,193.0,179.0
2021-03-09,-0.00425531914893617,-0.06372549019607843,0.18,0.743421052631579,235.0,204.0
2021-03-10,-0.03271028037383177,-0.08653846153846154,0.14285714285714285,0.7532467532467533,214.0,104.0
2021-03-11,-0.034934497816593885,0.0,0.18518518518518517,0.7857142857142857,229.0,135.0
2021-03-12,-0.014492753623188406,-0.009900990099009901,0.22767857142857142,0.6962025316455697,276.0,101.0
2021-03-13,-0.0043859649122807015,-0.023809523809523808,0.13471502590673576,0.7647058823529411,228.0,168.0
2021-03-14,-0.06367041198501873,-0.01775147928994083,0.16216216216216217,0.6666666666666666,267.0,169.0
2021-03-15,-0.07727272727272727,-0.06040268456375839,0.16939890710382513,0.8522727272727273,220.0,149.0
2021-03-16,0.0,-0.025806451612903226,0.17435897435897435,0.7634408602150538,234.0,155.0
2021-03-17,-0.04878048780487805,-0.007352941176470588,0.1958762886597938,0.7666666666666667,246.0,136.0
2021-03-18,-0.06132075471698113,-0.05392156862745098,0.22033898305084745,0.7835820895522388,212.0,204.0
2021-03-19,-0.037914691943127965,-0.008695652173913044,0.1864406779661017,0.6436781609195402,211.0,115.0
2021-03-20,-0.04736842105263158,0.00909090909090909,0.18633540372670807,0.8152173913043478,190.0,110.0
2021-03-21,-0.018779342723004695,-0.06666666666666667,0.23756906077348067,0.7464788732394366,213.0,105.0
2021-03-22,-0.01327433628318584,0.0,0.20618556701030927,0.66,226.0,83.0
2021-03-23,-0.0547945205479452,0.03409090909090909,0.2430939226519337,0.75,219.0,88.0
2021-03-24,-0.06986899563318777,-0.11363636363636363,0.20634920634920634,0.8,229.0,88.0
2021-03-25,-0.015037593984962405,-0.04,0.2542372881355932,0.8135593220338984,266.0,100.0
2021-03-26,-0.02262443438914027,0.008547008547008548,0.1912568306010929,0.8241758241758241,221.0,117.0
2021-03-27,-0.028708133971291867,-0.05,0.12352941176470589,0.759493670886076,209.0,120.0
2021-03-28,-0.02857142857142857,-0.031746031746031744,0.2254335260115607,0.8351648351648352,210.0,126.0
2021-03-29,0.0425531914893617,-0.05084745762711865,0.14835164835164835,0.7755102040816326,235.0,59.0
2021-03-30,-0.008968609865470852,-0.0335195530726257,0.1977401129943503,0.6476190476190476,223.0,179.0
2021-03-31,-0.028225806451612902,0.0,0.17733990147783252,0.8108108108108109,248.0,112.0
2021-04-01,-0.035555555555555556,-0.0759493670886076,0.19889502762430938,0.8252427184466019,225.0,158.0
2021-04-02,-0.01702127659574468,-0.03731343283582089,0.13131313131313133,0.6261682242990654,235.0,134.0
2021-04-03,-0.027522935779816515,-0.02857142857142857,0.1746031746031746,0.8450704225352113,218.0,105.0
2021-04-04,-0.012711864406779662,-0.056818181818181816,0.19696969696969696,0.7966101694915254,236.0,88.0
2021-04-05,0.004,-0.03076923076923077,0.21649484536082475,0.8024691358024691,250.0,130.0
2021-04-06,-0.0502092050209205,-0.08130081300813008,0.2,0.8051948051948052,239.0,123.0
2021-04-07,-0.028169014084507043,-0.014388489208633094,0.18232044198895028,0.8596491228070176,213.0,139.0
2021-04-08,0.0,-0.024390243902439025,0.15979381443298968,0.7884615384615384,236.0,82.0
2021-04-09,-0.008695652173913044,-0.1044776119402985,0.16847826086956522,0.6976744186046512,230.0,67.0
2021-04-10,0.0,-0.06666666666666667,0.20634920634920634,0.8148148148148148,241.0,75.0
2021-04-11,-0.05555555555555555,-0.029850746268656716,0.23979591836734693,0.6122448979591837,234.0,67.0
2021-04-12,-0.004310344827586207,-0.07407407407407407,0.20634920634920634,0.6885245901639344,232.0,81.0
2021-04-13,-0.026415094339622643,-0.06896551724137931,0.167420814479638,0.9333333333333333,265.0,87.0
2021-04-14,-0.036734693877551024,0.0,0.22277227722772278,0.6666666666666666,245.0,86.0
2021-04-15,-0.02564102564102564,-0.031496062992125984,0.25477707006369427,0.8541666666666666,195.0,127.0
2021-04-16,-0.06687898089171974,-0.009900990099009901,0.3807829181494662,0.863013698630137,314.0,101.0
2021-04-17,-0.07058823529411765,-0.045454545454545456,0.2702702702702703,0.7857142857142857,255.0,66.0
2021-04-18,-0.08536585365853659,-0.041666666666666664,0.2350230414746544,0.7450980392156863,246.0,72.0
2021-04-19,-0.049586776859504134,-0.011764705882352941,0.26865671641791045,0.7910447761194029,242.0,85.0
2021-04-20,-0.030303030303030304,-0.043478260869565216,0.24752475247524752,0.7636363636363637,231.0,69.0
2021-04-21,0.015,-0.0684931506849315,0.2573099415204678,0.85,200.0,73.0
2021-04-22,-0.0946969696969697,0.05405405405405406,0.16517857142857142,0.7368421052631579,264.0,74.0
2021-04-23,-0.0915032679738562,0.0,0.15625,0.7752808988764045,306.0,106.0
2021-04-24,-0.020242914979757085,0.0125,0.22596153846153846,0.7777777777777778,247.0,80.0
2021-04-25,-0.06572769953051644,-0.02666666666666667,0.15,0.8846153846153846,213.0,75.0
2021-04-26,-0.053497942386831275,0.0,0.14948453608247422,0.9130434782608695,243.0,123.0
2021-04-27,-0.039647577092511016,0.0273972602739726,0.1218274111675127,0.6458333333333334,227.0,73.0
2021-04-28,-0.043137254901960784,0.02040816326530612,0.18518518518518517,0.6904761904761905,255.0,49.0
2021-04-29,-0.04897959183673469,-0.03333333333333333,0.16080402010050251,0.8611111111111112,245.0,90.0
2021-04-30,-0.02834008097165992,-0.03896103896103896,0.18137254901960784,0.6666666666666666,247.0,77.0
2021-05-01,-0.018691588785046728,-0.034482758620689655,0.2,0.676923076923077,214.0,87.0
2021-05-02,-0.057692307692307696,0.028846153846153848,0.2681564245810056,0.7894736842105263,208.0,104.0
2021-05-03,-0.02681992337164751,0.0,0.1688888888888889,0.8181818181818182,261.0,97.0
2021-05-04,-0.041353383458646614,-0.040983606557377046,0.22608695652173913,0.825,266.0,122.0
2021-05-05,-0.020477815699658702,-0.037037037037037035,0.2975206611570248,0.7686567164179104,293.0,162.0
2021-05-06,-0.03076923076923077,-0.008928571428571428,0.2264957264957265,0.810126582278481,260.0,112.0
2021-05-07,-0.04332129963898917,-0.02040816326530612,0.2697095435684647,0.8333333333333334,277.0,98.0
2021-05-08,-0.04225352112676056,0.03488372093023256,0.3127413127413127,0.7714285714285715,284.0,86.0
2021-05-09,-0.03375527426160337,-0.010526315789473684,0.2561576354679803,0.7205882352941176,237.0,95.0
2021-05-10,-0.04844290657439446,-0.030303030303030304,0.25384615384615383,0.851063829787234,289.0,132.0
2021-05-11,-0.038461538461538464,-0.08130081300813008,0.2955665024630542,0.7848101265822784,234.0,123.0
2021-05-12,-0.012448132780082987,-0.09722222222222222,0.21608040201005024,0.6285714285714286,241.0,72.0
2021-05-13,-0.09243697478991597,-0.053763440860215055,0.19337016574585636,0.7678571428571429,238.0,93.0
2021-05-14,-0.06437768240343347,-0.037037037037037035,0.1925133689839572,0.5846153846153846,233.0,108.0
2021-05-15,-0.01937984496124031,-0.058823529411764705,0.19248826291079812,0.6666666666666666,258.0,68.0
2021-05-16,-0.05416666666666667,0.0,0.16393442622950818,0.8089887640449438,240.0,130.0
2021-05-17,-0.0880281690140845,0.012048192771084338,0.15450643776824036,0.8333333333333334,284.0,83.0
2021-05-18,-0.04868913857677903,-0.020618556701030927,0.17316017316017315,0.6714285714285714,267.0,97.0
2021-05-19,-0.12612612612612611,0.0,0.09782608695652174,0.8120805369127517,333.0,226.0
2021-05-20,-0.026217228464419477,-0.09004739336492891,0.14027149321266968,0.8444444444444444,267.0,211.0
2021-05-21,-0.04564315352697095,-0.005847953216374269,0.1407766990291262,0.8823529411764706,241.0,171.0
2021-05-22,-0.030434782608695653,-0.038461538461538464,0.14948453608247422,0.7894736842105263,230.0,78.0
2021-05-23,-0.12121212121212122,-0.041379310344827586,0.12173913043478261,0.7931034482758621,264.0,145.0
2021-05-24,-0.04744525547445255,-0.046296296296296294,0.16017316017316016,0.7721518987341772,274.0,108.0
2021-05-25,-0.08296943231441048,-0.022900763358778626,0.21164021164021163,0.7976190476190477,229.0,131.0
2021-05-26,-0.020242914979757085,-0.035398230088495575,0.20304568527918782,0.7407407407407407,247.0,113.0
2021-05-27,-0.05752212389380531,-0.04195804195804196,0.14917127071823205,0.7383177570093458,226.0,143.0
2021-05-28,-0.09956709956709957,-0.03278688524590164,0.15736040609137056,0.7840909090909091,231.0,122.0
2021-05-29,-0.06227106227106227,0.0078125,0.15,0.7524752475247525,273.0,128.0
2021-05-30,-0.09504132231404959,0.0,0.1796116504854369,0.8297872340425532,242.0,67.0
2021-05-31,-0.05357142857142857,0.0,0.19230769230769232,0.7037037037037037,224.0,83.0
2021-06-01,-0.0365296803652968,0.02127659574468085,0.18181818181818182,0.8636363636363636,219.0,94.0
2021-06-02,-0.064,-0.030303030303030304,0.22279792746113988,0.7866666666666666,250.0,99.0
2021-06-03,-0.03982300884955752,0.0,0.18478260869565216,0.7301587301587301,226.0,79.0
2021-06-04,-0.075,-0.031914893617021274,0.24444444444444444,0.8082191780821918,240.0,94.0
2021-06-05,-0.023809523809523808,0.009615384615384616,0.1696969696969697,0.8311688311688312,210.0,104.0
2021-06-06,-0.037209302325581395,-0.010309278350515464,0.1864406779661017,0.8125,215.0,97.0
2021-06-07,-0.06701030927835051,-0.014705882352941176,0.16666666666666666,0.782608695652174,194.0,68.0
2021-06-08,-0.056179775280898875,-0.012048192771084338,0.08597285067873303,0.7741935483870968,267.0,83.0
2021-06-09,-0.017543859649122806,0.02197802197802198,0.14835164835164835,0.7285714285714285,228.0,91.0
2021-06-10,-0.022123893805309734,-0.020833333333333332,0.21428571428571427,0.8041237113402062,226.0,144.0
2021-06-11,-0.07024793388429752,-0.07518796992481203,0.205,0.8461538461538461,242.0,133.0
2021-06-12,-0.10256410256410256,-0.036231884057971016,0.20618556701030927,0.8695652173913043,234.0,138.0
2021-06-13,-0.03686635944700461,-0.04807692307692308,0.12352941176470589,0.7222222222222222,217.0,104.0
2021-06-14,-0.10606060606060606,-0.010101010101010102,0.21359223300970873,0.7391304347826086,264.0,99.0
2021-06-15,-0.038461538461538464,-0.05555555555555555,0.20918367346938777,0.7023809523809523,234.0,126.0
2021-06-16,-0.025210084033613446,-0.025974025974025976,0.22631578947368422,0.6126126126126126,238.0,154.0
2021-06-17,-0.07772020725388601,-0.05928853754940711,0.16455696202531644,0.6223776223776224,193.0,253.0
2021-06-18,-0.04411764705882353,-0.052941176470588235,0.1488095238095238,0.7592592592592593,204.0,170.0
2021-06-19,-0.06222222222222222,-0.056910569105691054,0.17647058823529413,0.8518518518518519,225.0,123.0
2021-06-20,-0.03225806451612903,-0.014598540145985401,0.16901408450704225,0.7073170731707317,248.0,137.0
2021-06-21,-0.10989010989010989,-0.018018018018018018,0.13004484304932734,0.8166666666666667,273.0,111.0
2021-06-22,-0.10583941605839416,0.0,0.1016949152542373,0.7272727272727273,274.0,97.0
2021-06-23,-0.03225806451612903,0.030927835051546393,0.13966480446927373,0.7837837837837838,217.0,97.0
2021-06-24,-0.07027027027027027,-0.03496503496503497,0.17687074829931973,0.7160493827160493,185.0,143.0
2021-06-25,-0.07589285714285714,-0.006329113924050633,0.19047619047619047,0.6707317073170732,224.0,158.0
2021-06-26,-0.031914893617021274,-0.04,0.14285714285714285,0.7640449438202247,282.0,125.0
2021-06-27,-0.06278026905829596,-0.00819672131147541,0.13966480446927373,0.6708860759493671,223.0,122.0
2021-06-28,-0.05263157894736842,-0.05309734513274336,0.13548387096774195,0.75,190.0,113.0
2021-06-29,-0.042735042735042736,-0.03759398496240601,0.1794871794871795,0.8155339805825242,234.0,133.0
2021-06-30,-0.0881057268722467,-0.06862745098039216,0.12834224598930483,0.7671232876712328,227.0,102.0
2021-07-01,-0.10204081632653061,-0.03546099290780142,0.16447368421052633,0.67,196.0,141.0
2021-07-02,-0.052083333333333336,-0.031007751937984496,0.16901408450704225,0.7821782178217822,192.0,129.0
2021-07-03,-0.06635071090047394,0.0,0.20930232558139536,0.8,211.0,89.0
2021-07-04,-0.03902439024390244,0.018518518518518517,0.21764705882352942,0.6666666666666666,205.0,108.0
2021-07-05,-0.024875621890547265,0.0,0.19298245614035087,0.8372093023255814,201.0,96.0
2021-07-06,-0.018779342723004695,-0.008620689655172414,0.19672131147540983,0.7846153846153846,213.0,116.0
2021-07-07,-0.05113636363636364,-0.017241379310344827,0.2789115646258503,0.759493670886076,176.0,116.0
2021-07-08,-0.07476635514018691,-0.08849557522123894,0.192090395480226,0.717948717948718,214.0,113.0
2021-07-09,-0.09900990099009901,-0.031914893617021274,0.22839506172839505,0.8392857142857143,202.0,94.0
2021-07-10,-0.06018518518518518,-0.01020408163265306,0.24858757062146894,0.7424242424242424,216.0,98.0
2021-07-11,-0.05263157894736842,-0.054945054945054944,0.1437908496732026,0.8115942028985508,190.0,91.0
2021-07-12,0.004651162790697674,-0.043478260869565216,0.17307692307692307,0.7301587301587301,215.0,115.0
2021-07-13,-0.0990990990990991,-0.058333333333333334,0.1945945945945946,0.8070175438596491,222.0,120.0
2021-07-14,-0.05803571428571429,-0.01680672268907563,0.2265193370165746,0.7567567567567568,224.0,119.0
2021-07-15,-0.07317073170731707,-0.05714285714285714,0.15819209039548024,0.7872340425531915,205.0,70.0
2021-07-16,-0.0648854961832061,-0.022556390977443608,0.20179372197309417,0.7471264367816092,262.0,133.0
2021-07-17,-0.06103286384976526,-0.037037037037037035,0.14619883040935672,0.6914893617021277,213.0,162.0
2021-07-18,-0.014925373134328358,-0.012903225806451613,0.16049382716049382,0.7211538461538461,201.0,155.0
2021-07-19,-0.11297071129707113,-0.022556390977443608,0.2146341463414634,0.647887323943662,239.0,133.0
2021-07-20,-0.08421052631578947,0.0,0.05714285714285714,0.6296296296296297,285.0,139.0
2021-07-21,-0.05194805194805195,-0.06060606060606061,0.1827956989247312,0.6875,231.0,66.0
2021-07-22,-0.028708133971291867,0.00909090909090909,0.17613636363636365,0.7466666666666667,209.0,110.0
2021-07-23,-0.05641025641025641,-0.05154639175257732,0.11695906432748537,0.6666666666666666,195.0,97.0
2021-07-24,-0.027906976744186046,0.03333333333333333,0.12568306010928962,0.7681159420289855,215.0,90.0
2021-07-25,-0.05785123966942149,0.009900990099009901,0.12244897959183673,0.8987341772151899,242.0,101.0
2021-07-26,-0.07086614173228346,0.01904761904761905,0.13274336283185842,0.7534246575342466,254.0,105.0
2021-07-27,-0.005050505050505051,-0.04242424242424243,0.0963855421686747,0.7403846153846154,198.0,165.0
2021-07-28,-0.0136986301369863,-0.044642857142857144,0.15789473684210525,0.7619047619047619,219.0,112.0
2021-07-29,0.0,-0.032,0.14754098360655737,0.7669902912621359,211.0,125.0
2021-07-30,0.01818181818181818,-0.02564102564102564,0.17647058823529413,0.7741935483870968,220.0,78.0
2021-07-31,0.008032128514056224,-0.053763440860215055,0.09852216748768473,0.8235294117647058,249.0,93.0
2021-08-01,-0.018433179723502304,-0.06060606060606061,0.11827956989247312,0.7959183673469388,217.0,66.0
2021-08-02,0.015544041450777202,-0.0375,0.14906832298136646,0.7254901960784313,193.0,80.0
2021-08-03,0.0,0.0380952380952381,0.18421052631578946,0.7346938775510204,180.0,105.0
2021-08-04,-0.0446927374301676,0.012711864406779662,0.18120805369127516,0.7647058823529411,179.0,236.0
2021-08-05,0.009009009009009009,-0.06134969325153374,0.13227513227513227,0.6571428571428571,222.0,163.0
2021-08-06,-0.051643192488262914,-0.028409090909090908,0.14917127071823205,0.6440677966101694,213.0,176.0
2021-08-07,-0.013215859030837005,-0.009259259259259259,0.12755102040816327,0.7808219178082192,227.0,108.0
2021-08-08,-0.06,-0.05806451612903226,0.1206896551724138,0.717391304347826,200.0,155.0
2021-08-09,-0.04040404040404041,-0.1171875,0.1781609195402299,0.7126436781609196,198.0,128.0
2021-08-10,-0.023121387283236993,-0.07207207207207207,0.2,0.6046511627906976,173.0,111.0
2021-08-11,-0.0051813471502590676,-0.029166666666666667,0.16279069767441862,0.6863905325443787,193.0,240.0
2021-08-12,0.020618556701030927,-0.056818181818181816,0.19047619047619047,0.7835820895522388,194.0,176.0
2021-08-13,-0.0273224043715847,-0.07746478873239436,0.1568627450980392,0.6704545454545454,183.0,142.0
2021-08-14,0.0,-0.00625,0.1693121693121693,0.7641509433962265,215.0,160.0
2021-08-15,-0.06018518518518518,-0.0635593220338983,0.15846994535519127,0.7463768115942029,216.0,236.0
2021-08-16,-0.02654867256637168,-0.0375,0.12698412698412698,0.7469879518072289,226.0,160.0
2021-08-17,-0.03980099502487562,0.034482758620689655,0.14124293785310735,0.6785714285714286,201.0,116.0
2021-08-18,-0.021052631578947368,-0.08133971291866028,0.1568627450980392,0.76,190.0,209.0
2021-08-19,0.015706806282722512,-0.04145077720207254,0.13836477987421383,0.7786885245901639,191.0,193.0
2021-08-20,-0.010526315789473684,-0.05291005291005291,0.14556962025316456,0.6428571428571429,190.0,189.0
2021-08-21,-0.07368421052631578,0.0,0.11560693641618497,0.803921568627451,190.0,163.0
2021-08-22,-0.022935779816513763,-0.004098360655737705,0.1326530612244898,0.7950310559006211,218.0,244.0
2021-08-23,-0.02830188679245283,0.0,0.15254237288135594,0.6923076923076923,212.0,155.0
2021-08-24,0.009302325581395349,-0.006756756756756757,0.1404494382022472,0.6555555555555556,215.0,148.0
2021-08-25,0.00423728813559322,0.018518518518518517,0.1658291457286432,0.7023809523809523,236.0,162.0
2021-08-26,-0.0425531914893617,-0.08759124087591241,0.13071895424836602,0.6206896551724138,188.0,137.0
2021-08-27,-0.038834951456310676,0.01020408163265306,0.14942528735632185,0.6111111111111112,206.0,98.0
2021-08-28,-0.038135593220338986,-0.047058823529411764,0.09947643979057591,0.6333333333333333,236.0,85.0
2021-08-29,-0.01327433628318584,-0.007575757575757576,0.11794871794871795,0.8504672897196262,226.0,132.0
2021-08-30,-0.03153153153153153,-0.015384615384615385,0.15343915343915343,0.6862745098039216,222.0,130.0
2021-08-31,-0.029045643153526972,-0.01,0.14146341463414633,0.7777777777777778,241.0,100.0
2021-09-01,0.04040404040404041,-0.061224489795918366,0.14606741573033707,0.6666666666666666,198.0,147.0
2021-09-02,-0.0330188679245283,-0.014285714285714285,0.1534090909090909,0.7373737373737373,212.0,140.0
2021-09-03,-0.005,-0.10569105691056911,0.1839080459770115,0.7252747252747253,200.0,123.0
2021-09-04,-0.01932367149758454,-0.006944444444444444,0.1511627906976744,0.6923076923076923,207.0,144.0
2021-09-05,-0.021834061135371178,-0.0763888888888889,0.18274111675126903,0.6555555555555556,229.0,144.0
2021-09-06,-0.03111111111111111,-0.037383177570093455,0.13714285714285715,0.6097560975609756,225.0,107.0
2021-09-07,-0.0371900826446281,-0.01875,0.1308411214953271,0.7522123893805309,242.0,160.0
2021-09-08,-0.06829268292682927,-0.008695652173913044,0.13609467455621302,0.6804123711340206,205.0,115.0
2021-09-09,0.014354066985645933,-0.006896551724137931,0.1751412429378531,0.6534653465346535,209.0,145.0
2021-09-10,-0.038461538461538464,-0.015384615384615385,0.13450292397660818,0.8068181818181818,208.0,130.0
2021-09-11,-0.00881057268722467,-0.056179775280898875,0.14659685863874344,0.7702702702702703,227.0,89.0
2021-09-12,-0.03271028037383177,-0.025,0.13333333333333333,0.6702127659574468,214.0,120.0
2021-09-13,-0.02066115702479339,-0.022727272727272728,0.20098039215686275,0.8333333333333334,242.0,88.0
2021-09-14,-0.035,-0.0821917808219178,0.1951219512195122,0.6851851851851852,200.0,73.0
2021-09-15,-0.03773584905660377,0.009523809523809525,0.15606936416184972,0.7910447761194029,212.0,105.0
2021-09-16,-0.058577405857740586,-0.031496062992125984,0.23618090452261306,0.5806451612903226,239.0,127.0
2021-09-17,-0.022026431718061675,-0.041666666666666664,0.25510204081632654,0.5431034482758621,227.0,168.0
2021-09-18,0.014563106796116505,-0.017543859649122806,0.15625,0.569620253164557,206.0,114.0
2021-09-19,-0.039473684210526314,-0.05333333333333334,0.20634920634920634,0.6538461538461539,228.0,150.0
2021-09-20,-0.07936507936507936,-0.026785714285714284,0.17674418604651163,0.7526881720430108,252.0,112.0
2021-09-21,-0.07720588235294118,-0.031007751937984496,0.12903225806451613,0.7551020408163265,272.0,129.0
2021-09-22,-0.06172839506172839,-0.043010752688172046,0.22885572139303484,0.6619718309859155,243.0,93.0
2021-09-23,-0.02127659574468085,-0.039473684210526314,0.2613065326633166,0.7704918032786885,235.0,76.0
2021-09-24,-0.029411764705882353,0.0,0.14432989690721648,0.7821782178217822,238.0,126.0
2021-09-25,-0.05327868852459016,-0.046511627906976744,0.17010309278350516,0.8208955223880597,244.0,86.0
2021-09-26,-0.00819672131147541,-0.029850746268656716,0.11794871794871795,0.6867469879518072,244.0,134.0
2021-09-27,-0.008888888888888889,-0.033783783783783786,0.15760869565217392,0.8347826086956521,225.0,148.0
2021-09-28,-0.06437768240343347,-0.03614457831325301,0.17582417582417584,0.7474747474747475,233.0,166.0
2021-09-29,-0.07373271889400922,-0.0954356846473029,0.18823529411764706,0.6693548387096774,217.0,241.0
2021-09-30,-0.05235602094240838,-0.09195402298850575,0.18831168831168832,0.6571428571428571,191.0,174.0
2021-10-01,-0.04310344827586207,-0.025,0.14646464646464646,0.7241379310344828,232.0,120.0
2021-10-02,-0.01935483870967742,-0.03225806451612903,0.15079365079365079,0.6119402985074627,155.0,93.0
2021-10-03,0.013574660633484163,-0.044444444444444446,0.1518324607329843,0.7307692307692307,221.0,135.0
2021-10-04,-0.03056768558951965,-0.03529411764705882,0.22916666666666666,0.696969696969697,229.0,85.0
2021-10-05,0.0,-0.013793103448275862,0.20388349514563106,0.7521367521367521,257.0,145.0
2021-10-06,-0.08203125,-0.017045454545454544,0.20297029702970298,0.7398373983739838,256.0,176.0
2021-10-07,-0.027450980392156862,-0.03723404255319149,0.24413145539906103,0.6942148760330579,255.0,188.0
2021-10-08,-0.0776255707762557,-0.006172839506172839,0.2849162011173184,0.652542372881356,219.0,162.0
2021-10-09,-0.028037383177570093,-0.009174311926605505,0.17318435754189945,0.6307692307692307,214.0,109.0
2021-10-10,-0.01762114537444934,-0.011627906976744186,0.18032786885245902,0.6885245901639344,227.0,86.0
2021-10-11,-0.049586776859504134,0.0,0.20588235294117646,0.673469387755102,242.0,67.0
2021-10-12,-0.047619047619047616,-0.07547169811320754,0.16470588235294117,0.6666666666666666,210.0,53.0
2021-10-13,-0.024390243902439025,-0.0449438202247191,0.24064171122994651,0.5084745762711864,246.0,89.0
2021-10-14,-0.04035874439461883,0.015151515151515152,0.19337016574585636,0.66,223.0,66.0
2021-10-15,-0.01639344262295082,-0.06951871657754011,0.14354066985645933,0.8522727272727273,244.0,187.0
2021-10-16,-0.06620209059233449,-0.031578947368421054,0.15319148936170213,0.8461538461538461,287.0,95.0
2021-10-17,-0.016,-0.04081632653061224,0.1875,0.7244094488188977,250.0,196.0
2021-10-18,-0.022304832713754646,-0.010526315789473684,0.19158878504672897,0.7424242424242424,269.0,95.0
2021-10-19,-0.028112449799196786,-0.044715447154471545,0.2169811320754717,0.8235294117647058,249.0,246.0
2021-10-20,-0.014925373134328358,-0.061855670103092786,0.15384615384615385,0.6810344827586207,268.0,194.0
2021-10-21,-0.0449438202247191,0.007936507936507936,0.11764705882352941,0.6494845360824743,267.0,126.0
2021-10-22,-0.012244897959183673,-0.04743083003952569,0.24615384615384617,0.8688524590163934,245.0,253.0
2021-10-23,-0.05439330543933055,-0.034482758620689655,0.1708542713567839,0.7421875,239.0,174.0
2021-10-24,-0.01486988847583643,-0.024691358024691357,0.25877192982456143,0.7523809523809524,269.0,162.0
2021-10-25,-0.02,-0.028846153846153848,0.2535885167464115,0.6811594202898551,250.0,208.0
2021-10-26,-0.06097560975609756,-0.019736842105263157,0.22535211267605634,0.7450980392156863,246.0,152.0
2021-10-27,-0.04332129963898917,0.015384615384615385,0.32916666666666666,0.7471264367816092,277.0,130.0
2021-10-28,-0.01276595744680851,-0.018518518518518517,0.27586206896551724,0.6567164179104478,235.0,108.0
2021-10-29,-0.03278688524590164,-0.00980392156862745,0.24285714285714285,0.7162162162162162,244.0,102.0
2021-10-30,-0.010830324909747292,-0.03125,0.20675105485232068,0.6933333333333334,277.0,96.0
2021-10-31,-0.05357142857142857,-0.043010752688172046,0.14516129032258066,0.8189655172413793,224.0,186.0
2021-11-01,0.015444015444015444,-0.01015228426395939,0.1735159817351598,0.8206896551724138,259.0,197.0
2021-11-02,-0.01646090534979424,-0.024539877300613498,0.20192307692307693,0.7542372881355932,243.0,163.0
2021-11-03,-0.008264462809917356,0.0,0.13488372093023257,0.6612903225806451,242.0,79.0
2021-11-04,-0.0038910505836575876,-0.05,0.20179372197309417,0.813953488372093,257.0,60.0
2021-11-05,-0.03431372549019608,0.0,0.2303370786516854,0.8333333333333334,204.0,72.0
2021-11-06,-0.00796812749003984,-0.05042016806722689,0.17061611374407584,0.6527777777777778,251.0,119.0
2021-11-07,0.004273504273504274,0.007874015748031496,0.15,0.7741935483870968,234.0,127.0
2021-11-08,0.03914590747330961,-0.008695652173913044,0.13008130081300814,0.7341772151898734,281.0,115.0
2021-11-09,-0.01532567049808429,-0.038461538461538464,0.1318181818181818,0.6847826086956522,261.0,130.0
2021-11-10,-0.05223880597014925,0.011627906976744186,0.13656387665198239,0.7735849056603774,268.0,86.0
2021-11-11,-0.012195121951219513,-0.03731343283582089,0.14485981308411214,0.7422680412371134,246.0,134.0
2021-11-12,-0.016666666666666666,-0.008620689655172414,0.2436548223350254,0.7755102040816326,240.0,116.0
2021-11-13,0.003968253968253968,-0.05,0.205,0.7076923076923077,252.0,100.0
2021-11-14,0.019704433497536946,-0.06622516556291391,0.2469879518072289,0.9230769230769231,203.0,151.0
2021-11-15,-0.012605042016806723,-0.07017543859649122,0.18090452261306533,0.7866666666666666,238.0,114.0
2021-11-16,-0.02608695652173913,-0.02197802197802198,0.1568627450980392,0.8305084745762712,230.0,91.0
2021-11-17,-0.0641025641025641,0.0078125,0.14917127071823205,0.7961165048543689,234.0,128.0
2021-11-18,-0.04980842911877394,-0.0472972972972973,0.14903846153846154,0.8073394495412844,261.0,148.0
2021-11-19,-0.028368794326241134,-0.009174311926605505,0.1572052401746725,0.8292682926829268,282.0,109.0
2021-11-20,-0.03463203463203463,-0.008064516129032258,0.17346938775510204,0.8181818181818182,231.0,124.0
2021-11-21,-0.0514018691588785,-0.0234375,0.2603550295857988,0.65625,214.0,128.0
2021-11-22,-0.045936395759717315,-0.028368794326241134,0.1875,0.7045454545454546,283.0,141.0
2021-11-23,-0.02100840336134454,-0.00641025641025641,0.2074468085106383,0.6526315789473685,238.0,156.0
2021-11-24,-0.036458333333333336,-0.09795918367346938,0.22929936305732485,0.8066666666666666,192.0,245.0
2021-11-25,-0.02564102564102564,0.02666666666666667,0.14507772020725387,0.7107438016528925,234.0,150.0
2021-11-26,-0.047058823529411764,-0.015503875968992248,0.12903225806451613,0.7840909090909091,255.0,129.0
2021-11-27,-0.036,-0.01020408163265306,0.1941747572815534,0.680672268907563,250.0,196.0
2021-11-28,-0.05241935483870968,-0.02631578947368421,0.16748768472906403,0.7794117647058824,248.0,114.0
2021-11-29,-0.037037037037037035,-0.055900621118012424,0.12946428571428573,0.7962962962962963,270.0,161.0
2021-11-30,-0.07142857142857142,-0.02857142857142857,0.2222222222222222,0.6777777777777778,210.0,140.0
2021-12-01,-0.01762114537444934,-0.011904761904761904,0.2608695652173913,0.8571428571428571,227.0,84.0
2021-12-02,-0.04198473282442748,-0.021834061135371178,0.20754716981132076,0.781021897810219,262.0,229.0
2021-12-03,-0.048,-0.04609929078014184,0.19117647058823528,0.8190954773869347,250.0,282.0
2021-12-04,-0.07333333333333333,-0.04234527687296417,0.0873015873015873,0.875,300.0,307.0
2021-12-05,0.0,-0.014545454545454545,0.12149532710280374,0.8154761904761905,256.0,275.0
2021-12-06,-0.07086614173228346,-0.01910828025477707,0.16822429906542055,0.8207547169811321,254.0,157.0
2021-12-07,-0.0205761316872428,-0.054187192118226604,0.17647058823529413,0.6055045871559633,243.0,203.0
2021-12-08,-0.012244897959183673,-0.050955414012738856,0.22549019607843138,0.6666666666666666,245.0,157.0
2021-12-09,-0.08370044052863436,-0.008403361344537815,0.2,0.7708333333333334,227.0,119.0
2021-12-10,-0.056451612903225805,-0.07236842105263158,0.19597989949748743,0.75,248.0,152.0
2021-12-11,-0.059574468085106386,-0.07462686567164178,0.15263157894736842,0.8125,235.0,201.0
2021-12-12,-0.05454545454545454,-0.09090909090909091,0.22797927461139897,0.7065217391304348,220.0,154.0
2021-12-13,-0.05384615384615385,-0.03225806451612903,0.18095238095238095,0.6440677966101694,260.0,93.0
2021-12-14,-0.031578947368421054,-0.057971014492753624,0.175,0.6741573033707865,285.0,138.0
2021-12-15,-0.06097560975609756,-0.06896551724137931,0.1919191919191919,0.7446808510638298,246.0,116.0
2021-12-16,-0.05485232067510549,0.0,0.23118279569892472,0.7659574468085106,237.0,149.0
2021-12-17,-0.05439330543933055,-0.02564102564102564,0.2712765957446808,0.7023809523809523,239.0,117.0
2021-12-18,-0.07264957264957266,-0.08247422680412371,0.20304568527918782,0.7666666666666667,234.0,97.0
2021-12-19,-0.09956709956709957,0.009523809523809525,0.17894736842105263,0.6896551724137931,231.0,105.0
2021-12-20,-0.07053941908713693,-0.04838709677419355,0.18048780487804877,0.725,241.0,62.0
2021-12-21,-0.05714285714285714,-0.030927835051546393,0.21511627906976744,0.7012987012987013,210.0,97.0
2021-12-22,-0.024875621890547265,-0.017391304347826087,0.23270440251572327,0.7647058823529411,201.0,115.0
2021-12-23,-0.03587443946188341,-0.041237113402061855,0.17777777777777778,0.7088607594936709,223.0,97.0
2021-12-24,-0.01646090534979424,-0.009433962264150943,0.1708542713567839,0.6538461538461539,243.0,106.0
2021-12-25,-0.052132701421800945,-0.006993006993006993,0.19760479041916168,0.8061224489795918,211.0,143.0
2021-12-26,-0.051181102362204724,-0.009900990099009901,0.16037735849056603,0.7361111111111112,254.0,101.0
2021-12-27,-0.013392857142857142,-0.030612244897959183,0.2,0.5789473684210527,224.0,98.0
2021-12-28,-0.030837004405286344,-0.06818181818181818,0.17297297297297298,0.5925925925925926,227.0,88.0
2021-12-29,-0.04680851063829787,-0.05785123966942149,0.09947643979057591,0.5797101449275363,235.0,121.0
2021-12-30,-0.09813084112149532,-0.08045977011494253,0.14857142857142858,0.734375,214.0,87.0
2021-12-31,-0.04918032786885246,-0.023076923076923078,0.18627450980392157,0.6229508196721312,244.0,130.0
2022-01-01,-0.056338028169014086,-0.05517241379310345,0.1853932584269663,0.6382978723404256,213.0,145.0
2022-01-02,-0.004484304932735426,-0.02564102564102564,0.1956521739130435,0.725,223.0,117.0
2022-01-03,-0.05138339920948617,-0.006802721088435374,0.21182266009852216,0.7731958762886598,253.0,147.0
2022-01-04,0.0045662100456621,-0.056768558951965066,0.22702702702702704,0.7266187050359713,219.0,229.0
2022-01-05,-0.0695970695970696,-0.0440251572327044,0.17316017316017315,0.8230088495575221,273.0,159.0
2022-01-06,-0.08812260536398467,-0.05660377358490566,0.1506849315068493,0.7232142857142857,261.0,159.0
2022-01-07,-0.0989010989010989,-0.008849557522123894,0.13157894736842105,0.6590909090909091,273.0,113.0
2022-01-08,-0.07692307692307693,-0.033582089552238806,0.15137614678899083,0.8454106280193237,273.0,268.0
2022-01-09,-0.05904059040590406,-0.007692307692307693,0.12442396313364056,0.845360824742268,271.0,130.0
2022-01-10,-0.096,-0.06930693069306931,0.16113744075829384,0.8235294117647058,250.0,101.0
2022-01-11,-0.056451612903225805,-0.01948051948051948,0.11578947368421053,0.6910569105691057,248.0,154.0
2022-01-12,-0.04219409282700422,-0.0234375,0.19047619047619047,0.8315789473684211,237.0,128.0
2022-01-13,-0.035555555555555556,-0.03763440860215054,0.1978021978021978,0.8455284552845529,225.0,186.0
2022-01-14,-0.07228915662650602,-0.015873015873015872,0.25252525252525254,0.7307692307692307,249.0,189.0
2022-01-15,-0.06912442396313365,-0.016,0.19767441860465115,0.654320987654321,217.0,125.0
2022-01-16,-0.014705882352941176,-0.00558659217877095,0.2578616352201258,0.819672131147541,204.0,179.0
2022-01-17,-0.07264957264957266,-0.08139534883720931,0.23684210526315788,0.7605633802816901,234.0,86.0
2022-01-18,-0.08558558558558559,-0.050359712230215826,0.16759776536312848,0.6451612903225806,222.0,139.0
2022-01-19,-0.10150375939849623,0.0,0.17209302325581396,0.8701298701298701,266.0,110.0
2022-01-20,-0.078125,0.01,0.2229299363057325,0.6388888888888888,192.0,100.0
2022-01-21,-0.11182108626198083,0.0,0.11406844106463879,0.6481481481481481,313.0,69.0
2022-01-22,-0.0975609756097561,-0.041916167664670656,0.13309352517985612,0.8174603174603174,328.0,167.0
2022-01-23,-0.09266409266409266,-0.03529411764705882,0.15165876777251186,0.8142857142857143,259.0,85.0
2022-01-24,-0.08571428571428572,-0.043478260869565216,0.1346153846153846,0.7183098591549296,245.0,92.0
2022-01-25,-0.136986301369863,-0.02666666666666667,0.14534883720930233,0.7941176470588235,219.0,150.0
2022-01-26,-0.0625,-0.05670103092783505,0.1368421052631579,0.8426966292134831,240.0,194.0
2022-01-27,-0.1256544502617801,-0.01680672268907563,0.16326530612244897,0.813953488372093,191.0,119.0
2022-01-28,-0.07623318385650224,-0.14912280701754385,0.15846994535519127,0.8625,223.0,114.0
2022-01-29,-0.07377049180327869,-0.02877697841726619,0.1935483870967742,0.6792452830188679,244.0,139.0
2022-01-30,-0.055793991416309016,0.02,0.17486338797814208,0.6428571428571429,233.0,100.0
2022-01-31,-0.06756756756756757,-0.024096385542168676,0.13636363636363635,0.7021276595744681,296.0,83.0
2022-02-01,-0.08368200836820083,-0.03125,0.17582417582417584,0.6909090909090909,239.0,160.0
2022-02-02,-0.12953367875647667,-0.022058823529411766,0.174496644295302,0.7926829268292683,193.0,136.0
2022-02-03,-0.06465517241379311,-0.018018018018018018,0.23195876288659795,0.68,232.0,111.0
2022-02-04,-0.04184100418410042,-0.006944444444444444,0.13725490196078433,0.7009345794392523,239.0,144.0
2022-02-05,-0.0625,-0.05454545454545454,0.14606741573033707,0.7619047619047619,224.0,110.0
2022-02-06,-0.1,-0.024096385542168676,0.2303370786516854,0.8548387096774194,220.0,83.0
2022-02-07,-0.036290322580645164,-0.015384615384615385,0.17412935323383086,0.7714285714285715,248.0,130.0
2022-02-08,-0.06986899563318777,-0.07575757575757576,0.2346368715083799,0.6206896551724138,229.0,132.0
2022-02-09,-0.03015075376884422,-0.047872340425531915,0.19875776397515527,0.6902654867256637,199.0,188.0
2022-02-10,-0.04680851063829787,-0.05263157894736842,0.20105820105820105,0.7446808510638298,235.0,133.0
2022-02-11,-0.05309734513274336,0.017045454545454544,0.1878453038674033,0.6716417910447762,226.0,176.0
2022-02-12,-0.05063291139240506,-0.014705882352941176,0.2094240837696335,0.8089887640449438,237.0,136.0
2022-02-13,0.035897435897435895,-0.026455026455026454,0.2054794520547945,0.7474747474747475,195.0,189.0
2022-02-14,-0.0970873786407767,-0.0273972602739726,0.19463087248322147,0.62,206.0,73.0
2022-02-15,-0.049773755656108594,0.0,0.24855491329479767,0.6527777777777778,221.0,100.0
2022-02-16,-0.07035175879396985,-0.09090909090909091,0.2158273381294964,0.8,199.0,55.0
2022-02-17,-0.12437810945273632,0.01680672268907563,0.2064516129032258,0.75,201.0,119.0
2022-02-18,-0.07526881720430108,-0.03164556962025317,0.19858156028368795,0.580952380952381,186.0,158.0
2022-02-19,-0.08095238095238096,0.015151515151515152,0.22485207100591717,0.7272727272727273,210.0,132.0
2022-02-20,-0.102880658436214,-0.015503875968992248,0.18085106382978725,0.7978723404255319,243.0,129.0
2022-02-21,-0.06722689075630252,-0.05555555555555555,0.22459893048128343,0.6790123456790124,238.0,126.0
2022-02-22,-0.0776255707762557,-0.006329113924050633,0.15789473684210525,0.77,219.0,158.0
2022-02-23,-0.03111111111111111,-0.005263157894736842,0.2011173184357542,0.7480314960629921,225.0,190.0
2022-02-24,-0.08547008547008547,-0.05723905723905724,0.1935483870967742,0.7722222222222223,234.0,297.0
2022-02-25,-0.07262569832402235,-0.051587301587301584,0.145985401459854,0.7337278106508875,179.0,252.0
2022-02-26,-0.05365853658536585,-0.034013605442176874,0.12658227848101267,0.5504587155963303,205.0,147.0
2022-02-27,-0.05181347150259067,-0.07042253521126761,0.21875,0.6145833333333334,193.0,142.0
2022-02-28,-0.058823529411764705,0.026785714285714284,0.23295454545454544,0.5555555555555556,221.0,112.0
2022-03-01,-0.06341463414634146,-0.045871559633027525,0.2222222222222222,0.647887323943662,205.0,109.0
2022-03-02,-0.030120481927710843,-0.01680672268907563,0.168,0.7340425531914894,166.0,119.0
2022-03-03,-0.04918032786885246,-0.04950495049504951,0.22972972972972974,0.8529411764705882,183.0,101.0
2022-03-04,-0.1125,0.0,0.1984126984126984,0.7153284671532847,160.0,185.0
2022-03-05,-0.025974025974025976,-0.023923444976076555,0.19021739130434784,0.6459627329192547,231.0,209.0
2022-03-06,-0.07471264367816093,-0.06074766355140187,0.16556291390728478,0.7535211267605634,174.0,214.0
2022-03-07,-0.0821256038647343,-0.022900763358778626,0.175,0.5459770114942529,207.0,262.0
2022-03-08,-0.08994708994708994,-0.06015037593984962,0.203125,0.675,189.0,266.0
2022-03-09,-0.030456852791878174,-0.09174311926605505,0.15432098765432098,0.5401459854014599,197.0,218.0
2022-03-10,-0.032432432432432434,-0.011428571428571429,0.1794871794871795,0.7288135593220338,185.0,175.0
2022-03-11,-0.07650273224043716,-0.028089887640449437,0.17647058823529413,0.5495495495495496,183.0,178.0
2022-03-12,-0.08823529411764706,-0.08737864077669903,0.24479166666666666,0.6204819277108434,238.0,206.0
2022-03-13,-0.05069124423963134,-0.031746031746031744,0.25139664804469275,0.6904761904761905,217.0,189.0
2022-03-14,-0.040293040293040296,-0.0718562874251497,0.2358490566037736,0.7089552238805971,273.0,167.0
2022-03-15,-0.034334763948497854,-0.03614457831325301,0.22093023255813954,0.6721311475409836,233.0,166.0
2022-03-16,-0.046296296296296294,-0.006993006993006993,0.18404907975460122,0.7619047619047619,216.0,143.0
2022-03-17,-0.07075471698113207,-0.035398230088495575,0.22941176470588234,0.7608695652173914,212.0,113.0
2022-03-18,-0.04712041884816754,-0.028169014084507043,0.1893491124260355,0.6634615384615384,191.0,142.0
2022-03-19,-0.0379746835443038,-0.0423728813559322,0.2608695652173913,0.7159090909090909,237.0,118.0
2022-03-20,-0.0196078431372549,0.0,0.17766497461928935,0.7272727272727273,255.0,83.0
2022-03-21,-0.02666666666666667,-0.04680851063829787,0.19662921348314608,0.6524822695035462,225.0,235.0
2022-03-22,0.0297029702970297,-0.02654867256637168,0.13333333333333333,0.6417910447761194,202.0,113.0
2022-03-23,-0.014354066985645933,-0.019230769230769232,0.2342857142857143,0.6557377049180327,209.0,104.0
2022-03-24,-0.027149321266968326,-0.08943089430894309,0.16756756756756758,0.675,221.0,123.0
2022-03-25,-0.02702702702702703,-0.016260162601626018,0.2786885245901639,0.7283950617283951,222.0,123.0
2022-03-26,-0.06167400881057269,0.015544041450777202,0.24855491329479767,0.8333333333333334,227.0,193.0
2022-03-27,-0.04608294930875576,0.0,0.1878453038674033,0.75,217.0,71.0
2022-03-28,-0.05263157894736842,-0.015873015873015872,0.14414414414414414,0.6410256410256411,247.0,63.0
2022-03-29,0.006097560975609756,-0.00558659217877095,0.1746031746031746,0.711864406779661,164.0,179.0
2022-03-30,-0.041474654377880185,-0.031746031746031744,0.2303370786516854,0.5533980582524272,217.0,126.0
2022-03-31,-0.06880733944954129,-0.012048192771084338,0.21637426900584794,0.7322834645669292,218.0,166.0
2022-04-01,-0.06060606060606061,-0.06349206349206349,0.2721518987341772,0.7702702702702703,198.0,126.0
2022-04-02,-0.08133971291866028,-0.039603960396039604,0.24691358024691357,0.6764705882352942,209.0,101.0
2022-04-03,-0.004524886877828055,0.006896551724137931,0.23204419889502761,0.6547619047619048,221.0,145.0
2022-04-04,-0.07407407407407407,-0.04487179487179487,0.1656441717791411,0.6363636363636364,216.0,156.0
2022-04-05,-0.03508771929824561,-0.016260162601626018,0.21468926553672316,0.6190476190476191,228.0,123.0
2022-04-06,-0.08181818181818182,-0.02142857142857143,0.22941176470588234,0.8018867924528302,220.0,140.0
2022-04-07,-0.06220095693779904,-0.024793388429752067,0.13253012048192772,0.6206896551724138,209.0,121.0
2022-04-08,-0.07851239669421488,-0.05785123966942149,0.17679558011049723,0.7934782608695652,242.0,121.0
2022-04-09,-0.02843601895734597,-0.01834862385321101,0.2289156626506024,0.8433734939759037,211.0,109.0
2022-04-10,-0.06787330316742081,-0.02531645569620253,0.22033898305084745,0.7909090909090909,221.0,158.0
2022-04-11,-0.10300429184549356,-0.015384615384615385,0.17032967032967034,0.6185567010309279,233.0,130.0
2022-04-12,-0.07531380753138076,-0.031007751937984496,0.24468085106382978,0.7471264367816092,239.0,129.0
2022-04-13,-0.07017543859649122,-0.020689655172413793,0.17204301075268819,0.6470588235294118,228.0,145.0
2022-04-14,-0.06140350877192982,-0.01680672268907563,0.2393617021276596,0.8028169014084507,228.0,119.0
2022-04-15,-0.03571428571428571,0.011363636363636364,0.19607843137254902,0.8285714285714286,196.0,88.0
2022-04-16,-0.0784313725490196,-0.028169014084507043,0.2064516129032258,0.7678571428571429,204.0,71.0
2022-04-17,-0.030434782608695653,-0.01639344262295082,0.2032967032967033,0.782608695652174,230.0,122.0
2022-04-18,-0.08530805687203792,-0.04201680672268908,0.16149068322981366,0.7037037037037037,211.0,119.0
2022-04-19,-0.009478672985781991,-0.016666666666666666,0.22641509433962265,0.631578947368421,211.0,120.0
2022-04-20,-0.0794979079497908,0.0,0.2696629213483146,0.7945205479452054,239.0,95.0
2022-04-21,-0.11764705882352941,-0.027777777777777776,0.23728813559322035,0.7341772151898734,221.0,108.0
2022-04-22,-0.04680851063829787,-0.019417475728155338,0.21637426900584794,0.7534246575342466,235.0,103.0
2022-04-23,-0.07224334600760456,0.0078125,0.22164948453608246,0.7362637362637363,263.0,128.0
2022-04-24,-0.07729468599033816,-0.02666666666666667,0.23668639053254437,0.8148148148148148,207.0,75.0
2022-04-25,-0.09747292418772563,-0.031914893617021274,0.2328767123287671,0.7532467532467533,277.0,94.0
2022-04-26,-0.08482142857142858,-0.01910828025477707,0.23255813953488372,0.7272727272727273,224.0,157.0
2022-04-27,-0.07539682539682539,-0.008,0.25,0.6704545454545454,252.0,125.0
2022-04-28,-0.027522935779816515,-0.05102040816326531,0.23076923076923078,0.559322033898305,218.0,98.0
2022-04-29,-0.08450704225352113,-0.017857142857142856,0.17857142857142858,0.7375,213.0,112.0
2022-04-30,-0.11715481171548117,-0.08588957055214724,0.20670391061452514,0.6893203883495146,239.0,163.0
2022-05-01,-0.11428571428571428,-0.02586206896551724,0.13861386138613863,0.6847826086956522,245.0,116.0
2022-05-02,-0.09053497942386832,-0.07142857142857142,0.1751412429378531,0.6909090909090909,243.0,84.0
2022-05-03,-0.034482758620689655,-0.054474708171206226,0.17486338797814208,0.8579545454545454,232.0,257.0
2022-05-04,-0.04390243902439024,-0.0658682634730539,0.2077922077922078,0.7716535433070866,205.0,167.0
2022-05-05,-0.076,0.020618556701030927,0.20408163265306123,0.7246376811594203,250.0,97.0
2022-05-06,-0.0875,0.011764705882352941,0.11848341232227488,0.8125,240.0,170.0
2022-05-07,-0.06716417910447761,-0.0055248618784530384,0.12719298245614036,0.7403846153846154,268.0,181.0
2022-05-08,-0.07003891050583658,-0.01935483870967742,0.12442396313364056,0.7294117647058823,257.0,155.0
2022-05-09,-0.10610932475884244,0.0,0.11152416356877323,0.7790697674418605,311.0,136.0
2022-05-10,-0.1048951048951049,-0.005649717514124294,0.2096069868995633,0.7528089887640449,286.0,177.0
2022-05-11,-0.1407942238267148,-0.0449438202247191,0.19913419913419914,0.5660377358490566,277.0,89.0
2022-05-12,-0.11929824561403508,0.0,0.226890756302521,0.7525773195876289,285.0,139.0
2022-05-13,-0.08178438661710037,-0.014285714285714285,0.16113744075829384,0.6363636363636364,269.0,140.0
2022-05-14,-0.06569343065693431,-0.06896551724137931,0.21363636363636362,0.7254901960784313,274.0,174.0
2022-05-15,-0.08812260536398467,-0.029239766081871343,0.2850467289719626,0.559322033898305,261.0,171.0
2022-05-16,-0.05652173913043478,-0.009615384615384616,0.3259668508287293,0.6029411764705882,230.0,104.0
2022-05-17,-0.08015267175572519,-0.031007751937984496,0.23255813953488372,0.6436781609195402,262.0,129.0
2022-05-18,-0.07326007326007326,-0.12,0.24034334763948498,0.7428571428571429,273.0,100.0
2022-05-19,-0.07563025210084033,-0.0660377358490566,0.26595744680851063,0.6363636363636364,238.0,106.0
2022-05-20,-0.06299212598425197,-0.06293706293706294,0.25906735751295334,0.875,254.0,143.0
2022-05-21,-0.06870229007633588,-0.06040268456375839,0.2736318407960199,0.7802197802197802,262.0,149.0
2022-05-22,-0.09293680297397769,-0.023529411764705882,0.2079207920792079,0.782608695652174,269.0,85.0
2022-05-23,-0.08333333333333333,0.014285714285714285,0.1941747572815534,0.6842105263157895,264.0,70.0
2022-05-24,-0.03643724696356275,0.0,0.21717171717171718,0.7454545454545455,247.0,151.0
2022-05-25,-0.04059040590405904,0.03529411764705882,0.22935779816513763,0.6122448979591837,271.0,85.0
2022-05-26,-0.0830188679245283,-0.07407407407407407,0.17857142857142858,0.6704545454545454,265.0,108.0
2022-05-27,-0.0635593220338983,0.037037037037037035,0.1958762886597938,0.65625,236.0,81.0
2022-05-28,-0.058823529411764705,0.010752688172043012,0.2596685082872928,0.609375,238.0,93.0
2022-05-29,-0.1111111111111111,-0.07563025210084033,0.31952662721893493,0.6585365853658537,216.0,119.0
2022-05-30,-0.028225806451612902,-0.043478260869565216,0.2097560975609756,0.7346938775510204,248.0,69.0
2022-05-31,-0.04583333333333333,-0.09210526315789473,0.2708333333333333,0.6545454545454545,240.0,76.0
2022-06-01,-0.0749063670411985,-0.009900990099009901,0.24324324324324326,0.6352941176470588,267.0,101.0
2022-06-02,-0.05668016194331984,-0.06626506024096386,0.22488038277511962,0.6736842105263158,247.0,166.0
2022-06-03,-0.11538461538461539,0.015503875968992248,0.3045977011494253,0.7578947368421053,208.0,129.0
2022-06-04,-0.08016877637130802,-0.0410958904109589,0.2346368715083799,0.76,237.0,73.0
2022-06-05,-0.13043478260869565,-0.028169014084507043,0.24193548387096775,0.7692307692307693,230.0,71.0
2022-06-06,-0.03968253968253968,0.045454545454545456,0.23671497584541062,0.7872340425531915,252.0,66.0
2022-06-07,-0.0502092050209205,-0.06956521739130435,0.14795918367346939,0.7027027027027027,239.0,115.0
2022-06-08,-0.06787330316742081,-0.011627906976744186,0.23863636363636365,0.5833333333333334,221.0,86.0
2022-06-09,-0.10638297872340426,-0.022900763358778626,0.28187919463087246,0.6138613861386139,188.0,131.0
2022-06-10,-0.02564102564102564,-0.0425531914893617,0.24731182795698925,0.6666666666666666,234.0,94.0
2022-06-11,-0.13523131672597866,-0.08547008547008547,0.1906779661016949,0.6935483870967742,281.0,117.0
2022-06-12,-0.11242603550295859,-0.06796116504854369,0.16104868913857678,0.7972972972972973,338.0,103.0
2022-06-13,-0.11003236245954692,-0.10204081632653061,0.13545816733067728,0.7380952380952381,309.0,147.0
2022-06-14,-0.11641791044776119,-0.12280701754385964,0.12727272727272726,0.6619718309859155,335.0,114.0
2022-06-15,-0.14426229508196722,-0.08866995073891626,0.20912547528517111,0.7664233576642335,305.0,203.0
2022-06-16,-0.08561643835616438,-0.05142857142857143,0.23628691983122363,0.6842105263157895,292.0,175.0
2022-06-17,-0.08045977011494253,-0.022988505747126436,0.19369369369369369,0.7078651685393258,261.0,174.0
2022-06-18,-0.12,-0.008771929824561403,0.11627906976744186,0.7241379310344828,325.0,114.0
2022-06-19,-0.08561643835616438,-0.006802721088435374,0.22083333333333333,0.7768595041322314,292.0,147.0
2022-06-20,-0.07446808510638298,0.0,0.2645739910313901,0.8247422680412371,282.0,146.0
2022-06-21,-0.043478260869565216,0.0064516129032258064,0.2864864864864865,0.7070707070707071,230.0,155.0
2022-06-22,-0.07279693486590039,-0.05,0.18627450980392157,0.6296296296296297,261.0,120.0
2022-06-23,-0.08366533864541832,-0.042735042735042736,0.296875,0.6842105263157895,251.0,117.0
2022-06-24,-0.056338028169014086,-0.024390243902439025,0.24260355029585798,0.7875,213.0,123.0
2022-06-25,-0.045454545454545456,-0.019417475728155338,0.25443786982248523,0.6081081081081081,220.0,103.0
2022-06-26,-0.01702127659574468,-0.031446540880503145,0.23295454545454544,0.616822429906542,235.0,159.0
2022-06-27,-0.12446351931330472,-0.013888888888888888,0.22560975609756098,0.6666666666666666,233.0,144.0
2022-06-28,-0.02109704641350211,-0.030120481927710843,0.2222222222222222,0.828125,237.0,166.0
2022-06-29,-0.08778625954198473,-0.033707865168539325,0.3302325581395349,0.7384615384615385,262.0,89.0
2022-06-30,-0.13157894736842105,-0.02564102564102564,0.2698412698412698,0.6974789915966386,228.0,156.0
2022-07-01,-0.1037344398340249,0.0,0.19289340101522842,0.7,241.0,88.0
2022-07-02,-0.1004566210045662,0.01282051282051282,0.2331288343558282,0.75,219.0,78.0
2022-07-03,-0.13551401869158877,0.028985507246376812,0.23636363636363636,0.784,214.0,138.0
2022-07-04,-0.08502024291497975,-0.021739130434782608,0.23497267759562843,0.8428571428571429,247.0,92.0
2022-07-05,-0.1141552511415525,-0.041666666666666664,0.23728813559322035,0.7073170731707317,219.0,120.0
2022-07-06,-0.09090909090909091,-0.035211267605633804,0.23783783783783785,0.7129629629629629,231.0,142.0
2022-07-07,-0.05726872246696035,-0.08542713567839195,0.20441988950276244,0.5419847328244275,227.0,199.0
2022-07-08,-0.08571428571428572,0.028846153846153848,0.21875,0.7317073170731707,210.0,104.0
2022-07-09,-0.06637168141592921,0.017543859649122806,0.21893491124260356,0.711340206185567,226.0,114.0
2022-07-10,-0.09051724137931035,-0.017094017094017096,0.24293785310734464,0.5882352941176471,232.0,117.0
2022-07-11,-0.0811965811965812,-0.1,0.25668449197860965,0.7163120567375887,234.0,300.0
2022-07-12,-0.06837606837606838,-0.07657657657657657,0.31382978723404253,0.7664233576642335,234.0,222.0
2022-07-13,-0.09352517985611511,-0.050955414012738856,0.3333333333333333,0.7378640776699029,278.0,157.0
2022-07-14,-0.08823529411764706,-0.0847457627118644,0.29559748427672955,0.6339285714285714,204.0,177.0
2022-07-15,-0.05181347150259067,-0.0670391061452514,0.2866666666666667,0.6821705426356589,193.0,179.0
2022-07-16,-0.017699115044247787,-0.014925373134328358,0.22598870056497175,0.7394957983193278,226.0,134.0
2022-07-17,-0.08677685950413223,-0.037037037037037035,0.32275132275132273,0.7288135593220338,242.0,162.0
2022-07-18,-0.04363636363636364,-0.023923444976076555,0.20982142857142858,0.6984126984126984,275.0,209.0
2022-07-19,-0.07758620689655173,-0.015384615384615385,0.21890547263681592,0.7481481481481481,232.0,195.0
2022-07-20,-0.09606986899563319,-0.00625,0.18781725888324874,0.7281553398058253,229.0,160.0
2022-07-21,-0.11063829787234042,-0.02185792349726776,0.21637426900584794,0.6503496503496503,235.0,183.0
2022-07-22,-0.06334841628959276,0.005780346820809248,0.19889502762430938,0.6933333333333334,221.0,173.0
2022-07-23,-0.04591836734693878,-0.027586206896551724,0.17333333333333334,0.7936507936507936,196.0,145.0
2022-07-24,-0.08547008547008547,-0.006535947712418301,0.2138728323699422,0.746031746031746,234.0,153.0
2022-07-25,-0.06986899563318777,0.040983606557377046,0.23626373626373626,0.6836734693877551,229.0,122.0
2022-07-26,-0.11946902654867257,0.01639344262295082,0.22598870056497175,0.6947368421052632,226.0,122.0
2022-07-27,-0.09716599190283401,-0.011904761904761904,0.2524271844660194,0.5526315789473685,247.0,168.0
2022-07-28,-0.09157509157509157,-0.03870967741935484,0.19469026548672566,0.6792452830188679,273.0,155.0
2022-07-29,-0.12648221343873517,-0.03937007874015748,0.23923444976076555,0.7669902912621359,253.0,127.0
2022-07-30,-0.08333333333333333,-0.02830188679245283,0.22844827586206898,0.8441558441558441,276.0,106.0
2022-07-31,-0.075,-0.047619047619047616,0.2222222222222222,0.8055555555555556,200.0,189.0
2022-08-01,-0.008130081300813009,-0.011764705882352941,0.22167487684729065,0.7727272727272727,246.0,85.0
2022-08-02,-0.04405286343612335,0.022988505747126436,0.22033898305084745,0.7794117647058824,227.0,87.0
2022-08-03,-0.06349206349206349,-0.037383177570093455,0.22077922077922077,0.6712328767123288,189.0,107.0
2022-08-04,-0.06666666666666667,0.009433962264150943,0.2191780821917808,0.6867469879518072,195.0,106.0
2022-08-05,-0.06696428571428571,0.0,0.1952662721893491,0.7721518987341772,224.0,112.0
2022-08-06,-0.09251101321585903,-0.03,0.1751412429378531,0.6493506493506493,227.0,100.0
2022-08-07,-0.05319148936170213,0.0,0.17857142857142858,0.6885245901639344,188.0,83.0
2022-08-08,-0.05909090909090909,-0.11764705882352941,0.14634146341463414,0.6986301369863014,220.0,102.0
2022-08-09,-0.024154589371980676,-0.07207207207207207,0.10588235294117647,0.6666666666666666,207.0,111.0
2022-08-10,-0.05392156862745098,-0.034782608695652174,0.20114942528735633,0.7777777777777778,204.0,115.0
2022-08-11,-0.07509881422924901,-0.030534351145038167,0.1792452830188679,0.6883116883116883,253.0,131.0
2022-08-12,-0.08050847457627118,0.0,0.17857142857142858,0.8275862068965517,236.0,74.0
2022-08-13,-0.03643724696356275,-0.03076923076923077,0.1625615763546798,0.6263736263736264,247.0,130.0
2022-08-14,-0.04230769230769231,0.0,0.18811881188118812,0.7397260273972602,260.0,107.0
2022-08-15,-0.06439393939393939,-0.009433962264150943,0.228310502283105,0.7261904761904762,264.0,106.0
2022-08-16,-0.0892018779342723,-0.02727272727272727,0.2710843373493976,0.7638888888888888,213.0,110.0
2022-08-17,-0.03982300884955752,-0.050505050505050504,0.21578947368421053,0.6857142857142857,226.0,99.0
2022-08-18,-0.10599078341013825,-0.05917159763313609,0.2571428571428571,0.6578947368421053,217.0,169.0
2022-08-19,-0.057777777777777775,0.011299435028248588,0.15168539325842698,0.6521739130434783,225.0,177.0
2022-08-20,-0.09659090909090909,0.00684931506849315,0.18620689655172415,0.8050847457627118,176.0,146.0
2022-08-21,-0.07659574468085106,-0.008547008547008548,0.14507772020725387,0.796875,235.0,234.0
2022-08-22,-0.039301310043668124,-0.0136986301369863,0.1443850267379679,0.7522935779816514,229.0,146.0
2022-08-23,-0.09251101321585903,-0.022727272727272728,0.17486338797814208,0.8333333333333334,227.0,88.0
2022-08-24,-0.12290502793296089,0.009900990099009901,0.22377622377622378,0.6575342465753424,179.0,101.0
2022-08-25,-0.10909090909090909,-0.08163265306122448,0.21367521367521367,0.7671232876712328,165.0,98.0
2022-08-26,-0.07692307692307693,-0.01680672268907563,0.19424460431654678,0.7701149425287356,182.0,119.0
2022-08-27,-0.1079136690647482,0.021052631578947368,0.1780821917808219,0.631578947368421,278.0,95.0
2022-08-28,-0.08943089430894309,-0.06060606060606061,0.19072164948453607,0.6981132075471698,246.0,66.0
2022-08-29,-0.07296137339055794,-0.07207207207207207,0.20212765957446807,0.8028169014084507,233.0,111.0
2022-08-30,-0.05970149253731343,-0.03418803418803419,0.20710059171597633,0.6867469879518072,201.0,117.0
2022-08-31,-0.0625,-0.05555555555555555,0.18633540372670807,0.7714285714285715,208.0,108.0
2022-09-01,-0.04524886877828054,-0.05517241379310345,0.19553072625698323,0.6629213483146067,221.0,145.0
2022-09-02,-0.024509803921568627,-0.03225806451612903,0.23026315789473684,0.7746478873239436,204.0,93.0
2022-09-03,-0.04954954954954955,-0.00641025641025641,0.2198952879581152,0.7857142857142857,222.0,156.0
2022-09-04,-0.06696428571428571,-0.04716981132075472,0.2696629213483146,0.7,224.0,106.0
2022-09-05,-0.052884615384615384,-0.1347517730496454,0.23529411764705882,0.7323943661971831,208.0,141.0
2022-09-06,-0.03529411764705882,-0.012658227848101266,0.11214953271028037,0.7575757575757576,255.0,79.0
2022-09-07,-0.15019762845849802,-0.07065217391304347,0.1625615763546798,0.7226890756302521,253.0,184.0
2022-09-08,-0.0958904109589041,0.0,0.1751412429378531,0.8473282442748091,219.0,159.0
2022-09-09,-0.034220532319391636,-0.02617801047120419,0.1935483870967742,0.8979591836734694,263.0,191.0
2022-09-10,-0.056451612903225805,-0.01818181818181818,0.18592964824120603,0.6936936936936937,248.0,165.0
2022-09-11,-0.046296296296296294,0.0,0.16091954022988506,0.8095238095238095,216.0,135.0
2022-09-12,-0.07272727272727272,-0.011111111111111112,0.1590909090909091,0.7692307692307693,220.0,90.0
2022-09-13,-0.10727969348659004,-0.009708737864077669,0.24537037037037038,0.7752808988764045,261.0,103.0
2022-09-14,-0.03723404255319149,0.014705882352941176,0.18243243243243243,0.6583333333333333,188.0,136.0
2022-09-15,-0.08808290155440414,-0.08620689655172414,0.15853658536585366,0.6339285714285714,193.0,174.0
2022-09-16,-0.07655502392344497,-0.10429447852760736,0.18404907975460122,0.6842105263157895,209.0,163.0
2022-09-17,-0.054455445544554455,-0.03571428571428571,0.18471337579617833,0.7540983606557377,202.0,168.0
2022-09-18,-0.01834862385321101,-0.044444444444444446,0.18617021276595744,0.776595744680851,218.0,135.0
2022-09-19,-0.06060606060606061,-0.06666666666666667,0.1497326203208556,0.6309523809523809,231.0,120.0
2022-09-20,-0.095,-0.10179640718562874,0.1746987951807229,0.6842105263157895,200.0,167.0
2022-09-21,-0.08130081300813008,-0.06521739130434782,0.20603015075376885,0.71875,246.0,138.0
2022-09-22,-0.02631578947368421,-0.034013605442176874,0.203125,0.7543859649122807,228.0,147.0
2022-09-23,-0.07203389830508475,-0.038461538461538464,0.22613065326633167,0.7441860465116279,236.0,130.0
2022-09-24,-0.075,-0.04780876494023904,0.16580310880829016,0.7868020304568528,240.0,251.0
2022-09-25,-0.08679245283018867,-0.05945945945945946,0.20833333333333334,0.7272727272727273,265.0,185.0
2022-09-26,-0.0703125,-0.07079646017699115,0.21395348837209302,0.6582278481012658,256.0,113.0
2022-09-27,-0.06756756756756757,-0.03787878787878788,0.21081081081081082,0.7551020408163265,222.0,132.0
2022-09-28,-0.09550561797752809,0.02727272727272727,0.2866666666666667,0.6829268292682927,178.0,110.0
2022-09-29,-0.05394190871369295,-0.06547619047619048,0.2879581151832461,0.7355371900826446,241.0,168.0
2022-09-30,-0.07883817427385892,-0.022900763358778626,0.2903225806451613,0.7934782608695652,241.0,131.0
2022-10-01,-0.09663865546218488,-0.028735632183908046,0.1827956989247312,0.746031746031746,238.0,174.0
2022-10-02,-0.030042918454935622,-0.035897435897435895,0.18579234972677597,0.7412587412587412,233.0,195.0
2022-10-03,-0.07488986784140969,-0.02877697841726619,0.20725388601036268,0.7,227.0,139.0
2022-10-04,-0.06944444444444445,-0.09448818897637795,0.19642857142857142,0.6263736263736264,216.0,127.0
2022-10-05,-0.046511627906976744,-0.012422360248447204,0.2159090909090909,0.78125,215.0,161.0
2022-10-06,-0.0761904761904762,-0.022727272727272728,0.2469879518072289,0.6630434782608695,210.0,132.0
2022-10-07,-0.0663265306122449,-0.04040404040404041,0.15432098765432098,0.775,196.0,99.0
2022-10-08,-0.10160427807486631,-0.058823529411764705,0.2356687898089172,0.7714285714285715,187.0,102.0
2022-10-09,-0.09292035398230089,-0.029239766081871343,0.2578947368421053,0.7763157894736842,226.0,171.0
2022-10-10,-0.09859154929577464,0.0,0.27218934911242604,0.7910447761194029,213.0,83.0
2022-10-11,-0.04128440366972477,-0.04285714285714286,0.1837837837837838,0.8266666666666667,218.0,210.0
2022-10-12,-0.04265402843601896,-0.04371584699453552,0.19540229885057472,0.7063492063492064,211.0,183.0
2022-10-13,-0.04460966542750929,-0.06802721088435375,0.25892857142857145,0.5913978494623656,269.0,147.0
2022-10-14,-0.057692307692307696,-0.021739130434782608,0.2727272727272727,0.6060606060606061,208.0,184.0
2022-10-15,-0.05652173913043478,-0.05583756345177665,0.2388888888888889,0.631578947368421,230.0,197.0
2022-10-16,-0.04219409282700422,0.03007518796992481,0.20918367346938777,0.6991150442477876,237.0,133.0
2022-10-17,-0.03543307086614173,-0.013793103448275862,0.18,0.47368421052631576,254.0,145.0
2022-10-18,-0.0821256038647343,-0.04580152671755725,0.2155688622754491,0.5405405405405406,207.0,131.0
2022-10-19,-0.10309278350515463,-0.013392857142857142,0.1509433962264151,0.689873417721519,194.0,224.0
2022-10-20,-0.06060606060606061,-0.015706806282722512,0.1524390243902439,0.7131782945736435,198.0,191.0
2022-10-21,-0.04186046511627907,0.006493506493506494,0.17391304347826086,0.6697247706422018,215.0,154.0
2022-10-22,-0.029787234042553193,-0.005952380952380952,0.1746031746031746,0.7478991596638656,235.0,168.0
2022-10-23,-0.08370044052863436,0.005747126436781609,0.22099447513812154,0.7050359712230215,227.0,174.0
2022-10-24,-0.09767441860465116,0.009259259259259259,0.1893491124260355,0.8607594936708861,215.0,108.0
2022-10-25,-0.06635071090047394,-0.06666666666666667,0.15846994535519127,0.7684210526315789,211.0,120.0
2022-10-26,-0.014218009478672985,-0.05660377358490566,0.16292134831460675,0.6578947368421053,211.0,159.0
2022-10-27,-0.05241935483870968,-0.011494252873563218,0.19095477386934673,0.7384615384615385,248.0,87.0
2022-10-28,-0.04132231404958678,-0.018518518518518517,0.19487179487179487,0.7590361445783133,242.0,108.0
2022-10-29,-0.01486988847583643,0.017857142857142856,0.31981981981981983,0.8021978021978022,269.0,112.0
2022-10-30,-0.004608294930875576,-0.031055900621118012,0.19895287958115182,0.7202797202797203,217.0,161.0
2022-10-31,-0.08433734939759036,-0.05925925925925926,0.22596153846153846,0.7326732673267327,249.0,135.0
2022-11-01,-0.028846153846153848,-0.09482758620689655,0.2982456140350877,0.6703296703296703,208.0,116.0
2022-11-02,-0.08056872037914692,-0.03225806451612903,0.23391812865497075,0.7126436781609196,211.0,124.0
2022-11-03,-0.04854368932038835,0.02702702702702703,0.2254335260115607,0.6865671641791045,206.0,185.0
2022-11-04,-0.055793991416309016,0.01020408163265306,0.22797927461139897,0.6266666666666667,233.0,196.0
2022-11-05,-0.06538461538461539,0.023121387283236993,0.1232876712328767,0.7387387387387387,260.0,173.0
2022-11-06,-0.03773584905660377,-0.03870967741935484,0.25824175824175827,0.7570093457943925,212.0,155.0
2022-11-07,-0.10407239819004525,-0.013888888888888888,0.22941176470588234,0.7647058823529411,221.0,72.0
2022-11-08,-0.1271186440677966,0.04424778761061947,0.21025641025641026,0.5494505494505495,236.0,113.0
2022-11-09,-0.17903930131004367,-0.041474654377880185,0.15469613259668508,0.73125,229.0,217.0
2022-11-10,-0.12663755458515283,-0.01639344262295082,0.2192513368983957,0.8260869565217391,229.0,183.0
2022-11-11,-0.0794979079497908,-0.055944055944055944,0.2781065088757396,0.7777777777777778,239.0,143.0
2022-11-12,-0.12365591397849462,-0.06542056074766354,0.2878787878787879,0.8431372549019608,186.0,214.0
2022-11-13,-0.07142857142857142,-0.04519774011299435,0.2391304347826087,0.6484375,238.0,177.0
2022-11-14,-0.08866995073891626,-0.03349282296650718,0.2781456953642384,0.7518248175182481,203.0,209.0
2022-11-15,-0.05472636815920398,-0.029787234042553193,0.17307692307692307,0.717391304347826,201.0,235.0
2022-11-16,-0.11467889908256881,-0.04040404040404041,0.2832369942196532,0.626984126984127,218.0,198.0
2022-11-17,-0.09134615384615384,-0.02054794520547945,0.2331288343558282,0.7456140350877193,208.0,146.0
2022-11-18,-0.11170212765957446,0.0,0.29931972789115646,0.7850467289719626,188.0,136.0
2022-11-19,-0.10144927536231885,-0.075,0.2564102564102564,0.75,207.0,200.0
2022-11-20,-0.0743801652892562,-0.06542056074766354,0.24022346368715083,0.7913043478260869,242.0,214.0
2022-11-21,-0.11206896551724138,0.031007751937984496,0.23837209302325582,0.7373737373737373,232.0,129.0
2022-11-22,-0.084070796460177,-0.06875,0.21739130434782608,0.717948717948718,226.0,160.0
2022-11-23,-0.08771929824561403,0.014705882352941176,0.18888888888888888,0.7450980392156863,228.0,136.0
2022-11-24,-0.06417112299465241,-0.031055900621118012,0.23809523809523808,0.7272727272727273,187.0,161.0
2022-11-25,-0.05803571428571429,0.0,0.1952662721893491,0.7076923076923077,224.0,153.0
2022-11-26,-0.06808510638297872,0.013793103448275862,0.24736842105263157,0.7398373983739838,235.0,145.0
2022-11-27,-0.07207207207207207,-0.0335195530726257,0.17647058823529413,0.7482517482517482,222.0,179.0
2022-11-28,-0.078125,-0.03626943005181347,0.21890547263681592,0.7254901960784313,256.0,193.0
2022-11-29,-0.05263157894736842,-0.022556390977443608,0.2781065088757396,0.6435643564356436,209.0,133.0
2022-11-30,-0.1111111111111111,-0.02631578947368421,0.25443786982248523,0.7804878048780488,216.0,152.0
2022-12-01,-0.08695652173913043,-0.07471264367816093,0.35036496350364965,0.6666666666666666,184.0,174.0
2022-12-02,-0.09767441860465116,0.047619047619047616,0.32142857142857145,0.7321428571428571,215.0,147.0
2022-12-03,-0.11707317073170732,-0.07729468599033816,0.175,0.7286821705426356,205.0,207.0
2022-12-04,-0.06701030927835051,-0.025157232704402517,0.22666666666666666,0.7384615384615385,194.0,159.0
2022-12-05,-0.010256410256410256,0.0,0.20666666666666667,0.8434782608695652,195.0,140.0
2022-12-06,-0.08542713567839195,-0.03424657534246575,0.1736111111111111,0.6666666666666666,199.0,146.0
2022-12-07,-0.08247422680412371,-0.02702702702702703,0.20408163265306123,0.691358024691358,194.0,111.0
2022-12-08,-0.05652173913043478,-0.007874015748031496,0.22289156626506024,0.8352941176470589,230.0,127.0
2022-12-09,-0.060240963855421686,-0.052083333333333336,0.20833333333333334,0.7090909090909091,166.0,192.0
2022-12-10,-0.06878306878306878,0.014184397163120567,0.2158273381294964,0.8135593220338984,189.0,141.0
2022-12-11,-0.08717948717948718,-0.007874015748031496,0.25477707006369427,0.7528089887640449,195.0,127.0
2022-12-12,-0.05319148936170213,-0.023923444976076555,0.2483221476510067,0.7197452229299363,188.0,209.0
2022-12-13,-0.06806282722513089,-0.03139013452914798,0.2468354430379747,0.6506024096385542,191.0,223.0
2022-12-14,-0.09876543209876543,-0.06,0.2440944881889764,0.4968152866242038,162.0,200.0
2022-12-15,-0.059782608695652176,-0.043795620437956206,0.18571428571428572,0.75,184.0,137.0
2022-12-16,-0.11475409836065574,-0.022727272727272728,0.2014388489208633,0.8059701492537313,183.0,88.0
2022-12-17,-0.11646586345381527,-0.03349282296650718,0.21,0.70625,249.0,209.0
2022-12-18,-0.08080808080808081,-0.006493506493506494,0.3356643356643357,0.6517857142857143,198.0,154.0
2022-12-19,-0.061224489795918366,0.0,0.18716577540106952,0.7422680412371134,245.0,136.0
2022-12-20,-0.1,-0.005434782608695652,0.28289473684210525,0.6888888888888889,200.0,184.0
2022-12-21,-0.09482758620689655,0.005649717514124294,0.23699421965317918,0.6287878787878788,232.0,177.0
2022-12-22,-0.0755813953488372,-0.03184713375796178,0.28346456692913385,0.6923076923076923,172.0,157.0
2022-12-23,-0.05,-0.03404255319148936,0.25735294117647056,0.5833333333333334,160.0,235.0
2022-12-24,-0.09174311926605505,-0.05426356589147287,0.2573099415204678,0.5327102803738317,218.0,129.0
2022-12-25,-0.07456140350877193,0.01904761904761905,0.2430939226519337,0.7341772151898734,228.0,105.0
2022-12-26,-0.07142857142857142,0.0,0.2,0.7692307692307693,196.0,99.0
2022-12-27,-0.05106382978723404,-0.010416666666666666,0.22905027932960895,0.5686274509803921,235.0,192.0
2022-12-28,-0.09565217391304348,-0.043209876543209874,0.22282608695652173,0.725925925925926,230.0,162.0
2022-12-29,-0.08780487804878048,-0.007246376811594203,0.20261437908496732,0.5882352941176471,205.0,138.0
2022-12-30,-0.07272727272727272,-0.011363636363636364,0.24050632911392406,0.676923076923077,220.0,88.0
2022-12-31,-0.06415094339622641,0.0,0.19806763285024154,0.708029197080292,265.0,159.0
2023-01-01,-0.0871559633027523,-0.043859649122807015,0.1411764705882353,0.6486486486486487,218.0,114.0
2023-01-02,-0.08520179372197309,-0.01834862385321101,0.20253164556962025,0.7325581395348837,223.0,109.0
2023-01-03,-0.09424083769633508,-0.032467532467532464,0.28859060402684567,0.6902654867256637,191.0,154.0
2023-01-04,-0.0761904761904762,-0.03614457831325301,0.275,0.7007874015748031,210.0,166.0
2023-01-05,-0.05982905982905983,0.0,0.25280898876404495,0.5775862068965517,234.0,158.0
2023-01-06,-0.10697674418604651,-0.030303030303030304,0.15568862275449102,0.7304964539007093,215.0,198.0
2023-01-07,-0.055,-0.004310344827586207,0.21656050955414013,0.8106508875739645,200.0,232.0
2023-01-08,-0.050980392156862744,0.005434782608695652,0.25125628140703515,0.7132867132867133,255.0,184.0
2023-01-09,-0.08860759493670886,-0.014285714285714285,0.2185792349726776,0.7755102040816326,237.0,140.0
2023-01-10,-0.09482758620689655,-0.0446927374301676,0.3333333333333333,0.7017543859649122,232.0,179.0
2023-01-11,-0.048,-0.025252525252525252,0.34536082474226804,0.6376811594202898,250.0,198.0
2023-01-12,-0.05084745762711865,-0.02824858757062147,0.19672131147540983,0.6923076923076923,236.0,177.0
2023-01-13,-0.06827309236947791,-0.06060606060606061,0.18571428571428572,0.5581395348837209,249.0,132.0
2023-01-14,-0.07291666666666667,-0.0547945205479452,0.0811965811965812,0.580952380952381,288.0,146.0
2023-01-15,-0.08520179372197309,-0.010101010101010102,0.19576719576719576,0.7411764705882353,223.0,198.0
2023-01-16,-0.06474820143884892,-0.037267080745341616,0.17672413793103448,0.7424242424242424,278.0,161.0
2023-01-17,-0.05019305019305019,-0.058333333333333334,0.20465116279069767,0.7105263157894737,259.0,120.0
2023-01-18,-0.04032258064516129,-0.02054794520547945,0.19806763285024154,0.6206896551724138,248.0,146.0
2023-01-19,-0.06374501992031872,0.0,0.2608695652173913,0.48120300751879697,251.0,163.0
2023-01-20,-0.03543307086614173,-0.028985507246376812,0.20388349514563106,0.725,254.0,207.0
2023-01-21,-0.05925925925925926,-0.08433734939759036,0.13452914798206278,0.8062015503875969,270.0,166.0
2023-01-22,-0.05263157894736842,-0.07024793388429752,0.24193548387096775,0.7329545454545454,247.0,242.0
2023-01-23,-0.06692913385826772,-0.030612244897959183,0.22110552763819097,0.7769230769230769,254.0,196.0
2023-01-24,-0.025454545454545455,-0.018404907975460124,0.20704845814977973,0.7413793103448276,275.0,163.0
2023-01-25,-0.0125,-0.024390243902439025,0.17258883248730963,0.7016129032258065,240.0,164.0
2023-01-26,0.005025125628140704,-0.0472972972972973,0.16883116883116883,0.6767676767676768,199.0,148.0
2023-01-27,-0.04950495049504951,-0.028735632183908046,0.26506024096385544,0.6268656716417911,202.0,174.0
2023-01-28,-0.028089887640449437,-0.015384615384615385,0.1875,0.7898089171974523,178.0,195.0
2023-01-29,-0.014018691588785047,-0.02857142857142857,0.18674698795180722,0.7101449275362319,214.0,105.0
2023-01-30,-0.07456140350877193,0.021739130434782608,0.1657754010695187,0.7378640776699029,228.0,138.0
2023-01-31,-0.05581395348837209,0.0,0.27167630057803466,0.6588235294117647,215.0,112.0
2023-02-01,-0.04035874439461883,-0.10135135135135136,0.14534883720930233,0.6666666666666666,223.0,148.0
2023-02-02,-0.07727272727272727,-0.013422818791946308,0.11797752808988764,0.6727272727272727,220.0,149.0
2023-02-03,-0.03070175438596491,-0.061855670103092786,0.14835164835164835,0.5714285714285714,228.0,194.0
2023-02-04,-0.03773584905660377,-0.06289308176100629,0.2654320987654321,0.6509433962264151,212.0,159.0
2023-02-05,-0.06222222222222222,-0.030303030303030304,0.19883040935672514,0.5434782608695652,225.0,132.0
2023-02-06,-0.014018691588785047,-0.009523809523809525,0.21212121212121213,0.6666666666666666,214.0,105.0
2023-02-07,-0.05555555555555555,0.006060606060606061,0.2147239263803681,0.7464788732394366,198.0,165.0
2023-02-08,-0.06372549019607843,0.004830917874396135,0.22839506172839505,0.6376811594202898,204.0,207.0
2023-02-09,-0.06666666666666667,-0.013422818791946308,0.25,0.6923076923076923,225.0,149.0
2023-02-10,-0.06018518518518518,-0.021739130434782608,0.18604651162790697,0.8175182481751825,216.0,184.0
2023-02-11,-0.04591836734693878,0.0189873417721519,0.2119205298013245,0.7258064516129032,196.0,158.0
2023-02-12,-0.0391304347826087,-0.030927835051546393,0.17045454545454544,0.7804878048780488,230.0,97.0
2023-02-13,-0.09174311926605505,0.013888888888888888,0.2215909090909091,0.8082191780821918,218.0,216.0
2023-02-14,-0.07916666666666666,-0.010471204188481676,0.21212121212121213,0.6827586206896552,240.0,191.0
2023-02-15,-0.04072398190045249,-0.01639344262295082,0.18617021276595744,0.7674418604651163,221.0,122.0
2023-02-16,-0.025423728813559324,0.024844720496894408,0.11855670103092783,0.7482014388489209,236.0,161.0
2023-02-17,0.0,-0.016129032258064516,0.16167664670658682,0.6934306569343066,194.0,186.0
2023-02-18,-0.07048458149779736,-0.0163265306122449,0.17894736842105263,0.7083333333333334,227.0,245.0
2023-02-19,-0.0641025641025641,-0.009950248756218905,0.12234042553191489,0.8015267175572519,234.0,201.0
2023-02-20,-0.04888888888888889,-0.05555555555555555,0.22099447513812154,0.7794117647058824,225.0,198.0
2023-02-21,-0.021645021645021644,-0.03289473684210526,0.1813186813186813,0.7454545454545455,231.0,152.0
2023-02-22,-0.046153846153846156,-0.04597701149425287,0.2484076433121019,0.75,195.0,174.0
2023-02-23,-0.0375,-0.046153846153846156,0.16080402010050251,0.7864077669902912,240.0,130.0
2023-02-24,-0.08658008658008658,-0.00558659217877095,0.22826086956521738,0.7236842105263158,231.0,179.0
2023-02-25,-0.040160642570281124,-0.022727272727272728,0.19289340101522842,0.672316384180791,249.0,220.0
2023-02-26,-0.06341463414634146,0.011560693641618497,0.16167664670658682,0.7361111111111112,205.0,173.0
2023-02-27,-0.05485232067510549,-0.023809523809523808,0.2268041237113402,0.8762886597938144,237.0,126.0
2023-02-28,-0.08296943231441048,-0.008130081300813009,0.26881720430107525,0.6451612903225806,229.0,123.0
2023-03-01,-0.048034934497816595,0.004830917874396135,0.22994652406417113,0.6666666666666666,229.0,207.0
2023-03-02,-0.034653465346534656,-0.04040404040404041,0.17365269461077845,0.6,202.0,198.0
2023-03-03,-0.1072961373390558,-0.043478260869565216,0.1891891891891892,0.616822429906542,233.0,138.0
2023-03-04,-0.037383177570093455,-0.03409090909090909,0.18072289156626506,0.7354838709677419,214.0,176.0
2023-03-05,-0.04639175257731959,-0.020833333333333332,0.20270270270270271,0.7671232876712328,194.0,192.0
2023-03-06,-0.04,-0.009389671361502348,0.23030303030303031,0.6402439024390244,200.0,213.0
2023-03-07,-0.05405405405405406,-0.04938271604938271,0.2677595628415301,0.6216216216216216,222.0,162.0
2023-03-08,-0.07272727272727272,-0.10119047619047619,0.24324324324324326,0.7868852459016393,220.0,168.0
2023-03-09,-0.07488986784140969,-0.0213903743315508,0.13612565445026178,0.626984126984127,227.0,187.0
2023-03-10,-0.1183206106870229,0.006369426751592357,0.17757009345794392,0.7333333333333333,262.0,157.0
2023-03-11,-0.0880281690140845,0.04310344827586207,0.4188034188034188,0.6962025316455697,284.0,116.0
2023-03-12,-0.10505836575875487,-0.03636363636363636,0.34951456310679613,0.7686567164179104,257.0,220.0
2023-03-13,-0.03690036900369004,-0.00558659217877095,0.3568281938325991,0.6335877862595419,271.0,179.0
2023-03-14,-0.03383458646616541,-0.03937007874015748,0.25120772946859904,0.6373626373626373,266.0,127.0
2023-03-15,-0.08108108108108109,-0.057692307692307696,0.22826086956521738,0.6689655172413793,222.0,208.0
2023-03-16,-0.046610169491525424,-0.028708133971291867,0.263681592039801,0.7549668874172185,236.0,209.0
2023-03-17,-0.017777777777777778,-0.017543859649122806,0.20670391061452514,0.6993464052287581,225.0,228.0
2023-03-18,-0.019011406844106463,-0.05859375,0.20833333333333334,0.5941176470588235,263.0,256.0
2023-03-19,-0.026785714285714284,-0.03305785123966942,0.2122905027932961,0.5714285714285714,224.0,242.0
2023-03-20,-0.08778625954198473,-0.020100502512562814,0.2100456621004566,0.7628205128205128,262.0,199.0
2023-03-21,-0.04365079365079365,-0.024509803921568627,0.2436548223350254,0.7622377622377622,252.0,204.0
2023-03-22,-0.01593625498007968,-0.023923444976076555,0.24,0.6911764705882353,251.0,209.0
2023-03-23,-0.07441860465116279,-0.03825136612021858,0.21666666666666667,0.6640625,215.0,183.0
2023-03-24,-0.08370044052863436,-0.04435483870967742,0.287292817679558,0.7290322580645161,227.0,248.0
2023-03-25,-0.07563025210084033,-0.06698564593301436,0.3611111111111111,0.7737226277372263,238.0,209.0
2023-03-26,-0.07281553398058252,-0.045454545454545456,0.175,0.7307692307692307,206.0,220.0
2023-03-27,-0.0398406374501992,-0.03550295857988166,0.12903225806451613,0.6542056074766355,251.0,169.0
2023-03-28,-0.04411764705882353,-0.046153846153846156,0.2804878048780488,0.6875,204.0,195.0
2023-03-29,-0.04522613065326633,-0.045662100456621,0.2345679012345679,0.7666666666666667,199.0,219.0
2023-03-30,-0.005291005291005291,-0.016736401673640166,0.2108843537414966,0.8333333333333334,189.0,239.0
2023-03-31,-0.09216589861751152,-0.025423728813559324,0.25,0.7647058823529411,217.0,236.0
2023-04-01,-0.048034934497816595,-0.041474654377880185,0.18562874251497005,0.7364864864864865,229.0,217.0
2023-04-02,-0.013100436681222707,-0.03535353535353535,0.24456521739130435,0.6859504132231405,229.0,198.0
2023-04-03,-0.018867924528301886,-0.009009009009009009,0.24774774774774774,0.7969924812030075,265.0,222.0
2023-04-04,-0.04964539007092199,-0.06140350877192982,0.22897196261682243,0.6909090909090909,282.0,228.0
2023-04-05,-0.026217228464419477,-0.06607929515418502,0.16901408450704225,0.7278911564625851,267.0,227.0
2023-04-06,-0.07207207207207207,-0.07357859531772576,0.26455026455026454,0.6686390532544378,222.0,299.0
2023-04-07,-0.10526315789473684,-0.018779342723004695,0.29508196721311475,0.6857142857142857,228.0,213.0
2023-04-08,-0.034782608695652174,-0.05855855855855856,0.25133689839572193,0.7528735632183908,230.0,222.0
2023-04-09,-0.08021390374331551,-0.01646090534979424,0.16666666666666666,0.7751196172248804,187.0,243.0
2023-04-10,-0.01818181818181818,-0.04854368932038835,0.18232044198895028,0.7911392405063291,220.0,206.0
2023-04-11,-0.004,-0.04142011834319527,0.1625615763546798,0.7295081967213115,250.0,169.0
2023-04-12,-0.04205607476635514,-0.020202020202020204,0.13736263736263737,0.7307692307692307,214.0,198.0
2023-04-13,-0.01834862385321101,-0.012987012987012988,0.17261904761904762,0.7283950617283951,218.0,231.0
2023-04-14,-0.018433179723502304,-0.037815126050420166,0.24861878453038674,0.6081871345029239,217.0,238.0
2023-04-15,-0.018691588785046728,-0.04405286343612335,0.1893491124260355,0.7151898734177216,214.0,227.0
2023-04-16,-0.04390243902439024,-0.057034220532319393,0.2215568862275449,0.8472222222222222,205.0,263.0
2023-04-17,-0.06598984771573604,-0.03076923076923077,0.2236842105263158,0.6989247311827957,197.0,130.0
2023-04-18,-0.03153153153153153,-0.016666666666666666,0.1839080459770115,0.7058823529411765,222.0,120.0
2023-04-19,-0.050387596899224806,0.0049504950495049506,0.12053571428571429,0.7058823529411765,258.0,202.0
2023-04-20,-0.038461538461538464,-0.0049261083743842365,0.2191780821917808,0.6369426751592356,260.0,203.0
2023-04-21,-0.03515625,-0.047619047619047616,0.22380952380952382,0.660377358490566,256.0,147.0
2023-04-22,-0.05154639175257732,-0.024271844660194174,0.19333333333333333,0.783625730994152,194.0,206.0
2023-04-23,-0.06198347107438017,-0.03375527426160337,0.18848167539267016,0.8172043010752689,242.0,237.0
2023-04-24,-0.041666666666666664,-0.012121212121212121,0.21428571428571427,0.7372262773722628,240.0,165.0
2023-04-25,-0.035856573705179286,-0.044585987261146494,0.19900497512437812,0.7461538461538462,251.0,157.0
2023-04-26,-0.016666666666666666,-0.014705882352941176,0.2512315270935961,0.717741935483871,240.0,136.0
2023-04-27,-0.044534412955465584,-0.08396946564885496,0.225,0.719626168224299,247.0,131.0
2023-04-28,-0.05701754385964912,-0.03314917127071823,0.1977401129943503,0.6666666666666666,228.0,181.0
2023-04-29,-0.06578947368421052,-0.016042780748663103,0.22033898305084745,0.7795275590551181,228.0,187.0
2023-04-30,-0.022988505747126436,0.0,0.24537037037037038,0.8195488721804511,261.0,188.0
2023-05-01,-0.06382978723404255,-0.03225806451612903,0.23404255319148937,0.7037037037037037,235.0,155.0
2023-05-02,-0.12648221343873517,-0.03345724907063197,0.3076923076923077,0.8020833333333334,253.0,269.0
2023-05-03,-0.07373271889400922,-0.02066115702479339,0.23295454545454544,0.6936416184971098,217.0,242.0
2023-05-04,-0.08502024291497975,-0.06589147286821706,0.28,0.7142857142857143,247.0,258.0
2023-05-05,-0.007194244604316547,0.0,0.3119266055045872,0.5984848484848485,278.0,215.0
2023-05-06,-0.05343511450381679,0.0,0.29906542056074764,0.5950413223140496,262.0,181.0
2023-05-07,-0.05726872246696035,-0.04639175257731959,0.25396825396825395,0.7114093959731543,227.0,194.0
2023-05-08,-0.10480349344978165,-0.01702127659574468,0.2422680412371134,0.6594202898550725,229.0,235.0
2023-05-09,-0.06367041198501873,-0.031413612565445025,0.2764976958525346,0.6515151515151515,267.0,191.0
2023-05-10,-0.05150214592274678,-0.012658227848101266,0.2554347826086957,0.7037037037037037,233.0,158.0
2023-05-11,-0.06666666666666667,-0.025477707006369428,0.2774869109947644,0.7256637168141593,240.0,157.0
2023-05-12,-0.057971014492753624,-0.006172839506172839,0.27230046948356806,0.7016129032258065,276.0,162.0
2023-05-13,-0.05241935483870968,-0.0718232044198895,0.29064039408866993,0.7071428571428572,248.0,181.0
2023-05-14,-0.05102040816326531,-0.030303030303030304,0.2645161290322581,0.7401574803149606,196.0,165.0
2023-05-15,-0.07142857142857142,-0.045,0.3407821229050279,0.7902097902097902,224.0,200.0
2023-05-16,-0.1032258064516129,0.03048780487804878,0.2595419847328244,0.6491228070175439,155.0,164.0
2023-05-17,-0.062146892655367235,-0.0449438202247191,0.22602739726027396,0.576271186440678,177.0,178.0
2023-05-18,-0.07954545454545454,-0.03317535545023697,0.2733333333333333,0.676056338028169,176.0,211.0
2023-05-19,-0.0449438202247191,0.014634146341463415,0.23703703703703705,0.7575757575757576,178.0,205.0
2023-05-20,-0.024752475247524754,0.004878048780487805,0.25170068027210885,0.7785234899328859,202.0,205.0
2023-05-21,-0.02717391304347826,-0.03305785123966942,0.2482758620689655,0.7440476190476191,184.0,242.0
2023-05-22,-0.019230769230769232,-0.040229885057471264,0.2847682119205298,0.6953125,208.0,174.0
2023-05-23,-0.04504504504504504,0.014598540145985401,0.2958579881656805,0.7450980392156863,222.0,137.0
2023-05-24,-0.07042253521126761,-0.03225806451612903,0.19254658385093168,0.8113207547169812,213.0,155.0
2023-05-25,-0.08071748878923767,-0.03571428571428571,0.18072289156626506,0.7304964539007093,223.0,168.0
2023-05-26,-0.034934497816593885,-0.023148148148148147,0.23711340206185566,0.5828220858895705,229.0,216.0
2023-05-27,-0.08064516129032258,-0.017045454545454544,0.21025641025641026,0.8029197080291971,248.0,176.0
2023-05-28,-0.06896551724137931,-0.012578616352201259,0.20261437908496732,0.8110236220472441,203.0,159.0
2023-05-29,-0.06417112299465241,-0.0423728813559322,0.25517241379310346,0.6621621621621622,187.0,236.0
2023-05-30,-0.056074766355140186,-0.02843601895734597,0.3006134969325153,0.5620915032679739,214.0,211.0
2023-05-31,-0.04205607476635514,-0.04405286343612335,0.21511627906976744,0.6103896103896104,214.0,227.0
2023-06-01,-0.0642570281124498,-0.049079754601226995,0.25510204081632654,0.71900826446281,249.0,163.0
2023-06-02,-0.034653465346534656,-0.03070175438596491,0.1951219512195122,0.7650273224043715,202.0,228.0
2023-06-03,-0.07860262008733625,0.0,0.27218934911242604,0.7337662337662337,229.0,199.0
2023-06-04,-0.08152173913043478,0.0,0.26618705035971224,0.6859504132231405,184.0,156.0
2023-06-05,-0.10784313725490197,-0.07647058823529412,0.16470588235294117,0.784,204.0,170.0
2023-06-06,-0.10328638497652583,-0.0661764705882353,0.13855421686746988,0.808695652173913,213.0,136.0
2023-06-07,-0.0639269406392694,-0.029069767441860465,0.2275449101796407,0.7540983606557377,219.0,172.0
2023-06-08,-0.08071748878923767,-0.045,0.22033898305084745,0.782258064516129,223.0,200.0
2023-06-09,-0.06542056074766354,-0.02631578947368421,0.17197452229299362,0.732824427480916,214.0,228.0
2023-06-10,-0.11814345991561181,-0.05673758865248227,0.12903225806451613,0.6504854368932039,237.0,141.0
2023-06-11,-0.06746031746031746,-0.0703125,0.20408163265306123,0.6442307692307693,252.0,128.0
2023-06-12,-0.07058823529411765,-0.07960199004975124,0.29310344827586204,0.6307692307692307,170.0,201.0
2023-06-13,0.07692307692307693,-0.04455445544554455,0.2222222222222222,0.7244094488188977,26.0,202.0
2023-06-14,-0.037914691943127965,-0.06842105263157895,0.2645161290322581,0.717741935483871,211.0,190.0
2023-06-15,-0.07380073800738007,-0.035,0.2350230414746544,0.6026490066225165,271.0,200.0
2023-06-16,-0.0321285140562249,-0.02702702702702703,0.25,0.5833333333333334,249.0,148.0
2023-06-17,-0.06222222222222222,0.0,0.2185792349726776,0.7289719626168224,225.0,137.0
2023-06-18,-0.05343511450381679,0.011627906976744186,0.23529411764705882,0.6692307692307692,262.0,172.0
2023-06-19,-0.07662835249042145,-0.010582010582010581,0.1902439024390244,0.6992481203007519,261.0,189.0
2023-06-20,-0.072,-0.03067484662576687,0.17326732673267325,0.6306306306306306,250.0,163.0
2023-06-21,-0.013513513513513514,-0.007692307692307693,0.20425531914893616,0.6262626262626263,296.0,130.0
2023-06-22,-0.037037037037037035,-0.041176470588235294,0.19369369369369369,0.6910569105691057,270.0,170.0
2023-06-23,-0.04580152671755725,-0.02857142857142857,0.18779342723004694,0.6910569105691057,262.0,175.0
2023-06-24,-0.012552301255230125,-0.022222222222222223,0.20304568527918782,0.7482993197278912,239.0,180.0
2023-06-25,-0.07608695652173914,-0.021164021164021163,0.19004524886877827,0.5675675675675675,276.0,189.0
2023-06-26,-0.009302325581395349,0.0,0.22023809523809523,0.7172413793103448,215.0,195.0
2023-06-27,-0.029166666666666667,-0.014218009478672985,0.18947368421052632,0.7074829931972789,240.0,211.0
2023-06-28,-0.06521739130434782,-0.017045454545454544,0.25,0.6666666666666666,230.0,176.0
2023-06-29,-0.01694915254237288,-0.025510204081632654,0.24456521739130435,0.6206896551724138,236.0,196.0
2023-06-30,0.0,0.009478672985781991,0.23696682464454977,0.7452229299363057,253.0,211.0
2023-07-01,-0.03508771929824561,-0.022857142857142857,0.20555555555555555,0.7246376811594203,228.0,175.0
2023-07-02,-0.06224066390041494,0.005988023952095809,0.2631578947368421,0.736,241.0,167.0
2023-07-03,-0.09230769230769231,-0.034482758620689655,0.11848341232227488,0.6442307692307693,260.0,174.0
2023-07-04,-0.09561752988047809,0.006666666666666667,0.15384615384615385,0.72,251.0,150.0
2023-07-05,-0.03088803088803089,-0.018292682926829267,0.19158878504672897,0.64,259.0,164.0
2023-07-06,-0.06513409961685823,0.0,0.17676767676767677,0.7538461538461538,261.0,179.0
2023-07-07,-0.04954954954954955,-0.04405286343612335,0.1907514450867052,0.6949152542372882,222.0,227.0
2023-07-08,-0.09166666666666666,-0.06504065040650407,0.203125,0.8265895953757225,240.0,246.0
2023-07-09,-0.02702702702702703,-0.03076923076923077,0.3027027027027027,0.8333333333333334,259.0,195.0
2023-07-10,-0.027149321266968326,-0.03164556962025317,0.1907514450867052,0.6178861788617886,221.0,158.0
2023-07-11,-0.1044776119402985,-0.04938271604938271,0.21844660194174756,0.7244094488188977,268.0,162.0
2023-07-12,-0.04782608695652174,-0.02617801047120419,0.22485207100591717,0.7261904761904762,230.0,191.0
2023-07-13,-0.0078125,-0.03783783783783784,0.3448275862068966,0.7014925373134329,256.0,185.0
2023-07-14,-0.05204460966542751,-0.013333333333333334,0.2597402597402597,0.7786885245901639,269.0,150.0
2023-07-15,-0.05725190839694656,-0.0049504950495049506,0.27488151658767773,0.7720588235294118,262.0,202.0
2023-07-16,-0.04672897196261682,-0.04741379310344827,0.27976190476190477,0.5827338129496403,214.0,232.0
2023-07-17,-0.030042918454935622,0.010869565217391304,0.23958333333333334,0.6115702479338843,233.0,184.0
2023-07-18,0.0,-0.03597122302158273,0.15789473684210525,0.7142857142857143,207.0,139.0
2023-07-19,-0.041237113402061855,-0.020618556701030927,0.15,0.6013513513513513,194.0,194.0
2023-07-20,0.013824884792626729,-0.043478260869565216,0.25882352941176473,0.7205882352941176,217.0,207.0
2023-07-21,-0.01507537688442211,-0.023474178403755867,0.16875,0.6948051948051948,199.0,213.0
2023-07-22,-0.005050505050505051,-0.005681818181818182,0.1952662721893491,0.6304347826086957,198.0,176.0
2023-07-23,-0.03864734299516908,0.008771929824561403,0.1781609195402299,0.7311827956989247,207.0,114.0
2023-07-24,-0.06018518518518518,-0.0223463687150838,0.20454545454545456,0.5743243243243243,216.0,179.0
2023-07-25,-0.005076142131979695,-0.014388489208633094,0.22151898734177214,0.7227722772277227,197.0,139.0
2023-07-26,-0.04608294930875576,-0.02702702702702703,0.16853932584269662,0.7521367521367521,217.0,148.0
2023-07-27,-0.022935779816513763,-0.04419889502762431,0.21965317919075145,0.6712328767123288,218.0,181.0
2023-07-28,-0.04,-0.026737967914438502,0.1945945945945946,0.6527777777777778,225.0,187.0
2023-07-29,-0.0196078431372549,-0.005291005291005291,0.2222222222222222,0.7467532467532467,255.0,189.0
2023-07-30,-0.017777777777777778,-0.04891304347826087,0.21978021978021978,0.8,225.0,184.0
2023-07-31,-0.021551724137931036,0.008849557522123894,0.25806451612903225,0.7307692307692307,232.0,226.0
2023-08-01,-0.036885245901639344,0.004975124378109453,0.23684210526315788,0.7,244.0,201.0
2023-08-02,-0.03414634146341464,-0.02403846153846154,0.23225806451612904,0.6726190476190477,205.0,208.0
2023-08-03,-0.03296703296703297,-0.08,0.17123287671232876,0.6853932584269663,182.0,125.0
2023-08-04,-0.06912442396313365,-0.012658227848101266,0.2147239263803681,0.575,217.0,158.0
2023-08-05,-0.07563025210084033,-0.012578616352201259,0.24489795918367346,0.5639097744360902,238.0,159.0
2023-08-06,-0.027906976744186046,-0.02097902097902098,0.28651685393258425,0.4957983193277311,215.0,143.0
2023-08-07,-0.045714285714285714,-0.04291845493562232,0.16541353383458646,0.6971428571428572,175.0,233.0
2023-08-08,0.0106951871657754,-0.09090909090909091,0.20512820512820512,0.7,187.0,132.0
2023-08-09,0.0,-0.061855670103092786,0.17391304347826086,0.6386554621848739,206.0,194.0
2023-08-10,0.0,-0.033783783783783786,0.21621621621621623,0.5865384615384616,186.0,148.0
2023-08-11,-0.06030150753768844,-0.01875,0.17791411042944785,0.5923076923076923,199.0,160.0
2023-08-12,0.015306122448979591,-0.005291005291005291,0.2375,0.6736111111111112,196.0,189.0
2023-08-13,-0.021739130434782608,-0.047337278106508875,0.14285714285714285,0.6301369863013698,230.0,169.0
2023-08-14,-0.043478260869565216,-0.04697986577181208,0.2235294117647059,0.6752136752136753,207.0,149.0
2023-08-15,-0.08854166666666667,-0.04597701149425287,0.13071895424836602,0.7191780821917808,192.0,174.0
2023-08-16,-0.01932367149758454,-0.011428571428571429,0.17177914110429449,0.6166666666666667,207.0,175.0
2023-08-17,-0.07112970711297072,-0.06140350877192982,0.15577889447236182,0.6617647058823529,239.0,228.0
2023-08-18,-0.08015267175572519,-0.01652892561983471,0.14977973568281938,0.6492537313432836,262.0,242.0
2023-08-19,-0.0979381443298969,-0.03804347826086957,0.15432098765432098,0.696969696969697,194.0,184.0
2023-08-20,-0.029166666666666667,-0.005988023952095809,0.13917525773195877,0.625,240.0,167.0
2023-08-21,-0.04405286343612335,-0.03940886699507389,0.11170212765957446,0.6038961038961039,227.0,203.0
2023-08-22,-0.00904977375565611,-0.03355704697986577,0.18128654970760233,0.6785714285714286,221.0,149.0
2023-08-23,-0.13302752293577982,-0.03468208092485549,0.23699421965317918,0.7755102040816326,218.0,173.0
2023-08-24,-0.018779342723004695,-0.02531645569620253,0.125,0.6484375,213.0,158.0
2023-08-25,-0.049019607843137254,-0.046242774566473986,0.17261904761904762,0.6197183098591549,204.0,173.0
2023-08-26,-0.05116279069767442,-0.049723756906077346,0.12921348314606743,0.474025974025974,215.0,181.0
2023-08-27,-0.013452914798206279,-0.03225806451612903,0.193717277486911,0.5732484076433121,223.0,186.0
2023-08-28,-0.09865470852017937,-0.05759162303664921,0.15606936416184972,0.5655172413793104,223.0,191.0
2023-08-29,-0.04363636363636364,-0.060109289617486336,0.18025751072961374,0.6712328767123288,275.0,183.0
2023-08-30,-0.02304147465437788,-0.024509803921568627,0.1711229946524064,0.618421052631579,217.0,204.0
2023-08-31,-0.057291666666666664,-0.02643171806167401,0.19230769230769232,0.6871508379888268,192.0,227.0
2023-09-01,-0.048672566371681415,-0.032520325203252036,0.1839080459770115,0.6808510638297872,226.0,123.0
2023-09-02,-0.023076923076923078,-0.03333333333333333,0.2054794520547945,0.5104166666666666,260.0,120.0
2023-09-03,-0.013100436681222707,-0.017543859649122806,0.13966480446927373,0.5888888888888889,229.0,114.0
2023-09-04,-0.07407407407407407,-0.03686635944700461,0.2,0.7515527950310559,216.0,217.0
2023-09-05,-0.02631578947368421,-0.043689320388349516,0.1497326203208556,0.7183098591549296,228.0,206.0
2023-09-06,-0.036036036036036036,-0.02631578947368421,0.20454545454545456,0.7328767123287672,222.0,190.0
2023-09-07,-0.00904977375565611,-0.011111111111111112,0.26455026455026454,0.7543859649122807,221.0,180.0
2023-09-08,-0.03255813953488372,-0.0048543689320388345,0.17197452229299362,0.65,215.0,206.0
2023-09-09,-0.008733624454148471,-0.018518518518518517,0.20603015075376885,0.6267605633802817,229.0,216.0
2023-09-10,-0.04149377593360996,-0.03546099290780142,0.215,0.6363636363636364,241.0,141.0
2023-09-11,-0.08455882352941177,-0.024390243902439025,0.17391304347826086,0.6346153846153846,272.0,123.0
2023-09-12,-0.019230769230769232,-0.053475935828877004,0.14375,0.5163398692810458,208.0,187.0
2023-09-13,-0.047619047619047616,-0.015384615384615385,0.1901840490797546,0.63,210.0,130.0
2023-09-14,-0.053061224489795916,-0.03608247422680412,0.23469387755102042,0.743421052631579,245.0,194.0
2023-09-15,-0.01694915254237288,-0.03954802259887006,0.19786096256684493,0.6159420289855072,236.0,177.0
2023-09-16,-0.004201680672268907,-0.05581395348837209,0.21105527638190955,0.7560975609756098,238.0,215.0
2023-09-17,-0.033962264150943396,-0.05339805825242718,0.16972477064220184,0.7388535031847133,265.0,206.0
2023-09-18,-0.0423728813559322,-0.06666666666666667,0.16489361702127658,0.6782608695652174,236.0,165.0
2023-09-19,-0.029411764705882353,-0.046357615894039736,0.19289340101522842,0.625,238.0,151.0
2023-09-20,-0.06640625,-0.030303030303030304,0.1902439024390244,0.6774193548387096,256.0,165.0
2023-09-21,-0.029411764705882353,0.004366812227074236,0.18324607329842932,0.7482014388489209,238.0,229.0
2023-09-22,-0.008,-0.037037037037037035,0.20588235294117646,0.7241379310344828,250.0,216.0
2023-09-23,-0.03515625,-0.043689320388349516,0.215311004784689,0.697986577181208,256.0,206.0
2023-09-24,-0.0205761316872428,-0.038461538461538464,0.2182741116751269,0.768595041322314,243.0,182.0
2023-09-25,0.0,-0.07228915662650602,0.19576719576719576,0.8064516129032258,226.0,166.0
2023-09-26,-0.05365853658536585,-0.03205128205128205,0.2694610778443114,0.5849056603773585,205.0,156.0
2023-09-27,0.014150943396226415,-0.04918032786885246,0.273224043715847,0.7430555555555556,212.0,183.0
2023-09-28,-0.00423728813559322,-0.03864734299516908,0.20103092783505155,0.6064516129032258,236.0,207.0
2023-09-29,-0.00423728813559322,-0.034653465346534656,0.2553191489361702,0.6111111111111112,236.0,202.0
2023-09-30,-0.05485232067510549,-0.06611570247933884,0.32275132275132273,0.5298013245033113,237.0,242.0
2023-10-01,-0.023255813953488372,-0.005847953216374269,0.2122905027932961,0.6693548387096774,215.0,171.0
2023-10-02,-0.041044776119402986,-0.041884816753926704,0.13145539906103287,0.584,268.0,191.0
2023-10-03,-0.03056768558951965,-0.02976190476190476,0.15135135135135136,0.5793650793650794,229.0,168.0
2023-10-04,-0.019417475728155338,-0.06565656565656566,0.19886363636363635,0.7397260273972602,206.0,198.0
2023-10-05,-0.04326923076923077,-0.07755102040816327,0.20114942528735633,0.5895522388059702,208.0,245.0
2023-10-06,-0.03225806451612903,-0.034653465346534656,0.15425531914893617,0.5846153846153846,217.0,202.0
2023-10-07,-0.03734439834024896,-0.06282722513089005,0.19680851063829788,0.6643356643356644,241.0,191.0
2023-10-08,-0.027522935779816515,-0.0425531914893617,0.23353293413173654,0.7191780821917808,218.0,235.0
2023-10-09,-0.0859375,-0.04395604395604396,0.13930348258706468,0.7961165048543689,256.0,182.0
2023-10-10,-0.06666666666666667,-0.03048780487804878,0.22058823529411764,0.6341463414634146,255.0,164.0
2023-10-11,-0.040293040293040296,0.0,0.16517857142857142,0.61,273.0,136.0
2023-10-12,-0.028925619834710745,-0.031578947368421054,0.16666666666666666,0.5522388059701493,242.0,95.0
2023-10-13,-0.0037735849056603774,-0.011560693641618497,0.24519230769230768,0.5808823529411765,265.0,173.0
2023-10-14,-0.06938775510204082,-0.047619047619047616,0.22395833333333334,0.6759259259259259,245.0,147.0
2023-10-15,0.00816326530612245,-0.035897435897435895,0.1641025641025641,0.7092198581560284,245.0,195.0
2023-10-16,-0.05405405405405406,-0.05113636363636364,0.1834862385321101,0.6950354609929078,259.0,176.0
2023-10-17,-0.06,-0.052,0.1927710843373494,0.5347593582887701,200.0,250.0
2023-10-18,-0.09210526315789473,-0.05825242718446602,0.20967741935483872,0.61875,152.0,206.0
2023-10-19,-0.041884816753926704,-0.07112970711297072,0.2645161290322581,0.7210884353741497,191.0,239.0
2023-10-20,0.0,-0.017699115044247787,0.25773195876288657,0.5517241379310345,249.0,226.0
2023-10-21,-0.022123893805309734,-0.00546448087431694,0.26881720430107525,0.6496350364963503,226.0,183.0
2023-10-22,-0.03056768558951965,-0.023622047244094488,0.20441988950276244,0.7634408602150538,229.0,127.0
2023-10-23,-0.06752411575562701,-0.015873015873015872,0.1803921568627451,0.5054945054945055,311.0,126.0
2023-10-24,-0.06181818181818182,-0.03305785123966942,0.16877637130801687,0.6125,275.0,121.0
2023-10-25,-0.024691358024691357,-0.036458333333333336,0.18229166666666666,0.6363636363636364,243.0,192.0
2023-10-26,-0.05,-0.06282722513089005,0.22267206477732793,0.671875,320.0,191.0
2023-10-27,-0.06550218340611354,-0.049019607843137254,0.2640449438202247,0.6453900709219859,229.0,204.0
2023-10-28,-0.03571428571428571,-0.03463203463203463,0.27184466019417475,0.6950354609929078,252.0,231.0
2023-10-29,-0.0611353711790393,0.017341040462427744,0.2833333333333333,0.5729166666666666,229.0,173.0
2023-10-30,-0.052434456928838954,-0.06060606060606061,0.25806451612903225,0.5961538461538461,267.0,165.0
2023-10-31,-0.022058823529411766,-0.03773584905660377,0.1895734597156398,0.6470588235294118,272.0,106.0
2023-11-01,-0.041666666666666664,-0.07329842931937172,0.18324607329842932,0.631578947368421,240.0,191.0
2023-11-02,-0.058577405857740586,-0.024752475247524754,0.20618556701030927,0.6623376623376623,239.0,202.0
2023-11-03,-0.02074688796680498,-0.04680851063829787,0.233502538071066,0.7440476190476191,241.0,235.0
2023-11-04,-0.07563025210084033,-0.011695906432748537,0.2864864864864865,0.7058823529411765,238.0,171.0
2023-11-05,-0.08108108108108109,-0.07582938388625593,0.2626728110599078,0.6446280991735537,296.0,211.0
2023-11-06,-0.03636363636363636,-0.041237113402061855,0.2976190476190476,0.7572815533980582,220.0,194.0
2023-11-07,-0.05426356589147287,-0.018691588785046728,0.22885572139303484,0.5394736842105263,258.0,107.0
2023-11-08,-0.027888446215139442,0.005555555555555556,0.2755102040816326,0.5503875968992248,251.0,180.0
2023-11-09,-0.03389830508474576,-0.06569343065693431,0.1776061776061776,0.6481481481481481,295.0,137.0
2023-11-10,-0.0821917808219178,-0.024,0.21008403361344538,0.7395833333333334,292.0,125.0
2023-11-11,-0.05241935483870968,-0.049079754601226995,0.15706806282722513,0.7307692307692307,248.0,163.0
2023-11-12,-0.03404255319148936,-0.07878787878787878,0.24324324324324326,0.6057692307692307,235.0,165.0
2023-11-13,-0.05660377358490566,-0.05,0.21395348837209302,0.6407766990291263,265.0,140.0
2023-11-14,-0.043668122270742356,0.0,0.26666666666666666,0.671875,229.0,232.0
2023-11-15,-0.05,0.03389830508474576,0.2604166666666667,0.6992481203007519,240.0,177.0
2023-11-16,-0.088,-0.046357615894039736,0.27807486631016043,0.6134453781512605,250.0,151.0
2023-11-17,-0.06808510638297872,-0.06956521739130435,0.2849162011173184,0.5925925925925926,235.0,115.0
2023-11-18,-0.019138755980861243,-0.007352941176470588,0.23417721518987342,0.7407407407407407,209.0,136.0
2023-11-19,-0.08264462809917356,-0.03902439024390244,0.24736842105263157,0.704,242.0,205.0
2023-11-20,-0.04329004329004329,-0.006802721088435374,0.3407821229050279,0.6862745098039216,231.0,147.0
2023-11-21,-0.04326923076923077,-0.03940886699507389,0.34146341463414637,0.5445544554455446,208.0,203.0
2023-11-22,-0.06578947368421052,0.0044444444444444444,0.3163841807909605,0.7513812154696132,228.0,225.0
2023-11-23,-0.04296875,-0.006060606060606061,0.26666666666666666,0.848,256.0,165.0
2023-11-24,-0.07981220657276995,-0.02877697841726619,0.19631901840490798,0.5436893203883495,213.0,139.0
2023-11-25,-0.14222222222222222,-0.014285714285714285,0.29012345679012347,0.5733333333333334,225.0,210.0
2023-11-26,-0.0546875,-0.02857142857142857,0.30113636363636365,0.698019801980198,256.0,245.0
2023-11-27,-0.04065040650406504,-0.0125,0.25,0.6611570247933884,246.0,160.0
2023-11-28,-0.056451612903225805,-0.013333333333333334,0.3005464480874317,0.7028985507246377,248.0,225.0
2023-11-29,-0.03017241379310345,0.0,0.27607361963190186,0.5555555555555556,232.0,174.0
2023-11-30,-0.07725321888412018,-0.04794520547945205,0.2011173184357542,0.7254901960784313,233.0,146.0
2023-12-01,-0.025,-0.0730593607305936,0.27941176470588236,0.578125,240.0,219.0
2023-12-02,-0.05537459283387622,-0.02358490566037736,0.26356589147286824,0.41414141414141414,307.0,212.0
2023-12-03,-0.056140350877192984,-0.012048192771084338,0.1939655172413793,0.5462184873949579,285.0,166.0
2023-12-04,-0.026578073089700997,-0.044444444444444446,0.13253012048192772,0.671875,301.0,225.0
2023-12-05,-0.059190031152647975,-0.0380952380952381,0.1828358208955224,0.7412587412587412,321.0,210.0
2023-12-06,-0.05860805860805861,-0.013333333333333334,0.22362869198312235,0.7083333333333334,273.0,150.0
2023-12-07,-0.05426356589147287,0.006172839506172839,0.2358974358974359,0.6410256410256411,258.0,162.0
2023-12-08,-0.04526748971193416,-0.057692307692307696,0.25,0.7058823529411765,243.0,208.0
2023-12-09,-0.03734439834024896,-0.017045454545454544,0.2647058823529412,0.5736434108527132,241.0,176.0
2023-12-10,-0.031496062992125984,-0.030120481927710843,0.24102564102564103,0.6363636363636364,254.0,166.0
2023-12-11,-0.049429657794676805,-0.04424778761061947,0.14678899082568808,0.6704545454545454,263.0,113.0
2023-12-12,-0.06589147286821706,-0.05747126436781609,0.2072072072072072,0.6737588652482269,258.0,174.0
2023-12-13,-0.07042253521126761,-0.07096774193548387,0.23148148148148148,0.6521739130434783,284.0,155.0
2023-12-14,-0.043137254901960784,0.0,0.24873096446700507,0.6285714285714286,255.0,147.0
2023-12-15,-0.05084745762711865,-0.028409090909090908,0.26595744680851063,0.7033898305084746,236.0,176.0
2023-12-16,-0.06696428571428571,-0.045112781954887216,0.31446540880503143,0.5675675675675675,224.0,133.0
2023-12-17,-0.07075471698113207,-0.017964071856287425,0.3391812865497076,0.6031746031746031,212.0,167.0
2023-12-18,-0.03292181069958848,-0.024390243902439025,0.30049261083743845,0.7432432432432432,243.0,123.0
2023-12-19,-0.07251908396946564,0.0,0.3047619047619048,0.6210526315789474,262.0,137.0
2023-12-20,-0.07281553398058252,-0.006993006993006993,0.3148148148148148,0.5740740740740741,206.0,143.0
2023-12-21,-0.0730593607305936,-0.06735751295336788,0.28,0.6277372262773723,219.0,193.0
2023-12-22,-0.015444015444015444,-0.04744525547445255,0.33980582524271846,0.6514285714285715,259.0,274.0
2023-12-23,-0.05416666666666667,-0.08071748878923767,0.3707865168539326,0.6083333333333333,240.0,223.0
2023-12-24,-0.056910569105691054,-0.044534412955465584,0.2153846153846154,0.7391304347826086,246.0,247.0
2023-12-25,-0.08270676691729323,-0.047619047619047616,0.30660377358490565,0.7107438016528925,266.0,273.0
2023-12-26,-0.0041841004184100415,-0.03167420814479638,0.18,0.7655172413793103,239.0,221.0
2023-12-27,-0.011278195488721804,-0.03821656050955414,0.20833333333333334,0.7094017094017094,266.0,157.0
2023-12-28,-0.09282700421940929,-0.017543859649122806,0.2742857142857143,0.5950413223140496,237.0,228.0
2023-12-29,-0.07450980392156863,-0.038461538461538464,0.3737864077669903,0.5892857142857143,255.0,182.0
2023-12-30,-0.06934306569343066,-0.0070921985815602835,0.31363636363636366,0.6415094339622641,274.0,141.0
2023-12-31,-0.04184100418410042,-0.042682926829268296,0.31382978723404253,0.6666666666666666,239.0,164.0
2024-01-01,-0.03496503496503497,0.032,0.30493273542600896,0.5376344086021505,286.0,125.0
2024-01-02,-0.04513888888888889,-0.014084507042253521,0.24358974358974358,0.7572815533980582,288.0,142.0
2024-01-03,-0.06375838926174497,-0.07103825136612021,0.24324324324324326,0.6690140845070423,298.0,183.0
2024-01-04,-0.06691449814126393,-0.015306122448979591,0.2938388625592417,0.5985401459854015,269.0,196.0
2024-01-05,-0.04067796610169491,-0.007352941176470588,0.2490118577075099,0.7291666666666666,295.0,136.0
2024-01-06,-0.0794979079497908,0.0,0.24479166666666666,0.6752136752136753,239.0,171.0
2024-01-07,-0.006389776357827476,0.0,0.21454545454545454,0.6857142857142857,313.0,175.0
2024-01-08,-0.07028753993610223,-0.02040816326530612,0.28185328185328185,0.7045454545454546,313.0,196.0
2024-01-09,-0.08455882352941177,0.004291845493562232,0.2543859649122807,0.6865671641791045,272.0,233.0
2024-01-10,-0.0749185667752443,0.0,0.3015267175572519,0.5982142857142857,307.0,169.0
2024-01-11,-0.023696682464454975,-0.017543859649122806,0.28804347826086957,0.7293233082706767,211.0,171.0
2024-01-12,-0.05423728813559322,-0.012422360248447204,0.4126984126984127,0.6583333333333333,295.0,161.0
2024-01-13,-0.06688963210702341,0.0,0.319672131147541,0.776,299.0,193.0
2024-01-14,-0.05454545454545454,-0.02336448598130841,0.3730769230769231,0.7241379310344828,330.0,214.0
2024-01-15,-0.06227106227106227,-0.03867403314917127,0.29357798165137616,0.6940298507462687,273.0,181.0
2024-01-16,-0.004484304932735426,0.011111111111111112,0.3413173652694611,0.7479674796747967,223.0,180.0
2024-01-17,-0.036036036036036036,-0.01020408163265306,0.38323353293413176,0.6511627906976745,222.0,196.0
2024-01-18,-0.0703125,-0.017045454545454544,0.24083769633507854,0.7076923076923077,256.0,176.0
2024-01-19,-0.11428571428571428,-0.012578616352201259,0.3108108108108108,0.7722772277227723,280.0,159.0
2024-01-20,-0.046511627906976744,-0.03296703296703297,0.33163265306122447,0.78125,258.0,182.0
2024-01-21,-0.06167400881057269,0.006211180124223602,0.2469879518072289,0.7372881355932204,227.0,161.0
2024-01-22,-0.054474708171206226,-0.031007751937984496,0.2898550724637681,0.7849462365591398,257.0,129.0
2024-01-23,-0.07450980392156863,0.048,0.22018348623853212,0.776595744680851,255.0,125.0
2024-01-24,-0.04779411764705882,0.0,0.2672413793103448,0.5886524822695035,272.0,169.0
2024-01-25,-0.04390243902439024,-0.00684931506849315,0.2974683544303797,0.7058823529411765,205.0,146.0
2024-01-26,-0.03937007874015748,0.005050505050505051,0.208955223880597,0.6595744680851063,254.0,198.0
2024-01-27,-0.03543307086614173,-0.03365384615384615,0.30612244897959184,0.7577639751552795,254.0,208.0
2024-01-28,-0.051181102362204724,-0.0223463687150838,0.22727272727272727,0.6428571428571429,254.0,179.0
2024-01-29,-0.058823529411764705,0.005988023952095809,0.2192513368983957,0.6583333333333333,238.0,167.0
2024-01-30,-0.02702702702702703,0.0,0.3165829145728643,0.6774193548387096,259.0,130.0
2024-01-31,-0.0653061224489796,-0.033783783783783786,0.3541666666666667,0.5714285714285714,245.0,148.0
2024-02-01,-0.04291845493562232,-0.02717391304347826,0.3430232558139535,0.6818181818181818,233.0,184.0
2024-02-02,-0.02145922746781116,-0.04945054945054945,0.3707865168539326,0.5655737704918032,233.0,182.0
2024-02-03,-0.1,-0.030612244897959183,0.29608938547486036,0.6917808219178082,220.0,196.0
2024-02-04,-0.032388663967611336,-0.03825136612021858,0.22959183673469388,0.672,247.0,183.0
2024-02-05,-0.04433497536945813,-0.030612244897959183,0.2839506172839506,0.6585365853658537,203.0,196.0
2024-02-06,-0.06787330316742081,-0.057692307692307696,0.2529411764705882,0.78,221.0,156.0
2024-02-07,-0.08636363636363636,-0.02127659574468085,0.3114754098360656,0.7586206896551724,220.0,188.0
2024-02-08,-0.07003891050583658,0.005952380952380952,0.24378109452736318,0.6842105263157895,257.0,168.0
2024-02-09,-0.01824817518248175,-0.04433497536945813,0.21875,0.6747967479674797,274.0,203.0
2024-02-10,-0.05818181818181818,0.0,0.25116279069767444,0.6790123456790124,275.0,221.0
2024-02-11,-0.03900709219858156,0.015873015873015872,0.22807017543859648,0.6888888888888889,282.0,189.0
2024-02-12,-0.010101010101010102,0.016129032258064516,0.25,0.688,297.0,186.0
2024-02-13,-0.0856269113149847,-0.051643192488262914,0.25830258302583026,0.6408450704225352,327.0,213.0
2024-02-14,-0.03103448275862069,-0.03111111111111111,0.2190082644628099,0.7142857142857143,290.0,225.0
2024-02-15,-0.02158273381294964,-0.05102040816326531,0.252212389380531,0.6384615384615384,278.0,196.0
2024-02-16,-0.027559055118110236,0.0,0.20095693779904306,0.618421052631579,254.0,103.0
2024-02-17,-0.06713780918727916,-0.046875,0.2956521739130435,0.6691729323308271,283.0,192.0
2024-02-18,-0.08771929824561403,-0.03225806451612903,0.3076923076923077,0.7692307692307693,285.0,279.0
2024-02-19,-0.03543307086614173,-0.0273224043715847,0.29545454545454547,0.5862068965517241,254.0,183.0
2024-02-20,-0.07058823529411765,-0.016853932584269662,0.24154589371980675,0.5815602836879432,255.0,178.0
2024-02-21,-0.07258064516129033,0.005649717514124294,0.28217821782178215,0.5089285714285714,248.0,177.0
2024-02-22,-0.0375,0.0,0.34594594594594597,0.5595238095238095,240.0,107.0
2024-02-23,-0.0502092050209205,-0.07377049180327869,0.2874251497005988,0.5070422535211268,239.0,122.0
2024-02-24,-0.03308823529411765,0.0,0.215962441314554,0.620253164556962,272.0,222.0
2024-02-25,-0.004201680672268907,-0.036585365853658534,0.3089005235602094,0.7120418848167539,238.0,246.0
2024-02-26,-0.04797047970479705,-0.026455026455026454,0.2374429223744292,0.6923076923076923,271.0,189.0
2024-02-27,-0.057750759878419454,-0.05228758169934641,0.2392857142857143,0.7454545454545455,329.0,153.0
2024-02-28,-0.07407407407407407,-0.019230769230769232,0.16049382716049382,0.6890756302521008,270.0,156.0
2024-02-29,-0.026578073089700997,-0.025477707006369428,0.19183673469387755,0.5511811023622047,301.0,157.0
2024-03-01,-0.03741496598639456,-0.010869565217391304,0.28512396694214875,0.5895522388059702,294.0,184.0
2024-03-02,-0.017421602787456445,-0.030927835051546393,0.22950819672131148,0.5620915032679739,287.0,194.0
2024-03-03,-0.05511811023622047,-0.008583690987124463,0.20418848167539266,0.6016949152542372,254.0,233.0
2024-03-04,-0.05341246290801187,-0.010526315789473684,0.2771929824561403,0.6611570247933884,337.0,190.0
2024-03-05,-0.04777070063694268,-0.08074534161490683,0.22857142857142856,0.5849056603773585,314.0,161.0
2024-03-06,-0.022151898734177215,-0.015384615384615385,0.17625899280575538,0.6691176470588235,316.0,195.0
2024-03-07,-0.08163265306122448,-0.023952095808383235,0.19915254237288135,0.5409836065573771,294.0,167.0
2024-03-08,-0.040955631399317405,-0.03783783783783784,0.16141732283464566,0.5789473684210527,293.0,185.0
2024-03-09,-0.03806228373702422,-0.04950495049504951,0.20502092050209206,0.6376811594202898,289.0,202.0
2024-03-10,-0.05555555555555555,-0.017045454545454544,0.24789915966386555,0.6692913385826772,288.0,176.0
2024-03-11,-0.03823529411764706,-0.05527638190954774,0.24100719424460432,0.6666666666666666,340.0,199.0
2024-03-12,-0.0449438202247191,-0.025,0.26635514018691586,0.6935483870967742,267.0,160.0
2024-03-13,-0.003663003663003663,-0.038461538461538464,0.273542600896861,0.7155172413793104,273.0,156.0
2024-03-14,-0.030716723549488054,-0.005405405405405406,0.2687224669603524,0.7391304347826086,293.0,185.0
2024-03-15,-0.037800687285223365,-0.06428571428571428,0.21138211382113822,0.6831683168316832,291.0,140.0
2024-03-16,-0.06319702602230483,-0.020942408376963352,0.28110599078341014,0.6910569105691057,269.0,191.0
2024-03-17,-0.03515625,-0.027624309392265192,0.2081447963800905,0.6666666666666666,256.0,181.0
2024-03-18,-0.0311284046692607,-0.029535864978902954,0.32211538461538464,0.7182320441988951,257.0,237.0
2024-03-19,-0.07279693486590039,-0.03862660944206009,0.25892857142857145,0.6060606060606061,261.0,233.0
2024-03-20,-0.056962025316455694,-0.01092896174863388,0.25,0.6504065040650406,316.0,183.0
2024-03-21,-0.0622568093385214,-0.01702127659574468,0.2783018867924528,0.6441717791411042,257.0,235.0
2024-03-22,-0.05555555555555555,-0.034782608695652174,0.23557692307692307,0.5849056603773585,252.0,230.0
2024-03-23,-0.06808510638297872,-0.046153846153846156,0.3155080213903743,0.7465753424657534,235.0,195.0
2024-03-24,-0.06167400881057269,-0.048034934497816595,0.3,0.7692307692307693,227.0,229.0
2024-03-25,-0.027874564459930314,-0.025,0.252212389380531,0.7553956834532374,287.0,200.0
2024-03-26,-0.08921933085501858,-0.026881720430107527,0.3054187192118227,0.589041095890411,269.0,186.0
2024-03-27,-0.05,-0.02252252252252252,0.3005181347150259,0.6407185628742516,240.0,222.0
2024-03-28,-0.08583690987124463,-0.051181102362204724,0.3352601156069364,0.7239263803680982,233.0,254.0
2024-03-29,-0.004273504273504274,-0.022900763358778626,0.327683615819209,0.6788321167883211,234.0,262.0
2024-03-30,-0.04428044280442804,-0.038461538461538464,0.27699530516431925,0.5424836601307189,271.0,260.0
2024-03-31,0.0,-0.039473684210526314,0.24723247232472326,0.7203389830508474,334.0,228.0
2024-04-01,-0.019230769230769232,-0.03875968992248062,0.25870646766169153,0.847682119205298,260.0,258.0
2024-04-02,-0.06227106227106227,-0.04672897196261682,0.25327510917030566,0.6538461538461539,273.0,214.0
2024-04-03,-0.06818181818181818,-0.10116731517509728,0.28019323671497587,0.546583850931677,264.0,257.0
2024-04-04,-0.0398406374501992,0.0044444444444444444,0.2631578947368421,0.5034965034965035,251.0,225.0
2024-04-05,-0.03305785123966942,-0.08733624454148471,0.24444444444444444,0.5642857142857143,242.0,229.0
2024-04-06,-0.028455284552845527,-0.0390625,0.29292929292929293,0.6871165644171779,246.0,256.0
2024-04-07,-0.05138339920948617,-0.07179487179487179,0.24761904761904763,0.60431654676259,253.0,195.0
2024-04-08,-0.05860805860805861,-0.05241935483870968,0.2336448598130841,0.7411764705882353,273.0,248.0
2024-04-09,-0.09634551495016612,-0.06048387096774194,0.2550607287449393,0.732484076433121,301.0,248.0
2024-04-10,-0.030418250950570342,-0.0743801652892562,0.28110599078341014,0.6054421768707483,263.0,242.0
2024-04-11,-0.05434782608695652,-0.027649769585253458,0.3532110091743119,0.8028169014084507,276.0,217.0
2024-04-12,-0.06748466257668712,-0.0547945205479452,0.2364341085271318,0.5652173913043478,326.0,219.0
2024-04-13,-0.09191176470588236,-0.040983606557377046,0.17567567567567569,0.5068493150684932,272.0,244.0
2024-04-14,-0.08064516129032258,-0.051587301587301584,0.17786561264822134,0.5614035087719298,310.0,252.0
2024-04-15,-0.05904059040590406,-0.039647577092511016,0.21777777777777776,0.5882352941176471,271.0,227.0
2024-04-16,-0.09747292418772563,-0.023346303501945526,0.31277533039647576,0.5882352941176471,277.0,257.0
2024-04-17,-0.0648854961832061,-0.0427807486631016,0.22857142857142856,0.703125,262.0,187.0
2024-04-18,-0.07272727272727272,-0.027906976744186046,0.2465753424657534,0.7467532467532467,275.0,215.0
2024-04-19,-0.07272727272727272,-0.017316017316017316,0.24324324324324326,0.7094594594594594,275.0,231.0
2024-04-20,-0.0661764705882353,0.0043859649122807015,0.27403846153846156,0.7532467532467533,272.0,228.0
2024-04-21,-0.09881422924901186,-0.02727272727272727,0.39790575916230364,0.6433566433566433,253.0,220.0
2024-04-22,-0.08333333333333333,-0.04424778761061947,0.30409356725146197,0.6818181818181818,240.0,226.0
2024-04-23,-0.01646090534979424,-0.01951219512195122,0.2786885245901639,0.7371794871794872,243.0,205.0
2024-04-24,-0.03557312252964427,-0.02197802197802198,0.2964824120603015,0.7092198581560284,253.0,182.0
2024-04-25,-0.036290322580645164,-0.016129032258064516,0.3507853403141361,0.7348484848484849,248.0,186.0
2024-04-26,-0.01652892561983471,-0.030303030303030304,0.3103448275862069,0.6422764227642277,242.0,165.0
2024-04-27,-0.05726872246696035,-0.043478260869565216,0.2303370786516854,0.6206896551724138,227.0,207.0
2024-04-28,-0.04926108374384237,-0.04265402843601896,0.3227848101265823,0.7467532467532467,203.0,211.0
2024-04-29,-0.0660377358490566,-0.02030456852791878,0.3575757575757576,0.7454545454545455,212.0,197.0
2024-04-30,-0.08,-0.028735632183908046,0.27014218009478674,0.6788990825688074,275.0,174.0
2024-05-01,-0.06993006993006994,-0.029239766081871343,0.1271186440677966,0.5982905982905983,286.0,171.0
2024-05-02,-0.0859106529209622,-0.055,0.23430962343096234,0.5967741935483871,291.0,200.0
2024-05-03,-0.048,-0.02197802197802198,0.22043010752688172,0.6811594202898551,250.0,182.0
2024-05-04,-0.03773584905660377,-0.01,0.26666666666666666,0.5733333333333334,212.0,200.0
2024-05-05,-0.04184100418410042,-0.02843601895734597,0.32786885245901637,0.7449664429530202,239.0,211.0
2024-05-06,-0.09727626459143969,-0.04918032786885246,0.29015544041450775,0.6923076923076923,257.0,183.0
2024-05-07,-0.07024793388429752,-0.00558659217877095,0.28125,0.5350877192982456,242.0,179.0
2024-05-08,-0.07539682539682539,-0.04310344827586207,0.30158730158730157,0.781021897810219,252.0,232.0
2024-05-09,-0.06986899563318777,-0.031914893617021274,0.3333333333333333,0.8194444444444444,229.0,188.0
2024-05-10,-0.1072961373390558,-0.045454545454545456,0.28488372093023256,0.616,233.0,176.0
2024-05-11,-0.08653846153846154,-0.005376344086021506,0.2631578947368421,0.6907894736842105,208.0,186.0
2024-05-12,-0.07058823529411765,0.0,0.3736842105263158,0.6690140845070423,255.0,182.0
2024-05-13,-0.07391304347826087,-0.026490066225165563,0.2916666666666667,0.6956521739130435,230.0,151.0
2024-05-14,-0.09090909090909091,-0.022857142857142857,0.3263157894736842,0.5739130434782609,242.0,175.0
2024-05-15,-0.07053941908713693,-0.027649769585253458,0.28421052631578947,0.5579710144927537,241.0,217.0
2024-05-16,-0.08097165991902834,-0.020080321285140562,0.3181818181818182,0.6932515337423313,247.0,249.0
2024-05-17,-0.04205607476635514,-0.08713692946058091,0.391025641025641,0.47761194029850745,214.0,241.0
2024-05-18,-0.05042016806722689,-0.03461538461538462,0.2616279069767442,0.7715736040609137,238.0,260.0
2024-05-19,-0.05761316872427984,-0.016216216216216217,0.2655367231638418,0.5354330708661418,243.0,185.0
2024-05-20,-0.030303030303030304,-0.06909090909090909,0.29949238578680204,0.7707006369426752,264.0,275.0
2024-05-21,-0.06622516556291391,-0.072,0.24782608695652175,0.6962025316455697,302.0,250.0
2024-05-22,-0.015873015873015872,-0.02040816326530612,0.19047619047619047,0.6941176470588235,252.0,245.0
2024-05-23,-0.045283018867924525,-0.03864734299516908,0.20952380952380953,0.7073170731707317,265.0,207.0
2024-05-24,-0.05054151624548736,-0.06880733944954129,0.31797235023041476,0.7051282051282052,277.0,218.0
2024-05-25,-0.046413502109704644,-0.03414634146341464,0.3298429319371728,0.7350993377483444,237.0,205.0
2024-05-26,-0.08189655172413793,-0.034220532319391636,0.27439024390243905,0.601010101010101,232.0,263.0
2024-05-27,-0.044444444444444446,-0.013333333333333334,0.2785388127853881,0.6896551724137931,270.0,225.0
2024-05-28,-0.04741379310344827,0.029069767441860465,0.3058823529411765,0.631578947368421,232.0,172.0
2024-05-29,-0.03686635944700461,-0.022099447513812154,0.33116883116883117,0.610738255033557,217.0,181.0
2024-05-30,-0.01818181818181818,-0.019417475728155338,0.25,0.6781609195402298,220.0,206.0
2024-05-31,-0.032520325203252036,0.026845637583892617,0.25133689839572193,0.5803571428571429,246.0,149.0
2024-06-01,-0.0787037037037037,-0.04838709677419355,0.29375,0.7024793388429752,216.0,186.0
2024-06-02,-0.088,-0.012422360248447204,0.28350515463917525,0.5901639344262295,250.0,161.0
2024-06-03,-0.030303030303030304,-0.07100591715976332,0.3076923076923077,0.5299145299145299,231.0,169.0
2024-06-04,-0.043478260869565216,0.021621621621621623,0.1891891891891892,0.564625850340136,276.0,185.0
2024-06-05,0.0,-0.006134969325153374,0.34,0.6888888888888889,253.0,163.0
2024-06-06,-0.06172839506172839,-0.06547619047619048,0.27586206896551724,0.6511627906976745,243.0,168.0
2024-06-07,-0.06691449814126393,-0.0962566844919786,0.17766497461928935,0.5238095238095238,269.0,187.0
2024-06-08,-0.04741379310344827,-0.08465608465608465,0.26900584795321636,0.6381578947368421,232.0,189.0
2024-06-09,-0.07755102040816327,-0.026845637583892617,0.22777777777777777,0.6981132075471698,245.0,149.0
2024-06-10,-0.03896103896103896,-0.08053691275167785,0.2198952879581152,0.6578947368421053,231.0,149.0
2024-06-11,-0.08661417322834646,-0.043478260869565216,0.18867924528301888,0.6696428571428571,254.0,138.0
2024-06-12,-0.05714285714285714,-0.01910828025477707,0.3032258064516129,0.5508474576271186,210.0,157.0
2024-06-13,-0.0944206008583691,-0.015267175572519083,0.3064516129032258,0.6521739130434783,233.0,131.0
2024-06-14,-0.08602150537634409,-0.05235602094240838,0.2096069868995633,0.6854838709677419,279.0,191.0
2024-06-15,-0.06909090909090909,-0.026737967914438502,0.2626728110599078,0.5755395683453237,275.0,187.0
2024-06-16,-0.04824561403508772,-0.03424657534246575,0.3352601156069364,0.7570093457943925,228.0,146.0
2024-06-17,-0.05223880597014925,-0.030534351145038167,0.2562814070351759,0.6224489795918368,268.0,131.0
2024-06-18,-0.08235294117647059,-0.0873015873015873,0.2087378640776699,0.6761904761904762,255.0,126.0
2024-06-19,-0.07480314960629922,0.0,0.24731182795698925,0.7088607594936709,254.0,205.0
2024-06-20,-0.07456140350877193,-0.005,0.33707865168539325,0.7162162162162162,228.0,200.0
2024-06-21,-0.056,-0.015,0.34408602150537637,0.722972972972973,250.0,200.0
2024-06-22,-0.04,-0.022099447513812154,0.3191489361702128,0.6115107913669064,250.0,181.0
2024-06-23,-0.0711743772241993,0.020833333333333332,0.23636363636363636,0.6601307189542484,281.0,192.0
2024-06-24,-0.12244897959183673,-0.021052631578947368,0.138996138996139,0.6438356164383562,294.0,190.0
2024-06-25,-0.022641509433962263,-0.013888888888888888,0.16113744075829384,0.6050420168067226,265.0,144.0
2024-06-26,-0.06614785992217899,0.006993006993006993,0.27860696517412936,0.6982758620689655,257.0,143.0
2024-06-27,-0.07407407407407407,-0.039473684210526314,0.2980769230769231,0.7258064516129032,270.0,152.0
2024-06-28,-0.06965174129353234,0.006493506493506494,0.18439716312056736,0.5826086956521739,201.0,154.0
2024-06-29,-0.0423728813559322,-0.027649769585253458,0.21468926553672316,0.740506329113924,236.0,217.0
2024-06-30,-0.03418803418803419,-0.013605442176870748,0.22988505747126436,0.71,234.0,147.0
2024-07-01,-0.054945054945054944,-0.029411764705882353,0.32211538461538464,0.6793893129770993,273.0,170.0
2024-07-02,-0.02158273381294964,-0.023622047244094488,0.3008849557522124,0.6538461538461539,278.0,127.0
2024-07-03,-0.07371794871794872,-0.029585798816568046,0.17647058823529413,0.6095238095238096,312.0,169.0
2024-07-04,-0.09771986970684039,-0.012903225806451613,0.16862745098039217,0.7289719626168224,307.0,155.0
2024-07-05,-0.1268882175226586,-0.03864734299516908,0.12186379928315412,0.7049180327868853,331.0,207.0
2024-07-06,-0.06796116504854369,-0.024193548387096774,0.168,0.6944444444444444,309.0,124.0
2024-07-07,-0.07194244604316546,0.0,0.2062780269058296,0.673469387755102,278.0,157.0
2024-07-08,-0.09333333333333334,-0.03225806451612903,0.15891472868217055,0.7126436781609196,300.0,124.0
2024-07-09,-0.07251908396946564,-0.07142857142857142,0.30392156862745096,0.7922077922077922,262.0,98.0
2024-07-10,-0.06976744186046512,-0.03125,0.19248826291079812,0.6796116504854369,258.0,128.0
2024-07-11,-0.047244094488188976,-0.032520325203252036,0.1686746987951807,0.5681818181818182,254.0,246.0
2024-07-12,-0.04895104895104895,-0.019230769230769232,0.2694063926940639,0.5510204081632653,286.0,208.0
2024-07-13,-0.06201550387596899,-0.0036363636363636364,0.19444444444444445,0.7757009345794392,258.0,275.0
2024-07-14,-0.011583011583011582,-0.004672897196261682,0.15873015873015872,0.6304347826086957,259.0,214.0
2024-07-15,0.0,-0.05741626794258373,0.23255813953488372,0.7092198581560284,278.0,209.0
2024-07-16,-0.06093189964157706,-0.017937219730941704,0.22065727699530516,0.4567901234567901,279.0,223.0
2024-07-17,-0.07142857142857142,-0.02127659574468085,0.20670391061452514,0.5912408759124088,266.0,188.0
2024-07-18,-0.09565217391304348,-0.049773755656108594,0.25949367088607594,0.7142857142857143,230.0,221.0
2024-07-19,-0.10441767068273092,-0.0136986301369863,0.17341040462427745,0.584070796460177,249.0,146.0
2024-07-20,-0.06589147286821706,0.0,0.21808510638297873,0.6864406779661016,258.0,169.0
2024-07-21,-0.06276150627615062,-0.01639344262295082,0.16759776536312848,0.6116504854368932,239.0,183.0
2024-07-22,-0.055970149253731345,-0.029850746268656716,0.2222222222222222,0.6741573033707865,268.0,134.0
2024-07-23,-0.06222222222222222,-0.005988023952095809,0.24858757062146894,0.65625,225.0,167.0
2024-07-24,-0.03418803418803419,-0.03418803418803419,0.25,0.6046511627906976,234.0,117.0
2024-07-25,-0.05970149253731343,-0.029940119760479042,0.3155339805825243,0.6451612903225806,268.0,167.0
2024-07-26,-0.02066115702479339,-0.012048192771084338,0.2849462365591398,0.5957446808510638,242.0,249.0
2024-07-27,-0.041666666666666664,0.0,0.22900763358778625,0.6637931034482759,192.0,170.0
2024-07-28,-0.09009009009009009,-0.041176470588235294,0.1858974358974359,0.7094017094017094,222.0,170.0
2024-07-29,-0.08296943231441048,-0.02127659574468085,0.21794871794871795,0.7244897959183674,229.0,141.0
2024-07-30,-0.107981220657277,-0.029411764705882353,0.25149700598802394,0.7155963302752294,213.0,136.0
2024-07-31,-0.051181102362204724,-0.023255813953488372,0.21875,0.6408450704225352,254.0,172.0
2024-08-01,-0.04198473282442748,-0.05747126436781609,0.1834862385321101,0.624,262.0,174.0
2024-08-02,-0.054474708171206226,-0.07981220657276995,0.18407960199004975,0.4461538461538462,257.0,213.0
2024-08-03,-0.07272727272727272,-0.05726872246696035,0.2242152466367713,0.6866666666666666,275.0,227.0
2024-08-04,-0.10452961672473868,-0.02564102564102564,0.1722689075630252,0.7185185185185186,287.0,195.0
2024-08-05,-0.13157894736842105,-0.05429864253393665,0.0777027027027027,0.6433566433566433,342.0,221.0
2024-08-06,-0.06287425149700598,0.005847953216374269,0.14391143911439114,0.7045454545454546,334.0,171.0
2024-08-07,-0.04964539007092199,-0.01948051948051948,0.27312775330396477,0.648,282.0,154.0
2024-08-08,-0.07720588235294118,0.0,0.1651376146788991,0.7373737373737373,272.0,182.0
2024-08-09,-0.07746478873239436,-0.010752688172043012,0.17061611374407584,0.6612903225806451,284.0,93.0
2024-08-10,-0.06792452830188679,-0.024096385542168676,0.175,0.7627118644067796,265.0,83.0
2024-08-11,-0.0752212389380531,-0.025806451612903226,0.18471337579617833,0.7818181818181819,226.0,155.0
2024-08-12,-0.05172413793103448,-0.020942408376963352,0.20855614973262032,0.6126760563380281,232.0,191.0
2024-08-13,-0.07751937984496124,-0.07878787878787878,0.16666666666666666,0.7094017094017094,258.0,165.0
2024-08-14,-0.06545454545454546,-0.032467532467532464,0.2843601895734597,0.65,275.0,154.0
2024-08-15,-0.06859205776173286,-0.01775147928994083,0.19282511210762332,0.6821705426356589,277.0,169.0
2024-08-16,-0.061488673139158574,-0.03773584905660377,0.18,0.5849056603773585,309.0,159.0
2024-08-17,-0.056818181818181816,-0.01932367149758454,0.22488038277511962,0.6,264.0,207.0
2024-08-18,-0.05454545454545454,-0.05394190871369295,0.2692307692307692,0.5853658536585366,275.0,241.0
2024-08-19,-0.07954545454545454,-0.0390625,0.30434782608695654,0.5732484076433121,264.0,256.0
2024-08-20,-0.07954545454545454,-0.07017543859649122,0.3140096618357488,0.625,264.0,228.0
2024-08-21,-0.027559055118110236,-0.012711864406779662,0.26842105263157895,0.712707182320442,254.0,236.0
2024-08-22,-0.028225806451612902,-0.03225806451612903,0.12169312169312169,0.7480916030534351,248.0,186.0
2024-08-23,-0.01984126984126984,-0.04128440366972477,0.19095477386934673,0.7142857142857143,252.0,218.0
2024-08-24,-0.078125,-0.040697674418604654,0.20618556701030927,0.6594202898550725,256.0,172.0
2024-08-25,-0.06896551724137931,0.016042780748663103,0.2962962962962963,0.775,261.0,187.0
2024-08-26,-0.05172413793103448,0.018604651162790697,0.17045454545454544,0.6493506493506493,232.0,215.0
2024-08-27,-0.03333333333333333,-0.05907172995780591,0.15422885572139303,0.7071428571428572,240.0,237.0
2024-08-28,-0.09803921568627451,-0.01020408163265306,0.17050691244239632,0.553030303030303,255.0,196.0
2024-08-29,-0.07317073170731707,-0.02092050209205021,0.19047619047619047,0.49333333333333335,205.0,239.0
2024-08-30,-0.057692307692307696,-0.03783783783783784,0.20202020202020202,0.676923076923077,260.0,185.0
2024-08-31,-0.08298755186721991,0.025974025974025976,0.20689655172413793,0.7368421052631579,241.0,154.0
2024-09-01,-0.07782101167315175,-0.009523809523809525,0.14218009478672985,0.7602339181286549,257.0,210.0
2024-09-02,-0.06167400881057269,-0.009478672985781991,0.1793478260869565,0.7246376811594203,227.0,211.0
2024-09-03,-0.07224334600760456,-0.0375,0.16346153846153846,0.7355371900826446,263.0,160.0
2024-09-04,-0.07942238267148015,-0.029914529914529916,0.125,0.6521739130434783,277.0,234.0
2024-09-05,-0.06976744186046512,-0.026737967914438502,0.20707070707070707,0.6343283582089553,258.0,187.0
2024-09-06,-0.1182108626198083,-0.016042780748663103,0.1422924901185771,0.7636363636363637,313.0,187.0
2024-09-07,-0.053691275167785234,-0.03723404255319149,0.20481927710843373,0.6642857142857143,298.0,188.0
2024-09-08,-0.031007751937984496,-0.026737967914438502,0.3103448275862069,0.5935483870967742,258.0,187.0
2024-09-09,-0.025454545454545455,-0.027624309392265192,0.2608695652173913,0.6013986013986014,275.0,181.0
2024-09-10,-0.072992700729927,-0.005208333333333333,0.1822429906542056,0.7295081967213115,274.0,192.0
2024-09-11,-0.012396694214876033,-0.03463203463203463,0.24725274725274726,0.7323943661971831,242.0,231.0
2024-09-12,-0.04583333333333333,-0.03225806451612903,0.2111111111111111,0.65,240.0,248.0
2024-09-13,-0.03745318352059925,-0.02702702702702703,0.22277227722772278,0.6,267.0,222.0
2024-09-14,-0.07662835249042145,-0.030927835051546393,0.2878787878787879,0.6183206106870229,261.0,194.0
2024-09-15,-0.06048387096774194,-0.02242152466367713,0.3492063492063492,0.6153846153846154,248.0,223.0
2024-09-16,-0.08664259927797834,-0.02631578947368421,0.30092592592592593,0.6134453781512605,277.0,152.0
2024-09-17,-0.0708955223880597,-0.012048192771084338,0.2777777777777778,0.6115107913669064,268.0,166.0
2024-09-18,-0.07942238267148015,-0.018072289156626505,0.2119815668202765,0.48672566371681414,277.0,166.0
2024-09-19,-0.019867549668874173,-0.027888446215139442,0.2300469483568075,0.5182926829268293,302.0,251.0
2024-09-20,-0.01834862385321101,-0.08695652173913043,0.22012578616352202,0.5234375,218.0,207.0
2024-09-21,-0.06147540983606557,-0.0582010582010582,0.23979591836734693,0.6904761904761905,244.0,189.0
2024-09-22,-0.04526748971193416,-0.009216589861751152,0.1919191919191919,0.5878378378378378,243.0,217.0
2024-09-23,-0.026923076923076925,-0.04017857142857143,0.18055555555555555,0.5035460992907801,260.0,224.0
2024-09-24,-0.04741379310344827,-0.04395604395604396,0.17714285714285713,0.6410256410256411,232.0,182.0
2024-09-25,-0.08780487804878048,-0.07207207207207207,0.15286624203821655,0.5689655172413793,205.0,222.0
2024-09-26,-0.0811965811965812,0.018518518518518517,0.16483516483516483,0.5140845070422535,234.0,216.0
2024-09-27,-0.029045643153526972,-0.013513513513513514,0.2019704433497537,0.6015625,241.0,222.0
2024-09-28,-0.068,-0.02100840336134454,0.1717171717171717,0.6227544910179641,250.0,238.0
2024-09-29,-0.025423728813559324,-0.027777777777777776,0.1631578947368421,0.7086614173228346,236.0,216.0
2024-09-30,-0.06614785992217899,-0.03636363636363636,0.1989795918367347,0.6964285714285714,257.0,165.0
2024-10-01,-0.06589147286821706,0.018433179723502304,0.1291866028708134,0.6305732484076433,258.0,217.0
2024-10-02,-0.09642857142857143,-0.01818181818181818,0.24324324324324326,0.7022900763358778,280.0,165.0
2024-10-03,-0.11494252873563218,-0.019455252918287938,0.18009478672985782,0.7111111111111111,261.0,257.0
2024-10-04,-0.045081967213114756,-0.03571428571428571,0.23204419889502761,0.7337662337662337,244.0,224.0
2024-10-05,0.0,0.0,0.23684210526315788,0.5416666666666666,106.0,187.0
2024-10-06,-0.004830917874396135,-0.04891304347826087,0.2654320987654321,0.6597222222222222,207.0,184.0
2024-10-07,-0.08163265306122448,-0.034482758620689655,0.16393442622950818,0.7358490566037735,245.0,203.0
2024-10-08,-0.09859154929577464,-0.07981220657276995,0.22270742358078602,0.5771812080536913,284.0,213.0
2024-10-09,-0.0661764705882353,-0.034334763948497854,0.18385650224215247,0.528169014084507,272.0,233.0
2024-10-10,-0.08013937282229965,-0.00847457627118644,0.23076923076923078,0.6687116564417178,287.0,236.0
2024-10-11,-0.06642066420664207,0.0,0.19534883720930232,0.7222222222222222,271.0,217.0
2024-10-12,-0.07727272727272727,0.0,0.2125,0.6946564885496184,220.0,165.0
2024-10-13,-0.07751937984496124,0.0,0.211340206185567,0.7111111111111111,258.0,219.0
2024-10-14,0.011538461538461539,-0.006993006993006993,0.21568627450980393,0.776595744680851,260.0,143.0
2024-10-15,-0.019011406844106463,-0.004878048780487805,0.1552511415525114,0.6827586206896552,263.0,205.0
2024-10-16,-0.03937007874015748,-0.044642857142857144,0.255,0.6883116883116883,254.0,224.0
2024-10-17,-0.06792452830188679,-0.028455284552845527,0.1792452830188679,0.3407821229050279,265.0,246.0
2024-10-18,-0.056140350877192984,-0.032407407407407406,0.20600858369098712,0.3836477987421384,285.0,216.0
2024-10-19,-0.08032128514056225,-0.02830188679245283,0.27461139896373055,0.6341463414634146,249.0,212.0
2024-10-20,-0.054474708171206226,0.0,0.263681592039801,0.5827338129496403,257.0,244.0
2024-10-21,-0.0379746835443038,0.0,0.29347826086956524,0.42574257425742573,237.0,150.0
2024-10-22,-0.06854838709677419,-0.06451612903225806,0.25654450261780104,0.5827814569536424,248.0,248.0
2024-10-23,-0.1,-0.0684931506849315,0.22950819672131148,0.59375,230.0,219.0
2024-10-24,-0.07296137339055794,-0.025380710659898477,0.22404371584699453,0.5804195804195804,233.0,197.0
2024-10-25,-0.08108108108108109,-0.05649717514124294,0.22797927461139897,0.5801526717557252,259.0,177.0
2024-10-26,-0.07829181494661921,-0.017937219730941704,0.17391304347826086,0.6993006993006993,281.0,223.0
2024-10-27,-0.06976744186046512,-0.015151515151515152,0.2459016393442623,0.6159420289855072,258.0,264.0
2024-10-28,-0.043478260869565216,-0.046511627906976744,0.2608695652173913,0.5870967741935483,276.0,258.0
2024-10-29,-0.06070287539936102,-0.01293103448275862,0.17557251908396945,0.6524822695035462,313.0,232.0
2024-10-30,-0.00392156862745098,-0.04225352112676056,0.20707070707070707,0.5986842105263158,255.0,213.0
2024-10-31,-0.0777027027027027,-0.046413502109704644,0.1646090534979424,0.6484848484848484,296.0,237.0
2024-11-01,-0.057034220532319393,-0.046511627906976744,0.2898550724637681,0.8,263.0,258.0
2024-11-02,-0.10384615384615385,-0.024096385542168676,0.2562814070351759,0.5891891891891892,260.0,249.0
2024-11-03,-0.084,-0.008968609865470852,0.18407960199004975,0.6289308176100629,250.0,223.0
2024-11-04,-0.06,-0.011049723756906077,0.225,0.5035971223021583,250.0,181.0
2024-11-05,-0.05058365758754864,-0.006493506493506494,0.18134715025906736,0.6422018348623854,257.0,154.0
2024-11-06,-0.05263157894736842,-0.0622568093385214,0.1459227467811159,0.46,304.0,257.0
2024-11-07,-0.02197802197802198,-0.05220883534136546,0.168141592920354,0.4,273.0,249.0
2024-11-08,-0.037800687285223365,-0.028735632183908046,0.19574468085106383,0.6864406779661016,291.0,174.0
2024-11-09,-0.049429657794676805,-0.029411764705882353,0.12669683257918551,0.6716417910447762,263.0,204.0
2024-11-10,-0.056782334384858045,-0.06367041198501873,0.1444866920152091,0.6666666666666666,317.0,267.0
2024-11-11,-0.03254437869822485,-0.03759398496240601,0.16725978647686832,0.672514619883041,338.0,266.0
2024-11-12,-0.003472222222222222,-0.030303030303030304,0.17959183673469387,0.6358695652173914,288.0,264.0
2024-11-13,-0.05351170568561873,-0.05263157894736842,0.11764705882352941,0.6863905325443787,299.0,266.0
2024-11-14,-0.06007067137809187,0.003875968992248062,0.1885245901639344,0.5402298850574713,283.0,258.0
2024-11-15,-0.07432432432432433,-0.03515625,0.21739130434782608,0.7294117647058823,296.0,256.0
2024-11-16,-0.0486322188449848,-0.047244094488188976,0.19444444444444445,0.7675675675675676,329.0,254.0
2024-11-17,-0.08333333333333333,-0.030303030303030304,0.14553990610328638,0.7261904761904762,288.0,231.0
2024-11-18,-0.07308970099667775,-0.03088803088803089,0.1794871794871795,0.583756345177665,301.0,259.0
2024-11-19,-0.03460207612456748,-0.017167381974248927,0.18803418803418803,0.5783132530120482,289.0,233.0
2024-11-20,-0.03215434083601286,-0.0502283105022831,0.128,0.7409638554216867,311.0,219.0
2024-11-21,-0.05917159763313609,-0.04219409282700422,0.1366906474820144,0.7344632768361582,338.0,237.0
2024-11-22,-0.03048780487804878,-0.0881057268722467,0.15073529411764705,0.5337837837837838,328.0,227.0
2024-11-23,-0.019543973941368076,0.014084507042253521,0.1541501976284585,0.5588235294117647,307.0,213.0
2024-11-24,-0.03424657534246575,-0.05016722408026756,0.15555555555555556,0.6666666666666666,292.0,299.0
2024-11-25,-0.054313099041533544,-0.05405405405405406,0.144,0.6466666666666666,313.0,259.0
2024-11-26,-0.061016949152542375,-0.03684210526315789,0.13559322033898305,0.5851851851851851,295.0,190.0
2024-11-27,-0.034013605442176874,-0.017167381974248927,0.125,0.7010869565217391,294.0,233.0
2024-11-28,-0.057034220532319393,-0.01935483870967742,0.23497267759562843,0.8552631578947368,263.0,310.0
2024-11-29,-0.03767123287671233,-0.016194331983805668,0.2703862660944206,0.625,292.0,247.0
2024-11-30,-0.043478260869565216,-0.015,0.22439024390243903,0.609375,276.0,200.0
2024-12-01,-0.04421768707482993,-0.008583690987124463,0.30042918454935624,0.719626168224299,294.0,233.0
2024-12-02,-0.03322259136212625,0.017241379310344827,0.2719665271966527,0.6446280991735537,301.0,174.0
2024-12-03,0.003472222222222222,-0.02531645569620253,0.26359832635983266,0.5663716814159292,288.0,158.0
2024-12-04,-0.003676470588235294,-0.01507537688442211,0.2300469483568075,0.6013986013986014,272.0,199.0
2024-12-05,-0.035842293906810034,-0.027559055118110236,0.17857142857142858,0.7318435754189944,279.0,254.0
2024-12-06,-0.05693950177935943,-0.03482587064676617,0.19742489270386265,0.6524822695035462,281.0,201.0
2024-12-07,-0.026515151515151516,-0.03723404255319149,0.18,0.7394366197183099,264.0,188.0
2024-12-08,-0.06611570247933884,-0.026200873362445413,0.2564102564102564,0.6878612716763006,242.0,229.0
2024-12-09,-0.06451612903225806,-0.0106951871657754,0.1703056768558952,0.6126760563380281,279.0,187.0
2024-12-10,-0.09646302250803858,-0.03162055335968379,0.1652892561983471,0.7529411764705882,311.0,253.0
2024-12-11,-0.039711191335740074,-0.04929577464788732,0.19555555555555557,0.673469387755102,277.0,284.0
2024-12-12,-0.018115942028985508,-0.037209302325581395,0.25980392156862747,0.7048192771084337,276.0,215.0
2024-12-13,-0.06884057971014493,-0.04950495049504951,0.24669603524229075,0.7469135802469136,276.0,202.0
2024-12-14,-0.06153846153846154,0.004901960784313725,0.22,0.7919463087248322,260.0,204.0
2024-12-15,-0.06093189964157706,-0.004672897196261682,0.20909090909090908,0.6065573770491803,279.0,214.0
2024-12-16,-0.03558718861209965,-0.020100502512562814,0.19383259911894274,0.568,281.0,199.0
2024-12-17,0.0,-0.053475935828877004,0.1889400921658986,0.7045454545454546,278.0,187.0
2024-12-18,-0.07260726072607261,-0.06132075471698113,0.21544715447154472,0.6274509803921569,303.0,212.0
2024-12-19,-0.08433734939759036,-0.05263157894736842,0.11895910780669144,0.6774193548387096,332.0,209.0
2024-12-20,-0.10472972972972973,-0.017964071856287425,0.1383399209486166,0.6528925619834711,296.0,167.0
2024-12-21,0.011235955056179775,0.018518518518518517,0.18009478672985782,0.7196969696969697,267.0,162.0
2024-12-22,-0.08741258741258741,-0.012121212121212121,0.22171945701357465,0.75,286.0,165.0
2024-12-23,-0.04,-0.06470588235294118,0.145,0.6992481203007519,250.0,170.0
2024-12-24,-0.061068702290076333,0.0,0.1796116504854369,0.6944444444444444,262.0,219.0
2024-12-25,-0.08333333333333333,-0.020100502512562814,0.2543859649122807,0.7288135593220338,300.0,199.0
2024-12-26,-0.03900709219858156,-0.06914893617021277,0.17535545023696683,0.6538461538461539,282.0,188.0
2024-12-27,-0.09642857142857143,0.00546448087431694,0.1926605504587156,0.6422764227642277,280.0,183.0
2024-12-28,-0.038910505836575876,-0.029069767441860465,0.26344086021505375,0.5923076923076923,257.0,172.0
2024-12-29,-0.07042253521126761,-0.026881720430107527,0.2,0.582089552238806,284.0,186.0
2024-12-30,-0.029850746268656716,-0.0070921985815602835,0.2169811320754717,0.584070796460177,268.0,141.0
2024-12-31,-0.056179775280898875,-0.021929824561403508,0.16901408450704225,0.66,267.0,228.0
2025-01-01,-0.013392857142857142,0.005681818181818182,0.20245398773006135,0.6218487394957983,224.0,176.0
2025-01-02,-0.06643356643356643,-0.023529411764705882,0.1625,0.6153846153846154,286.0,170.0
2025-01-03,-0.030303030303030304,-0.02857142857142857,0.17560975609756097,0.6802721088435374,264.0,210.0
2025-01-04,-0.047619047619047616,0.004219409282700422,0.17277486910994763,0.6742857142857143,252.0,237.0
2025-01-05,-0.03333333333333333,-0.02643171806167401,0.16203703703703703,0.6511627906976745,270.0,227.0
2025-01-06,-0.008333333333333333,-0.024844720496894408,0.23863636363636365,0.7235772357723578,240.0,161.0
2025-01-07,-0.06040268456375839,-0.013071895424836602,0.14782608695652175,0.6991150442477876,298.0,153.0
2025-01-08,-0.11419753086419752,-0.026595744680851064,0.17063492063492064,0.7172413793103448,324.0,188.0
2025-01-09,-0.041666666666666664,-0.02512562814070352,0.1891891891891892,0.6940298507462687,240.0,199.0
2025-01-10,-0.0546218487394958,-0.017045454545454544,0.16129032258064516,0.6785714285714286,238.0,176.0
2025-01-11,-0.058823529411764705,-0.031818181818181815,0.27439024390243905,0.8092105263157895,221.0,220.0
2025-01-12,-0.06666666666666667,0.0,0.19473684210526315,0.7974683544303798,240.0,237.0
2025-01-13,-0.07480314960629922,-0.0425531914893617,0.18181818181818182,0.6802325581395349,254.0,235.0
2025-01-14,-0.06181818181818182,-0.045,0.13452914798206278,0.6846153846153846,275.0,200.0
2025-01-15,-0.06228373702422145,-0.0223463687150838,0.2708333333333333,0.6814814814814815,289.0,179.0
2025-01-16,-0.03767123287671233,0.005050505050505051,0.18503937007874016,0.7133333333333334,292.0,198.0
2025-01-17,-0.011406844106463879,-0.01824817518248175,0.20754716981132076,0.6702127659574468,263.0,274.0
2025-01-18,-0.0683453237410072,-0.05472636815920398,0.23557692307692307,0.5844155844155844,278.0,201.0
2025-01-19,-0.07720588235294118,-0.04093567251461988,0.20454545454545456,0.7094017094017094,272.0,171.0
2025-01-20,-0.0796812749003984,-0.03428571428571429,0.22916666666666666,0.7105263157894737,251.0,175.0
2025-01-21,-0.03461538461538462,-0.030927835051546393,0.2857142857142857,0.6642857142857143,260.0,194.0
2025-01-22,-0.05019305019305019,-0.04296875,0.21568627450980393,0.7673267326732673,259.0,256.0
2025-01-23,-0.060836501901140684,-0.020491803278688523,0.1921182266009852,0.8176795580110497,263.0,244.0
2025-01-24,-0.011857707509881422,-0.016736401673640166,0.29120879120879123,0.6535433070866141,253.0,239.0
2025-01-25,-0.03767123287671233,-0.029787234042553193,0.21645021645021645,0.6710526315789473,292.0,235.0
2025-01-26,-0.056856187290969896,-0.05670103092783505,0.25609756097560976,0.6691176470588235,299.0,194.0
2025-01-27,-0.12786885245901639,-0.0821256038647343,0.1450980392156863,0.68,305.0,207.0
2025-01-28,-0.08970099667774087,-0.06132075471698113,0.2693877551020408,0.6906077348066298,301.0,212.0
2025-01-29,-0.04778156996587031,0.013953488372093023,0.22608695652173913,0.6783625730994152,293.0,215.0
2025-01-30,-0.0390625,-0.05291005291005291,0.20812182741116753,0.5984848484848485,256.0,189.0
2025-01-31,-0.05166051660516605,-0.044642857142857144,0.21428571428571427,0.6709677419354839,271.0,224.0
2025-02-01,-0.10276679841897234,-0.013824884792626729,0.35784313725490197,0.717948717948718,253.0,217.0
2025-02-02,-0.07894736842105263,0.004830917874396135,0.16996047430830039,0.575,304.0,207.0
2025-02-03,-0.0782608695652174,-0.029535864978902954,0.11498257839721254,0.7577319587628866,345.0,237.0
2025-02-04,-0.03202846975088968,-0.08368200836820083,0.1895734597156398,0.6727272727272727,281.0,239.0
2025-02-05,-0.07224334600760456,-0.009009009009009009,0.24,0.6713286713286714,263.0,222.0
2025-02-06,-0.07942238267148015,-0.026737967914438502,0.16228070175438597,0.6888888888888889,277.0,187.0
2025-02-07,-0.07258064516129033,-0.018518518518518517,0.2233502538071066,0.6573426573426573,248.0,216.0
2025-02-08,-0.07818930041152264,-0.035,0.1935483870967742,0.7054794520547946,243.0,200.0
2025-02-09,-0.06563706563706563,-0.04363636363636364,0.15311004784688995,0.7628205128205128,259.0,275.0
2025-02-10,-0.04421768707482993,-0.030434782608695653,0.21518987341772153,0.5511811023622047,294.0,230.0
2025-02-11,-0.09328358208955224,-0.056338028169014086,0.22009569377990432,0.5396825396825397,268.0,213.0
2025-02-12,-0.09152542372881356,-0.03153153153153153,0.2647058823529412,0.6434108527131783,295.0,222.0
2025-02-13,-0.06827309236947791,-0.06666666666666667,0.2376237623762376,0.6581196581196581,249.0,195.0
2025-02-14,-0.05821917808219178,-0.05581395348837209,0.26582278481012656,0.7279411764705882,292.0,215.0
2025-02-15,-0.07782101167315175,-0.034482758620689655,0.32142857142857145,0.7086092715231788,257.0,203.0
2025-02-16,-0.07317073170731707,-0.02926829268292683,0.23157894736842105,0.7013888888888888,246.0,205.0
2025-02-17,-0.0726643598615917,-0.05851063829787234,0.27631578947368424,0.6875,289.0,188.0
2025-02-18,-0.12307692307692308,-0.026905829596412557,0.24528301886792453,0.6347826086956522,260.0,223.0
2025-02-19,-0.06463878326996197,-0.02766798418972332,0.32075471698113206,0.7161290322580646,263.0,253.0
2025-02-20,-0.045774647887323945,-0.05701754385964912,0.19907407407407407,0.736,284.0,228.0
2025-02-21,-0.10101010101010101,-0.04081632653061224,0.19327731092436976,0.6666666666666666,297.0,245.0
2025-02-22,-0.08695652173913043,-0.07024793388429752,0.2698412698412698,0.609271523178808,253.0,242.0
2025-02-23,-0.0970464135021097,-0.0375,0.28804347826086957,0.6,237.0,240.0
2025-02-24,-0.07868852459016394,-0.033962264150943396,0.1963470319634703,0.7616279069767442,305.0,265.0
2025-02-25,-0.11527377521613832,-0.03787878787878788,0.1258741258741259,0.6453488372093024,347.0,264.0
2025-02-26,-0.10238907849829351,-0.07727272727272727,0.128099173553719,0.722972972972973,293.0,220.0
2025-02-27,-0.08383233532934131,-0.04081632653061224,0.14285714285714285,0.7014925373134329,334.0,196.0
2025-02-28,-0.14469453376205788,0.004629629629629629,0.08139534883720931,0.6375838926174496,311.0,216.0
2025-03-01,-0.0703125,-0.020512820512820513,0.19696969696969696,0.6564885496183206,256.0,195.0
2025-03-02,-0.02857142857142857,-0.004524886877828055,0.19282511210762332,0.6036585365853658,280.0,221.0
2025-03-03,-0.05185185185185185,-0.04054054054054054,0.1651376146788991,0.6227544910179641,270.0,222.0
2025-03-04,-0.05533596837944664,-0.07575757575757576,0.13917525773195877,0.6689655172413793,253.0,198.0
2025-03-05,-0.05327868852459016,-0.03977272727272727,0.21195652173913043,0.5735294117647058,244.0,176.0
2025-03-06,-0.054901960784313725,-0.014705882352941176,0.1477832512315271,0.6503496503496503,255.0,204.0
2025-03-07,-0.08843537414965986,0.010416666666666666,0.24413145539906103,0.7238805970149254,294.0,192.0
2025-03-08,-0.05416666666666667,0.0,0.14814814814814814,0.7586206896551724,240.0,209.0
2025-03-09,-0.09183673469387756,-0.03940886699507389,0.13274336283185842,0.664179104477612,294.0,203.0
2025-03-10,-0.06501547987616099,0.02830188679245283,0.11068702290076336,0.6971830985915493,323.0,212.0
2025-03-11,-0.08783783783783784,-0.08021390374331551,0.11020408163265306,0.6017699115044248,296.0,187.0
2025-03-12,-0.09722222222222222,-0.02072538860103627,0.16597510373443983,0.7379310344827587,288.0,193.0
2025-03-13,-0.04924242424242424,-0.02242152466367713,0.2222222222222222,0.6865671641791045,264.0,223.0
2025-03-14,-0.07777777777777778,-0.08597285067873303,0.2968036529680365,0.5857142857142857,270.0,221.0
2025-03-15,-0.03347280334728033,-0.07246376811594203,0.21505376344086022,0.5798319327731093,239.0,207.0
2025-03-16,-0.08540925266903915,-0.004405286343612335,0.2018348623853211,0.5988700564971752,281.0,227.0
2025-03-17,-0.10486891385767791,-0.02702702702702703,0.20465116279069767,0.6884057971014492,267.0,222.0
2025-03-18,-0.05776173285198556,-0.08778625954198473,0.2864321608040201,0.5375,277.0,262.0
2025-03-19,-0.09885931558935361,-0.04310344827586207,0.263681592039801,0.7028985507246377,263.0,232.0
2025-03-20,-0.10526315789473684,-0.044444444444444446,0.18627450980392157,0.6241610738255033,266.0,225.0
2025-03-21,-0.08602150537634409,-0.05392156862745098,0.28703703703703703,0.567741935483871,279.0,204.0
2025-03-22,-0.055350553505535055,-0.014925373134328358,0.22790697674418606,0.7134146341463414,271.0,201.0
2025-03-23,-0.02608695652173913,-0.01694915254237288,0.22727272727272727,0.7311827956989247,230.0,236.0
2025-03-24,-0.08713692946058091,-0.027932960893854747,0.1693121693121693,0.6571428571428571,241.0,179.0
2025-03-25,-0.07003891050583658,-0.00966183574879227,0.32524271844660196,0.673469387755102,257.0,207.0
2025-03-26,-0.07885304659498207,-0.005681818181818182,0.2088888888888889,0.7538461538461538,279.0,176.0
2025-03-27,-0.03278688524590164,-0.035,0.27472527472527475,0.6618705035971223,244.0,200.0
2025-03-28,-0.0811965811965812,-0.08490566037735849,0.20108695652173914,0.5454545454545454,234.0,212.0
2025-03-29,-0.052805280528052806,-0.06324110671936758,0.23008849557522124,0.5804195804195804,303.0,253.0
2025-03-30,-0.08727272727272728,-0.0622568093385214,0.24378109452736318,0.6408450704225352,275.0,257.0
2025-03-31,-0.12030075187969924,-0.008368200836820083,0.23444976076555024,0.675,266.0,239.0
2025-04-01,-0.06201550387596899,-0.07633587786259542,0.21890547263681592,0.589041095890411,258.0,262.0
2025-04-02,-0.06761565836298933,-0.02145922746781116,0.25225225225225223,0.6405228758169934,281.0,233.0
2025-04-03,-0.1152542372881356,-0.05426356589147287,0.22916666666666666,0.5755395683453237,295.0,258.0
2025-04-04,-0.08917197452229299,-0.09205020920502092,0.2,0.6190476190476191,314.0,239.0
2025-04-05,-0.08904109589041095,-0.0847457627118644,0.26406926406926406,0.628099173553719,292.0,236.0
2025-04-06,-0.12912912912912913,-0.02912621359223301,0.14285714285714285,0.6695652173913044,333.0,206.0
2025-04-07,-0.08722741433021806,-0.09716599190283401,0.11231884057971014,0.42105263157894735,321.0,247.0
2025-04-08,-0.05925925925925926,-0.07083333333333333,0.21818181818181817,0.7529411764705882,270.0,240.0
2025-04-09,-0.06984126984126984,-0.034334763948497854,0.15953307392996108,0.6137931034482759,315.0,233.0
2025-04-10,-0.060240963855421686,-0.07258064516129033,0.15217391304347827,0.6470588235294118,249.0,248.0
2025-04-11,-0.09556313993174062,-0.09401709401709402,0.23504273504273504,0.4690265486725664,293.0,234.0
2025-04-12,-0.04778156996587031,-0.04975124378109453,0.20444444444444446,0.4818181818181818,293.0,201.0
2025-04-13,-0.028985507246376812,-0.04700854700854701,0.2831050228310502,0.5846153846153846,276.0,234.0
2025-04-14,-0.08,-0.06140350877192982,0.25961538461538464,0.6453900709219859,275.0,228.0
2025-04-15,-0.08727272727272728,-0.01646090534979424,0.20642201834862386,0.6149068322981367,275.0,243.0
2025-04-16,-0.0694980694980695,-0.032520325203252036,0.22380952380952382,0.5983606557377049,259.0,246.0
2025-04-17,-0.06504065040650407,-0.07142857142857142,0.26732673267326734,0.48,246.0,210.0
2025-04-18,-0.11347517730496454,-0.05188679245283019,0.20772946859903382,0.6875,282.0,212.0
2025-04-19,-0.07224334600760456,-0.07511737089201878,0.2946859903381642,0.5461538461538461,263.0,213.0
2025-04-20,-0.05351170568561873,-0.025380710659898477,0.2754237288135593,0.640625,299.0,197.0
2025-04-21,-0.06274509803921569,-0.10869565217391304,0.17647058823529413,0.5350877192982456,255.0,276.0
2025-04-22,-0.040372670807453416,-0.11787072243346007,0.2037037037037037,0.6097560975609756,322.0,263.0
2025-04-23,-0.0736196319018405,-0.07929515418502203,0.2084942084942085,0.48951048951048953,326.0,227.0
2025-04-24,-0.06545454545454546,-0.0761904761904762,0.24528301886792453,0.6056338028169014,275.0,210.0
2025-04-25,-0.03731343283582089,-0.005263157894736842,0.24285714285714285,0.68,268.0,190.0
2025-04-26,-0.0625,-0.07537688442211055,0.22123893805309736,0.5042016806722689,304.0,199.0
2025-04-27,-0.07450980392156863,-0.026200873362445413,0.22115384615384615,0.6642857142857143,255.0,229.0
2025-04-28,-0.03773584905660377,-0.021834061135371178,0.1952191235059761,0.717948717948718,318.0,229.0
2025-04-29,-0.04182509505703422,-0.03669724770642202,0.24170616113744076,0.6627906976744186,263.0,218.0
2025-04-30,-0.061224489795918366,-0.024193548387096774,0.16230366492146597,0.6666666666666666,245.0,248.0
2025-05-01,-0.04460966542750929,-0.08035714285714286,0.242152466367713,0.703125,269.0,224.0
2025-05-02,-0.07092198581560284,-0.049019607843137254,0.2511415525114155,0.6370967741935484,282.0,204.0
2025-05-03,-0.06578947368421052,-0.014354066985645933,0.17916666666666667,0.6319018404907976,304.0,209.0
2025-05-04,-0.0728744939271255,-0.018292682926829267,0.16580310880829016,0.6396396396396397,247.0,164.0
2025-05-05,-0.029850746268656716,-0.027777777777777776,0.16666666666666666,0.6370370370370371,268.0,216.0
2025-05-06,-0.10780669144981413,-0.09170305676855896,0.13592233009708737,0.6201550387596899,269.0,229.0
2025-05-07,-0.04961832061068702,-0.05063291139240506,0.18536585365853658,0.5481481481481482,262.0,237.0
2025-05-08,-0.040372670807453416,-0.02717391304347826,0.16923076923076924,0.6095890410958904,322.0,184.0
2025-05-09,-0.048859934853420196,-0.05263157894736842,0.14634146341463414,0.6031746031746031,307.0,171.0
2025-05-10,-0.03426791277258567,-0.0297029702970297,0.16101694915254236,0.7122302158273381,321.0,202.0
2025-05-11,-0.012145748987854251,-0.03862660944206009,0.16666666666666666,0.7073170731707317,247.0,233.0
2025-05-12,-0.07220216606498195,-0.037383177570093455,0.1848341232227488,0.6982758620689655,277.0,214.0
2025-05-13,-0.055970149253731345,-0.04225352112676056,0.21287128712871287,0.6950354609929078,268.0,213.0
2025-05-14,-0.052083333333333336,-0.04265402843601896,0.19736842105263158,0.7,288.0,211.0
2025-05-15,-0.03731343283582089,-0.02358490566037736,0.22330097087378642,0.5786163522012578,268.0,212.0
2025-05-16,-0.021645021645021644,-0.056074766355140186,0.21978021978021978,0.610738255033557,231.0,214.0
2025-05-17,-0.058394160583941604,-0.03875968992248062,0.19907407407407407,0.593939393939394,274.0,258.0
2025-05-18,-0.05245901639344262,-0.03349282296650718,0.203125,0.7730496453900709,305.0,209.0
2025-05-19,-0.07526881720430108,-0.061855670103092786,0.1452991452991453,0.7567567567567568,279.0,194.0
2025-05-20,-0.08196721311475409,-0.014285714285714285,0.2804232804232804,0.6216216216216216,244.0,210.0
2025-05-21,-0.05128205128205128,-0.03463203463203463,0.2412280701754386,0.7707006369426752,273.0,231.0
2025-05-22,-0.03870967741935484,-0.04979253112033195,0.2076923076923077,0.7888198757763976,310.0,241.0
2025-05-23,-0.07692307692307693,-0.06486486486486487,0.20535714285714285,0.6837606837606838,273.0,185.0
2025-05-24,-0.07023411371237458,-0.05405405405405406,0.13865546218487396,0.6823529411764706,299.0,222.0
2025-05-25,-0.07612456747404844,0.0,0.18143459915611815,0.5773809523809523,289.0,211.0
2025-05-26,-0.051094890510948905,-0.013761467889908258,0.14732142857142858,0.7528735632183908,274.0,218.0
2025-05-27,-0.019083969465648856,-0.0136986301369863,0.16161616161616163,0.6917293233082706,262.0,219.0
2025-05-28,-0.060714285714285714,-0.041666666666666664,0.16129032258064516,0.7662337662337663,280.0,240.0
2025-05-29,-0.05776173285198556,-0.02066115702479339,0.23809523809523808,0.8100558659217877,277.0,242.0
2025-05-30,-0.10526315789473684,-0.011811023622047244,0.13761467889908258,0.7696335078534031,266.0,254.0
2025-05-31,-0.08015267175572519,-0.03137254901960784,0.15384615384615385,0.7875647668393783,262.0,255.0
2025-06-01,-0.08833922261484099,-0.05851063829787234,0.28378378378378377,0.5546875,283.0,188.0
2025-06-02,-0.0945945945945946,-0.01932367149758454,0.1939655172413793,0.6645161290322581,296.0,207.0
2025-06-03,-0.08148148148148149,-0.056338028169014086,0.245,0.7115384615384616,270.0,213.0
2025-06-04,-0.05928853754940711,-0.013761467889908258,0.1836734693877551,0.6575342465753424,253.0,218.0
2025-06-05,-0.0546875,0.0,0.1683673469387755,0.7017543859649122,256.0,261.0
2025-06-06,-0.033210332103321034,-0.03821656050955414,0.25471698113207547,0.7372881355932204,271.0,157.0
2025-06-07,-0.054945054945054944,-0.037037037037037035,0.2669902912621359,0.722972972972973,273.0,189.0
2025-06-08,-0.039647577092511016,-0.04608294930875576,0.21428571428571427,0.7844311377245509,227.0,217.0
2025-06-09,-0.04642857142857143,-0.045,0.1559633027522936,0.7313432835820896,280.0,200.0
2025-06-10,-0.043478260869565216,0.006896551724137931,0.2422680412371134,0.6666666666666666,253.0,145.0
2025-06-11,-0.0390625,0.019736842105263157,0.23618090452261306,0.7572815533980582,256.0,152.0
2025-06-12,-0.060714285714285714,0.005076142131979695,0.2242152466367713,0.6883116883116883,280.0,197.0
2025-06-13,-0.09448818897637795,-0.043478260869565216,0.2131979695431472,0.6637168141592921,254.0,184.0
2025-06-14,-0.06159420289855073,-0.051643192488262914,0.3193717277486911,0.5962732919254659,276.0,213.0
2025-06-15,0.003875968992248062,-0.015463917525773196,0.22872340425531915,0.7194244604316546,258.0,194.0
2025-06-16,-0.059006211180124224,-0.038461538461538464,0.1862348178137652,0.6850393700787402,322.0,182.0
2025-06-17,-0.041379310344827586,-0.06806282722513089,0.22608695652173913,0.6691176470588235,290.0,191.0
2025-06-18,-0.08759124087591241,-0.014563106796116505,0.22966507177033493,0.6618705035971223,274.0,206.0
2025-06-19,-0.0603448275862069,-0.041666666666666664,0.1956521739130435,0.6031746031746031,232.0,168.0
2025-06-20,-0.08178438661710037,-0.04430379746835443,0.2570093457943925,0.63,269.0,158.0
2025-06-21,-0.06312292358803986,-0.023121387283236993,0.2594142259414226,0.65625,301.0,173.0
2025-06-22,-0.11,-0.02843601895734597,0.12955465587044535,0.6666666666666666,300.0,211.0
2025-06-23,-0.041379310344827586,-0.055,0.1939655172413793,0.7105263157894737,290.0,200.0
2025-06-24,-0.08713692946058091,-0.03619909502262444,0.23834196891191708,0.5899280575539568,241.0,221.0
2025-06-25,-0.022900763358778626,-0.014354066985645933,0.22790697674418606,0.6447368421052632,262.0,209.0
2025-06-26,-0.09259259259259259,-0.005434782608695652,0.24271844660194175,0.6268656716417911,270.0,184.0
2025-06-27,-0.04633204633204633,-0.061224489795918366,0.26153846153846155,0.6083916083916084,259.0,196.0
2025-06-28,-0.03862660944206009,-0.04838709677419355,0.3411764705882353,0.7183098591549296,233.0,186.0
2025-06-29,-0.07874015748031496,-0.04712041884816754,0.1407766990291262,0.75177304964539,254.0,191.0
2025-06-30,-0.043010752688172046,-0.020512820512820513,0.23893805309734514,0.5488721804511278,279.0,195.0
2025-07-01,-0.08394160583941605,-0.037914691943127965,0.24390243902439024,0.6625766871165644,274.0,211.0
2025-07-02,-0.04411764705882353,-0.08071748878923767,0.23008849557522124,0.6183206106870229,272.0,223.0
2025-07-03,-0.05660377358490566,-0.010810810810810811,0.22897196261682243,0.6379310344827587,265.0,185.0
2025-07-04,-0.04946996466431095,-0.015228426395939087,0.1834862385321101,0.7521367521367521,283.0,197.0
2025-07-05,-0.07563025210084033,-0.006134969325153374,0.21965317919075145,0.6796875,238.0,163.0
2025-07-06,-0.01486988847583643,-0.0410958904109589,0.20465116279069767,0.6864406779661016,269.0,146.0
2025-07-07,-0.048327137546468404,0.006289308176100629,0.21182266009852216,0.6554621848739496,269.0,159.0
2025-07-08,-0.052434456928838954,-0.0056179775280898875,0.22685185185185186,0.6050420168067226,267.0,178.0
2025-07-09,-0.08333333333333333,-0.02857142857142857,0.273542600896861,0.6470588235294118,276.0,210.0
2025-07-10,-0.06535947712418301,-0.0043859649122807015,0.1183206106870229,0.6382978723404256,306.0,228.0
2025-07-11,-0.07063197026022305,-0.010416666666666666,0.1574468085106383,0.6335877862595419,269.0,192.0
2025-07-12,-0.022304832713754646,-0.015957446808510637,0.135,0.7142857142857143,269.0,188.0
2025-07-13,-0.028938906752411574,-0.019704433497536946,0.1383399209486166,0.5217391304347826,311.0,203.0
2025-07-14,-0.07692307692307693,0.0,0.15867158671586715,0.7322834645669292,325.0,194.0
2025-07-15,-0.06143344709897611,-0.03867403314917127,0.1297071129707113,0.5480769230769231,293.0,181.0
2025-07-16,-0.054838709677419356,-0.07471264367816093,0.21653543307086615,0.6198347107438017,310.0,174.0
2025-07-17,-0.02027027027027027,-0.019704433497536946,0.233201581027668,0.6482758620689655,296.0,203.0
2025-07-18,-0.03597122302158273,-0.024875621890547265,0.17647058823529413,0.6918238993710691,278.0,201.0
2025-07-19,-0.04452054794520548,-0.018604651162790697,0.15702479338842976,0.7151515151515152,292.0,215.0
2025-07-20,-0.05405405405405406,-0.023696682464454975,0.1828793774319066,0.7741935483870968,296.0,211.0
2025-07-21,-0.029315960912052116,-0.06748466257668712,0.22844827586206898,0.7295081967213115,307.0,163.0
2025-07-22,-0.006389776357827476,-0.03608247422680412,0.19305019305019305,0.6981132075471698,313.0,194.0
2025-07-23,-0.05555555555555555,-0.011627906976744186,0.21074380165289255,0.7333333333333333,306.0,172.0
2025-07-24,-0.04501607717041801,-0.0273224043715847,0.21862348178137653,0.732824427480916,311.0,183.0
2025-07-25,-0.08306709265175719,-0.03431372549019608,0.2222222222222222,0.7666666666666667,313.0,204.0
2025-07-26,-0.046511627906976744,-0.014018691588785047,0.1864406779661017,0.7006369426751592,301.0,214.0
2025-07-27,-0.03501945525291829,-0.02252252252252252,0.14903846153846154,0.6851851851851852,257.0,222.0
2025-07-28,-0.03862660944206009,-0.029288702928870293,0.2268041237113402,0.7231638418079096,233.0,239.0
2025-07-29,-0.08846153846153847,-0.020833333333333332,0.21800947867298578,0.7419354838709677,260.0,96.0
2025-07-30,-0.06415094339622641,-0.057971014492753624,0.2558139534883721,0.5795454545454546,265.0,138.0
2025-07-31,-0.02909090909090909,-0.03571428571428571,0.23766816143497757,0.6103896103896104,275.0,196.0
2025-08-01,-0.06825938566552901,-0.03389830508474576,0.18930041152263374,0.6956521739130435,293.0,177.0
2025-08-02,-0.1391941391941392,-0.05113636363636364,0.1759656652360515,0.6386554621848739,273.0,176.0
2025-08-03,-0.05054151624548736,-0.02857142857142857,0.16666666666666666,0.5972222222222222,277.0,210.0
2025-08-04,-0.03488372093023256,-0.07234042553191489,0.2019704433497537,0.6510067114093959,258.0,235.0
2025-08-05,-0.08745247148288973,-0.009216589861751152,0.21256038647342995,0.6013071895424836,263.0,217.0
2025-08-06,-0.0708955223880597,0.00904977375565611,0.18859649122807018,0.6923076923076923,268.0,221.0
2025-08-07,-0.014760147601476014,-0.05641025641025641,0.2028301886792453,0.5972222222222222,271.0,195.0
2025-08-08,-0.051094890510948905,0.0,0.21100917431192662,0.7278481012658228,274.0,249.0
2025-08-09,-0.03367003367003367,-0.043859649122807015,0.21929824561403508,0.7132352941176471,297.0,228.0
2025-08-10,-0.033444816053511704,-0.013100436681222707,0.16017316017316016,0.6753246753246753,299.0,229.0
2025-08-11,-0.033783783783783786,-0.004784688995215311,0.17721518987341772,0.6025641025641025,296.0,209.0
2025-08-12,-0.041666666666666664,0.0,0.2145922746781116,0.6285714285714286,288.0,213.0
2025-08-13,-0.03484320557491289,-0.00851063829787234,0.1659919028340081,0.6927710843373494,287.0,235.0
2025-08-14,-0.07,-0.03017241379310345,0.1434108527131783,0.6900584795321637,300.0,232.0
2025-08-15,-0.07258064516129033,-0.05202312138728324,0.22790697674418606,0.75,248.0,173.0
2025-08-16,-0.05343511450381679,-0.011834319526627219,0.2548076923076923,0.609375,262.0,169.0
2025-08-17,-0.052845528455284556,0.009009009009009009,0.1941747572815534,0.7602339181286549,246.0,222.0
2025-08-18,-0.0694980694980695,-0.01762114537444934,0.10176991150442478,0.6809815950920245,259.0,227.0
2025-08-19,-0.08247422680412371,-0.021834061135371178,0.1285140562248996,0.691358024691358,291.0,229.0
2025-08-20,-0.05263157894736842,-0.004739336492890996,0.16071428571428573,0.7142857142857143,285.0,211.0
2025-08-21,-0.07094594594594594,-0.03773584905660377,0.18454935622317598,0.6666666666666666,296.0,212.0
2025-08-22,-0.02,-0.011235955056179775,0.16595744680851063,0.7172413793103448,300.0,178.0
2025-08-23,-0.03225806451612903,-0.047337278106508875,0.18025751072961374,0.7482014388489209,279.0,169.0
2025-08-24,-0.0728476821192053,-0.010256410256410256,0.07782101167315175,0.7062937062937062,302.0,195.0
2025-08-25,-0.0872093023255814,-0.016216216216216217,0.13355048859934854,0.6691176470588235,344.0,185.0
2025-08-26,-0.04844290657439446,-0.009950248756218905,0.12133891213389121,0.7058823529411765,289.0,201.0
2025-08-27,-0.03636363636363636,-0.04824561403508772,0.11682242990654206,0.7318435754189944,275.0,228.0
2025-08-28,-0.08641975308641975,-0.04504504504504504,0.16666666666666666,0.6052631578947368,243.0,222.0
2025-08-29,-0.09897610921501707,-0.02181818181818182,0.1821705426356589,0.8134715025906736,293.0,275.0
2025-08-30,-0.06177606177606178,-0.015384615384615385,0.1724137931034483,0.7524271844660194,259.0,260.0
2025-08-31,-0.058823529411764705,-0.02304147465437788,0.21238938053097345,0.63125,289.0,217.0
2025-09-01,-0.08394160583941605,-0.03125,0.18222222222222223,0.6527777777777778,274.0,224.0
2025-09-02,-0.05904059040590406,-0.0653061224489796,0.15625,0.45588235294117646,271.0,245.0
2025-09-03,-0.0421455938697318,-0.07171314741035857,0.19457013574660634,0.6142857142857143,261.0,251.0
2025-09-04,-0.04150943396226415,-0.03875968992248062,0.2112676056338028,0.6753246753246753,265.0,258.0
2025-09-05,-0.07462686567164178,-0.06584362139917696,0.18719211822660098,0.5838926174496645,268.0,243.0
2025-09-06,-0.06153846153846154,-0.08444444444444445,0.20588235294117646,0.5886075949367089,260.0,225.0
2025-09-07,-0.07608695652173914,-0.07547169811320754,0.25943396226415094,0.6646341463414634,276.0,265.0
2025-09-08,-0.055776892430278883,-0.05555555555555555,0.19289340101522842,0.5822784810126582,251.0,216.0
2025-09-09,-0.08712121212121213,-0.10396039603960396,0.20952380952380953,0.5573770491803278,264.0,202.0
2025-09-10,-0.056451612903225805,-0.05217391304347826,0.24736842105263157,0.6308724832214765,248.0,230.0
2025-09-11,-0.04411764705882353,-0.0330188679245283,0.22844827586206898,0.6595744680851063,272.0,212.0
2025-09-12,-0.026217228464419477,-0.024630541871921183,0.2571428571428571,0.7777777777777778,267.0,203.0
2025-09-13,-0.032679738562091505,-0.023148148148148147,0.2682926829268293,0.576,306.0,216.0
2025-09-14,-0.017482517482517484,0.0,0.19555555555555557,0.8016528925619835,286.0,226.0
2025-09-15,-0.03618421052631579,-0.06227106227106227,0.20883534136546184,0.5838509316770186,304.0,273.0
2025-09-16,-0.07984790874524715,-0.051587301587301584,0.17073170731707318,0.5555555555555556,263.0,252.0
2025-09-17,-0.07664233576642336,-0.10697674418604651,0.17567567567567569,0.6422764227642277,274.0,215.0
2025-09-18,-0.051181102362204724,-0.06467661691542288,0.20418848167539266,0.6071428571428571,254.0,201.0
2025-09-19,-0.07913669064748201,-0.02564102564102564,0.17889908256880735,0.7272727272727273,278.0,156.0
2025-09-20,-0.0375,-0.05172413793103448,0.26907630522088355,0.6148648648648649,320.0,232.0
2025-09-21,-0.078125,-0.03333333333333333,0.2512820512820513,0.675,256.0,240.0
2025-09-22,-0.12275449101796407,-0.012195121951219513,0.16417910447761194,0.4931506849315068,334.0,246.0
2025-09-23,-0.03571428571428571,-0.0599250936329588,0.1732283464566929,0.5958904109589042,308.0,267.0
2025-09-24,-0.014598540145985401,-0.03383458646616541,0.18309859154929578,0.5617283950617284,274.0,266.0
2025-09-25,-0.08080808080808081,0.0163265306122449,0.1686746987951807,0.6802721088435374,297.0,245.0
2025-09-26,-0.07033639143730887,-0.044897959183673466,0.21509433962264152,0.5595238095238095,327.0,245.0
2025-09-27,-0.05970149253731343,-0.0784313725490196,0.22274881516587677,0.608433734939759,268.0,255.0
2025-09-28,-0.040740740740740744,-0.04564315352697095,0.32,0.7051282051282052,270.0,241.0
2025-09-29,-0.04182509505703422,-0.1062992125984252,0.24489795918367346,0.5,263.0,254.0
2025-09-30,-0.0996309963099631,-0.02127659574468085,0.25728155339805825,0.5443786982248521,271.0,282.0
2025-10-01,-0.03308823529411765,-0.06521739130434782,0.21397379912663755,0.5658914728682171,272.0,230.0
2025-10-02,-0.03137254901960784,-0.07894736842105263,0.17061611374407584,0.68,255.0,228.0
2025-10-03,-0.041401273885350316,-0.06280193236714976,0.1412639405204461,0.6622516556291391,314.0,207.0
2025-10-04,-0.043010752688172046,-0.028925619834710745,0.23394495412844038,0.7647058823529411,279.0,242.0
2025-10-05,-0.06687898089171974,-0.0391304347826087,0.15298507462686567,0.6917808219178082,314.0,230.0
2025-10-06,-0.030211480362537766,-0.03802281368821293,0.14074074074074075,0.6283783783783784,331.0,263.0
2025-10-07,-0.050335570469798654,-0.07272727272727272,0.2125,0.5378151260504201,298.0,220.0
2025-10-08,-0.07666666666666666,-0.05054151624548736,0.23529411764705882,0.5578231292517006,300.0,277.0
2025-10-09,-0.08480565371024736,-0.076,0.189873417721519,0.6014492753623188,283.0,250.0
2025-10-10,-0.10091743119266056,-0.07569721115537849,0.18888888888888888,0.7054794520547946,327.0,251.0
2025-10-11,-0.0949367088607595,-0.04090909090909091,0.10727969348659004,0.5693430656934306,316.0,220.0
2025-10-12,-0.04807692307692308,-0.07421875,0.1434108527131783,0.7102272727272727,312.0,256.0
2025-10-13,-0.08960573476702509,-0.06498194945848375,0.19095477386934673,0.6280487804878049,279.0,277.0
2025-10-14,-0.09507042253521127,-0.0528169014084507,0.1688888888888889,0.6280487804878049,284.0,284.0
2025-10-15,-0.08633093525179857,-0.11469534050179211,0.19158878504672897,0.6890243902439024,278.0,279.0
2025-10-16,-0.14331210191082802,-0.1037037037037037,0.14227642276422764,0.5804195804195804,314.0,270.0
2025-10-17,-0.0694006309148265,-0.1,0.17472118959107807,0.45652173913043476,317.0,290.0
2025-10-18,-0.0670926517571885,-0.03361344537815126,0.20622568093385213,0.5338345864661654,313.0,238.0
2025-10-19,-0.07777777777777778,-0.07456140350877193,0.23255813953488372,0.53125,270.0,228.0
2025-10-20,-0.06296296296296296,-0.043478260869565216,0.26666666666666666,0.62,270.0,253.0
2025-10-21,-0.07216494845360824,-0.10452961672473868,0.17427385892116182,0.38562091503267976,291.0,287.0
2025-10-22,-0.07308970099667775,-0.08888888888888889,0.15677966101694915,0.41818181818181815,301.0,270.0
2025-10-23,-0.024291497975708502,-0.0811965811965812,0.20725388601036268,0.5961538461538461,247.0,234.0
2025-10-24,0.0035211267605633804,-0.034482758620689655,0.24324324324324326,0.5923566878980892,284.0,261.0
2025-10-25,-0.01568627450980392,-0.027559055118110236,0.26424870466321243,0.7650602409638554,255.0,254.0
2025-10-26,-0.08536585365853659,-0.014492753623188406,0.24271844660194175,0.6558441558441559,246.0,207.0
2025-10-27,-0.03125,-0.0706713780918728,0.20502092050209206,0.4946808510638298,288.0,283.0
2025-10-28,-0.05054151624548736,-0.0735930735930736,0.1415525114155251,0.5522388059701493,277.0,231.0
2025-10-29,-0.10150375939849623,-0.057692307692307696,0.23267326732673269,0.5114503816793893,266.0,208.0
2025-10-30,-0.10909090909090909,-0.06074766355140187,0.18705035971223022,0.5271317829457365,330.0,214.0
2025-10-31,-0.1,-0.04294478527607362,0.17511520737327188,0.628099173553719,280.0,163.0
2025-11-01,-0.08267716535433071,-0.046511627906976744,0.19704433497536947,0.7052023121387283,254.0,215.0
2025-11-02,-0.07246376811594203,-0.046296296296296294,0.22608695652173913,0.773972602739726,276.0,216.0
2025-11-03,-0.12091503267973856,-0.027149321266968326,0.13438735177865613,0.7027027027027027,306.0,221.0
2025-11-04,-0.09748427672955975,-0.07920792079207921,0.07407407407407407,0.6097560975609756,318.0,202.0
2025-11-05,-0.07763975155279502,-0.014018691588785047,0.11194029850746269,0.6883116883116883,322.0,214.0
2025-11-06,-0.10130718954248366,-0.045454545454545456,0.15748031496062992,0.7764705882352941,306.0,220.0
2025-11-07,-0.09872611464968153,-0.050505050505050504,0.11067193675889328,0.6551724137931034,314.0,198.0
2025-11-08,-0.07971014492753623,-0.03482587064676617,0.20704845814977973,0.6282051282051282,276.0,201.0
2025-11-09,-0.06810035842293907,-0.03571428571428571,0.17333333333333334,0.697841726618705,279.0,224.0
2025-11-10,-0.06934306569343066,-0.05063291139240506,0.21794871794871795,0.7142857142857143,274.0,237.0
2025-11-11,-0.04435483870967742,-0.05714285714285714,0.14146341463414633,0.7215189873417721,248.0,210.0
2025-11-12,-0.09731543624161074,-0.08173076923076923,0.12389380530973451,0.6137931034482759,298.0,208.0
2025-11-13,-0.1111111111111111,-0.022321428571428572,0.12408759124087591,0.6987951807228916,324.0,224.0
2025-11-14,-0.09577464788732394,-0.046948356807511735,0.07308970099667775,0.7619047619047619,355.0,213.0
2025-11-15,-0.12202380952380952,0.01293103448275862,0.15302491103202848,0.6959459459459459,336.0,232.0
2025-11-16,-0.10324483775811209,-0.07177033492822966,0.1672473867595819,0.7697368421052632,339.0,209.0
2025-11-17,-0.09495548961424333,-0.028708133971291867,0.10954063604240283,0.6878980891719745,337.0,209.0
2025-11-18,-0.07462686567164178,-0.0163265306122449,0.0798611111111111,0.6533333333333333,335.0,245.0
2025-11-19,-0.1111111111111111,-0.03211009174311927,0.1018867924528302,0.5461538461538461,324.0,218.0
2025-11-20,-0.11144578313253012,-0.0825242718446602,0.1111111111111111,0.6328125,332.0,206.0
2025-11-21,-0.11797752808988764,-0.023809523809523808,0.16233766233766234,0.6153846153846154,356.0,210.0
2025-11-22,-0.07017543859649122,-0.0045662100456621,0.1198501872659176,0.7202380952380952,342.0,219.0
2025-11-23,-0.04794520547945205,-0.02857142857142857,0.1721311475409836,0.6714285714285714,292.0,175.0
2025-11-24,-0.08496732026143791,-0.04608294930875576,0.13147410358565736,0.6645962732919255,306.0,217.0
2025-11-25,-0.10948905109489052,-0.03211009174311927,0.24423963133640553,0.7037037037037037,274.0,218.0
2025-11-26,-0.08143322475570032,-0.046242774566473986,0.2891566265060241,0.5504587155963303,307.0,173.0
2025-11-27,-0.0625,-0.058823529411764705,0.15126050420168066,0.7323943661971831,288.0,221.0
2025-11-28,-0.07083333333333333,-0.02564102564102564,0.1693121693121693,0.676923076923077,240.0,195.0
2025-11-29,-0.029535864978902954,-0.049723756906077346,0.28125,0.7431192660550459,237.0,181.0
2025-11-30,-0.06666666666666667,-0.029239766081871343,0.2096069868995633,0.5912408759124088,300.0,171.0
2025-12-01,-0.08278145695364239,-0.05603448275862069,0.145748987854251,0.7485029940119761,302.0,232.0
2025-12-02,-0.10385756676557864,-0.018433179723502304,0.15302491103202848,0.7696969696969697,337.0,217.0
2025-12-03,-0.04285714285714286,-0.03015075376884422,0.2532188841201717,0.7284768211920529,280.0,199.0
2025-12-04,-0.08695652173913043,-0.04838709677419355,0.23404255319148937,0.648854961832061,299.0,186.0
2025-12-05,-0.10344827586206896,-0.005494505494505495,0.19095477386934673,0.7163120567375887,261.0,182.0
2025-12-06,-0.09811320754716982,-0.03804347826086957,0.40654205607476634,0.75,265.0,184.0
2025-12-07,-0.0759493670886076,-0.005555555555555556,0.3282051282051282,0.7016129032258065,237.0,180.0
2025-12-08,-0.07539682539682539,-0.016853932584269662,0.2604166666666667,0.5625,252.0,178.0
2025-12-09,-0.07260726072607261,0.025,0.1471861471861472,0.6228070175438597,303.0,160.0
2025-12-10,-0.030612244897959183,0.0,0.2139917695473251,0.6825396825396826,294.0,187.0
2025-12-11,-0.10256410256410256,-0.0380952380952381,0.15789473684210525,0.6818181818181818,273.0,210.0
2025-12-12,-0.05813953488372093,0.01951219512195122,0.2753623188405797,0.5586206896551724,258.0,205.0
2025-12-13,-0.08928571428571429,-0.015789473684210527,0.21052631578947367,0.6530612244897959,280.0,190.0
2025-12-14,-0.07407407407407407,-0.03482587064676617,0.14163090128755365,0.6666666666666666,297.0,201.0
2025-12-15,-0.05642633228840126,-0.01098901098901099,0.16996047430830039,0.5700934579439252,319.0,182.0
2025-12-16,-0.04040404040404041,-0.02617801047120419,0.2073170731707317,0.5984848484848485,297.0,191.0
2025-12-17,-0.08496732026143791,-0.0045045045045045045,0.22764227642276422,0.7006802721088435,306.0,222.0
2025-12-18,-0.09060402684563758,-0.02830188679245283,0.1864406779661017,0.61875,298.0,212.0
2025-12-19,-0.0812720848056537,-0.016304347826086956,0.1888412017167382,0.5912408759124088,283.0,184.0
2025-12-20,-0.09271523178807947,0.0,0.18807339449541285,0.556390977443609,302.0,190.0
2025-12-21,-0.06315789473684211,-0.023952095808383235,0.2882882882882883,0.5545454545454546,285.0,167.0
2025-12-22,-0.06995884773662552,-0.07179487179487179,0.19387755102040816,0.5798319327731093,243.0,195.0
2025-12-23,-0.07507507507507508,-0.047619047619047616,0.25287356321839083,0.5471698113207547,333.0,210.0
2025-12-24,-0.05194805194805195,-0.03398058252427184,0.2222222222222222,0.5,308.0,206.0
2025-12-25,-0.06923076923076923,-0.016666666666666666,0.20918367346938777,0.6153846153846154,260.0,240.0
2025-12-26,-0.046762589928057555,-0.004524886877828055,0.19069767441860466,0.6137931034482759,278.0,221.0
2025-12-27,-0.13719512195121952,-0.06735751295336788,0.28957528957528955,0.49230769230769234,328.0,193.0
2025-12-28,-0.05166051660516605,-0.047872340425531915,0.3087557603686636,0.5631067961165048,271.0,188.0
2025-12-29,-0.08247422680412371,-0.07954545454545454,0.15352697095435686,0.4628099173553719,291.0,176.0
2025-12-30,-0.04285714285714286,-0.03428571428571429,0.2237442922374429,0.512396694214876,280.0,175.0
2025-12-31,-0.07718120805369127,-0.05555555555555555,0.2602739726027397,0.6475409836065574,298.0,180.0
