"date","GOLD","BTC","SENT_G","SENT_C","FED","VIX","DXY"
2017-01-03,0.658997628868931,2.12272493882716,-0.250090246251973,-5.04733486739015,-1.05287334384019,3.11926350879757,0.449312380988655
2017-01-04,1.04209382224214,0.0191428720630729,1.91920729588968,-7.0021815594372,1.09323954902254,2.38496574739685,0.543532272822919
2017-01-05,1.11546020167709,4.39286704589207,1.26733284561353,-13.4658897883831,2.11542013788092,2.25556500478949,2.31924455252997
2017-01-06,2.85798872747775,1.5700694747088,-0.179094072487317,-13.078453870705,3.56005054616259,3.51957153349894,1.74986766134427
2017-01-09,6.47434743046247,2.52520965071551,-1.08294272123491,-19.2687212017757,2.90205899761892,1.6442272781471,6.80582056606661
2017-01-10,7.30505859905223,2.50022474096781,-1.75849964231399,-21.4426928827179,2.63810362644954,1.62844719023447,9.12935836832781
2017-01-11,8.58557097504243,2.25425639855073,-2.91465703019942,-19.3282470970665,2.3674570766544,0.550491082742908,8.48512859427542
2017-01-12,16.2281915763166,1.18972979734548,-4.2380818558969,-25.1654544921675,1.35081436638226,1.17120843702162,9.46359217099837
2017-01-13,11.5716771744604,3.09520160609052,5.28953992487345,-41.9492313450838,0.758092548727339,7.89526514143643,13.3394549494957
2017-01-17,14.8814263386079,1.8281410381262,2.31809386813567,-32.4269024837616,-0.34056148436686,2.26572618594165,11.474076537317
2017-01-18,12.4450969659197,0.229835287358908,18.5961379910335,-40.4661278410649,0.975265921464537,1.52665017262959,6.69314150265859
2017-01-19,13.4835555328078,-0.903423193281334,59.6536120765565,-72.5653563590666,-0.26976250916754,-1.29854403205489,1.89991848420602
2017-01-20,11.496444034135,-0.471388327175162,4.65072583833163,-16.8852854082048,-0.320638309917502,-0.071070305109675,1.60121247794053
2017-01-23,12.1471561728665,-0.465353054351883,4.33741618633544,-16.893807147264,-0.27890117058444,-0.185508138749228,1.33899715174761
2017-01-24,12.8116637898975,-0.106444241859807,2.95467092998955,-16.2165493694245,-0.33218797763723,-0.403698565160403,1.29254543419492
2017-01-25,9.73514150467187,-0.240717529051414,3.86954505861173,-13.978217818225,-0.229380340107787,-0.296190768311457,1.13981989241206
2017-01-26,9.17427595793265,-0.429318624499892,3.78281067203344,-12.7212979989149,-0.312372916453941,-0.0386727884397171,0.544575698342349
2017-01-27,9.79275701312042,-0.450733707499849,4.05915971615947,-13.5668433598728,-0.330272993587283,-0.193585695969242,0.689519027649332
2017-01-30,9.33912910012029,-0.479666432307901,4.58022451393148,-13.8124878076984,-0.216999931428252,-0.163751520238391,0.753552077621151
2017-01-31,7.60951568698317,-0.485035757432428,4.21925123707222,-12.4459352655416,-4.17136502916125,0.712815111166964,4.56075401691289
2017-02-01,9.77294084473358,0.0453839895096317,3.70864965891043,-11.5185997550111,-11.0296916682558,0.13048929696392,8.89082763314931
2017-02-02,10.2603801657366,0.220661046423738,4.21185871633444,-12.6619913279913,-10.2767727033629,0.0166092021658528,8.22925490069357
2017-02-03,3.41751645808635,0.379478592130046,5.39574599453725,-7.11431626554203,-10.4115443911415,0.0381592111324927,8.29496040079736
2017-02-06,3.34505113567561,0.254874701158895,5.31299494907225,-8.52567454620588,-8.95242548208855,0.0133524506928784,8.5518267916948
2017-02-07,3.44923887102749,0.160224346649148,5.64653945251061,-8.88111388823991,-8.66940678810316,0.0667103552512223,8.22780765090461
2017-02-08,4.57884694851072,0.199538652769101,6.51350061562307,-10.2123152620324,-8.76535910129334,0.125772304848221,7.56001584157464
2017-02-09,3.34452667992921,0.780876526784237,4.35576961059812,-7.96836706736286,-8.82309703853518,-0.376134217342034,8.68642550592851
2017-02-10,3.27464367156428,0.713572251937566,4.2516583430618,-7.83537645487625,-8.5831256648794,-0.383497435015523,8.56212528820753
2017-02-13,3.39124605574064,0.696694615497957,3.79500501084786,-7.20166695204175,-8.79234703270605,-0.331569136379141,8.44263743904048
2017-02-14,3.47536454225426,0.641729142773629,3.7782021017558,-6.98639627888454,-9.05823743840675,-0.322399588004687,8.47173751851228
2017-02-15,3.13812202010495,0.68458958877844,3.56675055630678,-7.00101247093313,-8.58601388413815,-0.144763995109616,8.34232818499074
2017-02-16,4.74752530962424,0.554670754687249,7.73768657670277,-11.4461791358183,-9.43223876340723,-0.196233703090894,8.03476896130218
2017-02-17,4.5261520810967,0.444382359495167,4.43462321427447,-7.32440368151981,-8.10839089590337,-0.0433044118375117,6.07094133439436
2017-02-21,4.70287603636107,0.557984369325819,4.73916873398296,-8.1225955914727,-7.98157981575137,0.017609187490655,6.08653708006356
2017-02-22,4.28870346845091,0.645586117770838,5.48275176775789,-8.74883118645179,-7.85173624316421,-0.00334267430137614,6.18686874993774
2017-02-23,4.98561412640089,0.620265084859916,5.18555331715093,-8.62742108414774,-8.69740917922439,-0.0438602025763072,6.5772579375367
2017-02-24,4.43110441394143,0.260962726794085,5.12985717241028,-9.07819190062267,-6.60199515628799,-0.070960595875076,5.92922333963994
2017-02-27,2.8089370192679,0.0778141760543352,5.62417496315795,-7.77004969015893,-6.7865580523797,0.0302253239993089,6.01545626005913
2017-02-28,0.94271854947614,0.329292431948973,7.98620751208985,-9.76450494299026,-3.27795902089125,-0.627652992891609,4.41189846325815
2017-03-01,0.931862475178498,-0.0851846885285772,7.28985991542397,-7.95616230916899,-5.26162403811914,-0.508480821262851,5.58972946647709
2017-03-02,0.371547209989526,-0.202736886863478,5.75189334576604,-6.82539768769955,-3.34188931764947,-0.0278043950737752,4.2743877315307
2017-03-03,0.748837584843695,-0.324342594465428,5.01366495032551,-7.00801347734127,-3.14288862589991,0.830363254787164,3.88237890775024
2017-03-06,1.12596496926301,-0.320514308760716,5.21148276116599,-7.15781285594199,-3.01064445282352,0.894079617335522,3.2574442697617
2017-03-07,1.82296704000431,-0.136500975139629,4.97811749635828,-7.85595829719118,-2.68196554811719,0.816240247414279,3.05710003667114
2017-03-08,1.38055939569696,0.0436443652219296,4.93364455537154,-7.39375513726083,-3.10194379098854,0.794672552563528,3.34317805939542
2017-03-09,2.08114953998725,-0.0405510432445535,5.36272727650126,-8.25091025797928,-2.76662380785012,0.542261387718282,3.07194690486716
2017-03-10,2.66375111269863,1.19970838697575,5.11502651957862,-8.34387233731946,-2.60915803966678,-0.129802689727837,2.10434704746107
2017-03-13,2.3060233076447,0.81504430879449,5.04955118683796,-8.31884914012659,-3.04692287991532,0.678264121100067,2.51688909566469
2017-03-14,2.35169129133713,0.485659492162894,5.18014778669566,-8.17702161764275,-2.2296072978363,0.575440229545101,1.81369011573827
2017-03-15,2.36485832943983,0.461412652753064,5.47914877169167,-8.28928727242746,-1.99719804493513,1.46288869376988,0.51817686970816
2017-03-16,13.1903917500872,0.674816610419298,0.258502657223934,-20.138822791257,14.7735306609488,-6.09899684059946,-2.6594220468228
2017-03-17,5.21288573019604,-0.972464712062754,0.776821008514212,-7.69506210497636,10.3071955281166,-5.75126524149849,-1.87811020828929
2017-03-20,4.69912885592325,-0.794795337484878,1.14272011676938,-6.22669525003801,9.09032081321664,-5.95198873702467,-1.95869046136171
2017-03-21,4.44435203084972,2.88378030149864,-0.0198787159631699,-7.00151714995566,7.55049685093545,-6.47715090329757,-1.38008241406741
2017-03-22,2.97642449538049,2.64350893938146,1.63630569762257,-5.35295962463961,6.35520530260049,-6.54465161967474,-1.71383319067065
2017-03-23,3.0109126291409,2.5480991861799,1.61091179643158,-5.31436455109654,6.21862423344842,-6.4389308887432,-1.63525240536106
2017-03-24,2.95714043948998,5.67387303331913,4.37811030760796,-7.1080536125561,4.60036506689562,-7.838554050987,-2.66288118376958
2017-03-27,3.46262057194976,4.65907097080845,1.57421178692542,-4.91132814650081,5.23829501618662,-7.57293152215499,-2.44993867721446
2017-03-28,3.71396644314328,2.37856579787545,1.49019845275606,-5.05747621049242,4.86254440874065,-5.81306522985226,-1.57473366217076
2017-03-29,2.87199233687529,2.31297029212953,1.34605742985582,-4.26866805331603,4.86580722067698,-6.03530994871434,-1.09284927750725
2017-03-30,3.33098201031175,2.37042800899748,0.861244141495304,-4.1160889254721,4.69534458542109,-6.07315596235136,-1.06875385840215
2017-03-31,1.93882434919956,3.55564140077187,0.33344923208675,-3.9506304648858,5.9003357813593,-7.68470270828874,-0.0929175902429407
2017-04-03,2.04718260322149,3.26869311618961,0.293764500985624,-3.93861313895026,5.85224814035609,-7.38015604737017,-0.143119174432377
2017-04-04,2.22386581862813,2.6990981814751,0.00667585547764205,-4.03079387213507,6.74975284207346,-7.44129056961854,-0.207308255900731
2017-04-05,2.89260401773667,2.66450451627824,-0.0463323192288012,-3.70321616920724,5.62241621021825,-7.28000993890517,-0.149966316891957
2017-04-06,3.13592937235743,1.0505658307219,0.800810067395744,-3.80888403116639,5.57934630669966,-6.73237061926836,-0.0253969267399867
2017-04-07,2.31873822931421,0.446060796552528,1.38747461830764,-3.05792247461767,5.00058822062631,-6.15114003058114,0.0562006403981083
2017-04-10,1.80107948633707,0.613371327230109,0.651520340106963,-2.88997075781788,4.67763431844876,-5.29600515376851,0.44237043946349
2017-04-11,2.43439800108646,0.815634185102757,0.275301052971322,-3.10846348181949,3.7680627302514,-4.46912662636815,0.284194138775687
2017-04-12,3.9349754630756,0.71711012823266,0.0398098889215852,-3.898504945611,3.27641943204939,-4.54090554640337,0.47109557973514
2017-04-13,4.36818246113322,0.147979390894234,-0.54458811078303,-2.76534446064546,2.98365647950528,-4.41953151903744,0.229645758933195
2017-04-17,5.90162052444119,-0.0368469039364534,-1.02881278991808,-3.22178510232541,2.57071084392352,-3.96810187841289,-0.21678469377188
2017-04-18,4.62504052918954,0.0818714979073061,-0.46527345289735,-2.81010721667554,2.389574040597,-3.71399342338263,-0.107111974738322
2017-04-19,4.32875476397206,0.15344377214679,0.00882481359748688,-3.0982480058231,2.72367176016481,-3.9447005948575,-0.171746509200551
2017-04-20,4.84821892377841,-0.224741332852895,-0.124937751464778,-3.25078700088703,2.41614093020941,-3.6870012945388,0.0231075257556768
2017-04-21,4.63754211344176,-0.209433138127565,-0.104358422461344,-3.30937978379586,2.34707845175961,-3.43523707351103,0.0737878526944318
2017-04-24,5.21061515087269,-0.249950279299799,-0.371176864979351,-3.38373549385707,0.632260631846098,-2.64776652876425,0.809753384181679
2017-04-25,4.14424770559562,-0.0565170499743388,-0.130659529841189,-3.75216079378925,0.674322431416112,-2.13426611920137,1.25503335579442
2017-04-26,4.11686667678316,-0.149311362990607,-0.122417488767763,-3.82654320458892,0.819582082152873,-1.99817364290106,1.15999694031232
2017-04-27,4.24293457089859,-0.491334953119178,-0.0912612085924955,-3.81039339472731,0.629468508489829,-1.76982082660864,1.29040730365919
2017-04-28,4.23196150925078,-0.721032147151899,0.145715267329447,-3.72689668582251,0.382829064604199,-1.53957021960375,1.22699321139374
2017-05-01,4.37408051916245,-1.09615458935128,0.0285774877661602,-3.73563815298749,0.369515415402768,-1.13199232752355,1.19161164753093
2017-05-02,4.24468448411355,-1.09641787229936,-0.0363804042078941,-3.6932503063404,0.187261440391548,-0.94796200749489,1.34206466583744
2017-05-03,4.70637961836893,-1.19881267385168,-0.086979689739179,-3.65746885977649,-0.304054023923513,-0.607087102450196,1.14802273137212
2017-05-04,3.56484895077389,-1.23743860631651,-0.133991052254469,-1.09223767170709,-2.19999258876685,-0.4421907913355,1.54100175960653
2017-05-05,3.20998470515091,-1.37949183406494,-0.216031803686819,-1.55542433440291,-1.09535667818503,-0.190639365688803,1.22695931087759
2017-05-08,3.11489496770209,-1.93316467466057,-0.269008177076083,-1.84440642097567,-1.24954650608524,1.06168277909929,1.11954803199619
2017-05-09,4.38366555120535,-2.35775032816802,-0.412746851028096,-2.97202428538327,-1.06443385554834,1.58013640548982,0.843153363432556
2017-05-10,3.84153525587955,-2.48356478322219,-0.23422740469962,-2.48682521227059,-0.987134612148536,1.47156589432175,0.878650862139636
2017-05-11,3.74254499811543,-2.40935587139649,-0.219515443171016,-2.441987259782,-0.974932767138389,1.39558417545692,0.907662167915559
2017-05-12,3.62594875527913,-1.7999549902069,-0.140079486847764,-1.5328331255001,-0.965333654349475,0.295976899195453,0.516275602429666
2017-05-15,3.53452925870198,-1.70372014905793,-0.0473373172848586,-1.24017208268196,-1.19929747703529,0.281388022206116,0.374609745151955
2017-05-16,3.04568237203327,-1.66734445237177,-0.237615230436862,-1.45976263336821,-1.4069514772723,0.191284435540608,1.53470698587527
2017-05-17,1.47474800196548,1.15829204962973,-0.785819641167792,-4.47140094313031,-2.62595060318322,1.87379108095931,3.3763400549268
2017-05-18,1.37948788091241,1.0897949936837,-1.48386181336902,-3.75324857055584,-2.09473334921516,1.72532052575366,3.13724033279025
2017-05-19,1.78792215220447,0.0783918432789195,-1.64024997108026,-3.30589163369696,-2.90909617086938,2.42338394194446,3.56553983821875
2017-05-22,1.37914513825833,-0.661315602599267,-1.87916079177317,-3.25792194306059,-2.99958085825265,3.64479529000264,3.77403876742471
2017-05-23,1.59169937969361,-1.00546406272586,-0.999563353169872,-4.20340706765866,-2.779444693275,3.97414677007109,3.42203302706469
2017-05-24,1.42476084842427,-1.38511047049692,0.857193036152601,-4.96575123561801,-3.78670419461069,4.95319141429849,2.90242060185027
2017-05-25,1.16999179249077,-1.29957922437319,1.55038074740249,-5.79440482623782,-2.64680041879765,4.1128527217957,2.9075592077197
2017-05-26,0.966201302670992,-0.336911934050963,1.56611382249952,-6.52263868635342,-2.62266410629758,3.89535983324524,3.0545397682862
2017-05-30,1.34571841446338,-0.107527029149196,1.54563638655626,-7.03629989148522,-2.60511246778054,3.89374400109723,2.9638405862981
2017-05-31,0.852910717083464,0.465757528939033,1.95568946244406,-8.86048177047686,-1.32852189683342,3.78806244320849,3.12658351563523
2017-06-01,1.93403379586714,-0.584915817305515,0.275185426240223,-5.98857027426265,-3.55478630283295,3.82743945599775,4.091613716296
2017-06-02,1.06282306259316,-1.04060462626633,0.272882430698863,-5.01470230762302,-2.18610032299335,3.22962300331189,3.67607876027879
2017-06-05,1.49121807752152,-1.36408836490645,0.0183759422840089,-4.49612673204212,-2.21143625725712,2.73489702095564,3.82716031344451
2017-06-06,1.43823761192754,-1.10035098871705,-0.148095412102437,-4.39766113379545,-2.1127189248169,2.3606473586309,3.95994148887341
2017-06-07,1.96543491443867,-0.984031102924692,-0.224703421959282,-4.40976383866317,-2.16896162024563,1.81476548261274,4.00725958674137
2017-06-08,2.20463939208475,-0.919537497558221,-0.809512039711022,-3.95786222779523,-2.25832340298899,2.25489292399947,3.48570285196923
2017-06-09,2.36906675651378,-0.947635589327363,-0.877926383330495,-4.07144369039557,-2.25402170157058,2.30981548448527,3.47214512362496
2017-06-12,2.20349220905009,-0.883175207936445,-0.88774435652772,-3.94532200664578,-2.19550972055664,2.24463563030583,3.46362345231066
2017-06-13,1.30286305590748,0.223690145604549,-0.896585002336614,-3.6448246920307,-2.20953587650378,1.42196948005496,3.8024228893041
2017-06-14,1.14041999371171,0.895047931661482,-1.12106691468986,-3.84706405958054,-2.26481636331418,1.42865964852097,3.76881976369042
2017-06-15,1.72755078022748,-0.3663416303901,-1.27201906422987,-3.47500405652389,-0.0747878161284561,0.615453326576654,2.84514846046819
2017-06-16,2.83932377815183,-0.684713525379937,-0.592306515388522,-5.23699553692956,0.0511522291138249,1.15603457037551,2.46750500005685
2017-06-19,2.41321453493681,-1.05507091409143,-0.669830846044517,-4.82515020022949,-0.0567742748067062,1.2206399953147,2.97297170492063
2017-06-20,2.59520831060369,-0.940407729373696,-0.499942262410046,-4.50942236728069,0.0226444516966708,1.15084426720036,2.18107532956373
2017-06-21,2.82859423489619,-0.608552385411878,-0.651332742232901,-4.55651474197453,0.0898535494800825,1.10621408696276,1.79173799828028
2017-06-22,2.81975090670767,-0.603276715154905,-0.584648809479942,-4.58596333577973,0.125181207607806,1.1588304763693,1.67012626972981
2017-06-23,2.41507758541887,-0.669742194847453,-0.562948850993765,-4.46621691620008,0.00970654282934191,1.29982218569218,1.9743016481009
2017-06-26,2.16928500160559,0.0460851592509393,-0.581109968430559,-4.26606893818874,-0.110372851389055,0.767173404161525,1.97500819299029
2017-06-27,1.80771039615161,-0.0298204048118604,-0.029838131435918,-3.64745749903432,0.691685257632891,0.725306301994065,0.482414079503531
2017-06-28,1.78420478328488,-0.228999324964757,0.0432858943048551,-3.63844315510211,0.678240539046445,1.26955190316482,0.092159360265871
2017-06-29,1.41334490924254,-0.490983013661513,0.143604484127389,-3.41803805552727,0.945067126807821,1.12620805000547,0.280796499005572
2017-06-30,1.22810689186065,-0.244044109252799,0.475498748957335,-3.04283903666678,0.372416717722274,1.12045190798958,0.0904088793897451
2017-07-03,1.26091358003579,-0.149626065490748,0.577739035078343,-3.62807180001904,0.802731834225789,1.08148062346157,0.0548327927083001
2017-07-05,1.34721884491117,-0.154098607682423,0.525092137624375,-3.72956285292494,1.10133754704976,0.986112012727411,-0.0760990817053511
2017-07-06,1.37696411976007,-0.196058536064927,0.806107467958208,-3.77671942086821,1.11526770364695,0.578218777636665,0.0962198879312446
2017-07-07,2.14461289506941,0.558012183663356,-0.0849673764762464,-3.5739575447203,0.225235592242321,0.505157248486183,0.225907001735266
2017-07-10,2.39312698648554,0.532620211906706,-0.192174885911927,-3.79932461953737,-0.0134140209265112,0.685694043020129,0.393472284963423
2017-07-11,2.99598485405826,0.379334324254406,0.171641234718022,-2.09180022270582,-1.09995671370926,-0.218422321320306,-0.13678115529531
2017-07-12,3.00571050916171,0.373514123736427,0.557485907934526,-3.20420660850375,-1.00817096568889,-0.120926332559644,0.396593365919617
2017-07-13,3.05717961007832,0.51788446880461,0.734342942531079,-3.31080266859314,-1.00178762426139,-0.24323565840905,0.246418929849568
2017-07-14,2.85187889396759,1.29451576704957,0.99615852129449,-3.67773407374612,-1.17731263471677,-0.406190549011945,0.118684075163181
2017-07-17,3.11427874027839,0.985379164360983,0.701700677428914,-4.28903261773333,-1.46488788355149,-0.231382882904703,1.18394480212124
2017-07-18,3.30612424359225,2.12699197774774,0.651474865014677,-3.81680607862479,-1.51469742097188,-0.871091510117602,0.118003923359598
2017-07-19,2.68496059098457,2.92254743577996,0.353588988121277,-3.45153512985617,-1.47085458082456,-1.03183593692712,-0.006871367277963
2017-07-20,2.89818549073915,3.23741257384767,-0.800279196085359,-4.29701498882094,-1.54917006340822,-1.1283983397738,1.6392645235015
2017-07-21,2.37217274431603,4.62896177233756,-1.76990440574003,-3.60223137281172,-2.11118284974529,-0.878010276200142,1.36019438784359
2017-07-24,2.54403049805501,4.37579239772751,-1.41979130970713,-4.16929940897756,-2.1468500581814,-0.911104635530128,1.7272225166137
2017-07-25,2.77044218705956,4.72944136300259,-1.80830011254504,-4.139522812784,-2.21009202389043,-1.40768094309049,2.0657123422478
2017-07-26,2.57155210884565,4.53208577758029,-1.71850265784615,-3.95541525686324,-2.01664607779253,-1.22456752187107,1.81149362794706
2017-07-27,2.63662396945517,4.68190726196254,-1.92562407531283,-3.86186750989077,-1.77122862066045,-0.913951147174751,1.1541401216211
2017-07-28,2.7964921041238,3.98009401751017,-1.55947484736377,-3.28024107182983,-2.26687659484782,-1.16674067558686,1.49674706799431
2017-07-31,2.96939695953191,3.85082945116026,-1.63197934179272,-3.45478097126055,-1.98959893419185,-0.979250733318896,1.23538356987184
2017-08-01,1.96858827602499,4.19169990303216,-1.40573612663911,-3.07693170160487,-2.08590147304257,-1.50919855769266,1.91747967992207
2017-08-02,2.14567337287808,4.28406629453102,-1.51203821259616,-2.85456115670382,-2.24516003246582,-1.58579658649236,1.76781632084905
2017-08-03,2.13278674064851,4.59076400900544,-2.02685516849895,-2.93414757060952,-2.05067804501762,-1.40155984545831,1.68968987993046
2017-08-04,2.53705506199181,3.80514188292939,-1.82317959680971,-2.99411930191757,-2.83834180696736,-1.59496280027356,2.90840656104701
2017-08-07,2.56656024819525,3.48375973847541,-1.94351387761695,-2.71975913633959,-3.25849518569871,-0.440643681559738,2.31209189454432
2017-08-08,2.41811592740824,3.72075148428219,-1.93328955196411,-2.48057373751613,-3.068372599348,-0.849558043962725,2.19292652110055
2017-08-09,2.60830969018309,3.69080639842605,-2.1788334568149,-2.24898377918821,-2.70246767112131,-0.893132325344292,1.72430114385956
2017-08-10,3.64721407648328,2.61302511329491,-2.01264438934517,-2.00697057775732,-2.65452845805194,-0.42987765628697,0.843781891663216
2017-08-11,3.18543334165282,2.55900975296388,-2.16012447678451,-1.51303387702607,-2.80349045260779,-0.223288222141025,0.955493933942691
2017-08-14,2.77328332948396,0.800039790874095,-3.20429895633357,-1.46804446040933,-2.90369186291067,2.87711179459693,1.12560036469858
2017-08-15,3.786287904236,0.783930295982819,-3.69454840056022,-1.47823464197962,-3.01193579291981,2.80291664506382,0.811583990177017
2017-08-16,3.54186047399661,0.791068955311037,-3.98653988446584,-1.70987490933098,-2.80368390544988,2.95198672519762,1.21518254474144
2017-08-17,4.11900856905904,1.00571145127681,-4.10623980674416,-2.08088194093399,-2.68558205693114,2.81405894696094,0.933924837312503
2017-08-18,4.57180994378569,1.51896769824093,-4.15806545344845,-2.32081967196452,-2.69136523755832,2.50591558094364,0.573557140001025
2017-08-21,4.69678317089786,2.21586495259095,-4.88359647144306,-2.09654196609121,-2.56942186729448,2.301157721734,0.335754459605958
2017-08-22,5.63561109019129,2.01094319579485,-4.41335798528568,-2.45310620581474,-2.53100193826093,1.8657834516084,-0.114871608233198
2017-08-23,5.86172090410062,2.04216165288698,-4.5506987500165,-2.39186870267331,-2.5066790841929,1.73066807518834,-0.18530409529324
2017-08-24,5.83650484732217,2.00056352388993,-4.34870690925896,-2.45211665816824,-2.37912533916788,1.78361482486275,-0.440734289479764
2017-08-25,3.92891889278414,1.89575386907848,-3.58609751793918,-2.13291703024998,-2.46261855538574,1.89174474626073,0.465215595451564
2017-08-28,3.91100655468351,1.88002011524626,-3.72546184300802,-1.91393945353027,-2.45616619507518,1.97797806541737,0.32656275626633
2017-08-29,3.78098471330394,2.02942683046505,-3.73004870622134,-1.75307479092443,-2.30506464995332,1.87562695335895,0.102149649971143
2017-08-30,4.01444348267383,2.38812242524491,-3.95256555750744,-1.92586092545578,-2.41100092979196,1.45434329031484,0.432518214521608
2017-08-31,4.30549157878326,2.28537587413334,-4.38461941757652,-1.87938203319456,-4.03423169727973,1.72022430143622,1.98714139369798
2017-09-01,2.89602292994809,2.23455221971549,-3.99016783232758,-1.51409146302022,-4.67136399002217,1.95394724916987,3.09110088653653
2017-09-05,2.31253173553488,2.32724539885029,-4.68402157654382,-0.834513155803389,-4.76935146589559,2.80942359782155,2.83868546603608
2017-09-06,2.85331445655646,1.79395625145882,-4.79608346238441,-0.524211673105642,-4.7099763205585,3.17753483829913,2.20546590973414
2017-09-07,2.84903387151673,1.77519373934472,-4.73299159232062,-0.859930386783933,-5.40062420194173,3.00435769411937,3.36496087606546
2017-09-08,2.22515911348111,1.95361385371684,-4.67426349587457,-0.379628207617793,-5.319698905564,3.11864080534918,3.07617683650923
2017-09-11,2.20131941404491,4.16404315813241,-6.32878334943537,-1.05111046761773,-5.18630821674693,3.13620635475865,3.06463310686406
2017-09-12,2.08165537681767,4.13560304070268,-5.99566227553542,-1.17073646580315,-5.33713802116858,3.03916755596499,3.24711078902182
2017-09-13,2.32200184496323,4.48220734528928,-6.72701839917487,-1.06627592540825,-6.68541353515775,2.51791581098484,5.15658285850353
2017-09-14,1.61107054304514,9.53691906050243,-9.96426524525091,-1.81736924612815,-5.70803968658434,2.08886132841763,4.25282324599819
2017-09-15,1.70370263053034,6.15982292347427,-6.37517365045244,-1.08416360172871,-5.68664494560853,1.66914615938051,3.61331048440456
2017-09-18,1.8447151110215,4.60683421707119,-5.40290547855082,-1.11300716924412,-5.46932845722477,1.94249939212024,3.59119238480679
2017-09-19,1.66473871063433,4.58940744674173,-5.49397217414262,-1.11444922769202,-5.52784740055108,2.14134495857758,3.74077768643209
2017-09-20,1.23010688230083,5.17880493772232,-5.50969068852292,-0.764694958147635,-4.80531093606467,2.17326880923282,2.49751595347927
2017-09-21,2.10313777345348,7.26979768253826,-8.6362260422775,-1.30934639822432,-4.19014235876231,2.09200088656341,2.67077845670897
2017-09-22,0.337617890067479,5.14504645127181,-4.97071098987653,-1.18830394477363,-3.99835100474688,2.05066267323662,2.62403892482112
2017-09-25,0.334023900009077,5.36943790131444,-4.99703400379877,-1.20976074743663,-4.04413180290842,1.94506089658156,2.60240385623874
2017-09-26,-0.409203556510544,3.40230982542814,-2.30593919966604,-1.01411954274253,-3.91529725727889,1.98149871076335,2.26075102000651
2017-09-27,-1.53250114217462,3.23295225216885,-2.81629676609241,-0.637953965087451,-3.8670027638261,3.13535997305252,2.48544241195921
2017-09-28,-1.51303437557364,3.10097439468989,-2.78198668547738,-0.56447797008404,-3.74554073063684,2.79327197181068,2.71079339527133
2017-09-29,-1.85385005929273,3.03721760058012,-2.51242447335847,-0.736477976252603,-1.58328729311785,3.00939747680289,0.63942472463863
2017-10-02,-1.77310130873262,2.85676775929933,-2.63155189559109,-0.783954376523651,-1.40508095766112,3.2157871275272,0.521133651681954
2017-10-03,-1.88544534829284,3.21685420714616,-2.65929127109628,-0.962840764350775,-0.953979204606096,2.87361040571569,0.37109197548414
2017-10-04,-1.87091224705984,3.28813154231357,-2.67351034235282,-0.881677505536185,-1.02397619638216,2.78864082706726,0.373303921950173
2017-10-05,-1.65973170725227,2.73293556584217,-2.62054395327499,-1.05054544408506,-1.08162487773764,2.82260795601022,0.856902460497572
2017-10-06,-1.61011502649553,2.5438273669285,-2.45909122074819,-0.987353839899244,-1.00230983868441,2.84634919673903,0.668693362159857
2017-10-09,-1.57909414118596,3.03788875518146,-2.57838916040584,-0.961375815433357,-1.04225044087582,2.5276001684631,0.595620634256418
2017-10-10,-1.35843869690824,2.75701829952637,-2.64987663642779,-0.882359162692383,-1.25410997771641,2.62262272575455,0.765143448463917
2017-10-11,-1.36835507713761,2.7707265712915,-2.82440161428703,-0.967201251139358,-1.26454090694524,2.97261556043529,0.681156717782438
2017-10-12,-1.28830631184863,3.22624074784983,-3.07330905165436,-1.5972448677559,-1.21179166373947,3.05677853733926,0.887632609809263
2017-10-13,-1.52767373932577,1.40516278228509,-1.48420853635875,-1.17227635286642,-1.17573605532119,3.0548322818066,0.899899619780433
2017-10-16,-1.47082288556981,1.44944934148329,-1.5301074441066,-1.18335371328819,-1.16904961007447,3.04533696263668,0.858547348919096
2017-10-17,-0.914102413600549,1.35458394387234,-1.63160340653194,-1.37947743285617,-1.16645763999972,2.89076789276646,0.846289056349583
2017-10-18,-1.16039169817289,1.30856171722435,-1.64108443469377,-1.07062518411679,-1.23113403239921,2.87703911628071,0.917634515877596
2017-10-19,-1.09302623340033,1.09440250392395,-1.63118150910023,-0.688941673637169,-1.28666783708259,2.8519742189391,0.753440530357274
2017-10-20,-1.35559419261292,0.726686501129459,-1.94773544596366,-0.38402456189136,-1.30780968777924,3.17836185593164,1.09011553118609
2017-10-23,-1.03197352307945,0.671490639122852,-2.10096696788341,-0.223383563472844,-1.4851845604801,2.911296710213,1.25872126557994
2017-10-24,-1.08193058159738,1.08852156175472,-1.91264734526726,-0.581873581109988,-1.42509066194547,2.5651307301403,1.34788987802508
2017-10-25,-1.03211031575183,2.1422020810788,-2.59352878569895,-0.792817322794342,-1.48378876172105,2.60426934942025,1.15577375546713
2017-10-26,-0.950376717897605,1.76427096495393,-2.57484201919151,-1.31424572939035,-1.86422784020216,2.65409574169939,2.2853256000283
2017-10-27,-0.674475495995182,2.62448519585933,-2.7169116565042,-1.16245626965516,-1.34018025982924,1.05301870651128,2.21651977961317
2017-10-30,-0.709789353369313,2.51311623940108,-2.273065673014,-1.38738340381075,-1.3155778241833,0.918741095446995,2.2539589195293
2017-10-31,-0.159828444090348,1.91351614135557,-2.53513347516745,-1.8590845860406,-0.3251781741013,1.58075623176327,1.38495230628086
2017-11-01,0.979849536230155,1.11495885952456,-3.2089459181063,-1.38917920137523,0.314152481805923,1.28220338276889,0.906960859151997
2017-11-02,0.49438410124915,0.770069483998888,-1.85798980055455,-1.34062421008398,0.0746408322819896,1.2170574457719,0.642462147336605
2017-11-03,-0.125046259430896,0.650286422128231,-1.64370081196816,-1.31043208822074,-0.04345097402304,1.62474153246715,0.847602179047442
2017-11-06,-0.102984620597571,0.595707472337496,-1.62294120075689,-1.33082295327462,-0.0687263747331794,1.64592464324193,0.883843033782831
2017-11-07,0.36256626109423,0.627454360800835,-1.75352346824812,-1.21383365134021,-0.258899403725538,1.76930525641147,0.466930645007331
2017-11-08,0.165339552149664,0.331647942154367,-1.12221957996054,-1.51502572957428,-0.180781228017855,1.88031062866761,0.440728414581038
2017-11-09,0.074699264607677,-0.653806109391271,-1.27447200375557,-0.938544462738138,-0.491006296798879,1.96394673289092,1.31918287518525
2017-11-10,1.15781118423196,-0.323218504923812,-1.23212282680334,-1.84334861215342,-0.557137001623728,1.99976270313295,0.798253058139395
2017-11-13,1.11127705909124,-0.277983468611211,-1.17506999455213,-1.50721112263017,-0.562489946028519,1.86953141284076,0.541946059890034
2017-11-14,1.65018142913685,-0.395597511150367,-1.13067474868539,-1.34432596332146,-0.885683054739879,1.92854460248894,0.177555246271307
2017-11-15,1.66304852372269,1.02274056808766,-0.436559488738887,-1.25238061880913,-0.875750196270614,-0.381569937811328,0.260471149819608
2017-11-16,1.10755914614894,0.314909128853547,0.830395715754351,-1.40650195738366,-1.52969440850394,0.754996748560576,-0.0716643734298046
2017-11-17,1.58998945790957,0.195124427816304,1.16739393133141,-1.21368686743038,-1.46283176133089,-0.132424573503,-0.143564614793025
2017-11-20,2.91149134663269,-0.0661739780876571,0.894362023864517,-1.57253827638637,-1.35788235911654,-0.0643744115919969,-0.744884345314631
2017-11-21,3.16143327578873,0.0934943049401911,0.44535732589584,-1.2882398639342,-1.21124901419922,-0.517222312067114,-0.683573716424235
2017-11-22,3.36570831771936,-0.285778923453648,0.369670727465396,-1.24695498457072,-1.34910237733385,-0.381893259304043,-0.471649500522496
2017-11-24,3.77306208856915,-0.638035017189438,0.0190661649764401,-1.24265353898524,-1.48350396800507,0.112482752897174,-0.540418482263011
2017-11-27,3.8283823229982,-1.317299812178,-0.100171705174798,-1.37734731081633,-2.09479757501185,0.759960130755619,0.301273949427152
2017-11-28,3.36271030536058,-0.222401064877818,0.00425117412866349,-1.23868979844212,-1.72102371156042,0.748152746769605,-0.932999651378488
2017-11-29,3.9197462786072,-0.278274623329329,-0.0655717382612355,-1.17149536467997,-1.69060181573442,0.259744580463646,-0.973547317065886
2017-11-30,4.32370022612018,0.350073807861934,-0.454265314891696,-0.710081525212242,-1.40763236293779,-0.874519659492686,-1.2272751714477
2017-12-01,5.80981072209301,-0.48566798297804,-0.550786128666358,-1.1077057750003,-0.620587600182002,-1.10990640687958,-1.93515682838673
2017-12-04,5.9580928444131,-0.388477449975609,-0.167734715979117,-1.07412334438187,-1.22927420478063,-1.04959085870212,-2.04889227059376
2017-12-05,4.24245251840125,-0.554701491718525,0.13675224103374,-0.531016674868364,-0.939609663911465,-1.02573228473828,-1.32814464419836
2017-12-06,4.07654628496524,-0.0098790721932005,-0.106234969580365,-0.90912078989326,-0.784185484762526,-0.490938332769771,-1.77618763576611
2017-12-07,2.52995956013272,0.937921326232843,0.00666626419367589,-0.95522167804004,-1.98703788634618,2.315988308844,-2.84827589501702
2017-12-08,1.90049979715934,4.07370724253112,0.371472402696828,-1.1218220556862,-1.80735659215234,-1.16381992563722,-2.25268086891153
2017-12-11,1.80102535724206,2.89612807349319,0.651816746129665,-1.09881430335126,-1.72940434821545,-0.84043984348558,-1.68031168181263
2017-12-12,1.5350472236683,2.86707852950784,0.601124370187922,-0.184884893747048,-1.68890737253282,-1.42073516414843,-1.70872269293577
2017-12-13,1.78028235246413,2.49312477244667,-0.775375346713357,-0.360483826369677,-1.76986703641452,-1.77757143639455,0.409890520981293
2017-12-14,0.932734252621675,1.74502095385547,-0.737742724983946,-0.364307107953795,0.771212056782574,-2.99579308946364,0.648875659141666
2017-12-15,-0.47882453241127,1.76104930747753,-0.920528886984496,-1.87386581012923,3.14941109192428,-5.95749931755545,4.32025814767864
2017-12-18,-0.658068425514827,2.12544193883977,-1.13674011432762,-2.04482897847082,3.17187180434358,-5.92420558249055,4.46652935762046
2017-12-19,-0.908528449592328,2.32338566615682,-0.708281731304711,-1.92838776274103,2.62712427415379,-6.66190907506244,5.2565970783899
2017-12-20,-0.48175885762177,2.48693690957885,-1.62639350513791,-0.902015967269289,1.93070473701147,-6.42433460559394,5.01686128903259
2017-12-21,-0.456616851568089,2.02888896466799,-1.85580075681763,-0.551257870654954,1.98062454252207,-6.22973061015097,5.08389258200158
2017-12-22,0.286895335492162,1.35086360535034,-1.78361774018932,-0.337059395361862,2.28540981507017,-6.16662486190822,4.36413324154674
2017-12-26,-0.655202010472939,2.57497446890129,-1.84361620676136,-0.373684333698398,2.34775222805633,-6.73073698952923,4.68051284350431
2017-12-27,-0.545845235099986,2.48379523816905,-1.87498511787993,-0.59578721461344,2.31850585315589,-6.86461853796229,5.0789350142307
2017-12-28,-0.359913279210623,2.34791516946127,-2.57083944999435,-0.416006488692334,1.97515492001252,-6.4342733659263,5.45796249434981
2017-12-29,-2.3939879587861,2.14915496044675,-1.51000943865453,-0.704271771371241,2.17908209434778,-7.36476446961775,7.64479658363509
2018-01-02,-0.374070135555311,1.76198364989439,-2.06463928280491,-2.87402074120642,1.67882906669975,-2.34445007522464,4.21636751819714
2018-01-03,-1.27268961538661,3.4255517248872,-0.552098398134438,-4.03306606603679,2.01203188829999,-4.40505622002152,4.82532668639217
2018-01-04,-1.04526092699038,3.23639970452403,-0.659498398739887,-3.91115666912539,1.97766164100845,-4.2592845300446,4.66113917936777
2018-01-05,-1.01746464490968,3.94606908858523,-0.661791047583601,-3.92099026814378,1.941881010794,-4.04995857939582,3.76225444065366
2018-01-08,-0.94941882159717,3.95447218152401,-0.433742099390687,-3.57999903339289,1.98771080961982,-4.10273482938478,3.12371179262169
2018-01-09,0.351847719179208,4.46772027457778,-0.627548221242511,-3.66318850221338,1.40248305670175,-4.36390825854099,2.43259393153815
2018-01-10,0.52910797842523,4.06065422744735,-0.890942723970291,-3.7427351456272,1.37546740843312,-3.21316652168236,1.88161477697415
2018-01-11,0.305212990655434,4.18915539986011,-1.06760333466248,-4.1156346519691,1.3335042058777,-3.23405544379515,2.58942083403348
2018-01-12,0.435691978495811,4.97118019593074,-1.30664177252245,-4.48473944864327,0.880835591289701,-3.26656666710749,2.77024012255695
2018-01-16,-3.46506072457206,7.12388069487162,-2.36914162241252,-5.85224421906735,-0.239892861755042,-2.33589176612978,7.13835049906512
2018-01-17,-2.37054715057076,4.18658733275184,-1.56741932656187,-4.59343412229734,-0.0708101870908866,-2.27421954052005,6.68984299428906
2018-01-18,-2.48829212786399,4.20549763707769,-1.44347605448453,-4.2734523353188,0.0478021969965763,-2.46839564175528,6.42031632534832
2018-01-19,-2.29004859620439,3.99869298050042,-1.3300616917385,-4.47082796630882,-0.37016057578561,-1.71920456060954,6.18161041014644
2018-01-22,-2.08207762265309,3.82222011623132,-1.32320089003015,-4.61525844291818,-0.450873535714633,-1.39255611519198,6.04174649027671
2018-01-23,-2.23790005722912,4.30398103650969,-1.47871467064668,-4.3231901098568,-0.432832488965412,-2.03678447946539,6.20544076965371
2018-01-24,-1.37543344587433,4.01153015492698,-2.60447269565978,-4.19667652120803,-1.23560296986538,-2.14952896722161,7.55018444490214
2018-01-25,-1.5541057010814,4.09849659544747,-2.52928844215928,-4.18371530105802,-0.865771901862713,-1.98934296895644,7.02372771967038
2018-01-26,-2.92754048720795,3.62125037263997,-2.4215916911764,-4.51419811085097,-0.782340896034304,-1.08486935526003,8.10929016788968
2018-01-30,-0.90974117323994,4.14972319770146,-1.09442593108599,-4.39793917365386,-2.0828783694213,-1.64275211803418,5.9780135677338
2018-01-31,-0.951736779533377,3.51721538956399,-1.02798765561488,-3.34578962781539,-2.60141388305941,-0.536251063485256,4.94596361994432
2018-02-01,-0.920720562656708,4.38624592823466,-0.750971905521199,-2.61658222429205,-2.58892426241785,-1.31581015341309,3.80676318006623
2018-02-02,1.58249561336287,3.07517201882314,-1.17489372546821,-2.1905859094192,-3.62635488829273,1.10171815919394,1.23244873180018
2018-02-05,-0.358185132295009,1.44136738189236,-4.51509699756264,-1.55512028602212,-3.86581359915125,7.61246756497947,1.24038106815919
2018-02-06,-1.19443665362084,1.82895613651208,-5.30877495013787,-1.93265167807167,-4.06192734255519,8.91711768208065,1.75171680579284
2018-02-07,-1.24545218010373,1.72941759306064,-5.07981916377589,-1.60239493375683,-4.34972335489436,8.83531153777911,1.71266050169105
2018-02-08,-1.05879351087915,1.5623605972822,-4.42655480715641,-1.30468405491426,-4.48402370663612,8.29692049592756,1.41477498637619
2018-02-09,-1.73581444951316,1.58022156215415,-3.55176014777723,-2.03595307949533,-4.32925385771443,8.77341696330964,1.29914300903636
2018-02-12,-1.78123909857932,1.49263202465047,-3.02979343238012,-2.43589663648277,-4.30607113179927,9.1197953190531,0.94057295553791
2018-02-13,-0.894069881105963,1.53179759537797,-3.58588014615002,-2.13679946955325,-4.13542796404266,8.79798358706429,0.422396278409636
2018-02-14,3.98559030539911,1.28503956765516,-5.98948137018035,-3.51179093127364,-5.00136441541425,8.15747310908185,1.07453373473214
2018-02-15,2.84883558411396,1.78551352458456,-3.50436567582624,-5.06189029625439,-3.81465667567715,7.65258577517572,0.0939777638835508
2018-02-16,2.73638643792019,2.03727035363003,-3.29473019808889,-5.14548579011075,-3.72280865971939,7.53172889828946,-0.142361041920644
2018-02-20,2.55187832744003,2.0464220494697,-3.34243113936888,-5.17651870362156,-3.76825598508237,7.66481108735923,0.0240943638038509
2018-02-21,2.26360895310075,2.24826158863765,-3.1576581769359,-5.19537366443156,-3.74323350104018,7.4235053259625,0.160889474706728
2018-02-22,2.04194791313667,2.41054855033719,-3.18222932370427,-5.09626752024113,-3.67899706436291,7.30863976615723,0.196357678677206
2018-02-23,2.04252038915537,2.55250623104601,-3.01624198969411,-5.15678050312664,-3.68215438571373,7.44484246192373,-0.184692203590618
2018-02-26,2.23139684288248,2.49267791447048,-2.87963130323405,-5.21159613115727,-3.76422751921929,7.38504812487884,-0.253667928621191
2018-02-27,2.35473546116652,2.47301059042245,-3.12381962321784,-5.15539003476793,-3.91792274871101,6.44030333778731,0.929083017320515
2018-02-28,3.55419624571714,1.58593027459637,-3.29063842745036,-5.50743397594542,-4.12135830211625,6.22874986922732,1.5505543159712
2018-03-01,5.82501418442762,1.26151187929081,-3.35631311578915,-4.5491386046593,-3.33872026385522,6.21932153404701,-2.06167561346177
2018-03-02,6.5195167535116,1.01676313253762,-3.86570554649646,-5.42167060336224,-3.05989190052285,5.49138566106739,-0.680397496735061
2018-03-05,7.80894709094525,0.969478140217706,-3.98349035743228,-6.99142648095176,-3.39487364344883,5.28395615879049,0.307409091879428
2018-03-06,6.92341371937479,0.7909957075953,-4.06733146990592,-4.35036905486729,-3.34467086469795,4.56617449114347,-0.518212528642408
2018-03-07,5.17901522712685,1.31294821662353,-4.7320430480618,-0.851377054593637,-4.07110652719366,3.492303386674,-0.329740200575287
2018-03-08,6.04661079082361,0.712406570905465,-3.59923156064426,-1.66477446515128,-4.39253131897409,3.35529954349448,-0.45777956045394
2018-03-09,6.40358338677626,1.07397383760632,-3.76714889244285,-1.92391391482519,-3.89060435365226,3.14119837748026,-1.03708844094253
2018-03-12,6.33472531847216,1.13329324686651,-4.31076901789338,-1.52906278371466,-3.9222319274543,3.34741117342888,-1.0533660097052
2018-03-13,6.01644918640939,1.17802788728499,-4.05252716802532,-1.4028952836815,-3.90999531431227,3.2446376380771,-1.0736969457524
2018-03-14,5.59092793082588,1.55527174980084,-4.36526346999213,-1.03531201633944,-4.0249980730262,3.16335701168994,-0.883983132958896
2018-03-15,5.59810924556108,1.5185975397044,-4.41222830531414,-0.932158819759099,-4.44808616270148,3.00641405530796,-0.330647552798712
2018-03-16,5.43318191789662,1.46576214381639,-4.22721421837973,-0.918211448036221,-4.41638871406958,3.01469710481511,-0.351826786042594
2018-03-19,5.88464531453391,1.25144262513803,-4.30852112262621,-0.968271270567875,-4.40854409653797,3.18980226163611,-0.640553711575997
2018-03-20,5.81220266875017,1.61451787541962,-4.50757977751197,-0.376529546734243,-4.75320597781893,3.17122565336113,-0.96063089546578
2018-03-21,5.13178254939494,1.53187013952865,-4.61897389589962,0.18878931207588,-4.85609304780882,2.88498509845257,-0.262360155743593
2018-03-22,-0.413731423715113,0.563109834972153,-3.73638750704566,1.550806674419,0.246420293545405,3.78918008815289,-1.99939796032869
2018-03-23,-0.837704602095179,0.465847132653611,-3.3913493232996,-0.0840711862645058,2.16121625947645,2.50229923270723,-0.816237513177995
2018-03-26,-0.161000576565606,0.416189047444973,-3.79172720212912,0.0875189380661396,1.74302326450117,2.27174248028661,-0.565745951604164
2018-03-27,1.59954345397146,0.636264146383724,-3.72858995832302,-0.660474314319934,0.403269451043187,1.6472766779215,0.102710543323091
2018-03-28,1.50304311525896,0.888795613465781,-3.73189428377201,-0.234669267381975,-0.0269232092546616,1.1807481521316,0.420899879552302
2018-03-29,1.58210675566369,0.820147721389983,-4.16612960219804,0.372191891099209,-0.0280450154852367,0.971429249807741,0.448298999722645
2018-04-02,1.54989789111224,0.799456881837923,-4.03079773572697,0.298879004261757,-0.286036384131517,1.11964120788077,0.548959134765816
2018-04-03,0.678348824041613,0.809705124581399,-3.69104110834278,-0.11460918799407,-0.113979529100728,1.48903031296746,0.942545563847112
2018-04-04,0.80366827574759,0.784968984076858,-4.23558430505015,0.527965989790474,-0.304224133776145,1.36084586295807,1.0623593262533
2018-04-05,0.547044623281529,0.891944552061481,-4.38790565687866,0.782861639038661,-0.355385659857191,1.44552260352002,1.07591789883416
2018-04-06,-0.0168241457393705,1.12750963159617,-3.77369538059203,0.75618250632564,0.0676378841179925,1.91884576512613,-0.0796562608345184
2018-04-09,0.0384754066005968,1.14102637288521,-3.79299589436832,0.625614169169822,0.0114152765068702,1.97527403418398,0.00119063502184957
2018-04-10,0.113377023768535,1.15792269051498,-3.71392012662423,0.628367005603405,0.00434607756104199,1.7787335442223,0.0311737849539639
2018-04-11,-0.052033711972804,1.12795631299192,-3.24369193603048,0.599974102404772,-0.387533551382333,1.54541487266755,0.409913911321375
2018-04-12,0.2814284738363,1.08277283868389,-2.96841557912851,0.103204278989306,-0.338048650645977,1.79963382113304,0.0394248171319589
2018-04-13,0.68332364072905,1.11593908117906,-2.12367454252656,-0.258953311313352,-0.460233375832296,1.78662841959055,-0.743029911826454
2018-04-16,0.556334904857898,1.24351630658868,-2.13070851995837,-0.47789323263131,-0.425250618754685,1.75405997837759,-0.520058818479804
2018-04-17,0.0198591926970053,1.48455362936537,-1.34521623788495,-0.886620976259703,-0.849186182386251,1.87522928228093,-0.298618707812402
2018-04-18,0.0154902644015991,1.48815096549782,-1.83521758071285,-0.380304149936059,-0.88702482472624,1.81281458046603,-0.213909254990305
2018-04-19,-0.382569935323652,1.28853182183183,-1.76919600494493,-0.546044019444007,-0.932565200499646,1.69930972133952,0.642533617040883
2018-04-20,0.0804516698343107,1.13791504005897,-1.63045332282601,-0.937053922929984,-1.09304488602468,1.48117602831891,0.961009393568467
2018-04-23,0.391259420737462,1.10913065706624,-1.71333295241713,-0.858206821549484,-1.15781134440341,1.45823598311151,0.770725057454797
2018-04-24,-0.0504315977789602,1.09311900401103,-1.76927283975627,-0.181458516420982,-1.20314639931114,1.52106800614027,0.59012234311605
2018-04-25,0.615341310869546,1.74173173874267,-1.87339278209144,-1.06326463968752,-1.40406738424705,1.44438679653595,0.539264959877855
2018-04-26,0.734693136598075,1.79317800641795,-1.81588490336472,-1.10395897315338,-1.33683131525656,1.53694917537778,0.191854873380862
2018-04-27,0.659448285711399,1.70330336128458,-1.9140329932583,-0.87316918485654,-1.31620637656429,1.48922800405682,0.251428903626326
2018-04-30,0.773452419402958,1.51936389309408,-2.15449836953878,-0.526312448507376,-1.36785788541627,1.53560015784433,0.220252233121066
2018-05-01,1.25550611032618,1.69473635423134,-2.39463840958801,-0.763414455011262,-1.74272560979049,1.33830657298544,0.612229436846803
2018-05-02,0.958877922709171,1.58960381688253,-2.43288337624852,-0.464629726545422,-1.56439305589107,1.40756615921257,0.505858259880732
2018-05-03,0.963758563983241,1.69675124530279,-2.37984295399159,-0.483644816705713,-1.62701577313383,1.36732135208977,0.462672382455338
2018-05-04,0.977037377555583,1.81705828778915,-2.53653073301093,-0.707538384200614,-1.66739905869371,1.37477693918673,0.742595571373791
2018-05-07,0.933020953511452,1.80270324132097,-2.62295751354907,-0.525137557432348,-1.70718421490088,1.27024694211623,0.849308148933652
2018-05-08,0.79813693973508,1.4082378015869,-2.64000731336354,-0.532608591398841,-1.83123989761758,1.19455434365283,1.60292671740515
2018-05-09,0.569235843451956,1.54962492180518,-2.64438152672283,-0.43025408891641,-1.79357812880971,1.17912087285959,1.57023210633222
2018-05-10,2.17163896577375,1.82553748210426,-3.32970890738008,-0.183926539961089,-3.03175772750119,1.4644010670651,1.08381565989924
2018-05-11,1.1282469363889,2.22699550573903,-1.66049556377284,-0.976394719783457,-2.92140518902118,1.31476385120973,0.888289179239813
2018-05-14,0.917495282211092,1.92791438918255,-1.10861380622591,-0.727588715554649,-2.90108696812737,1.26967570390167,0.622204114612622
2018-05-15,3.6787533573715,1.67629679723258,-1.73163372095484,-1.24600718507508,-4.27417008694427,0.694527346237422,1.2022334921327
2018-05-16,3.52731866153476,1.66225759690252,-1.98264290093928,-1.21080966996794,-3.58719836689428,0.798095152497028,0.792979526867192
2018-05-17,3.51897951770307,1.7253124375441,-1.97558227397718,-1.25492825253278,-3.59003167073478,0.814190157581736,0.762060084415829
2018-05-18,3.67036626183837,1.89459209157027,-1.86113258789518,-1.47820594033579,-3.59456702378975,0.658229133985941,0.710718064626136
2018-05-21,3.88566469505168,1.9496361758931,-2.2467626499874,-1.31935429746548,-3.54274155284695,0.716339986863625,0.557217642491423
2018-05-22,3.92512318028307,1.85331522032976,-2.31187175204055,-1.17424846448574,-3.48595742318489,0.748480943406044,0.445158295692309
2018-05-23,3.54545401582515,2.00859315890355,-1.78519868030495,-1.64790996321209,-3.53335833991705,0.676064234381457,0.736355574323916
2018-05-24,4.13696259621322,2.0368898839189,-1.98589093796807,-1.87838364843739,-3.78456356612658,0.642196537867457,0.832789134532476
2018-05-25,3.14110086335953,2.04728143792809,-2.09871979600198,-2.14907506503877,-3.56256025347258,0.637984635733979,1.98398817749172
2018-05-29,2.42240529907865,1.98379468450117,-2.89816618725365,-1.62328720655223,-4.22149179087132,1.19102981250191,3.14571538859548
2018-05-30,1.44283592820785,1.32558411594619,-3.58965259220592,-0.564147317863974,-5.01350119994535,1.62150623123241,4.77737483462879
2018-05-31,1.40086398094598,1.41131626817312,-2.20806516150251,-1.03436852399751,-4.15010408638414,1.20576575171869,3.37459177104638
2018-06-01,1.20718354189027,1.14664266032152,-2.1438866698318,-0.774553417049368,-4.06433223520525,1.58651924054242,3.0424268793322
2018-06-04,1.01425155051984,1.07242640873396,-1.95899959956153,-0.604313053205583,-3.97056672549339,1.6265848606322,2.8206165583745
2018-06-05,0.858032390401434,1.06141275250159,-1.37195482173325,-1.14357808554415,-3.87808964150758,1.14741255290311,3.32676485297883
2018-06-06,0.482742490553491,1.14767966660301,-1.00328261036328,-1.27695171378171,-3.74885541059391,0.829642114893115,3.56902546268929
2018-06-07,0.297299295139197,1.50387679268087,-1.58498753695354,-1.25704622133842,-3.6102390680012,0.755641967899439,3.89545477057364
2018-06-08,0.513355644842534,1.3962024844088,-1.26414044978318,-1.45525395111878,-3.68055324021947,0.703285319912274,3.78710419195782
2018-06-11,0.333753247278693,1.9982057492988,-1.56443603821002,-0.957418880920617,-3.81900153044734,0.425855386672776,3.5830420663277
2018-06-12,0.762342554291656,2.87748573636928,-1.60412577957417,-0.618447523266941,-4.5582709175299,0.0962668783519316,3.04474905135815
2018-06-13,0.673283954684202,2.34479971416203,-1.2136952375932,-1.05545778993433,-4.32883830823515,0.29946294681811,3.28044472009835
2018-06-14,-2.81838700623247,3.48651014662888,-1.73520526638183,-3.61708759893355,0.867353420602345,-0.770089644076177,4.58690594839282
2018-06-15,0.549209502446558,4.59638835888574,-2.52089351719532,-6.17277687243918,1.54876662006755,-0.832781664765973,2.83208757300062
2018-06-18,2.55413379283294,3.63079878960837,-3.00385701813673,-5.65933076045,1.83195873530319,-0.984074973675462,1.6303714345177
2018-06-19,2.61698106091019,3.69366516414937,-3.0619148633698,-5.2725401013815,1.78586323635502,-0.909881849360011,1.14782735269673
2018-06-20,2.59097797407539,3.52241303065972,-3.05596207140844,-4.70275346843172,1.60537371914097,-0.832832366446222,0.872783182410302
2018-06-21,2.74898181974402,3.46262114701024,-3.12110145987251,-4.61829458942502,1.68053768042733,-1.16322385659214,1.01047925870808
2018-06-22,2.47042034263252,2.90438109633869,-3.06068542537068,-4.27940029991237,1.03983623907181,-0.986480798411825,1.91192884565185
2018-06-25,2.53528365675537,3.48274454515202,-3.01305385907667,-5.89297429642553,1.26867639896641,-1.05247347880221,2.67179703343061
2018-06-26,2.3076757984185,3.4317383379689,-2.65334331023753,-5.68229985008692,0.985951472823334,-1.2874933611493,2.89777091226302
2018-06-27,2.87541512650528,3.77821452562122,-2.15816869991262,-6.83260053445703,0.680042381603315,-0.300298550245599,1.95739575088542
2018-06-28,2.90454103294058,4.15641958855142,-2.03428867598431,-7.71493717475161,0.669073898618326,-0.056347690192847,2.07553902081846
2018-06-29,2.74926542961822,4.17168153273917,-2.00857738956232,-7.49244636550559,0.655173732389517,0.119902045462842,1.80500101485815
2018-07-02,2.30124773808974,4.13302450881198,-1.9198495048234,-7.44117428608408,0.463296147250393,0.268899214332785,2.19455618242259
2018-07-03,2.05854650103365,3.95739279078753,-2.14091741148038,-7.59346313797282,0.498832787483391,0.329064650848896,2.89054381929973
2018-07-05,1.90505517938392,3.67247717605109,-2.14609732114556,-6.62939929145849,0.299997137969113,-0.0679134535688712,2.9658805727688
2018-07-06,1.3922045941769,3.58164395622691,-1.81920121594314,-6.56032819678798,0.272442989178517,0.251106887883918,2.88213098526488
2018-07-09,0.899826914532021,3.73284269328551,-1.75713685121985,-5.90292321596054,-0.00802162245030402,0.378121246827228,2.65729083498594
2018-07-10,0.78093310487826,4.99072802549316,-1.25079473982982,-7.21299433513317,-0.125797534258004,0.429218945999628,2.38870653284996
2018-07-11,-0.386934973436537,4.38765071898198,0.532963408854778,-7.32990489545695,-1.16900242642823,-0.133638797170277,4.09886696465523
2018-07-12,0.314440264754268,4.08754324474928,-0.196696525459629,-6.79243285752155,-1.13575037926488,-0.000842235311851347,3.72373848805437
2018-07-13,0.199609979550099,4.0234816571366,-0.229328471343678,-6.39071507991065,-1.21737828365647,0.209927759457128,3.40440243876697
2018-07-16,0.0152133261171539,3.92283055498984,-0.343432919850365,-5.58782996878739,-1.32939065961965,0.0432482720110681,3.27936139513934
2018-07-17,-1.36099639902706,3.27846413600315,1.18089125688642,-5.40263131164377,-1.95258183183135,0.0826304352683387,4.17422371434428
2018-07-18,-0.840069661287393,2.965405028382,0.987610866531078,-5.30920290660574,-1.89276813432514,0.0805454772337542,4.00847933007143
2018-07-19,-0.820796529172432,3.08105612967361,0.500918418881845,-5.36139655787493,-1.82590032935227,0.107016732489411,4.31910213535478
2018-07-20,-1.12675573390537,3.23757165459222,0.560307820435483,-5.45523113994696,-1.8810564903305,0.198260345490157,4.46690354366496
2018-07-23,-1.27388981881166,3.26884278769239,0.354197910149969,-5.45120784553234,-1.96983917883209,0.301405205473997,4.77049093985972
2018-07-24,-1.38943899112662,3.86637384605782,0.566189005838911,-6.16283400018684,-1.83748663144817,0.0876704786612499,4.86952629220365
2018-07-25,-1.06408216325918,1.78648209258618,0.184119813862658,-4.21809388580965,-1.95785948711033,0.259952630821117,5.00948099890921
2018-07-26,-1.833163807998,1.88377082906757,0.595419856137044,-3.52206445886992,-1.95848824746359,0.139362821659379,4.69516300746752
2018-07-27,-1.72945598365016,1.97997951637437,0.722975777570328,-4.39936520105996,-1.78448708479945,0.557876452455232,4.65247652310964
2018-07-30,-1.58025168878375,1.98149906549098,0.732256626418835,-4.39355208956685,-1.78938642308388,0.509581617492786,4.53985289203189
2018-07-31,-1.31884792977479,1.78758484819024,0.431267045959144,-3.920056020172,-1.7966533209287,0.663110929907127,4.15359444681898
2018-08-01,-1.11488310446245,1.82732644439424,0.367880331571257,-4.01095565549494,-1.88350707463114,0.727619810194304,4.08651924842874
2018-08-02,-1.5934713671019,1.86011098209248,0.679161574505002,-3.8442029620338,-2.29116926275228,0.468933361115807,4.72063767417468
2018-08-03,-1.03133839379367,1.86861591279656,0.314629484643294,-3.9112783658707,-2.16975112861224,0.363971755027606,4.56515073580914
2018-08-06,-0.951480850510027,2.06291458256528,0.133595724390039,-3.87117201416788,-2.25826652429587,0.434496458675192,4.44991262334327
2018-08-07,-1.06354237363094,1.76265480740338,0.328282488785772,-3.57492615578329,-2.29830329644545,0.279884418339985,4.56595011133055
2018-08-08,-1.18177899205809,2.08564680229115,0.61489686373598,-3.80586223040175,-2.39000080464521,0.311556357067366,4.36554200401054
2018-08-09,-2.46426648589465,2.15172746565232,1.5152840633929,-4.2648822907672,-2.41977854608554,0.665669041553782,4.81624675214838
2018-08-10,-3.55593523032715,2.4579130675575,1.51023470520896,-3.60929241606604,-2.45671842203843,1.32304052843139,4.33075776723376
2018-08-13,-4.37292619064447,2.837936326355,1.36974650676536,-3.35027607319951,-2.6783750248355,0.442297662678057,5.75159679288106
2018-08-14,-3.59985242965771,2.47205012330255,1.20569595871106,-2.74086504178564,-2.64469479503839,1.47826517083884,3.82940101362928
2018-08-15,-1.8436802458428,2.3382958858683,0.95258902584481,-2.43598729357227,-2.50454864973577,1.14654401652596,2.34678726091178
2018-08-16,-2.74357198329623,2.01332001409312,0.748255947160406,-1.37206059438089,-2.16010185931838,0.970347360423807,2.54381111531817
2018-08-17,-3.25336826673152,2.05142041282076,0.231358678254193,-0.89987409692117,-2.38168579977199,1.41922528356895,2.83292378878078
2018-08-20,-3.31638076596722,2.12898839084479,0.158115224085631,-1.31291571677171,-2.28742252659088,2.21219640723612,2.41741898716326
2018-08-21,-3.86520799117468,2.13195698489116,0.0976905234253937,-1.98872752761704,-2.39397926972714,2.85374669327637,3.16452058692595
2018-08-22,-3.72990199418817,2.14532865144144,0.227323025972554,-1.85087742175825,-2.07674341141877,2.06848869839378,3.21638245155742
2018-08-23,-3.54722771496613,2.08792601897883,0.067499669064377,-1.97722312853115,-2.25499762995462,1.89477431355037,3.72924847185833
2018-08-24,-0.920859504768629,2.52545656738604,0.00931836789169438,-3.03634265218876,-3.4762425814738,0.617893493912806,4.28077630924066
2018-08-27,-1.36395542017297,2.58268128621185,-0.00609361857439161,-3.0585188314127,-3.02854717110881,0.691375613763871,4.18305814129316
2018-08-28,-1.4424083887427,2.59143246691498,-0.0864033061913521,-3.32059630106818,-2.49994180893642,0.795317784676204,3.96259955334747
2018-08-29,-1.62733988521417,2.42569503386637,-0.246898194469209,-3.04045703765319,-2.47380990229029,1.01558435629793,3.94722562946256
2018-08-30,-0.295560075643145,2.76693637339141,1.53446992981108,-4.60315355917391,-2.48105598120297,-0.565458802207162,3.64382211502469
2018-08-31,0.885960360225297,2.91087020294754,1.41022090173125,-2.54032943424933,-3.57806516755614,-0.0224603214085395,0.933803458309914
2018-09-04,0.902497151301645,2.94179124764689,1.44022010827265,-2.60102651655504,-3.33716792994628,-0.0161917878591495,0.66987772713928
2018-09-05,1.31039835781753,3.20398819448527,1.06414072077714,-0.909614471778383,-3.42477241275939,-0.904377052390098,-0.339763336152064
2018-09-06,1.01828123080712,2.85752688760174,0.985976890485395,1.32525501928765,-3.55633516510004,-2.3726532494335,-0.258051613648359
2018-09-07,0.813422023637653,3.27009883971115,-0.197137268666097,1.72191788691559,-3.57279984052645,-1.65825617842003,-0.377245462651821
2018-09-10,0.307008798322691,3.1859949280986,0.111761961672752,1.45676716777298,-3.47727992965,-0.876427486227467,-0.707825439989552
2018-09-11,0.210187623227444,2.66693355911266,-0.110841700022894,2.42334481843327,-3.81412681591664,-0.324806194937668,-1.05069128989617
2018-09-12,0.058342564501249,2.76270180288108,0.00687366447756155,2.19639137151901,-3.72296692653791,-0.292686463328664,-1.00865601351232
2018-09-13,0.57244609819832,2.930140824521,0.418079287300509,0.762519301218049,-3.61519647255967,-0.114419885820392,-0.953569152857817
2018-09-14,0.89237565956584,2.98467075347841,0.517594446431712,0.916044226965347,-3.6981454295532,-0.100039190931403,-1.51250046595671
2018-09-17,1.77013776695726,3.02559784341614,-0.168272867937752,0.920320482146451,-4.07138845325902,-0.782200284599069,-0.694194486724008
2018-09-18,0.347644210377553,2.81316263955472,-0.0616224258667284,0.845975493643667,-4.16259608519899,0.880126441841858,-0.66269027435208
2018-09-19,0.683407217770469,2.87262948924617,0.191530333087519,0.424913207495507,-3.99452809741766,0.500727524973189,-0.678679675155191
2018-09-20,-0.0546568760620048,2.7476678181881,0.0521502183110076,1.20883618066068,-4.40310556016817,0.521241933711992,-0.0721337146416019
2018-09-21,3.07705685806891,2.36872805604492,0.224309356931549,-0.797763454396527,-4.41487119892464,-0.0102996248724132,-0.447159992851795
2018-09-24,3.23251643589742,2.37809003445266,0.347255329041875,-0.938269052480601,-3.66081083896089,-0.582035315739101,-0.776746592211381
2018-09-25,2.96352481981064,2.30445178764882,-0.1035363039231,-1.04781698131575,-2.57335884707316,-0.554680324997803,-0.988584150149659
2018-09-26,4.10086679896116,2.23666159450322,0.110823761776841,-1.38399021789482,-2.72782205963676,-0.690114695968232,-1.64642518174141
2018-09-27,4.64785234805356,2.20808332814118,-1.33981246573555,-8.34833747023935,0.467538603356736,-0.946586177609887,3.31126183403331
2018-09-28,2.56670279172482,2.47908613281111,-0.559845592104436,-5.80173414228566,1.21571146508293,-1.59345011693443,1.69352946170567
2018-10-01,1.7699100180678,2.39001354939879,-0.212708148575929,-5.11379796320918,1.57071220859322,-1.83270931339734,1.42857964912265
2018-10-02,-0.0825653488074067,2.46343586360689,0.357593984359362,-4.5279021861776,2.23645157247027,-1.81644999256554,1.36943610711403
2018-10-03,-1.79852873553949,2.56759878880123,1.05350703874461,-4.57063759780951,2.44097817211469,-1.75574948923498,2.06283182292344
2018-10-04,-1.29311175029321,2.31221031263432,1.12133434165434,-4.39022859295735,1.87442135304045,-1.82385476239145,2.19922909831289
2018-10-05,-1.65617571941068,2.12926804780009,1.32418974044568,-3.11680604144595,1.43628341351376,-1.99508068662888,1.87832124572598
2018-10-08,-1.81838118929933,2.06800072543963,1.67059311883999,-3.20311540103106,1.35509288650675,-1.98907249949566,1.91688235903968
2018-10-09,-1.99192734184025,2.08862727272789,1.83752289479267,-3.28730208678272,1.38272484058079,-1.90566599286416,1.87602041338578
2018-10-10,-4.53619953397017,1.71527575992607,1.31967694710663,-4.99031233785159,0.387156738091111,4.27784439625307,1.82655803044488
2018-10-11,4.03740981474228,0.832360305806855,-2.84761602740822,-9.42094802323468,-1.90778188420986,4.81109954090782,4.49547627339582
2018-10-12,3.0875837207597,-1.04338329419067,-3.75526050096502,-7.3659641771361,-2.23698402337513,7.19658195178083,4.11742632312639
2018-10-15,2.53474389883191,-1.33990604182679,-3.40765666449844,-6.38299928733432,-2.2598898438181,6.93359893722118,3.92210900142457
2018-10-16,1.52916449475343,-0.483207521355116,-4.08954324878469,-6.25579630641927,-2.19316363522369,7.9836056832681,3.50894053376124
2018-10-17,2.18472444331665,-0.981902792513818,-4.26928951771856,-6.62781268019235,-2.04029981864199,8.0674171285038,3.66716323724626
2018-10-18,2.26077512285785,-0.866684611243119,-4.24863137444829,-6.69415054857029,-1.94760206825578,8.58196482614404,2.9143286535156
2018-10-19,2.25060341464251,-0.794370582413507,-4.24864811249128,-6.66496273185657,-1.76576465731367,8.62879492911782,2.59434774031471
2018-10-22,1.96005517274471,-0.74904094530196,-4.20098959267534,-6.55799236858611,-1.71591899164624,8.49244451783682,2.77144220762812
2018-10-23,0.870069024458047,-0.34328005358951,-4.24332042864273,-6.29814951703497,-1.5064881011988,8.62491569469873,2.89625338130923
2018-10-24,1.17999941170977,-0.045713088507334,-2.93259015804497,-6.67785638897632,-1.37568267126918,5.85662722307629,3.99521567201173
2018-10-25,1.2259771391634,0.0537311508869465,-2.82305985281129,-5.71856029503736,-1.37996091691393,5.29320809720333,3.34866467750891
2018-10-26,1.49811959474907,0.0638892376921341,-2.79353190850031,-5.82138760893583,-1.28842767861397,5.25480535532266,3.08653300828626
2018-10-29,1.47512559133621,0.0921445192851706,-2.88262327783038,-5.85268108189017,-1.33124365598155,5.21359834433589,3.28567956074484
2018-10-30,1.54367110814055,0.111337523518063,-2.709528820268,-5.40011589138653,-1.02628899858381,5.16713599455077,2.31378908402895
2018-10-31,0.114456653753692,0.237208042645189,-2.80883064674462,-2.38455489141513,-1.10993349246553,3.8329787617497,2.1186755724767
2018-11-01,0.0837534146756624,0.0490473005015364,-2.75056007651355,-3.07821274758632,-1.37166439003374,3.67260108728223,3.39503541167417
2018-11-02,0.0934837825259436,0.108361586263404,-2.86538431486653,-2.91779398100333,-0.872100541104687,3.58679170808781,2.86664176009739
2018-11-05,-0.0471898290606632,0.132613115833044,-2.63567665106138,-2.97865687239129,-0.885244429982026,3.66775362540503,2.74640104125729
2018-11-06,-0.0935241141435341,0.210833485062611,-2.5559847684666,-2.99677173533503,-0.838785954766246,3.5834381852509,2.6907949023979
2018-11-07,-0.535364851803514,0.312497859989696,-3.06984520947654,-3.544787938137,-0.9086145026707,4.34042687033669,3.40568777176138
2018-11-08,-1.0397672190598,0.236718170037967,-3.07115771491722,-3.54786775076817,-0.769299447494137,4.23685020070943,3.95452376149193
2018-11-09,-2.08661472465405,0.385578832312001,-2.74311798622151,-3.15102852947536,-0.620065681797712,4.00323352970836,4.21201456012827
2018-11-12,-1.10454442989491,0.220910448328564,-2.52751804881009,-3.28823199788996,-0.564248742577218,2.71391710192119,4.54971566892243
2018-11-13,-1.12801311846896,0.243528536098671,-2.54543173404659,-2.88357291139976,-0.397954614085443,2.61951507621216,4.09192876568991
2018-11-14,-0.736352274414816,2.38388002945995,-2.77841931043357,-3.51503435854961,-0.750487501019327,2.20888485609333,3.18752855886405
2018-11-15,-0.418206163016375,1.53245606862034,-2.7569107088244,-3.39720899161993,-0.672515796415966,2.65226484619623,3.0601207450601
2018-11-16,-0.0314334572522768,1.36193489101729,-2.83570221684545,-3.50137949772092,-0.699600102358995,2.23026415181093,3.47591623134943
2018-11-19,-0.399099432507775,2.3415339868352,-2.77315841536479,-4.24778065694708,-0.750322036443227,2.82870708466066,3.000119469767
2018-11-20,-2.50228360047322,3.44767575210811,-3.559255139617,-5.46290142411414,-0.582635087732163,3.756435001278,4.90296449855041
2018-11-21,-1.80618316152407,3.69471541378976,-3.61962172401824,-6.8174216581584,-0.578537606268291,3.86900657826158,5.25804215791765
2018-11-23,-1.78083735871136,3.23239581252023,-3.29496272497579,-6.50104175325713,-0.605984824738306,3.84825217785071,5.10217867131163
2018-11-26,-0.385510528169512,3.62069669937464,-2.62368448044451,-5.95072094097823,-0.567875084851649,0.981330594818278,4.92576374025098
2018-11-27,-0.0275063540996001,2.99699813413758,-2.71887481506754,-5.26066193348839,-0.586646542375772,0.557732858301659,5.03895865259206
2018-11-28,0.511613634171518,2.87577948186012,-3.12514595551594,-6.67165708603574,-0.714558149526102,-0.714847678000275,7.83881575304643
2018-11-29,0.70902892646135,2.35287940200609,-3.66791810810528,-6.16008241237392,-0.617050805615511,-0.796084138635592,8.17922713626287
2018-11-30,-0.388167282090393,2.55354243940657,-3.23444100792702,-4.62137614848845,-0.668280055552571,-1.04199434438136,7.40071639903321
2018-12-03,-0.50451189720301,3.05614658142631,-2.89017000590954,-4.2635200823597,-0.679277880423512,-0.449812693696042,5.73114597816549
2018-12-04,-1.22921270119381,3.69316215731215,-3.03810858401338,-5.00025438276851,-0.59962966736012,1.05682332920629,5.11721984881738
2018-12-06,-1.01650491954667,3.97134622913594,-3.15447514551251,-5.08095971874033,-0.631382316013625,1.38370531005039,4.52827056062679
2018-12-07,-0.94851691926219,4.23669306885495,-3.34441231278805,-5.63075274713916,-0.972801077013839,2.85223585539912,3.80755413194917
2018-12-10,-0.775449944137982,4.26090418669462,-3.25894711793869,-6.07073548546778,-0.885572172194161,2.65299840288037,4.07680213016362
2018-12-11,-1.29804276661959,4.02923806060573,-3.2324310930703,-4.93704796157444,-0.876321022849552,2.14177410496618,4.17283067854196
2018-12-12,-1.57042039154533,4.12548463269743,-3.22099215622501,-5.47708332254758,-0.90880714969895,2.21034961610136,4.84146877121808
2018-12-13,-1.90249675203994,4.02991836680314,-2.91085397338298,-5.04315570585305,-0.906817529654963,1.84637772562542,4.88702786850236
2018-12-14,-1.96447426065662,4.41905133914108,-3.14632191956887,-5.20673294662613,-0.921442697823185,1.4542733848001,5.36564710073363
2018-12-17,-1.70066869549972,4.15387129434302,-3.24745484062069,-5.43495882868057,-0.905167248824986,0.772569951295853,6.36180836798709
2018-12-18,-1.20400184507595,2.93592470509284,-3.07305370500576,-5.64771698476429,-0.708480144814992,1.13523135332942,6.56209662123874
2018-12-19,-1.29028702437852,2.75417424454128,-3.39498229167406,-4.949136894762,-0.725766499663541,1.17097407791115,6.43502438802569
2018-12-20,-3.87685564078792,1.29634506370567,-4.94981819361117,-7.81895280500698,3.50619189841267,3.77440557087889,8.06868410640884
2018-12-21,1.1045152890118,-0.167694686349233,-7.99997790163217,-6.32351387349811,0.133141692507483,1.67149576068036,11.5820337192799
2018-12-24,3.13115310409604,-0.126794523666188,-9.02955202212962,-5.13413268633971,-0.691676517496042,-1.7131007396501,13.5641033851856
2018-12-26,1.70052746570806,-0.239393436708944,-8.25712631142604,-4.27587900364022,-0.0894222345557871,-0.246631327523912,11.4079248481468
2018-12-27,2.43570260847537,0.519890029071362,-8.09320176340328,-4.00074089263676,0.826685664661202,-0.338782822077487,8.6504471759096
2018-12-28,2.5928276937893,0.359516517806888,-8.03514119896957,-3.64986970006092,0.805860760223062,-0.891274870531967,8.81808079774321
2018-12-31,2.63519180294335,0.528913394891427,-7.98120962533101,-4.08346532912688,0.755480748773294,-0.644963640414186,8.79005264826401
2019-01-02,2.71710975682529,0.587458115158192,-7.90696382307371,-3.96327698764439,0.698156638404708,-1.00413805650329,8.8716543568332
2019-01-03,2.43111028712253,1.1149745074727,-8.10616394493996,-3.83345205730038,0.908976155007228,-0.315662664273428,7.80021771691132
2019-01-04,1.49978739737589,1.29972181179343,-7.57821915681973,-2.77299233366338,0.75382911822259,-0.597319969160433,7.39519313225163
2019-01-07,1.40979890458876,1.17618741262141,-7.37959228939718,-2.46341899124544,0.674414529249997,-0.516750163734875,7.09936059791733
2019-01-08,1.06538593444473,1.4316181548917,-7.62629812528633,-2.24780680668094,0.715486183893869,-0.54669411017038,7.20830876890736
2019-01-09,1.21161765835615,1.47588626916055,-8.28023406020782,-1.61177328696551,0.817832076875646,-0.65403162406081,7.04070296684179
2019-01-10,0.578772687391904,1.20211682325851,-6.37917427763214,-1.33836975822758,-0.18923987287917,-0.616376899541324,6.7422712976298
2019-01-11,0.466058033565687,1.28374075824206,-5.98938459550663,-1.6381508566053,-0.130408179446952,-0.614297083995919,6.62244192374706
2019-01-14,0.484622537673737,1.33677581393188,-5.89493632208405,-1.7003160076145,-0.151359681494768,-0.664983831558347,6.59019749114606
2019-01-15,0.578921154528032,1.27018058036035,-5.89765049446018,-1.79046395541254,-0.182607241392386,-0.628798940038955,6.65041889641569
2019-01-16,0.379133208035142,1.28913333160016,-5.75028275500721,-1.73702104901365,-0.168252370259921,-0.610020270592229,6.5973099052377
2019-01-17,0.76865152770818,1.32649797355459,-5.40376333783191,-2.01978100267577,-0.186371322212555,-0.612673514449908,6.12743967590738
2019-01-18,0.379219977460338,1.33082695424623,-4.80892386861934,-2.08711513594636,-0.155571208612287,-0.548670778326223,5.89023405979765
2019-01-22,0.215184496873725,1.59651527922405,-3.79521105051199,-2.83648873533033,-0.359038110552717,-1.08187685056489,6.26091497086215
2019-01-23,0.25518437997885,1.61433279492043,-3.86601331137021,-2.83401728119621,-0.339265478541375,-1.19457914456458,6.36435804077311
2019-01-24,-0.0239468283680111,1.47119734982518,-4.53236641587065,-2.801501236561,-0.311806072070379,-1.05217918146883,7.2506023845137
2019-01-25,0.939331944457059,1.56029931479192,-5.54854177139133,-2.71958532066666,-0.236570630058718,-2.14046329859576,8.14552976146349
2019-01-28,0.432686566918036,1.55520382248636,-6.10036350484426,-2.42142209470172,-0.00081518825291127,-1.15944112025585,7.69415151865034
2019-01-29,0.244123844745403,1.54836729560331,-4.84340896313137,-2.47331911671181,-0.117614056199699,-1.12677354068405,6.76862453637822
2019-01-30,0.310672383696811,1.52234029155332,-4.57352360277226,-2.25040900527132,-0.187999400582106,-1.42635526713313,6.60527460050869
2019-01-31,0.706220534906485,1.56320828304061,-3.9870431731923,-2.11027101123385,-0.138814080118559,-1.45708195655538,5.42378140315299
2019-02-01,-0.122058976598566,1.61523123926061,-3.73576516910647,-2.11380586895967,-0.0698398173769839,-1.43533919511326,5.86157778789433
2019-02-04,-0.251524906030241,1.54024902308913,-3.60934428439582,-2.03081391666812,-0.097203160918589,-1.39676027707446,5.84539752199811
2019-02-05,-0.0943404458925059,1.49637344594714,-3.37511930226247,-1.83828165126871,-0.126575373606276,-1.30920045518654,5.24714378226937
2019-02-06,-0.136522782145235,1.33766750605258,-3.50493575536977,-1.79102624623766,-0.209718683648848,-1.3762357041804,5.68077166552934
2019-02-07,-0.174432160350236,1.35069352582158,-3.35649963837416,-1.82103994278619,-0.325215489979371,-1.04472135282204,5.37121505849043
2019-02-08,0.695389693820552,2.43452141365446,-3.31360501218242,-3.10374917811668,-0.348365173807222,-0.859395424975874,4.49520368160718
2019-02-11,0.566327643458976,2.10983823335419,-3.24547163622642,-2.63869343317426,-0.340471845720712,-0.812618317788356,4.36108935609659
2019-02-12,0.59757079131245,2.10973759198672,-3.3038437262211,-2.54384208479848,-0.275161024605145,-0.791531017176062,4.20706946950161
2019-02-13,0.295613801154786,2.06323166814061,-3.53719788367247,-2.5682369230813,-0.265831019503601,-0.765666571075388,4.77808692803737
2019-02-14,0.189397582747397,2.15686142794766,-3.60735364573993,-2.68282655090591,-0.262648752119759,-0.700537181750688,4.90710711982123
2019-02-15,0.655198119312004,2.1416732991708,-3.66567070648204,-2.70773757804635,-0.253664780826957,-1.02373168025245,4.85393332712498
2019-02-19,1.06170402488751,2.78371185587615,-3.5792448738065,-3.05641380788734,-0.581823729245976,-0.939809038253873,4.31187556843003
2019-02-20,0.946965892310317,2.39540825593557,-3.5242429997817,-2.43872886117352,-0.549146648059525,-1.21249823154068,4.38224259230954
2019-02-21,1.09606347200356,2.59806736753372,-2.97232294549186,-2.65481157172811,-0.560492999915404,-1.65926647623553,4.15276315383364
2019-02-22,1.61286561300705,2.40804122983032,-3.46726124704946,-2.76037806956133,-0.556829797820642,-1.44312647035135,4.2066887419454
2019-02-25,1.22704352654956,2.51355165548317,-3.44343660914539,-2.71732824333032,-0.52440113866184,-1.18807155971037,4.13264236881519
2019-02-26,1.58447757883688,2.61979261404551,-3.3408823128789,-2.7652333876187,-0.435595734358857,-1.11695013804674,3.45439138002081
2019-02-27,2.255320021335,2.30308853446524,-3.00646213167019,-2.37390095764883,-0.487387511252056,-1.11099502136347,2.42033706613431
2019-02-28,2.38337291178939,2.3655949708569,-3.42737172395001,-2.28003778795215,-0.500677284471285,-1.10559974156203,2.56471865528917
2019-03-01,1.42282964051101,1.8919880549365,-4.22996930510077,-2.44594239311249,-0.374043586348199,0.422352472270098,3.31278511684386
2019-03-04,2.43295825970073,1.85949057817481,-4.34222912364291,-2.71087156448304,-0.586855585946717,-0.251722621177668,3.5992300573748
2019-03-05,2.81998828838651,1.81716508301635,-4.87733746221324,-2.73927992069164,-0.585222978204103,-0.150549833169565,3.71523682287569
2019-03-06,2.48664814045336,1.82979381852734,-4.29722238485724,-2.41549613157615,-0.628440106678482,-0.414361369535648,3.43907803366681
2019-03-07,2.4051840348587,1.83751219209814,-4.20841223244184,-2.34944950861037,-0.663111921170152,-0.584515412267263,3.56279284753278
2019-03-08,3.37374411057149,1.75662741795442,-5.03280708732944,-2.36615923299803,-0.53719557849919,-0.867194373264926,3.67298474356568
2019-03-11,5.53321672154232,1.80790673652365,-5.90814367314284,-2.3738455603499,-0.766546072222241,-2.69167650569768,4.39908835334669
2019-03-12,6.96225432588563,1.64254098277844,-7.17951769916748,-2.20231868718426,-0.798517171488152,-3.64209151198882,5.21764976116464
2019-03-13,7.44032099099025,1.49315294243297,-7.70865736501172,-2.09844701022769,-0.813416488948434,-3.78664098457558,5.4736879153402
2019-03-14,8.46658814668142,1.3712736005788,-9.30917314838931,-2.01900064949481,-0.840959701746218,-4.1113047222663,6.4425764746364
2019-03-15,9.14077602972186,1.31951719854812,-10.5634835433755,-2.26789254096232,-0.809990254651613,-3.88722279869415,7.06829590941361
2019-03-18,9.30497456217404,1.05623561282971,-10.2271679690507,-2.24384719791872,-0.791581721567885,-4.04217783242158,6.94356454595518
2019-03-19,8.45434425421566,0.951282451611599,-8.98921760839041,-2.3224999319558,-0.790683300111979,-3.6333415473882,6.33011568201913
2019-03-20,7.68315772621449,1.02913840714685,-8.63979900823743,-2.32254924878457,-0.754978295730801,-3.08908798880301,6.09411840819448
2019-03-21,7.7719473957141,1.11376071369305,-6.85833219950876,-2.15936020318915,-1.44503098634947,-2.52151176716862,4.09852704680885
2019-03-22,6.18160921158123,1.27727619877526,-6.6455137158134,-1.35432090983414,-1.63237335335031,-3.71568471943644,5.88900728807782
2019-03-25,6.71826565874551,1.30315100320779,-6.66681787150007,-1.24609162903262,-1.66861256346675,-3.70550532159334,5.26561072363947
2019-03-26,5.73186543830119,1.22308227327925,-7.19519174977298,-1.0189802872781,-1.43947072541841,-2.48602237760779,5.18471742849684
2019-03-27,4.89352999255375,1.30285613869916,-5.45705641566143,-1.11839817131687,-1.49241466297186,-2.75547484863878,4.62695796733603
2019-03-28,5.08435848123143,1.10658782423315,-5.49745419840485,-0.558680703094667,-1.50887850118848,-1.82382092943031,3.19788802665372
2019-03-29,7.46675168512865,0.739981654583147,-5.18627523348139,0.265889576947499,-2.98475388785662,-2.55226914539007,2.25067535006878
2019-04-01,7.56118327579977,0.691776082681471,-5.12344217424481,0.473354216147018,-3.25471458592064,-2.58427885035446,2.23612203589167
2019-04-02,7.70590560752865,3.80130089921657,-4.84959777129746,-1.74911860132321,-4.00224045039561,-2.5683158948208,1.66206621109186
2019-04-03,7.40116875919638,2.8467475111414,-4.99049768155371,0.862637308694337,-4.36197639849292,-2.59936606312356,0.84128656413808
2019-04-04,7.08020767959019,3.03060048513071,-5.68768446927549,1.23700094421582,-4.31413255873211,-2.69490949503365,1.34891741410453
2019-04-05,7.05769784002094,2.85381109717141,-5.31077077497812,0.121832427685037,-4.23462978856616,-1.62791036021861,1.1399695588855
2019-04-08,7.03950680707298,2.8751227010082,-5.30678914786657,0.156000368112498,-4.23963098498157,-1.66724277602906,1.14303303268352
2019-04-09,7.13192379812966,2.66842975717445,-4.75944582052504,0.638709327661361,-4.45150335341362,-2.15352047449569,0.925406765468889
2019-04-10,7.54230814692296,2.72733266717902,-5.11963859465123,-0.583385117391616,-4.20405144339444,-1.25222891918346,0.889663260518763
2019-04-11,11.0726909037996,3.57450614485034,-7.5798560059552,-0.75251553414768,-5.54808944290527,-0.938468610328308,0.17173254468652
2019-04-12,6.91579457581728,1.33099106904867,-4.39377177438742,-0.88599146732142,-3.49799882241803,-1.16434126440212,1.69531768366304
2019-04-15,6.91772132889709,1.2989539634598,-4.46293052625013,-1.02309363777527,-3.50752661609676,-1.12492173534288,1.90179722310815
2019-04-16,7.33651270875183,1.34613211139045,-3.93683970437177,-0.983691014119067,-4.17876671150968,-1.11251217311428,1.52916478297253
2019-04-17,8.65001878122741,1.14063551073396,-4.11410395871746,-1.19506554359573,-4.97512607234261,-1.08571284879208,1.57935413148651
2019-04-18,7.99501403735989,0.988017948212912,-4.06471294063407,-1.54626146407965,-4.41430434454824,-0.3447606846158,1.38700744830496
2019-04-22,7.40432220228122,0.947883065649677,-3.72070425202518,-1.6496977787242,-3.90597731218345,-0.442888787928257,1.36706286293018
2019-04-23,6.93581071584156,0.769898059757724,-2.17397716021096,-1.63903348605213,-4.11651418754246,-0.173967998277356,0.397784056483623
2019-04-24,5.6634815293348,1.10161075130573,-2.62652535227485,-1.46639727368925,-3.87034941355592,0.179267918272173,1.01891184060731
2019-04-25,5.13346028048726,1.50329265807193,-2.5492346668302,-1.38376701441152,-3.81484395441251,0.220650405944654,0.890442291150386
2019-04-26,4.46167998573967,0.0700466449091364,-0.284323336435294,-0.109142554808264,-3.60510895025977,-2.35437032832739,1.82121853918192
2019-04-29,4.08019460969326,-0.055578347794075,0.841046075892294,-0.197417153538899,-3.8487210199421,-1.76472707622452,0.945202911914031
2019-04-30,3.57900711858512,-0.0927739812899908,0.950251168854189,-0.404339704404897,-2.96810954293179,-1.7296188041839,0.665583745371269
2019-05-01,3.69487378973866,-0.0674365875497394,1.71020041581162,-0.486174391138259,-2.9979851240386,-2.26543554829898,0.411957445475291
2019-05-02,3.55552246748253,-0.238376676480244,1.13034481468473,-0.783801411640622,-2.04611769378853,-1.53800968938444,-0.0795618108734146
2019-05-03,3.06241834882737,-0.43023751265379,-0.862416033300692,-1.33951672622927,-0.626871503429697,-0.457141748356374,0.653765175142457
2019-05-06,4.29756197495736,-0.648095220603356,0.410172416705151,-0.977495987874137,-0.973105688561912,-1.5610602646953,-0.54797722992781
2019-05-07,4.3732447703932,-0.244679051257564,0.562568762201732,-0.32578925617303,-1.16521765512842,-2.52579444890203,-0.674333121133888
2019-05-08,4.03412727867758,-0.206228927542899,0.171774880602229,-0.00674392891203457,-1.07685994375597,-2.4451243372414,-0.470945021827504
2019-05-09,3.47467362792678,0.123526648235744,0.152223988657919,-0.123398067997152,-0.868327509992787,-2.24436414052462,-0.514334546305886
2019-05-10,3.18868637541764,0.174033098691702,-0.488322454786616,-0.5640477489742,-0.867530990539347,-1.00891235831541,-0.433905921493761
2019-05-13,3.26053608951166,4.01375232826074,-2.19485684372937,-1.36473934705324,-1.14994142967625,-1.77575811645135,-0.788992680862187
2019-05-14,3.78499551942279,0.894981306568369,-1.88711231578639,-0.990462625901448,-0.772678075792604,-0.830244040372856,-0.199479768137856
2019-05-15,4.32138141113341,0.905320951071324,-3.32391917595135,-0.663167526739872,-0.839715983159941,-0.146969924447362,-0.252929751906212
2019-05-16,5.77352079180727,0.430467449159189,-3.08235783683946,-0.877325176797575,-1.74615112444239,-0.208602813215064,-0.289551289671973
2019-05-17,6.34647282531225,0.587593016704405,-3.34144201542134,-1.46218132919242,-1.72358803940507,0.042413734132424,-0.449268192130251
2019-05-20,5.6471338258424,0.751926603442895,-3.43396866094924,-0.250150999762258,-2.17306967748894,0.306905669177723,-0.848776760262577
2019-05-21,5.57139571262523,0.348694122265591,-1.87484468985922,-0.71900549545345,-1.94847808263649,-0.190425034334467,-1.18733653260719
2019-05-22,5.38943194576739,0.477213740223047,-2.14321607530702,-0.278374894251941,-1.78122110304338,-0.352271165622131,-1.31156244776597
2019-05-23,6.20936059875435,-0.0160273790274861,-2.64754967108939,-0.12497023734748,-2.32137184462738,0.689238852921383,-1.78868031958399
2019-05-24,6.53468048863072,0.0113731094414131,-2.51163851360528,0.00984771801112672,-2.08504537371311,1.16441520814651,-3.12363263691138
2019-05-28,4.664249255434,-0.24543039051594,-2.50639870087183,-0.094698448278363,-2.25519362874446,2.13462241133636,-1.69715049835978
2019-05-29,4.10618417659787,-0.125303306212652,-1.8157418029667,-0.514403420699271,-2.31750700562263,1.70053365882804,-1.03376229992466
2019-05-30,4.12431645645238,0.0844834522806366,-1.88419906129424,-0.592190538870118,-2.28344747976055,1.63461355626447,-1.08357638507258
2019-05-31,7.01456832931561,-0.749740453805877,-1.3982827870039,-1.49810096986447,-2.9117825132045,0.182746545759201,-0.639408151196061
2019-06-03,7.75973485640981,-0.529640689271789,-0.88270234397789,-1.14935523028594,-3.69729173204246,0.206495595668439,-1.70724045650018
2019-06-04,8.27813600785485,-0.510470685061124,-1.00791808707206,-1.49132793532243,-4.50108342894618,1.24607070743687,-2.01340657888993
2019-06-05,7.62675130419211,0.581757762087792,-1.07212791800897,-1.33731703045836,-4.21222421976282,0.979479903683007,-2.56631980173276
2019-06-06,8.39923628135213,0.791294848190475,-1.35540204156658,-1.37261741999237,-4.03291112681546,1.10874405689325,-3.53834459806145
2019-06-07,8.42377298836969,0.738738180507539,-1.37939611563413,-1.53324058390983,-3.9153387999715,1.07828819992369,-3.41282386928545
2019-06-10,8.08089400257107,0.823452794393468,-1.38265367897422,-1.6600623717316,-3.80140774320591,1.3845091337523,-3.44473213680511
2019-06-11,8.05447970952401,0.633031636488276,-1.13428239957484,-1.47046818578098,-3.84890803954529,1.33753671209319,-3.57138943320437
2019-06-12,8.04320667508322,0.715192014833136,-0.886613441785925,-1.53473233991994,-4.21367172614346,1.55036511484394,-3.67374629691097
2019-06-13,8.22633992369132,0.865177607578476,-0.906344526715788,-1.90321678401561,-4.09270790538187,1.54566330643862,-3.73491162159515
2019-06-14,6.50343033930328,0.648281512959144,-1.09923222922882,-2.15523664217765,-4.84711542334975,1.76494485047663,-0.815072407982825
2019-06-17,5.936679202432,0.34015239636048,-1.45689839135934,-1.60041858958733,-3.89031242648142,1.8332348748928,-1.16243706625719
2019-06-18,6.2866751431942,0.734595405801956,-1.24908471818879,-3.08389602895967,-3.84310575774611,1.85514308395746,-0.700327128059051
2019-06-19,6.67330371849122,0.737442043310521,-1.42366497729153,-2.2072341172623,-3.63489754372855,2.64815943508193,-2.79310855860129
2019-06-20,16.9185266806119,0.830073312432837,-2.02373072452751,-3.78634169804533,-10.953742342113,1.57574075151648,-2.56052597987535
2019-06-21,8.06476918383165,1.04267710448014,-1.89094402339487,-2.92139201649227,-1.7142307766993,2.11247523644823,-4.69335470817357
2019-06-24,7.53546797313482,0.660284917159883,-1.86177738111244,-2.66629829761017,-1.74056097021276,2.72035845436306,-4.6474746957224
2019-06-25,7.67554088138566,1.90164701869795,-2.20721705888302,-2.89230072039392,-1.8801103085509,2.10051068655409,-4.69807049880986
2019-06-26,7.55249078795282,1.72129001162259,-2.26414909712576,-2.74884522852877,-1.90408282748461,2.17503230090575,-4.53173594734203
2019-06-27,7.64095980398265,3.51476013593628,-1.29991310544115,-5.37681586479309,-1.93384428353104,2.01663275544605,-4.5617794415997
2019-06-28,7.53092725107002,6.59118683842178,-1.77711534286474,-5.21161943167436,-2.49325177763516,-0.0691975470119148,-4.57092999030563
2019-07-01,7.34077168524866,7.65308630619825,-2.32653278355282,-6.19194599434663,-2.49750892943984,0.565822068124941,-4.54369235223256
2019-07-02,7.09481994785631,7.61289305286216,-2.75431563002383,-4.02639351751056,-2.63969153136712,-0.173727186168458,-5.1135851356485
2019-07-03,5.94219470620847,8.78073181497421,-2.18889801619186,-4.47163127245366,-2.756564997215,-0.804565907171156,-4.501266328151
2019-07-05,5.32504332291704,5.70994310819746,-1.94184852286739,-2.57697485496727,-1.2561326800904,-0.618621569600124,-4.64140880358932
2019-07-08,6.28821428129825,5.52316814916415,-3.04755048955148,-2.10587412492744,-1.35281765924104,-0.50773263121566,-4.79740752552677
2019-07-09,6.48605646233335,4.13487641654887,-2.9400706783837,-1.85133156680909,-1.72891368010132,-0.15932932763814,-3.94128762594997
2019-07-10,5.94219412195161,3.41344558500658,-3.64897901063889,-1.76276704550116,-1.70270681521816,0.994055585641311,-3.2352424212413
2019-07-11,6.30363499499212,2.19853631059534,-2.75319127708726,-1.47870978393212,-1.3945175613417,0.90922250590347,-3.78497518912986
2019-07-12,4.77127117875399,2.12795408195751,-2.01900911338765,-1.35445109753946,0.194518246472859,0.00264484080160088,-3.72292813705885
2019-07-15,4.58115662070466,2.1430179817094,-1.73472805280552,-1.16525962532659,-0.0271083792172409,-0.123299996105919,-3.6737785489588
2019-07-16,3.0194595644033,4.0626332462204,-2.3601430404264,0.280159601548039,0.00642385226616327,-0.717929394274389,-4.29060382973712
2019-07-17,3.33601804357077,2.88605333147299,-3.44953124247186,0.516703188134585,0.0835151583791571,-0.302105210205916,-3.07065326887972
2019-07-18,3.0901835795405,2.75465521625987,-3.66076977145684,1.06784956992895,-0.138141705094657,-0.493857597023583,-2.61991929215424
2019-07-19,2.95233202875484,3.36487808091964,-3.86870761543812,0.755450097337789,-0.956408343715673,-0.696287807095615,-1.55125644076286
2019-07-22,3.1200227319418,3.67513550023688,-3.62795470261883,0.394866624686923,-0.844493870339733,-0.47955551768887,-2.23802076621817
2019-07-23,3.37847760631547,3.8504549913957,-3.97555608146642,0.329519811991542,-0.558658331858529,-1.34567807556781,-1.67855992080995
2019-07-24,3.47948400129286,4.93758776124301,-4.270454993651,-0.041490193718122,-0.53258930563725,-2.06104334397016,-1.51149392555934
2019-07-25,3.34889773745421,4.94233117928684,-4.82869889271043,0.130125467920529,-0.459391435889533,-1.64621567781188,-1.48704837824973
2019-07-26,3.8838058408875,4.83968899733137,-5.37466427174006,-0.577553754699299,-0.263804749185347,-1.4575435716387,-1.04992849095547
2019-07-29,3.729833415836,4.73789305806737,-5.64804546939643,0.295286772914167,-0.230328150022915,-1.77344785414969,-1.1111917732485
2019-07-30,4.47150586349767,4.26567099721983,-5.92501992693566,0.82022430200854,-0.384997334293576,-1.49341968896966,-1.75396421252714
2019-07-31,1.77315986559079,4.20092795816095,-3.87059188697843,-0.383057164483573,0.156229072114375,-1.27762658383828,-0.599041260565826
2019-08-01,-1.18750105414181,2.90512061644556,-1.64324808594233,-4.63822830195728,9.38480969648482,1.20216008222453,-6.02311295311349
2019-08-02,-6.14116841144776,3.14761851388927,-0.0135516784277918,-3.69687105717908,12.5037057825326,0.131600945170579,-5.93133409453782
2019-08-05,0.322892648600856,2.24655529878588,-1.04800731073177,-3.22840541492075,9.64840002537649,-0.229264378089852,-7.71217086902086
2019-08-06,-2.25018004688164,1.34914111443214,-0.50071541458933,-4.00410489225177,9.95380677898213,0.57301501694791,-5.12096255663943
2019-08-07,-0.0914341171860009,0.827620616055963,1.6137891546423,-3.19839378924417,8.73802851521197,-0.0122839845184011,-7.87732639496166
2019-08-08,0.240708999496466,0.237603094273888,1.54533420049956,-4.07752392195123,7.16375934225917,0.696249765141491,-5.80613147971934
2019-08-09,-0.135804774884544,0.235802278859179,1.38541887739373,-3.98878794516826,7.1988874885989,0.718062734929354,-5.41357865972837
2019-08-12,-0.802408036942509,0.225304009874197,1.4120929167572,-4.00104633364733,7.19170253423092,1.04094350109103,-5.06658859136351
2019-08-13,-0.633105871010365,0.415249872895625,-1.04545494828211,-2.75735076449237,6.37592639023433,0.653747494389659,-3.00901217373477
2019-08-14,0.0689811358876042,0.977356084895174,-1.04787674156265,-0.600985436199167,5.15746454778569,1.6885342668342,-6.24347385764086
2019-08-15,-0.300146673187314,1.59500193452113,-1.13549878376244,-1.94922270979373,5.16491084920656,1.87742765192803,-5.25247226891223
2019-08-16,0.268289678776139,1.45396619040401,-2.07255541859491,-1.76177364011802,5.35505990379783,2.06690850863039,-5.30989522289545
2019-08-19,0.441877472708839,1.45777368609301,-2.19114158239384,-1.81556183495037,5.38951588989419,2.0831722233649,-5.36563585471673
2019-08-20,0.218284582585262,1.19146706524979,-1.80923026468961,-1.96651917457856,5.14199898047443,2.1228956298055,-4.8988968188468
2019-08-21,0.27121058193071,1.32394603180472,-2.59414437733891,-2.24390465997823,4.98722051306988,2.56601983091473,-4.3103479204029
2019-08-22,-0.0550878534670005,1.16985573225352,-2.21778980744211,-2.59016309653678,5.81169128325748,2.33084495609506,-4.44935121416018
2019-08-23,3.81906879798785,-0.320529620538972,-3.24414748590339,-3.19352105053076,3.02179861130266,1.71030270256193,-1.79297195487933
2019-08-26,4.4388803289686,0.192198642674304,-2.79549665228024,-2.5134440243996,2.68142667108889,1.10205930120445,-3.1056242672564
2019-08-27,3.87589254571892,0.0785279885347716,-3.6308942243319,-2.79821998223275,3.17774628454706,0.972008310615269,-1.67506092285137
2019-08-28,3.53104661792536,-0.00594888645058056,-3.9436753757483,-3.2527972983579,3.11990722816566,0.978832190968181,-0.427364476502405
2019-08-29,3.47583864813785,0.462564326038704,-4.56092257193477,-3.88246888457649,2.89914264611454,0.873447375883654,0.732398460336505
2019-08-30,3.84756557533314,0.0530577669019632,-2.32801414731495,-4.02851101278146,2.52981388241525,-0.316864286316584,0.242952221762643
2019-09-03,3.366682286128,0.80887513918027,-0.630306507417895,-4.02866101518277,2.39434342746694,-0.582933554675087,-1.32799977549945
2019-09-04,4.88935348841925,1.56155256613967,-3.42666560675114,-2.53883725796998,2.44666461546688,-0.401239386659352,-2.53082841864532
2019-09-05,8.93061466812069,1.27981037108395,-5.98816559527848,-0.195774688485201,1.91649018601282,-1.20795580610985,-4.73501913534392
2019-09-06,10.2995215694227,1.15756468986788,-7.23162969421156,0.37984696523921,1.9597451264503,-2.31846399171565,-4.2465846650529
2019-09-09,9.39791504035104,1.33568898224308,-7.13570143994282,0.449370692852646,2.02055628517696,-2.01080379002108,-4.05702577065983
2019-09-10,8.57635624416077,1.21216476944281,-7.55058167640217,0.627780364702442,2.43274214481724,-1.44794051643295,-3.85052133028814
2019-09-11,9.22318863680424,1.29931729222062,-7.33183094378187,0.471353396916133,2.5737819476342,-1.81973468094438,-4.41607564884895
2019-09-12,9.21286060124666,1.16567239231368,-7.87420265430153,1.07437878812033,2.32477092899944,-1.83780886957575,-4.06567118680284
2019-09-13,9.06780619347971,0.97592077034497,-8.73655298318752,1.17120465143392,2.60627267614297,-0.990630652300624,-4.09402065591344
2019-09-16,8.40543495665951,0.984974002653433,-8.81889266927258,1.4355881525031,3.1182674643906,-0.89796364038463,-4.22740826654944
2019-09-17,8.16482369994914,0.936770267333163,-9.54618813550854,2.07982024052172,2.78307802501919,-0.888097838970674,-3.53020625834399
2019-09-18,7.81369563063782,1.07125732672285,-9.10499857411807,2.0362518791605,4.04320894999274,-0.26704725094657,-5.59236796144927
2019-09-19,-3.63803277099695,0.592054103682211,-4.94807953781588,4.29508053116694,21.8028991500455,-0.938627162282549,-17.1652943137993
2019-09-20,1.50736082889304,0.86884801916558,-9.6362043764188,6.29840788330795,4.19632056076549,-0.209476683443992,-3.02525623226926
2019-09-23,0.904190279521874,1.04485337625353,-9.7254068863927,6.4380996956072,4.26570315358176,-0.190476769234181,-2.73696284933748
2019-09-24,0.17183754762868,0.760847137792023,-11.8024929655475,12.9205457586477,3.26326854932233,-2.46058269625874,-2.85342333158458
2019-09-25,4.04255352567471,4.06847551666225,-12.0756731681807,6.53679846736379,1.98693920308305,-2.79175987323007,-1.767333671373
2019-09-26,3.98090518836592,3.98548189377263,-10.4925306563024,4.02596369011057,2.60051021478142,-2.78894776054761,-1.31138257018059
2019-09-27,2.3567812176083,4.43349499969558,-10.3765231950335,3.69445281955916,2.91945234356328,-2.34891641407795,-0.678741771314929
2019-09-30,2.73415607824612,4.48867751910777,-9.87767459746021,2.72400527477985,3.04805672495975,-1.93243453293478,-1.1847864666985
2019-10-01,3.96017760995851,4.39736106703972,-9.03173634321008,1.66461619153493,2.20175824531609,-1.94828423066394,-1.24389253997521
2019-10-02,5.70592750081972,4.44467983649255,-10.2127749213461,2.71479694784777,2.45110637594737,-3.04705284653834,-2.05668289322295
2019-10-03,4.78199265166166,4.52301960384027,-10.0440356589638,2.62961539731429,2.33281224917004,-1.71116280646606,-2.51224143655643
2019-10-04,4.46237540044866,4.4904867216781,-9.47324333158987,2.33968785473601,2.354116593917,-1.33987400368044,-2.83354923550945
2019-10-07,4.22936462279737,4.50145235493545,-9.44712503954218,2.45536676748555,2.33853713070557,-1.32203982118124,-2.75555601520052
2019-10-08,3.93346168371813,4.52865435217938,-9.65423281137348,2.54683048189668,2.37634582589352,-0.676573016447911,-3.05448651586632
2019-10-09,3.27136978604464,4.60405597419906,-9.40684602815205,2.61900235382153,2.53967434355133,-0.659964241933753,-2.96729218753075
2019-10-10,3.48326150130684,4.63649768306766,-9.14915815435888,2.71944368885169,2.58663564739622,-0.143761975133378,-4.13291839113016
2019-10-11,3.83981136569471,4.5047463345781,-9.94966389501381,2.87572708244172,2.76203635671922,0.32924730634252,-4.36190455076246
2019-10-14,3.41834243746007,4.35758702400617,-9.99081826121166,2.81020156755705,2.74315542225334,0.503692437222998,-3.84216062728798
2019-10-15,3.38311158786034,4.15304130771757,-10.780066200043,3.26806655582701,3.60941548821263,0.543789450112211,-4.17735818968678
2019-10-16,4.18000671001658,3.53665006544727,-9.87996521612036,3.34804242016869,0.812536129111777,0.702160084409392,-2.69943019303335
2019-10-17,3.91576494504286,3.19382308884341,-7.62305472544204,2.42085599668257,1.36543739952176,-0.397300989736191,-2.87552571491237
2019-10-18,3.64021128288477,3.23572861158609,-7.02385188835236,2.37020040973553,1.45387119657552,-0.807065548393645,-2.8690940640359
2019-10-21,3.38110428626506,3.4116233482736,-7.55752077061386,2.38183266352849,1.46572600476476,-0.297066034821256,-2.7856994973968
2019-10-22,3.59046386538059,3.36723439647057,-7.80932095834151,2.37515020873511,1.4356942473724,-0.115476831686049,-2.84374492793111
2019-10-23,3.55664881897198,3.89457028358747,-7.70752074184797,1.57932561804371,1.37358374871472,0.041386091466876,-2.73799381893678
2019-10-24,3.14704020522334,3.35094921174921,-5.59224403696638,1.3887210282088,1.49911712855238,-1.09207885267766,-2.7015046840897
2019-10-25,2.82292717983153,4.69075020088775,-5.91124073540482,-0.0998362568785822,1.46828303696737,-0.471148260267992,-2.49973516513526
2019-10-28,3.12001764587384,2.80575372675729,-5.55617407444919,0.0825509547716692,1.52323134027858,-0.474607411130863,-1.50077218210133
2019-10-29,3.03078405377913,2.8851985275268,-5.44188171544933,0.0990724266103982,1.5054993973789,-0.626187698086628,-1.45248499175927
2019-10-30,3.09348472091338,2.9825587882114,-5.37708973562295,0.290620161746432,1.51502224186628,-1.12057616720736,-1.38402000990718
2019-10-31,2.70350358166271,2.28722470376722,-6.60427604439998,-0.148260854003244,6.84936415434062,-2.49984308809811,-2.58771245326922
2019-11-01,4.23928306886236,2.44914089407972,-6.06103208744292,-0.264764516192709,2.06425936020177,-0.609628324692677,-1.81725839481556
2019-11-04,4.01258057669089,2.49364123764134,-5.74372113630781,-0.312951156238761,2.0830636543049,-0.703701433540754,-1.8289117425498
2019-11-05,4.91775680803533,2.3975581103975,-5.12725276871573,-0.612868260645833,1.3162964242709,-1.15025397913584,-1.74123633420633
2019-11-06,5.57241039467925,2.40077793577391,-5.23930996532582,-0.585302626184513,1.27100728578943,-2.17269287973822,-1.24689014499402
2019-11-07,5.73826277652058,2.41541827525688,-5.3139419311946,-0.579821986496491,1.0513408426296,-2.33542066382433,-0.975837312891638
2019-11-08,7.03834659280632,2.54407994964499,-4.52277110444922,-0.543014325936868,1.0474357973804,-3.92983916774073,-1.63423774170489
2019-11-11,6.90186756944355,2.63666159299274,-4.60155100396651,-0.614507118441182,1.04774804352611,-3.63050414000975,-1.73971494354495
2019-11-12,6.98764772194613,2.52590826154988,-4.19248774333931,-0.664162833851343,0.980628989462295,-3.97967134234648,-1.65786305342117
2019-11-13,7.17659539017102,2.55141988267914,-4.2738824822195,-0.690368566672939,0.992652390103793,-3.9626447564116,-1.79377185764992
2019-11-14,8.00868374975975,2.36464304609904,-5.27295127842131,-0.411090477352078,0.78232610438672,-4.1477964959143,-1.32381464855783
2019-11-15,7.18489198373011,1.4466031580189,-3.98784786684913,-0.0783710338842738,0.711250141216043,-2.91009843421986,-2.36642794801179
2019-11-18,6.59679888017725,1.52786522975672,-4.16132875263449,-0.252685505098405,0.729150787438607,-2.56555861824646,-1.87424202139322
2019-11-19,6.66524461448958,1.72749885884586,-4.77093374531196,1.02394207879949,0.822070046161514,-3.24437823027789,-2.2234436227066
2019-11-20,6.47825545180509,1.63810728296763,-3.03009232920627,-0.714250195594868,0.855142445918537,-2.92322627631871,-2.30393637957142
2019-11-21,5.56390563136452,2.2635867429213,-3.13234775233494,-0.102072500497078,0.900117064883515,-2.82646186980598,-2.66672731653134
2019-11-22,6.54043362644954,3.14562029642003,-3.55698669426774,-0.201669989778338,1.06742042295693,-3.08320586659772,-3.91161179518269
2019-11-25,6.19257896502497,2.91008341483421,-2.9687018299419,-0.597066911984454,1.05874275676888,-2.93209753279104,-3.66353886191067
2019-11-26,6.24536256408966,2.84523646423389,-3.07656648305715,-0.665343760192803,1.00921542191217,-3.14856428196681,-3.20933992501896
2019-11-27,6.09560004399641,3.26670659316063,-3.38822654614932,-0.700058291107652,0.985885310393154,-3.35857328312629,-2.90133382716693
2019-11-29,4.96550346041531,2.42234924736993,-3.2351153705858,0.152206019343584,0.937399557675024,-2.61427435877618,-2.62806855544187
2019-12-02,2.95625821233154,1.53897338001653,-2.79984990225277,1.78906601531908,0.94724994971664,-1.36926224673631,-3.06243540839471
2019-12-03,3.83801071316567,0.908551489990167,-2.41564499515322,1.77056227942093,0.668176598620478,-2.09346850516284,-2.67618758088118
2019-12-04,3.28192786416277,0.963394374312195,-2.71769972480318,1.72993496815859,0.621383088029821,-0.595723136604645,-3.28321743325555
2019-12-05,2.586973704855,0.644568008218407,-2.89219630756375,3.41374754456881,0.37980615423442,-1.08567697600357,-3.04722212830932
2019-12-06,4.56726389951568,0.232289453887832,-1.63737898708102,2.46525713452954,0.180012119398037,-2.98185623927508,-2.82558738097498
2019-12-09,1.24693938223204,-0.256839963853778,-2.36189432335843,2.91523675333706,0.169683360403707,-0.0467960631821169,-1.66632914557849
2019-12-10,0.767999689233232,-0.447120112305294,-2.94552958566094,3.0516041693617,0.110065346366209,0.0691373980038019,-0.606156904998713
2019-12-11,0.469602244802601,-0.308882785682341,-3.18451953544658,2.60334665360759,0.0303519226163296,0.300907012132424,0.0891944879699729
2019-12-12,0.532778606162992,-0.253989211309309,-3.34126793948651,2.02681619479661,0.0915219456682479,1.44973936353608,-0.505598959368111
2019-12-13,0.344205256641697,-0.311938841173687,-2.96485446994647,1.83506778347458,-0.0130422705581221,0.530317352762892,0.580245188799111
2019-12-16,0.225107640707392,-0.00988665641792785,-3.32947314054504,1.94030529959008,-0.0989980686945859,-0.0843618807547886,1.35730680611488
2019-12-17,-0.00719824309771511,0.179555498937317,-2.72931820605481,1.63344911983683,-0.0539776366712097,0.0910873222243143,0.886402144825279
2019-12-18,-0.0902596708396857,1.40165011510879,-2.12991876040064,-0.0643139355150311,-0.0726790927959318,-0.189836868156508,1.145358212599
2019-12-19,-0.0182728368864709,1.38621211863475,-2.06879569122943,-0.205784771347714,-0.0657855889152339,-0.110500570134183,1.08292733987827
2019-12-20,-0.249160092076885,1.26417044826105,-2.00222190453036,-0.06259306146044,-0.0713276904619233,0.0539702743525057,1.06716202591605
2019-12-23,-0.361421156032876,1.36781305245477,-2.26161766702332,-0.0873278995768274,-0.0943176079540349,0.0885165050737511,1.34835477305854
2019-12-24,0.508723453179876,1.24892516476544,-2.27725715994411,-0.584323976836869,-0.0905781331589193,-0.0737784058366184,1.2682890578312
2019-12-26,0.213522260531573,0.956276859054906,-2.36068653620382,0.195726786493944,-0.0662690707610709,-0.197230927655523,1.25866062853999
2019-12-27,0.975995486532749,0.533764260189871,-2.37371488959797,0.184052928466603,-0.00148924966305675,0.969335030186565,-0.287943566114762
2019-12-30,0.671752687450574,1.0687984004799,-2.78890429623657,0.762964363583198,-0.0619670243792205,0.169721802401602,0.177634066700513
2019-12-31,0.734270757905733,1.19717109708075,-2.73020934259558,0.798303535753943,-0.0591852008458056,0.78756434168285,-0.727915188981889
2020-01-02,1.15884215853928,1.15309510592348,-3.00976775906,1.99173069370808,-0.0598941509174895,-1.04116302110248,-0.192843027090866
2020-01-03,1.11455308481361,1.21492504288768,-3.33784058674048,1.54608282223461,0.00306646306613034,0.387736147466923,-0.928522973728477
2020-01-06,1.2438502469249,1.2275985862367,-3.39402638823277,1.25024754972068,0.0398017599116742,0.720275423469465,-1.08774717803065
2020-01-07,0.883497937932596,0.772171205909686,-4.00503984494436,1.51544420773118,-0.0183896736243412,0.665216857943948,0.187099309051291
2020-01-08,0.929900907535373,0.652212715568005,-3.96600898106551,1.47748893065198,-0.10857127516336,1.23396776259201,-0.2189900601185
2020-01-09,1.32242700633022,0.704852439202222,-5.1848211316432,3.06447202477028,-0.120495153162071,0.777646731302887,-0.564081916800337
2020-01-10,1.59619605717053,0.877804992443691,-5.70190108360404,3.32812318659647,-0.108565092466216,0.554856578046497,-0.546514638186931
2020-01-13,1.45438215884333,0.745333124719783,-5.69178482647852,3.4383381449284,-0.114883854355722,0.651222281382349,-0.482607029039617
2020-01-14,1.00074697963369,1.6858414950575,-5.82397707501798,2.99731838028854,-0.12497095760589,0.515550201104574,-0.250509023460431
2020-01-15,0.790944985522732,1.89931985144848,-5.9690105661376,2.92964937839095,-0.13228416069748,0.471406882541437,0.0099736289314869
2020-01-16,0.671321325050904,2.30355373781722,-3.62168766532473,0.828572175271097,-0.162090005574071,0.178811924994095,-0.198481492234517
2020-01-17,0.592269292869249,2.13659381602847,-3.56953846765433,0.737626712743454,-0.196183195818299,0.218549231328254,0.0806826105031995
2020-01-21,0.491205756404483,2.53603794285119,-3.32952824582182,0.628636688225994,-0.141251429707073,-0.587071721209124,0.401971009256348
2020-01-22,0.518984306457206,2.57496387737506,-3.56733391428611,0.787409663116877,-0.118707169077116,-0.571039295299094,0.375722531713178
2020-01-23,0.421268910327305,2.16573938546728,-3.80937356410722,1.41769783311964,-0.0821174502338606,-0.426248813210551,0.313033698637401
2020-01-24,1.14409118122526,1.13143304289109,-4.16361815857788,0.552372828740079,-0.039593396552855,0.642215050142449,0.733099452131857
2020-01-27,1.66117822261996,0.997242605929074,-4.16248074769044,-0.248137019078813,-0.0242891039954078,0.461429800486732,1.3150562417289
2020-01-28,1.88384481765149,1.02476575479799,-4.07638748882034,-0.962339248355407,-0.0169596051874721,1.37727023084658,0.769805539067168
2020-01-29,1.89878529742999,1.09563202361158,-4.03441301816117,-1.08419611031038,-0.019731901714672,1.37223628569627,0.771687423448377
2020-01-30,1.51933754800946,1.08643858470024,-4.0324834603488,-0.808269903415242,-0.250557628739661,1.28563788808704,1.19989697170696
2020-01-31,1.70035465391796,0.562666318943415,-3.83084217062192,-0.21852167965189,-1.03504506500245,3.26821391579962,-0.446825973384733
2020-02-03,1.67545579142618,0.252000344110064,-3.87678506912804,0.015757231972529,-0.972410188075655,3.29865443182802,-0.392672542133088
2020-02-04,3.7425376479458,-0.00110878649242707,-2.72902244362743,-0.508628724408156,-1.25108182792723,2.81215531181027,-2.06485117730083
2020-02-05,3.31783163583683,-0.287384662492418,-2.13871708515062,-0.974543438366846,-1.34274628372258,3.80151682996778,-2.37595699607214
2020-02-06,3.07500084448216,-0.148802684234467,-1.61955975542497,-1.62491307265707,-1.31769883857099,3.81564104424118,-2.17966753783585
2020-02-07,2.8299806341995,-0.446064061595767,-1.5478449326479,-0.708766818078111,-1.314904453178,3.35410472530362,-2.16650509400334
2020-02-10,2.59289509620906,-0.526116568074841,-1.81763929966764,-0.434794945422835,-1.34239469489128,3.60573225803023,-2.07768184618269
2020-02-11,2.59360370097887,-0.068663518926007,-2.47132289198488,-0.10747637204189,-1.26778122687592,3.62370210854204,-2.30206179969222
2020-02-12,2.76484309107839,-0.706177393110163,-2.06697623361968,0.259588084721317,-1.37636324103285,4.71598513825972,-3.59089944629673
2020-02-13,2.8710105736491,-0.267069392190533,-1.64079737080809,-0.748878985063294,-1.40372801537607,4.34703542793678,-3.1575722381479
2020-02-14,2.5583882893947,-0.551764347374525,-1.63819981866309,-0.962200424575251,-1.4510025046105,5.12056850719492,-3.07578970136626
2020-02-18,3.14675472692848,-0.980932021201625,-2.41107289814441,-0.337213988449586,-1.21796863524493,4.99580266189989,-3.1953698457878
2020-02-19,2.46624612193929,-0.520994284910774,-2.04507273698278,-0.730426965029025,-1.16924591375106,5.73476856457075,-3.7352747858364
2020-02-20,2.98631032258524,0.122383323503,-2.61643664850556,-0.81845587910507,-1.12807734779083,5.91884224224565,-4.46456601293243
2020-02-21,3.95844973135568,0.289680278342921,-3.5615357544022,-1.02599224748125,-1.55250026226487,5.64322669905356,-3.75132844460383
2020-02-24,6.85652964206778,0.22593502954692,-4.03780113953865,0.379437919255818,-1.68335625935379,0.233997438431274,-1.97474263040936
2020-02-25,4.04989891747762,-0.830136226423845,-3.43409103201513,-0.348093802133312,-1.98908076445692,1.73084264192947,0.820660265622116
2020-02-26,4.78947392218254,-0.731769732605006,-3.83951768941631,-0.458648129354053,-1.92631200332618,2.513655877744,-0.346882245224993
2020-02-27,-2.15780329030319,-0.500303370930158,-2.15007941314966,-1.41911277753938,-2.66904442066761,5.72363672073303,3.17270655185696
2020-02-28,0.238305308705158,-4.17338170068174,-3.19879263272978,-0.952059960342627,-2.81657424679594,8.31160535382326,2.59089787802167
2020-03-02,4.16702027572732,-2.87989323285567,-3.23780579328093,0.294510009630706,-2.45736917209404,6.74357038209555,-2.63003246922293
2020-03-03,9.39448902730293,-0.130774885541538,-6.31002635750234,-2.7267869133232,-2.6769478104727,7.09154355893167,-4.64149661939481
2020-03-04,5.5433347270209,-1.39818119430072,-6.79142234780229,-3.01141433240849,0.921089667016204,7.78792456359439,-3.05133108311999
2020-03-05,3.55181044945372,-4.40239242139326,-8.16904626213942,-6.62606019445483,2.73855605130178,15.2353622421067,-2.32822986487473
2020-03-06,4.24534363901849,-5.2505116081068,-10.1822459856122,-4.91320722241553,1.6711319789544,19.1172980413547,-4.68780884319312
2020-03-09,-1.79532167552355,-7.91320535019716,-17.592527138176,-5.19868746123823,0.515128429183935,32.3162719285803,-0.331658732629307
2020-03-10,-4.84179173020689,-10.5458886090294,-16.7317391811638,-8.55358150596825,2.00133500718163,31.2248040176032,7.44686200158352
2020-03-11,-7.203397431451,-11.6742089226663,-18.4422437758667,-9.98921295430027,2.19945969558546,36.5650269289197,8.54457645977907
2020-03-12,-21.7863887517904,41.9614932996091,-48.3436996388605,3.35010253536042,-1.94793978916019,35.7209724920827,-8.95454014724113
2020-03-13,-28.5915736452316,41.8152610166725,-44.2831255946778,-3.32614713840219,-2.01479995175393,46.6007205899971,-10.200335276604
2020-03-16,-29.8998703591657,34.0998876222808,-56.6725472849021,8.85338091460485,-1.58525103335343,52.6939370690339,-7.4895369284983
2020-03-17,-26.077579292227,29.4967145748043,-54.5418831550538,10.265110991488,1.21723220312085,43.0214250053689,-3.38102032750119
2020-03-18,-20.8913226357072,29.7376232823217,-54.509933448543,10.8879997873647,-1.32766235366328,42.9295450984702,-6.82624973024321
2020-03-19,-16.2265007326095,29.8218460488812,-44.5328900952597,-10.4944742625424,-0.979621336560118,49.0312566510145,-6.61961627292403
2020-03-20,-15.0276256468012,28.5557897367212,-44.6582958033435,-11.8494216572047,-0.860303882931003,50.1018662047642,-6.26200895120491
2020-03-23,-14.3956294574355,29.5261084055974,-45.7538967524782,-16.1078291362341,-0.635208190419501,54.0710240500556,-6.70456891908584
2020-03-24,-6.40826217180851,29.8535476051202,-45.0522059241378,-22.0176502670062,-0.869187037494401,50.2103327807978,-5.71657498547116
2020-03-25,-5.99076077232007,29.2893714520593,-46.2657778842091,-22.0300247452027,-0.820007048895837,51.4403839791092,-5.62318498054072
2020-03-26,-4.4856562945864,28.5234835311559,-45.8783328648482,-21.7389940484359,-0.965483779149643,47.9152889764191,-3.37030552055489
2020-03-27,-4.87966611241595,27.940489921851,-46.1839761368598,-21.4538256807791,-0.984484490563712,49.0737379717032,-3.51227547293565
2020-03-30,-5.6608131147926,25.8439964501257,-45.8436707937728,-19.5676517819752,-0.879459276132108,48.431022387771,-2.32342387122399
2020-03-31,-6.09967394488717,25.4695398557881,-45.2517327315114,-18.0601682223369,-0.863222423812569,46.9673270427412,-2.16206957598115
2020-04-01,-6.68445187720496,24.5648104452289,-42.5939243654733,-17.7048969032649,-0.892547821788481,44.9194347511226,-1.60842422861995
2020-04-02,-6.44958730038906,23.3001051971998,-37.2808067831165,-18.5289399120895,-0.955755685680423,42.3045635624269,-2.38957907835115
2020-04-03,-6.19593686559695,22.7221007978453,-36.5885761859247,-18.4556525015992,-0.957787399626982,42.0220527953755,-2.54620064047296
2020-04-06,-6.14154399194707,22.7031413894268,-36.2928264282007,-18.6971160034296,-0.955424834694002,41.947739326254,-2.56396945740943
2020-04-07,-6.22447664036249,22.6515054297813,-36.5671831414014,-19.3496975518436,-0.778722129546722,42.5022917438136,-2.23371771044071
2020-04-08,-6.38109177211035,22.3217865739378,-35.1695857632729,-19.9843987400662,-0.764938131317528,42.2475535392933,-2.26932570646421
2020-04-09,-4.12289892827901,21.2412762508788,-35.772002846916,-20.3271218879779,-0.769257640070046,41.6579533116016,-1.9079482592374
2020-04-13,-4.95606015254216,21.5009657179112,-36.0158734206541,-19.8156605183648,-0.734764982885427,42.4150142505877,-2.39362089405233
2020-04-14,-4.88119506349475,20.9030874926997,-36.942209539337,-17.664855204243,-0.71310537124185,41.6266415348696,-2.32836384925276
2020-04-15,-4.58649746747194,21.3403929174385,-37.3032799638541,-18.8415633697073,-0.717320535854975,42.2830610513564,-2.17479263190657
2020-04-16,-3.83730736320144,20.8697037023149,-37.9287866784415,-20.3001386966704,-0.689011892908971,43.6992427641021,-1.81370183519472
2020-04-17,-4.3629690643642,21.1949257109807,-36.8235388380607,-21.1594450187576,-0.535103894294918,43.4610948819864,-1.77496377748964
2020-04-20,-4.46948344876052,20.5990461815947,-36.3267454960081,-21.7345346200876,-0.566194487978029,44.2693943906299,-1.77148251939037
2020-04-21,-4.69077600993132,21.0668738670596,-35.6589109098041,-21.9036887022692,-0.612213136406014,43.5213105548094,-1.72259566345837
2020-04-22,-4.25164077117637,21.1785708793272,-32.6577940413369,-23.8390940728354,-0.791154324915164,42.7283296515029,-2.36721732056632
2020-04-23,-4.22606355382811,21.246615961318,-32.7362753243296,-23.5296551997386,-0.77158412383017,42.3000522812151,-2.28309004080658
2020-04-24,-4.42380649445172,21.2317878262335,-30.7812057959666,-24.5572881076557,-0.75195212110062,41.5816252215081,-2.29916052856695
2020-04-27,-4.25954081375307,21.1155682558547,-31.470959293625,-24.1993974957102,-0.725443846179799,41.8645670839465,-2.32479389053314
2020-04-28,-4.230059282581,21.1840561182691,-31.4581832444221,-24.0283167460247,-0.736543604866299,41.5564957387026,-2.28744897907761
2020-04-29,-4.33825915821972,22.4661203369853,-32.4411390638284,-24.4467952476909,-0.853610733977437,42.3094291007533,-2.69574523402225
2020-04-30,-4.54730175804164,22.4022251011631,-31.9415884165536,-24.7306999847604,-0.875951206212987,42.7092529257956,-3.01593666139002
2020-05-01,-3.86673449041276,21.6381272608717,-31.4859778275962,-24.9488981312919,-0.906966077373744,42.8230134671087,-3.25256420130585
2020-05-04,-3.39536517148793,21.4901643397556,-31.0630057168551,-23.6618613929528,-0.912652070059279,40.493765166735,-2.95104515513547
2020-05-05,-3.58251512408029,21.4573013144353,-30.6473837644831,-24.6534016874681,-0.820874564199551,41.1267119018266,-2.87983807603085
2020-05-06,-3.4391403194528,20.3598474049157,-30.7085190537555,-24.2298412327356,-0.793874816230121,41.3406529313141,-2.52912491405574
2020-05-07,-2.69396073046942,21.2997676413251,-28.7456874676593,-23.9843078368713,-1.06640335148802,38.3449381584057,-3.15434641324276
2020-05-08,-2.6321182570188,20.7950635612707,-28.6129426088648,-23.2742535006208,-1.07276173921524,37.7816900217319,-2.98467747728291
2020-05-11,-2.38767607705618,20.0608083757169,-28.4148800220321,-23.1858352446222,-1.01707939143864,38.0551637897377,-3.11050143030552
2020-05-12,-2.39075151570594,19.494445376654,-26.2404395355725,-24.7876457400583,-0.920542685811466,37.2840585375525,-2.43912443705833
2020-05-13,-2.3494399090345,16.7965516926284,-26.0026077053305,-22.1589200548024,-0.875930179990918,37.1640206668063,-2.57367451027632
2020-05-14,-2.35598522931833,17.0563752049034,-23.9632957843914,-22.756624686912,-0.864502604363819,35.4994105178208,-2.61537741773866
2020-05-15,-2.74991953494431,16.1442395186097,-23.4634409640488,-21.2530504516579,-0.810060030480241,34.7115833605731,-2.57935189805152
2020-05-18,-2.4465393831345,15.4616176451457,-22.8267012753941,-20.0023865586568,-0.859383612891221,33.2965729481215,-2.62317976319051
2020-05-19,-1.74725306299072,15.925214958959,-23.3889197035417,-19.427491006388,-0.858830572663628,32.2046983709963,-2.70741898437129
2020-05-20,-1.44628098855275,15.321485656487,-23.0538794699668,-19.331771582779,-0.859057264589526,31.9184299099788,-2.54892626057783
2020-05-21,-0.684613121857392,16.1739670347272,-23.7082074863827,-20.0375218939875,-0.955460494875304,32.1878257436751,-2.9759897812994
2020-05-22,-0.711209377752944,16.2216716954448,-23.6715218134059,-19.6042574618145,-0.941123459226119,32.0461899227214,-3.33974950596665
2020-05-26,-1.62923740782062,16.7218460752514,-23.0090443116279,-20.3280846572823,-0.84704677665789,31.8757059073061,-2.78413882916883
2020-05-27,-1.44283891082709,16.2016276073409,-21.2129105745617,-20.0021548725749,-0.862037902610426,30.5286678985657,-3.2103532453324
2020-05-28,-1.60228627441627,16.7657580383225,-21.5527680946159,-19.1015329781579,-0.845389383744211,29.2397461398017,-2.90352744718989
2020-05-29,-2.34423516473692,15.5390377144398,-20.3469083925661,-17.055097209887,-0.925347784466073,27.15262544069,-2.02007460347371
2020-06-01,-1.96402894931374,15.5531573847502,-20.0408424543262,-17.1946821973994,-0.881996034817465,26.5958421065801,-2.06744985547351
2020-06-02,-1.92836509630976,15.1764246678792,-19.3871082199497,-16.7582875186705,-0.895284916315814,25.9845347727492,-2.19191368938259
2020-06-03,-2.94049767576091,15.3790060461077,-19.1199275584902,-17.4017371902594,-0.717315598853194,26.3820076662539,-1.58153568899788
2020-06-04,-1.96578005353156,14.470736485236,-19.3980187636168,-15.3207489637315,-0.744152741662225,25.5450107941639,-2.58704675685782
2020-06-05,-0.670691936204456,13.3222504793216,-19.3422660710571,-14.7634969905671,-0.647223516020897,24.4839643710765,-2.38253633654859
2020-06-08,-0.471980001029191,12.6332561820122,-18.7880606475485,-14.4141656968712,-0.655523278787426,24.1898413774429,-2.49336793521873
2020-06-09,-0.391767938302973,12.0548786738694,-18.1963994601478,-13.926306413582,-0.680832154929591,23.3454718903158,-2.20504459722288
2020-06-10,-0.556707463784512,11.825404423877,-17.8570082546384,-13.3386405006359,-0.708108211714355,22.994730681194,-2.35967067429794
2020-06-11,-3.97738738056828,15.6332997438463,-25.9119481275775,-19.4309947080547,-1.00412422741011,34.2214831348602,0.469671564903983
2020-06-12,-3.93883499202515,14.9347820972126,-20.3509646260263,-21.2453561014825,-0.99330914834748,32.9266596900145,-1.33297691934569
2020-06-15,-4.01515220000239,14.3727058768617,-18.9332744185566,-20.379331902775,-0.946586579975368,31.1989139274791,-1.29727470303146
2020-06-16,-3.88019736745766,14.1565504752361,-18.9650829520224,-19.1721239159806,-0.83992578832141,30.3565128723272,-1.65573332378119
2020-06-17,-3.49672471880413,12.7891576549437,-15.5980346893162,-17.6428932580952,-0.805400562507167,26.7281112615357,-1.97421568775667
2020-06-18,-3.15539394212709,12.1604724162992,-14.5837432133694,-16.283252474588,-0.779454015656183,25.1401507911777,-2.49877956173629
2020-06-19,-2.65974332356174,11.8693913132378,-14.4777043993489,-15.8180812298108,-0.767152524440077,24.4834151231548,-2.63012495923113
2020-06-22,-2.74371162030436,12.2267678378851,-14.7069875399092,-15.3285651346711,-0.793710613630183,24.2600540900043,-2.91384701937456
2020-06-23,-2.19316723898321,12.3814758414838,-15.1157822360938,-14.8179552875228,-0.791793090761936,23.2401175483948,-2.70289553651685
2020-06-24,-2.38686763719919,12.6521339938536,-15.5837367531921,-15.177004026747,-0.804212187721556,23.3411379400191,-2.0414513290129
2020-06-25,-2.34181036960498,12.7926865427836,-15.7620601311958,-15.2026860518714,-0.813395823017477,23.5719133029362,-2.24464747003017
2020-06-26,-2.30391247442838,12.8415452003126,-16.0257472525465,-15.196186273737,-0.802412220170718,23.7135811263721,-2.22686810580211
2020-06-29,-2.23609429342505,12.4487633558013,-15.4506631607899,-15.1653805069146,-0.802723402983825,23.5639749889857,-2.35787698067358
2020-06-30,-2.02125992871043,12.2780902509546,-15.5046994588183,-15.2764297909874,-0.800317855624912,23.5328898727654,-2.208273089579
2020-07-01,-2.01602530720585,12.4701527866013,-15.4844585151828,-15.6051881697479,-0.762254220484709,23.5445433625306,-2.14676993651066
2020-07-02,-2.15294775064854,12.0072926342523,-14.0713097348533,-15.7499658710907,-0.74152565632361,22.854803337257,-2.14634695859312
2020-07-06,-2.09598538725318,11.8991051708888,-14.1168272995246,-15.7869409642836,-0.761356457230871,22.908040987736,-2.04603605033254
2020-07-07,-2.25489300197429,11.0765292340868,-13.945139602991,-15.3470055766079,-0.708524560693972,23.0510342703194,-1.87200076213902
2020-07-08,-2.01258343129689,9.77808939082466,-17.6964057183973,-7.26263643050917,-0.780854266301923,17.9694525333813,0.00493792229926981
2020-07-09,-2.27246028366754,9.8326954410792,-19.4007272198779,-5.66498712480469,-0.767078958483534,17.6240587067564,0.648499438998076
2020-07-10,-2.29078098879226,9.62092108222296,-19.4437796583075,-5.6819711112131,-0.747509362974336,17.8120953811261,0.731024657938129
2020-07-13,-2.26300376216006,9.75824539468515,-18.6852551984917,-6.63728972366862,-0.723490945528291,17.6712048647487,0.879589370414777
2020-07-14,-2.2861679016139,9.16929328454729,-19.0390653898519,-5.79808015964521,-0.736187977447132,17.3162242845291,1.3739838594817
2020-07-15,-2.29363083198899,8.71367054081836,-19.4168642119263,-5.2072966134106,-0.757096112314563,17.0633587820018,1.89785844682025
2020-07-16,-2.50315722732894,8.42964054277629,-18.9167857993257,-4.22917300127808,-0.754833817497436,16.3320996657356,1.64220963691833
2020-07-17,-2.35857502396493,7.78491182400326,-19.0091986266599,-4.39690276541233,-0.64467160687648,16.8104962261699,1.81393997274043
2020-07-20,-2.2529788082673,7.81508538219736,-19.228504546316,-4.74053105984382,-0.673000936282457,16.8147107254193,2.26521924309287
2020-07-21,-1.12560783628162,8.94469926319379,-19.5327965444077,-5.79264403160659,-0.791537923824297,15.131864734102,3.16602233882435
2020-07-22,-1.72382656562887,8.22399348222251,-13.9476383800049,-7.77892529120074,-0.722370333741527,14.4554552799937,1.49331180835978
2020-07-23,-1.40553172104324,7.95077990225717,-13.0857807815642,-8.39697734164949,-0.672305930888055,14.1907781578649,1.41903771502292
2020-07-24,-1.3963545339004,7.68137180114667,-12.6054524701978,-8.30269355224735,-0.670308389121832,14.2750689915266,1.01836815279409
2020-07-27,-1.48195846476618,11.010366552413,-16.6022886490805,-4.12775910760284,-0.750889198058018,11.3296302524641,0.622898614630429
2020-07-28,-0.549361156585128,6.35201357423099,-13.6326294226677,-3.18560599791071,-0.959336053046844,12.0280564884017,-0.0531374324222718
2020-07-29,-0.550364847195706,6.81363666843881,-12.312032391082,-5.06904438214591,-1.00299004663462,11.9388141152273,0.1819808833921
2020-07-30,-0.582993496142901,6.8947528902166,-12.5454498559369,-5.09130240284656,-0.939370273580364,12.1147971396714,0.149565998618726
2020-07-31,-0.665743802636857,6.52455855781487,-11.0721774814757,-3.96760925777748,-0.92736431179486,11.1647583448795,-1.05642204900955
2020-08-03,-0.754927082019325,6.5875472075325,-12.3696673077874,-1.37708508824954,-0.896163165523049,10.8895999169559,-2.07930448090912
2020-08-04,-0.104156095192396,4.77219839974313,-11.370161630113,-1.42514361586206,-0.830012156629778,10.1870104471342,-1.22973534908009
2020-08-05,0.953441301170539,6.74730253262395,-15.7788713671847,0.97989785565585,-1.0114443999613,8.19253005247034,-0.082855974774656
2020-08-06,-0.140649117445022,6.21716849713703,-11.8429028630022,-1.03401781813835,-0.969025193828426,7.66321036038287,0.10621613489413
2020-08-07,0.395586532468716,5.74870634968141,-11.013869353901,-1.19091686335099,-0.97360861351579,7.30801123752179,-0.273909288904125
2020-08-10,0.136279222935116,4.56624272976367,-10.9862888483274,-0.129813419816697,-0.989684229898877,7.4358949928536,-0.0326304475094616
2020-08-11,1.3596793982341,7.00241877062756,-11.0353820937827,-2.48979808452417,-1.27486377009952,9.00274551220592,-2.56479973266119
2020-08-12,1.38797235568509,7.32756494041718,-12.7743706045827,-2.98288781333624,-1.05918323317407,9.79637677957639,-1.69547242458567
2020-08-13,1.8142390863798,7.72338385690469,-14.1317956139845,-1.79642172601176,-1.05625304525609,9.21126156776602,-1.76441412579819
2020-08-14,1.34779242967071,7.44361838387328,-13.4802127265111,-1.27167091848587,-1.17438538944192,8.7320561035365,-1.59719788264163
2020-08-17,1.08507678732283,7.55132741783622,-12.3746688147022,-2.43370591822262,-0.933518657378372,8.55460024288156,-1.44911105773744
2020-08-18,1.30438549692548,7.00943806365377,-12.0960435708001,-2.54090815924613,-0.540944188946948,8.46956395684783,-1.60549159843391
2020-08-19,2.88922248588617,6.39018395472362,-12.5766847093012,-4.06830465195451,-0.550857911451323,8.41851327441325,-0.502072442315967
2020-08-20,1.9993055477546,5.99327845925376,-13.0271450306847,-0.539043485187674,-0.665326245704648,6.39298075584933,-0.154050001280662
2020-08-21,1.58598917795858,5.77881295522703,-9.96020114231611,-3.24892044795604,-0.61524668180684,6.26148344433461,0.198082694558764
2020-08-24,1.3178968277064,5.57958403404408,-9.25209248670478,-2.5997840888909,-0.621584495253232,6.10534877672441,-0.529368567625966
2020-08-25,1.52821349967862,6.11162114021897,-9.62910531837711,-1.8192483525392,-0.687112609326465,6.12382248480607,-1.62819084446089
2020-08-26,2.23781516029453,5.84273069602839,-7.9291355744667,-2.41412828588862,-0.730616362735493,4.81095450937394,-1.81762014260605
2020-08-27,2.06456102091227,6.18008993958577,-8.34870998569072,-2.5838366711587,-0.973002363585812,5.48626632781859,-1.82536826788139
2020-08-28,3.21239312593429,6.0987287644116,-9.62424211262438,-3.54887883479858,-1.07770408455787,5.99721469033354,-1.05751154869859
2020-08-31,4.33940847448589,4.24508301698993,-8.94982485816935,-2.90476710040722,-1.04990426598879,6.63414321983924,-2.31413848674969
2020-09-01,4.72582810456421,5.09117238053804,-9.29632961228249,-3.41221981558828,-1.25627560699246,5.93039607224819,-1.78257152248722
2020-09-02,5.53419180183099,7.95469094326315,-12.563810203319,-4.42006446064422,-1.0856914164215,6.28322244857058,-1.70253911327998
2020-09-03,3.26012680720227,15.2337716597625,-13.1473688179019,-8.46738256045813,-1.56954425561193,5.74958496823504,-1.05918780122785
2020-09-04,2.73045599608873,14.5052731439761,-12.2671639300335,-9.0839860685238,-1.1614334538668,6.52580175298827,-1.24894744062907
2020-09-08,2.30259195865175,14.4640240833139,-11.3323273052157,-9.3224968654806,-1.13697376731318,6.48814377624527,-1.46296188020149
2020-09-09,2.14091097858952,13.820205545924,-10.07563882988,-9.82995067687487,-1.12565839888643,7.23076739335227,-2.16063601222447
2020-09-10,2.4850929962766,14.1294747753311,-10.2170030277488,-9.7150629533562,-1.17143680866869,6.50903482171461,-2.02009980354863
2020-09-11,2.76409519561316,14.1333451390172,-9.94227433450251,-9.30157580627778,-1.20711417235775,5.62541084116442,-2.07188686265676
2020-09-14,2.11124197603407,14.0219273767027,-9.38672452417565,-9.30639642520008,-1.20234438240226,5.69169846593507,-1.92940248689387
2020-09-15,2.02926357431074,14.7362801863625,-9.90556372979437,-8.43973606427551,-1.21266728865913,4.71384937384621,-1.92142605179041
2020-09-16,1.95455717055586,13.8892761499178,-9.18689296494759,-8.62270163004326,-1.22559762568675,5.17342483708446,-1.98206593688053
2020-09-17,0.823457565641444,14.173008014115,-8.92436624873767,-8.35243250379974,-1.24771114331948,5.00247693936282,-1.47443262326233
2020-09-18,0.692046676331085,14.0173450545409,-8.78009915535168,-8.30553494964951,-1.21512111341986,5.03126207265469,-1.43989858510559
2020-09-21,0.409398359096741,13.2833687477443,-8.07205627894852,-8.5003586558134,-1.22781666370119,5.64353499790521,-1.53607050628314
2020-09-22,0.368376827468264,12.5561626480062,-8.07226069509314,-7.50905599206008,-1.24795342987618,5.96025479289811,-2.05552415134318
2020-09-23,0.190634631483626,14.3944343975552,-9.1452317537219,-8.74312392100375,-1.2488094509279,6.7588124475358,-2.20671635092106
2020-09-24,1.47875801866813,14.060635111987,-10.2145284786646,-8.37636297358871,-1.25782968520376,6.19330174650899,-1.88397373970709
2020-09-25,1.22434435679827,12.5458865385229,-9.07692191503199,-8.1986925152393,-1.29332838452081,6.37714388297487,-1.5784319635039
2020-09-28,1.37460030286707,12.138936357138,-8.57970140836601,-8.33828378082056,-1.26844590195401,6.15641761784502,-1.48352318670948
2020-09-29,2.76621602784347,11.5786855985849,-8.53480215148124,-8.02187468540221,-1.23388712081862,4.44073088884486,-0.995068557571152
2020-09-30,2.88898514413374,11.4085401794025,-9.2566904854523,-7.55354812244547,-1.24161699908047,4.73814242570564,-0.983812142263655
2020-10-01,3.56470393572504,9.46740614238664,-9.23132974195597,-6.9030747625188,-1.23138196897062,4.90544802488262,-0.571771629548905
2020-10-02,3.7448722588216,8.83699468264234,-10.4923714262867,-5.37162807337284,-1.25427260987889,5.01362095746483,-0.477215789390371
2020-10-05,3.05230381033265,8.98958459081155,-8.87229244800485,-6.01937311981698,-1.24249403599964,4.69533640686413,-0.603065204186862
2020-10-06,2.92259584922058,9.10410084848644,-9.24884941936336,-5.97818139772944,-1.23832634496513,5.09857049088306,-0.65991002653216
2020-10-07,1.27178981946594,8.87839988075482,-7.65568728698182,-6.32643786941004,-1.27179390751202,5.58023990438423,-0.47651054070111
2020-10-08,1.17252195202502,9.34137750881912,-7.43054777239867,-6.51123100713564,-1.29164303225068,5.30359185041004,-0.584069499469196
2020-10-09,2.49186996639095,9.24618435543023,-9.03710803747787,-6.6270385014844,-1.27466590471432,5.23284159669769,-0.0320834748422811
2020-10-12,3.70027518438889,10.0232272042604,-9.95716862277031,-6.89688273946532,-1.26903420796812,4.24747176263957,0.152111418914874
2020-10-13,4.70002043250044,6.89436436024142,-7.17969371914564,-10.1314224729835,-1.23939044429458,5.36445927788882,1.59166256579301
2020-10-14,5.46911036778317,6.47491209030768,-7.24631456458612,-9.26702977917046,-1.23318346129419,3.58786594274719,2.21463940421274
2020-10-15,6.13534482626151,6.71296478794733,-6.99865767530078,-8.7570202156786,-1.44525942863626,4.05889794471175,0.293729760695062
2020-10-16,6.14095438903129,6.52425870968143,-7.12673906817266,-8.36196543605237,-1.35126558906405,4.05441534592476,0.1203416486516
2020-10-19,5.83669095172119,6.42339743717476,-6.61538366766661,-8.09457863820421,-1.37940831054913,3.209683387094,0.619598840430008
2020-10-20,4.9540969514477,7.04661920665978,-6.53461039213187,-7.49017482869211,-1.31996831566407,2.10443804730079,1.23959933107977
2020-10-21,4.12528342816068,8.66652919442387,-7.13340657317218,-6.81218696639795,-1.34810780673855,0.921228254854602,1.58066046886953
2020-10-22,5.18056130354486,9.09744866404849,-7.23327041084299,-7.75166105558406,-1.27395961625468,-0.276908524507421,2.2577896395958
2020-10-23,4.77188266737395,7.66407417297437,-6.66572276993958,-7.16247393509196,-1.25655940871911,-0.335262766728354,2.98406204013068
2020-10-26,5.09414311793844,4.40541015390186,-7.19692658239208,-6.46044591681239,-1.43148433379015,2.64613505991007,2.94316850124426
2020-10-27,5.80252633585485,3.78485850347788,-6.5228777707231,-6.40558614889651,-1.61098946358161,2.31488818107133,2.63718036279716
2020-10-28,4.92512236062004,5.23155315191288,-5.10953497382882,-9.09014751799625,-2.03942535433001,4.64382017387809,1.43861215974406
2020-10-29,5.02106672513256,5.33369403032383,-4.90849057557304,-8.84970949948855,-2.10633143743892,6.09894694358193,-0.589176186537813
2020-10-30,5.83237916063814,4.78001211409072,-4.48616505625329,-8.07494637851333,-1.66756500411613,4.86588247483946,-1.24959731068557
2020-11-02,5.75272576058548,5.0151167936798,-3.4968907584631,-8.77283598443363,-1.40970755775005,4.18509620500908,-1.2735044586276
2020-11-03,6.1658025604783,5.28818557856977,-2.95717904514351,-9.62862632193379,-1.27396663535059,3.17472617163588,-0.768942308256065
2020-11-04,4.74603731324072,6.64809643882541,-4.3557625947719,-10.1052375143871,-1.4229705669174,3.19069936765577,1.29913755635453
2020-11-05,8.9573037639342,12.7347446231964,-8.71421080475763,-15.3188553376211,-1.73457538643151,0.885333869645457,3.19025927203414
2020-11-06,10.3246622685248,12.5371821443763,-7.81716185913391,-16.3622598356423,-1.73803573340679,-1.54383351271738,4.5994465279993
2020-11-09,11.0849596834688,10.7330665697714,-7.72220437473996,-15.7745683218047,-1.6871566378256,-0.909222887122874,4.27512596825284
2020-11-10,13.2678197050171,8.98672744700229,-8.61429859467112,-13.4424070302758,-1.81812570079129,-1.09849203174761,2.71877620546636
2020-11-11,9.80351573605495,10.6165000763035,-7.94043741279059,-10.8648251016912,-1.84553423515826,-2.06042226512285,2.29120320240436
2020-11-12,9.37585875370427,8.33408737920214,-7.26742682630067,-10.5926414394472,-1.85392029883822,-0.326414742349831,2.3304571740295
2020-11-13,10.1846550193471,7.32457441465022,-7.85020323244601,-10.0341674303677,-1.92515744798754,-0.385947263679357,2.68624594048321
2020-11-16,10.9272710099243,6.16372033575812,-8.17393688063992,-9.88098836520578,-2.00552653183826,-0.206834556911973,3.17629498891349
2020-11-17,7.46242983347887,6.66637316225379,-8.62772082892271,-8.01668709548434,-2.25919013361909,-0.171282968360511,4.946078030654
2020-11-18,7.96976215146292,5.62859153963799,-4.88632896273778,-11.1946278807883,-2.33097011868024,0.831442576766737,3.98213069433869
2020-11-19,7.71045154691596,5.45838412681457,-0.859814405464972,-10.8913924010272,-7.36088020182996,1.99036868733571,3.95288264725593
2020-11-20,8.98067600681047,6.12550751443997,-1.79349497515801,-9.99285119860861,-6.07392372763453,1.59416591020605,1.15992046994464
2020-11-23,8.62619389484701,5.90454486137421,-1.54641936044568,-9.81891031797877,-5.91433616938386,1.27339497018747,1.47553212139962
2020-11-24,0.731834880728513,8.219633775245,-0.595992110360156,-7.2135501344249,-6.18026669625321,1.23767988501398,3.80066040005077
2020-11-25,0.977487878788121,7.24085218022297,-0.478952761817947,-6.92203427108717,-6.38991956634244,1.77364912570645,3.79891741453002
2020-11-27,1.09095098954522,7.21002645252457,-0.84700137673382,-6.73069197917846,-6.02523855332281,1.73621769623015,3.56573677093514
2020-11-30,-0.232038592562965,8.65898218887696,-1.79773532513039,-5.06525819257101,-6.16623915699423,1.28520044983446,3.31708862854717
2020-12-01,-1.53423823728033,8.28962347749852,-0.220213380432455,-6.28976917483994,-6.46027355903124,2.07730425161586,4.1375666224696
2020-12-02,-1.58921921315807,8.15828157954472,-0.42749717280118,-6.40609456910019,-6.54575317250397,2.95185470299381,3.85842784502488
2020-12-03,-1.66862309154135,7.59148581385377,-1.01297827430899,-5.8563940462427,-6.07839747545017,3.26236039703046,3.76254667665897
2020-12-04,-1.22340144882459,7.17015182033716,-1.0375275688461,-7.06168753262942,-5.96015041391604,3.51902192620721,4.59359321767177
2020-12-07,-1.142874431039,7.00018504837312,-1.10741869449493,-7.27279902181017,-5.85208977314334,3.60744457992602,4.76755229218829
2020-12-08,-1.90530994311118,6.474644685583,-0.868899571162458,-7.19150166134005,-5.93822471007872,3.88428123508333,5.54500996502609
2020-12-09,-2.36253156869366,7.10023837115423,-1.11604393578014,-6.94693730439112,-5.92461206384773,3.96229820461588,5.28758829694254
2020-12-10,-1.93163545283119,6.96754657918916,-0.929408196834166,-6.33781449306782,-6.26641945513216,3.99765440920862,4.50007660946756
2020-12-11,-2.07684873601799,7.29775441921606,-0.355297343392081,-6.56274071336246,-6.31342047748882,3.44179406712789,4.56875878391739
2020-12-14,-2.07639749405196,6.59107850839344,-0.737157913292529,-6.11275141883594,-5.92410765293708,4.25807417756889,4.00126179315518
2020-12-15,-1.66043717378403,6.91788467731497,-1.43608640372211,-5.8827064406798,-6.19989649383329,3.89346209321178,4.36777974149248
2020-12-16,-1.17092912365586,7.90188668720863,-1.46346434181712,-5.85504388335471,-6.2774148348072,3.02428402392636,3.8406814724999
2020-12-17,-2.00730689809587,11.6658379294217,-1.76131316678632,-8.8552392165164,-6.19200050466838,1.98941323844956,5.16060861819572
2020-12-18,-0.341999983298837,9.91174631049169,-1.00666426904373,-8.61583517314963,-6.3386526958239,1.33886041264119,5.05254539818321
2020-12-21,-0.33115209627606,9.43664278182824,-0.497439611115858,-7.94678346471751,-7.52371223567886,0.82228624646666,6.04015837949339
2020-12-22,-0.450154995345475,7.76774343617123,-0.490180520553395,-7.58468673554183,-8.45955450505273,1.87946510231919,7.33736821800301
2020-12-23,0.0427925493029342,7.05707886237028,-1.43933185450875,-7.41801173079043,-7.4804735880063,2.62314746662517,6.61479829500708
2020-12-24,0.265210320974528,7.00951553519607,-0.224560178863477,-7.6108641500385,-7.76194251892355,1.11867714517468,7.20396384648024
2020-12-28,-0.0569695457932156,8.29367663225098,-0.244320434734295,-7.93998681728132,-7.90048760207995,1.16551011348053,6.68257765415728
2020-12-29,-0.5680834405158,8.83396631781442,-0.246583073889106,-7.42115899981591,-8.22806149012273,1.9053378206619,5.72458286586723
2020-12-30,-0.922405741905386,9.47669609977238,-0.641941458853689,-7.71145706176592,-8.39049560942329,1.51529721779396,6.67430655438195
2020-12-31,0.174973135271017,10.0186070194804,-0.246932235868301,-8.84754998935052,-8.69983009879868,1.5061638744688,6.09456829479724
2021-01-04,-0.85883535751109,12.0879298434542,-0.0666091828365474,-6.35218350409169,-11.3614757672104,1.62002107185417,4.93115289634145
2021-01-05,-2.41070060500798,12.9015260851671,-0.529939886224524,-7.16868067156146,-10.3965721293159,2.20842541861412,5.39594178832871
2021-01-06,-2.86852298527056,11.1182301943228,-0.585472569998719,-6.27187267750489,-10.0259662743683,2.21614720133722,6.41745711148243
2021-01-07,-2.37414028192238,11.0706962903259,0.590162793874574,-5.74015659977422,-9.87150493959892,4.57094028265546,1.75400245443956
2021-01-08,-0.454957894558571,9.74753615978637,-0.448859272133692,-5.67614787142408,-9.553095949222,4.66926030818842,1.71626451936355
2021-01-11,5.21735092296808,12.8735006001936,-1.39240569780627,-9.96078859930278,-10.9916238717442,-0.00422592611633377,4.25819257180794
2021-01-12,4.16656071596107,11.8079616543351,0.220845082650492,-9.42453856359578,-12.1334604210512,2.24224813448877,3.12038339721152
2021-01-13,4.42445596207439,11.0844910484096,-0.667340288082181,-8.26789395771516,-12.1062621426249,3.48937267004782,2.04317670789052
2021-01-14,4.29228830425157,10.1858873532221,-0.438509841584578,-7.76280275770534,-12.7486396070535,4.38452379048175,2.08725275838803
2021-01-15,5.60146877252685,11.4895649578873,0.351123210542143,-10.7195710335547,-13.5972383096047,2.92946974224587,3.94518265995711
2021-01-19,4.06457053094464,7.62578737757629,0.411080055457967,-4.05625977397448,-12.9099573553282,4.34653343922828,0.518245726095508
2021-01-20,3.81051976788978,7.56498384206678,-0.906088454627231,-2.56480772215941,-13.355662407267,5.32733350126359,0.123721472833456
2021-01-21,2.64119621384845,11.303367159384,-3.44669086694426,-4.80265565543131,-6.89187262307429,2.02374473213822,-0.827088959920847
2021-01-22,2.6241864228825,12.193157808338,-4.51188754471154,-5.62382772907825,-6.05096597513495,1.8752032034179,-0.505866185713703
2021-01-25,3.21257644293365,11.4241823262819,-3.8846973020664,-5.83699606300705,-6.38666137682989,1.5209380772926,-0.0493421046048041
2021-01-26,2.99358459538486,10.2935848618065,-3.9851072779293,-4.53186172978378,-6.38192025602977,1.28954372759345,0.322176078958066
2021-01-27,-1.47565752373939,12.4524199102821,-4.76629341789042,-7.91861007120589,-24.5881028460707,22.8125386520821,3.48370529654217
2021-01-28,-2.61331032280243,14.7281828972638,-5.64474295713614,-5.73137717214066,-46.5546993507779,39.1543736839878,6.66157322160549
2021-01-29,-2.98203123643932,14.6274423846367,-5.36416757040416,-6.8019589874743,-44.3322230458504,37.6688266868884,7.18411176864306
2021-02-01,-2.76949134766505,14.1610459269373,-4.98371155798542,-6.47011458909525,-35.3347975804078,29.8140859806253,5.58298316759102
2021-02-02,-3.73729243063397,12.1979034560663,-5.07982418359261,-1.5550951140598,-26.8783163928837,22.4865194788512,2.56610518625255
2021-02-03,-4.17615418195831,12.2530106965285,-5.67118232740046,-0.889415537670367,-26.628120755351,22.7887440796413,2.32311802621032
2021-02-04,-3.71022197890978,11.670330322257,-4.96604620801765,-1.82164874911462,-25.7415852311442,21.4726509429365,3.09652090199279
2021-02-05,-3.54001127945455,11.2556459455534,-5.27902064216083,-1.62227641651846,-26.1122675632966,20.6306324827355,4.66729747314155
2021-02-08,-3.87888852742439,10.5248158308519,-6.00880329459549,-2.10351191630626,-22.8515538780644,18.8998483740627,5.41809341147601
2021-02-09,-4.55174972728,12.691906448857,-6.66480693909044,-1.48475941294872,-24.0815996525486,18.3562583776352,5.73475090537563
2021-02-10,-4.63208265238406,12.9708841727954,-8.5290406529162,-1.89155852545074,-22.1312085320033,17.6813779900631,6.53162819989583
2021-02-11,-5.04604019904525,12.490456430933,-7.77048352223839,-1.04385089097739,-21.6251283079647,17.1794696972912,5.81557679200149
2021-02-12,-4.87002893981339,12.4657882381691,-7.71640268341316,-1.31484693516653,-20.9110264128152,16.6414579247841,5.70505880825513
2021-02-16,-4.77371915150492,12.0289347134791,-5.38371647937341,-3.86825391392688,-20.0392757877879,16.2376995966514,5.79833102246258
2021-02-17,-3.85720361682407,10.2686005594718,-5.55739263138533,-1.54087109347006,-20.2473389818229,16.6613821385878,4.2728236254428
2021-02-18,-3.56316906876524,9.29622119640608,-5.23106619132761,-2.54993701466402,-12.664476575076,9.65117114453454,5.06125650889219
2021-02-19,-3.8656185479414,10.256408996487,-3.66905056605047,-4.10152949290174,-12.9451820078981,9.36268571587375,4.96228590243101
2021-02-22,-3.88051279832097,10.483031227801,-3.84451515799517,-4.15517737175977,-12.9017868108297,9.92446606721311,4.37449484389145
2021-02-23,-4.37160933937147,12.4529256271568,-3.6015379007095,-6.14122474102207,-13.0283677644635,9.91657978328428,4.77323433512546
2021-02-24,-4.15090324026309,8.63544195874172,-3.63986917218848,-3.38919818772107,-12.4936665751493,9.87857279929871,5.15962241728148
2021-02-25,-2.91646290456693,9.21215117864309,-4.10067892845876,-5.07503794276602,-14.9495169866136,14.7407926360259,3.08875294773638
2021-02-26,-1.48914725407896,9.65130964536282,-4.62605984717391,-5.45170533636182,-17.2635258807924,16.8653970256449,2.31373164739936
2021-03-01,-1.58980029856032,8.90372943170755,-4.86819176546369,-4.59672051375022,-16.8106610721611,17.2929402881715,1.66870393005633
2021-03-02,-2.35726196123439,8.99294228641921,-3.45533642825762,-4.62580637882019,-16.3042939431702,16.9998824706358,0.749873954427365
2021-03-03,-1.88736989584448,8.28969796552204,-3.38875735541283,-4.76999249662895,-17.194865566323,18.6309165400037,0.320370808683457
2021-03-04,-1.98136146127317,8.25039720647284,-3.25596592619655,-5.29879119775833,-19.6465492617899,19.9401363100064,1.99213433053865
2021-03-05,-1.89141429094362,7.87638781827754,-3.22834932292676,-5.77781176307879,-18.0741034622999,19.6785394914324,1.41675152953912
2021-03-08,-1.84748031467999,7.645254064753,-3.2776996882805,-5.34386090642671,-18.5996831214491,20.0810253847817,1.34244458130159
2021-03-09,-1.9313212010565,9.73621159632106,-4.23264399559478,-6.56323166345028,-18.4716592938151,19.5336564053385,1.92898815225709
2021-03-10,-2.70937054641428,9.49683363271701,-1.70811137542152,-6.63455504365689,-18.7351057840404,18.8246860728373,1.46562304397878
2021-03-11,-2.87830675077238,9.58813176736264,-1.83524950787043,-6.86662259082208,-18.5205937599822,18.6299723475314,1.88266849455308
2021-03-12,-2.68187166722436,9.20283649087541,-2.00985747877485,-6.17998865452627,-18.4664671501897,18.4390000912582,1.69634836858151
2021-03-15,-2.60516013663217,9.35085904766027,-2.02769317833017,-6.0742325173069,-18.1483930857558,17.8933852194988,1.61123465086601
2021-03-16,-2.52143646747542,8.00254306933157,-1.99336181863007,-4.56899706758846,-18.4603107322663,18.0608982537488,1.48066476287992
2021-03-17,-2.95783722518176,8.03840053817337,-2.54493082563822,-4.67077246396805,-19.3416727852899,19.5949983977244,1.88181436418019
2021-03-18,-3.27474051891969,7.62996974100024,-2.78423522930336,-4.66250252325836,-18.7644817038315,20.5334849311127,1.32250530319994
2021-03-19,-3.0894713610821,6.879098352097,-2.32078332568966,-3.83627813128421,-18.9964791646097,20.3933279120342,0.970585718534522
2021-03-22,-2.97949537958227,6.07245498647646,-2.54879426889267,-2.79465364048811,-19.1838316284891,20.3787616255636,1.0555583054121
2021-03-23,-3.07173390437048,8.18065333931241,-2.7250731824772,-3.23420536003431,-20.03129987733,19.7897132240673,1.09194576083226
2021-03-24,-2.71052170094651,7.68593750165858,-2.2127054552665,-4.48640428155396,-19.9726875176999,20.1581875417419,1.5381939120664
2021-03-25,-2.82405853838907,5.56068580338368,-2.92363896283485,-1.14306772513252,-20.8210876723108,20.3543138750179,1.79685322026566
2021-03-26,-3.23649141104204,5.50606649321497,-3.18261775946453,-0.542896098534786,-20.7835621775932,20.5268873298142,1.71261362360542
2021-03-29,-3.40633229489529,5.5594550667421,-2.85285823909319,-1.27648464903379,-20.4788459269595,20.9420712546317,1.51299478860798
2021-03-30,-3.19035318642064,4.67751416565093,-2.78201475717589,0.0558665882398088,-20.3900600589552,19.9028715034708,1.72617574519018
2021-03-31,-1.71203576531574,3.82212312770084,-3.13692533433294,2.33298910224774,-11.913860146946,9.62715142145947,0.980557595186596
2021-04-01,-1.45847492849857,3.27119606164311,-2.37948513547682,-0.398748947271081,-7.99392284397636,7.95699667178155,1.00243912179818
2021-04-05,-1.28736804256926,2.47545131587912,-2.81036279233928,0.291864541795059,-7.58320303333327,8.31624355805366,0.597374452513975
2021-04-06,-1.20176954849929,2.31894195504292,-1.70352618183131,-0.0760290577313665,-7.96763544688171,8.07327899020858,0.556739289692175
2021-04-07,-1.42096202347489,1.61052972580967,-2.06227211725009,1.0690200497285,-8.04570044835808,7.7482127981286,1.10117201541629
2021-04-08,-1.24815549840762,0.117248257134701,-2.01878411903248,1.70786917666086,-7.77953776726693,7.74075930011862,1.48060065079285
2021-04-09,-1.05159887888416,0.262139093471063,-0.45045714024379,1.78194886888847,-8.32094125831281,6.21714056840561,1.56176874667561
2021-04-12,-1.01469524664866,0.245010995869798,-0.624414321373511,2.35688133244347,-8.64746004560783,6.23950000731756,1.44517727799918
2021-04-13,-1.20841298777506,0.685175680363646,-0.738261898338809,2.35579706717047,-8.7999405747354,5.85902281911297,1.84661989420219
2021-04-14,-1.03384662094595,0.764298308656208,-0.797888793248733,2.4397885769506,-8.59511144235026,5.77998602697442,1.44277394396372
2021-04-15,-0.881627063644469,0.545093410081915,-0.769316354558212,2.64593735206864,-8.34614108674493,5.76867090058196,1.03738284221511
2021-04-16,-0.896226979234772,1.77318935530043,-1.34682751026738,2.99927337932401,-8.6935081225627,5.55157698280676,0.612522894633649
2021-04-19,-0.985680141309846,2.3946063593536,-1.42599463693761,2.48235780338256,-8.03422306127143,5.70198548733834,-0.1330518105556
2021-04-20,-1.33404655191821,1.28263490155459,-1.56381966777993,4.33671187720718,-8.19907287819874,5.61229312064154,-0.134700801506419
2021-04-21,-0.590956857169896,-1.63107553561918,-1.50591411296172,8.4380812901849,-8.74280316874162,4.60231910571588,-0.569650721408376
2021-04-22,-0.506681247738527,1.0559517038928,-1.50958677935391,7.64957315601074,-10.0878989492331,4.14209115034802,-0.743449033926041
2021-04-23,-0.583091415278666,0.71605772635332,-1.85800006275924,6.26938510240442,-9.27711244157967,5.86506738532204,-1.1323062944622
2021-04-26,-0.977626963217478,0.667419615837538,-1.63203825142369,5.2105464518279,-7.84973793702827,5.7803621582658,-1.19892507426179
2021-04-27,-0.883075596992409,1.45383864452576,-2.00626405987451,4.92880559028073,-7.68770816434789,6.14779477105099,-1.95339118464268
2021-04-28,-0.695297950678871,1.65477910582246,-1.89171067368878,4.85877963596383,-7.59785105076836,6.21073594756441,-2.53943501421469
2021-04-29,-0.598823358900475,2.34429337664572,-1.11006992382029,3.72915004242946,-6.3908742338587,4.74749505521977,-2.72117095771548
2021-04-30,-1.10430478181536,2.54694859651809,-1.3502572971083,4.22499004043628,-5.52480710433043,3.71867793702201,-2.51124739072228
2021-05-03,-0.601588848125701,2.15698901958335,-1.47425435608172,4.17405596128763,-4.94657654882654,3.84134622534275,-3.14997145317977
2021-05-04,-0.223420642387094,3.04353286117739,-1.75330633570948,1.41669616326945,-4.13161542005485,4.33480057614236,-2.68668720243778
2021-05-05,0.451655046951402,2.77000548287885,-1.96272245618782,1.978503043216,-4.37665162930285,3.93395377519593,-2.79474326275151
2021-05-06,-0.233651080315603,3.58275461713509,-2.48580429997273,2.70409830347797,-4.30257422109069,3.59552287174002,-2.86034619097405
2021-05-07,0.390974534531228,2.89786348352443,-2.66839071396625,3.15484132822374,-4.50530824233408,2.92563133223843,-2.1956117222175
2021-05-10,0.0208774234470397,2.49837293932162,-1.25394652611024,2.32852034972339,-4.91786302025372,4.25198431560661,-2.92794548173469
2021-05-11,-0.591893273541451,2.63221338560592,-1.41274019799259,1.59559824036195,-4.90643006811181,6.24193848922311,-3.55868657554512
2021-05-12,-5.26800345558302,5.02956596665024,-3.61867854052718,2.80323875856715,-7.66921167437978,14.2972592565291,-5.57417031125654
2021-05-13,-4.41246589564521,2.50263022607033,-3.801210213796,1.44207373251658,-8.55720892388576,17.6127710484942,-4.7865899737541
2021-05-14,-4.023979323765,1.89004874948753,-4.04619429789782,1.10363133530443,-8.348479263257,17.3116917443975,-3.88671894426966
2021-05-17,-4.16640687820312,1.55859220844423,-3.94617463192227,1.37483103047007,-8.42378699293712,17.5659693777414,-3.96302411359321
2021-05-18,-3.8299502025727,2.53594720282013,-3.55574831816073,2.39247936330999,-9.70437664749353,16.9871832213114,-4.82553461921454
2021-05-19,-4.23634313338312,4.84638992142511,-4.24470430798204,2.79059849530762,-11.3562501730602,16.4684395869677,-4.26813038927508
2021-05-20,-4.52352205738818,2.86075605139439,-5.84750929860512,7.69563370976225,-12.4858189183377,14.568455619231,-2.26799510605665
2021-05-21,-4.23690704186318,4.25556804868417,-6.31509995123971,6.55210521205157,-13.2849755503247,13.3263851162797,-0.297075833587925
2021-05-24,-4.49405236467714,4.21630524263268,-6.3859325232957,6.62228872275762,-13.5740649687328,13.6059231770314,0.00953271428399205
2021-05-25,-4.27392260208111,4.08249399628958,-6.0790264726879,5.54036294044354,-12.9965514939275,13.3748629829786,0.351780648984743
2021-05-26,-3.20887826706645,5.3508499542637,-5.88375388042511,3.7064287423799,-12.124295949642,13.0459060278356,-0.886256627345666
2021-05-27,-3.08869079574813,5.64101505357237,-5.69090730841826,4.02763409243219,-12.4134360332576,12.7057610504848,-1.18137605906538
2021-05-28,-2.75666801617352,6.41101837683935,-5.52847158199312,1.58719189636862,-9.18841630652958,10.9458103251678,-1.47046469367959
2021-06-01,-2.67541242475564,5.74872006780113,-3.25225502818604,1.22781607727046,-8.50746648121753,9.41140137997483,-1.95280359088721
2021-06-02,-2.67480405762587,5.40554853516559,-3.1940122004157,1.66867440607446,-8.71503533672285,9.27450150105295,-1.76487284752859
2021-06-03,-2.16885433010992,4.17778185955539,-2.87826331891739,2.43654524741532,-9.00272682388531,8.59799441657016,-1.16247705062825
2021-06-04,-2.06386711729427,4.61348620921364,-2.75155283646026,3.6167132270501,-9.35125173693497,9.21522435380701,-3.27875209938126
2021-06-07,-1.53989260496901,3.36144025405819,-2.55014736718432,3.50660207026442,-9.09974644931279,9.09955285241804,-2.77780875527453
2021-06-08,-1.74913001315493,3.67949989383536,-2.89485493400736,3.31880101878373,-9.13681434561406,9.12979969934714,-2.34730131918988
2021-06-09,-1.94142053256088,3.90632306138676,-0.624962560174651,5.00236552341816,-10.851738551879,7.38497145295154,-2.87553839314196
2021-06-10,-1.94989492879652,5.37056157862948,-1.19874837368914,2.99178953479144,-10.9733745209961,8.18156843802777,-2.4219017279669
2021-06-11,-1.54068209625431,4.94305351559654,-0.499997882665694,2.76351351241572,-11.7366574473869,7.15239794318577,-1.08162754489112
2021-06-14,-1.51059715566764,4.54963414070339,-0.221147673083546,2.23412720391498,-11.0218320373263,7.12098572548641,-1.15117020402734
2021-06-15,-0.839217727212429,4.78004662009901,-0.61137239675941,2.62700776320082,-11.2786842235565,6.76757723642629,-1.44535727219775
2021-06-16,-1.25033201323859,5.12324286179389,-0.704964917904907,1.99035999564576,-11.2283800883392,8.02750306043438,-1.95742889839135
2021-06-17,11.8911326963799,3.1974772328608,-5.64350685943829,-6.00056946275403,-2.41527260019463,4.6790511619262,-5.70831216877999
2021-06-18,14.0194062206086,2.73262997975773,-5.56846797180652,-5.83391862267476,-1.5699556097632,1.33682814992854,-5.11652214605036
2021-06-21,13.4698968497339,2.55098289996746,-5.38781540670782,-5.73672821694989,-1.53863066111901,1.97558262910792,-5.33328809403255
2021-06-22,12.6242303369766,3.16833605487818,-4.68798925771515,-5.73342391195246,-1.34914770837703,2.13238127516438,-6.15438678897456
2021-06-23,12.3203321123549,2.14962410901525,-2.72908396065364,-5.06264765784348,-1.53403228940271,1.66782288828617,-6.81201520175646
2021-06-24,12.4938324951576,1.77561528205334,-3.10377212361493,-4.65937819361406,-1.80363946773574,1.89258081086858,-6.59523880311485
2021-06-25,12.2216353127404,2.36459490577842,-2.92950279293642,-4.63802036637765,-1.73966984646216,1.37082806030059,-6.64986527304315
2021-06-28,12.1732088686516,2.14516390764049,-2.87180278446538,-4.23646411534136,-1.70458787897505,1.20936774458702,-6.71488574209731
2021-06-29,12.1678510648694,2.15809520938227,-2.80673425570372,-4.00086677313347,-1.94594143883974,1.00084499764532,-6.57324880422009
2021-06-30,12.8573912293285,1.69900361872193,-2.24457120898491,-2.81064738670257,-2.88723115442738,-1.05228062590703,-5.56166447202858
2021-07-01,10.9300433920011,1.96882092494131,-2.21548699579974,-2.73125113587413,-2.87431265132998,-0.454500285816998,-4.62331324812158
2021-07-02,10.61762346635,1.33842159647193,-2.30938386295246,-1.95857550383618,-2.8344183369009,-0.50004697392894,-4.35362038520343
2021-07-06,10.4322776652878,0.676913095585245,-2.74059047073918,-0.779029514293256,-3.15297869660995,-1.22035120530157,-3.21624087392914
2021-07-07,10.6544285852485,0.838248807343383,-3.02136638159511,-1.31598636633597,-2.996069729758,-1.27945149111681,-2.87980342378598
2021-07-08,10.282666374548,0.662453892050205,-2.34201155811871,-1.63650123826411,-3.79021489194816,-1.06582743575815,-2.11056514250909
2021-07-09,10.3253718196111,0.557069067900606,-3.03967967259674,-1.07101924140134,-4.11380418732391,0.501887468280492,-3.15982525447019
2021-07-12,10.6136003185823,0.605798569363877,-3.26205421116844,-1.00482707389271,-4.05034280733191,0.135552120770598,-3.03772691632368
2021-07-13,8.51223081763883,0.0161032636668459,-3.73326531884164,0.541270530423311,-4.1107201301497,0.425416072641037,-1.65103523537868
2021-07-14,9.2218894124568,-0.576149405577393,-3.88318457461536,0.785495193647929,-4.34883522716881,0.693942682337779,-1.89315808108095
2021-07-15,8.49722674175906,-0.689760542187063,-3.76000675287635,1.01794543585181,-4.47371372639998,0.836007807043135,-1.42769896319063
2021-07-16,8.21393311037835,-0.44997228994167,-3.20958181126976,0.42787067718583,-4.65763104230349,0.820822638512261,-1.14544128256151
2021-07-19,10.2041147377792,-0.0866152605002917,-2.81075065142344,-0.484709774850725,-5.05601258240407,-0.651343603493167,-1.11468286510754
2021-07-20,9.38840507282689,0.794845725647924,-2.97853648551915,0.2782640469405,-5.18005181155959,-1.17613457766381,-1.12679197067276
2021-07-21,8.35474575460654,0.534948162924138,-2.39962586186792,0.206083090252491,-4.70590550758675,-1.0402830222049,-0.949962616123603
2021-07-22,8.20052830718859,0.503280950479372,-2.32516059028922,0.340710859785872,-4.73904323746916,-0.671404628160211,-1.30891166153524
2021-07-23,8.28143781153184,0.362838053200072,-2.1918005587715,0.210153381568993,-4.75870796686054,-0.691108765096292,-1.21281195557257
2021-07-26,8.11326748323818,0.559672857872453,-1.35363553608016,-0.0324483385766143,-4.72632461778467,-0.935239812171826,-1.62529203649737
2021-07-27,7.17908681837617,2.13022128241061,-1.61187798484112,2.49645718040272,-5.08136074438672,-3.89585850592383,-1.21666804603783
2021-07-28,7.07656465918976,2.21192540428698,-1.35009819132629,0.0800424655937135,-5.03851134919504,-1.80501529296177,-1.17490769558735
2021-07-29,8.28293546071453,0.688334903926922,-1.70867964768152,-0.297974339325272,-6.00090856946786,-1.34789766410292,0.384189855936121
2021-07-30,2.6076381715378,1.29549926087664,-1.79488103069137,2.45248440821716,-4.27953694817296,-0.520283814756864,0.239079952989599
2021-08-02,3.14240806255648,2.83484977186391,-1.38966671082905,-0.571325410764494,-2.6186912804741,-0.860297661427547,-0.537276770925196
2021-08-03,2.0002840969555,3.04630765781576,-1.06853541767253,-1.6370515998088,-2.92000582994691,0.544521544326642,0.034479548330328
2021-08-04,2.33599121412069,3.31489969134844,-1.77697688090892,-1.7319228306963,-2.61059071332961,0.74850696380974,-0.279907444344047
2021-08-05,2.07646264577699,3.78902986117789,-1.14515714330651,-2.46381136707894,-2.5185740255278,1.03962259990507,-0.777572570946695
2021-08-06,0.490501617469729,3.23789388017727,-1.05879046492511,-1.993672338421,-2.3924581066231,1.54533372061417,0.171191691708039
2021-08-09,2.67508046347546,4.07284126135266,-1.52019715523198,-2.4146480434927,-2.58320256624296,1.15380712848527,-1.38368108834575
2021-08-10,2.19039333003666,4.9745312243898,-2.54693901400253,-2.78859944327073,-2.45651387138523,1.77260582244737,-1.14547804821533
2021-08-11,2.89431544323011,4.34323909085441,-3.32797772712637,-2.33551132854885,-2.49114053381363,1.12784561282688,-0.210770557422535
2021-08-12,2.76448595309976,3.52857680770368,-3.00050742757065,-0.115374585439611,-2.04266642197734,-0.0395943845003695,-1.09491994131547
2021-08-13,0.886928700093698,3.15606659756108,-1.65558398244892,-2.59352374098911,-2.01390305771521,0.167965236376353,2.0520502471221
2021-08-16,1.21513930392927,3.0079073842821,-1.68692757613833,-3.12594874547787,-2.17695430203259,0.647126292895799,2.11965764254163
2021-08-17,-0.957479792469144,2.6004415454276,-2.47984826969051,-2.68867693825528,-2.48283303533352,2.33564180091114,3.67275468940971
2021-08-18,-0.876301675294314,2.01067537104163,-3.89530258401241,-2.7175888706064,-2.83798242282309,4.0949287386075,4.22157144308709
2021-08-19,-0.843661777229286,2.50339527677645,-3.99791798158154,-1.09674047503884,-2.79616718693776,4.72652721499317,1.50456492901781
2021-08-20,-1.01273362030096,3.3816987145297,-3.83282214196828,-1.54559935371549,-3.1076659064247,3.96948640620261,2.14763590167713
2021-08-23,-0.865829544292829,3.55184428586041,-4.1188843165602,-1.41673617597824,-3.26105171564375,4.22598618641426,1.88467128020036
2021-08-24,-0.815052122646271,1.95809035731311,-3.23614371077286,0.417442687376997,-3.5986547493153,3.70705297811183,1.56726455993249
2021-08-25,-0.926920050542432,1.43913983598542,-3.03112576819171,1.73053828188511,-4.19465641310635,3.8053812346976,1.17764287927237
2021-08-26,-0.610193368349606,1.87542540774728,-2.85097175151396,0.169267617059887,-4.20031108103331,4.98080973507999,0.635973441009718
2021-08-27,0.21089508543912,1.72873327389348,-3.85239533538345,-1.08197134215598,-3.50754366069169,4.83153633454159,1.67074564435694
2021-08-30,1.23109595068976,1.58506065783456,-4.11062717633924,-1.3796612853392,-3.5448601637586,4.1044807305314,2.1145112863813
2021-08-31,1.2715522662774,0.892881874501713,-4.18856739845056,-0.898445737178704,-3.39160248365436,4.08834937195117,2.22583210655334
2021-09-01,0.576066896613128,0.589540382705053,-5.35928546946682,1.44831201875738,-3.7284126497413,2.7684410864223,3.70533773471025
2021-09-02,0.966987743290623,0.22483561267641,-5.71757853706098,0.666438965123369,-3.55482275814427,4.8679849076927,2.54615406642215
2021-09-03,2.14712537855509,0.551223160197388,-6.03805795900507,1.29650922057656,-3.45843166046691,2.28508302573455,3.2165488344084
2021-09-07,2.29455651853561,1.88040691684412,-5.31997747025903,-0.592870156052983,-3.55875385346017,3.70536740562334,1.59127063876913
2021-09-08,2.11855768965238,2.2149142997371,-5.75453561964822,-0.584446674657439,-3.55991526144783,3.60585867136938,1.95956689499464
2021-09-09,1.97858822089446,1.59046360510763,-4.61975277914193,-0.304892248568546,-4.29177889747078,3.0973731513614,2.54999894781778
2021-09-10,1.61202518594074,2.03375911466364,-5.01859165745611,-0.881835783529329,-4.09062110157905,3.99569148752349,2.34957275443662
2021-09-13,1.32440909444487,1.5755275611641,-4.79973082022788,-0.170436738578768,-4.08653193016288,3.98502301969437,2.17173981366617
2021-09-14,1.4258591809018,1.85316822448835,-4.43060608897554,-0.525252294659188,-4.08220081025812,3.6947314886255,2.0643002998772
2021-09-15,1.53177786308913,1.7470934784225,-4.53286686545133,-0.763861132801962,-4.07282688967909,4.50344535249258,1.58723819392817
2021-09-16,2.00280046391668,1.57747739742527,-4.90734628785507,-0.870513808306626,-4.0485098670144,4.07923929360823,2.16685280822593
2021-09-17,2.40829654399852,1.38204185541201,-3.99200759481407,-0.215749183379508,-4.15118529572422,3.25983156022284,1.30877211428444
2021-09-20,1.56551453455907,1.00198143232109,-3.13805495514186,0.2657063729224,-4.19376179230117,1.48485510646178,3.01375930117869
2021-09-21,3.24404921344757,2.75676460334758,-3.8936652623365,-0.279239943297563,-4.18967096156026,1.00873007531454,1.35303227508462
2021-09-22,3.91715941749192,2.72603599174037,-3.78670983129509,-0.396853645503114,-4.06599295851168,2.42684371740871,-0.820482691331108
2021-09-23,2.17149718778553,4.03803701008305,-3.69796221038052,-0.879492504679668,-4.03484623615858,4.14998787261765,-1.74722111926745
2021-09-24,2.06784324319943,4.07941860276214,-3.65953939150267,-0.223409570831903,-4.0065066711984,3.80090937237244,-2.05871558480103
2021-09-27,1.76907446593418,4.06565312400551,-3.42770141341582,0.399058191805421,-4.05814532470614,3.70447710832099,-2.45241615194414
2021-09-28,0.982837941325311,4.09342646493978,-4.04534505096063,-0.491008647100646,-4.05096471221598,3.43103745724392,0.0800165467682419
2021-09-29,0.730920266351522,4.01837565071063,-4.67113659156011,-0.994938082656141,-4.3933543194999,4.16786736565003,1.14226571100397
2021-09-30,3.57768623517279,5.1058300335042,-5.19523579500656,-2.04873964522762,-3.82830606030386,3.39700532603082,-1.00824009416977
2021-10-01,4.19649320157211,4.10709015287666,-5.02782934186506,-2.70287716821917,-4.32527758553864,5.00513470658376,-1.25273396540966
2021-10-04,4.0520902343961,4.10406106472858,-4.92287082597635,-2.5624845884166,-4.54419873862941,5.36447385593853,-1.49107100204084
2021-10-05,4.24095835753866,4.56967514086305,-5.0576395321099,-1.98259782749206,-4.71892061667544,5.85658475435264,-2.90806027647695
2021-10-06,4.09799639378143,2.82632455947873,-7.08093508451154,0.710932918536182,-4.65941254628336,6.37497905731701,-2.26988529831844
2021-10-07,3.99395199190163,2.98246497015381,-6.26164618535024,0.60094692878782,-4.66853443278044,6.42381277792274,-3.07099605063533
2021-10-08,4.10833302507423,2.96451825191764,-6.9903586777902,0.999358900961239,-4.57671390421005,6.53243579353196,-3.03757338948481
2021-10-11,3.83513453526532,3.02187780618591,-5.5603456638033,0.336077795011137,-4.84727091482029,6.04748260025678,-2.83295615809555
2021-10-12,3.93076052270842,2.89296480324307,-4.36423066280568,-0.0222904305849561,-4.87758662251812,5.7300161882334,-3.28963379827613
2021-10-13,4.98775340227025,2.42688358600794,-6.07419897708154,-0.861023423660921,-5.08484119901094,4.92325939188164,-0.317832780406427
2021-10-14,5.58099876563931,2.59294929627968,-7.81725596203702,-0.304233640525982,-5.13100658860783,4.64505776065573,0.433490368596104
2021-10-15,4.04186636438254,2.8760191539544,-6.68217536787885,-0.377213492542555,-4.7295858928985,4.64077642829682,0.23031280668615
2021-10-18,3.77465416676474,3.07578312363667,-6.45136136748085,0.093993661860921,-4.67566567992615,5.06713248449958,-0.884536389354906
2021-10-19,2.68429154172656,3.4281906171808,-7.11892407980286,-0.586106226717664,-4.73753727440114,4.73881749045266,1.59126793156165
2021-10-20,2.97293086661931,3.99276001935005,-7.037406089813,-0.930110397967375,-4.77065661690959,3.69700376548079,2.07547845323981
2021-10-21,2.44177327220353,4.49780729611189,-7.84578462329581,0.0442652110927639,-4.8721553925999,2.96853395668866,2.76556027979886
2021-10-22,3.21074483317671,2.50502548006187,-9.65754010236026,1.38890670589835,-5.05485339950709,2.91675891464654,4.6909575680839
2021-10-25,3.67401878265909,2.27129499700363,-10.1083175095549,1.29927982259912,-5.10234884063045,2.52161705747236,5.44445569045117
2021-10-26,3.55216479422591,2.13971946355187,-10.702854881676,1.75385804458971,-5.20001911063269,2.1529722807782,6.30415940916297
2021-10-27,2.34975620143247,2.48568646037796,-7.56824720720187,1.11032089140551,-5.48172484430151,1.54548471482415,5.55872378346329
2021-10-28,1.57219206233377,1.21874025046126,-9.19318765751628,1.41031474625024,-5.97468474475138,2.01924867735254,8.94737666586985
2021-10-29,1.49335505096029,1.92876137588857,-10.8741233483874,3.16473381891348,-5.84605165997554,2.22360745820609,7.90971730439449
2021-11-01,1.8055232737776,2.17150549267533,-8.42118044739787,2.9301036256426,-5.50755909830055,2.57625901638328,4.44534813721963
2021-11-02,1.2717293007291,2.09008821109476,-7.63693441946868,3.4579941177693,-5.62387437387061,3.24668057909544,3.19431658465068
2021-11-03,-0.151788211031121,2.00925089970728,-6.07312978270348,4.33795214852429,-6.45167722879641,4.77951184157833,1.54988033272111
2021-11-04,1.58206817929356,1.46613649340693,-5.4316280907451,4.86851714982021,-5.92525130152766,4.0961999421502,-0.656042372398137
2021-11-05,2.50168551721296,2.05932347827953,-6.4580338932506,4.90200723220844,-5.87826354735605,4.26071406805311,-1.3874328551474
2021-11-08,3.4263394304084,1.95992364973121,-8.29958448493109,7.76751152860287,-6.37207885043073,3.60181917653288,-2.08393044991353
2021-11-09,3.37948686791541,1.35917496485309,-7.10500782571548,6.72690175221489,-6.32263281604941,4.13005648686782,-2.16797943008633
2021-11-10,1.74808343181577,1.7700717956162,-7.15428102955117,7.68157021138502,-6.37798548532348,3.59421162592141,-1.26167054986374
2021-11-11,2.3501027084517,0.263805631882548,-7.40020945340803,9.28151235187467,-5.70423035786939,4.60556978507822,-3.39655066600972
2021-11-12,3.00655461700745,-0.221839655044253,-8.07581786273872,10.9776491122522,-5.77101528012213,4.14087778622091,-4.05640871757545
2021-11-15,2.94652351895252,-0.329064963502315,-8.09301185015459,11.1510101516498,-5.76897663085089,3.98081796738907,-3.88729819348357
2021-11-16,2.71789183127411,-0.295575225485894,-8.00959137962406,10.423972788369,-5.64745890118354,4.12025300846122,-3.30949212181079
2021-11-17,2.50953475546249,0.520989315332532,-8.31286320892075,10.047000699869,-5.41775577582793,3.6377838559238,-2.98468964183911
2021-11-18,2.68521245974889,0.896040606614271,-8.15911383744453,9.93904445781321,-5.52156047641941,3.54947632342488,-3.38909953373731
2021-11-19,2.01255167529074,0.94022582356313,-6.58289101237689,9.81640316360579,-5.63002336667757,3.36556375303949,-3.92183003644468
2021-11-22,1.87809233712067,0.587765360616599,-6.1274168865664,9.72057360699837,-5.74686825368234,3.64909633346526,-3.96124249795216
2021-11-23,1.63262951554392,0.460076342928463,-2.28045448553667,9.1090427301103,-6.55125149964466,2.87757512260872,-5.24761772601007
2021-11-24,2.56301717679105,0.423051647047895,1.89601651843084,7.06927837652211,-6.73903030398111,0.339389757651984,-5.55172317246278
2021-11-26,2.31415780824354,1.93905882223597,-0.965994368422335,4.79188968848669,-7.82437348508576,5.07034864626026,-5.32508711171836
2021-11-29,2.45572820749802,1.88410045738722,-0.569181622271119,4.82187287642929,-7.71131775583307,5.29297979221986,-6.17418195543021
2021-11-30,2.6982681153246,0.481133737645109,-3.03361269410399,4.85301471913418,-6.63112182589296,7.76137935018925,-6.12906140229618
2021-12-01,1.15051177974733,-0.822334230069288,2.03993892910576,7.613961154589,-8.16248565684547,5.14740450433227,-6.9669964808596
2021-12-02,-0.27261586928722,0.385765767502377,1.63724351788721,8.20096567807505,-6.87142421903505,4.56839215867767,-7.64832703382004
2021-12-03,0.918074313624055,0.68450632705332,-0.261488623221769,7.44057380941793,-6.8684216476166,4.18926386240532,-6.10250804166225
2021-12-06,2.45441237382917,1.34566003897543,-1.67752035464174,8.00780198143912,-7.10483372513287,2.82520116645773,-5.85072148092683
2021-12-07,2.44595860174508,0.115054189387079,-2.0440161788688,9.44941746283438,-7.07674805822386,2.84323670031745,-5.73290271719133
2021-12-08,2.47613422559119,-0.00533186902832661,-2.87130083711721,10.0687070682625,-7.1530957849578,2.71564628122894,-5.23075908397929
2021-12-09,2.52841871247105,0.0513186589050925,-4.79336719883961,12.2387418350196,-6.77820515124444,2.14140905211232,-5.38831590842397
2021-12-10,2.32808604244144,-0.473564762437917,-4.47241731721541,12.0891268746872,-6.6739696075326,2.20086959184597,-4.99813082178869
2021-12-13,1.95343162244762,-0.320011072797627,-3.96313073148535,11.7962272540493,-6.46344502408801,2.02498317655149,-5.02805522467746
2021-12-14,2.34060762769563,-0.0944819659699192,-5.56919845490757,11.8369779563002,-6.59965678464087,2.94586865900935,-4.86011703748682
2021-12-15,2.50918514747887,-0.363055934597003,-4.03514049978996,10.2356954521363,-7.13976596412976,3.47172178525756,-4.67863998635597
2021-12-16,3.65805587961635,-0.702121107859206,-3.71354549286027,8.5620674402688,-7.58050838786314,3.7301075821319,-3.95405591343443
2021-12-17,2.55320679555941,-0.207412991515575,-3.43405715433695,8.5285499334985,-7.87727514187501,4.0511022796025,-3.61411372093288
2021-12-20,1.70872634853783,-0.279783835833463,-4.19993376296613,9.85136783702545,-7.98765512287617,4.18715948367339,-3.2798809475609
2021-12-21,1.70376972183228,-0.309531688889003,-3.16469651525906,8.53327930030049,-7.90240809505648,4.74936217631459,-3.60977489924281
2021-12-22,2.16171110791536,-0.547023535945169,-3.05045533596286,8.46904838597208,-8.37486102019838,3.94302334130855,-2.60144294308959
2021-12-23,2.33577783472456,-0.241092368941381,-2.70035679740202,7.97077851923867,-8.52061154243,3.83015334533372,-2.67464899052356
2021-12-27,2.83057052110695,-0.270853991311512,-2.83590782423417,8.03756984229624,-8.68907364627869,3.6012551827629,-2.67356008434172
2021-12-28,2.55926892160661,-0.559559877867228,-1.99763113967051,7.31912818549753,-8.57085566249671,3.83050213314123,-2.58085256021091
2021-12-29,2.69488111854403,-0.865512581017729,-0.976930166211393,6.44029535956122,-8.47698893076499,3.9965922741954,-2.81233707430653
2021-12-30,1.81040788031477,-0.870888060589245,3.16661014606275,5.93036959410732,-9.98657583546026,3.75444601781071,-3.80436974224605
2021-12-31,2.09534637854455,-1.1769768771217,1.22597528555988,2.75540427348407,-3.81139087492644,2.75389304937881,-3.84225123491916
2022-01-03,2.6522093956284,-1.30098457007753,0.506486681132829,2.32801558709263,-3.77031386545596,2.63627672739549,-3.05168995571586
2022-01-04,3.53735331240597,-1.59886554822238,-2.04070745747189,4.36421212136302,-4.0424384849169,2.80121272515798,-3.0207666683158
2022-01-05,1.82136602542076,-0.939951124743166,0.391396346111701,1.95979220879376,-3.69508449332625,3.7088147382146,-3.2463337004714
2022-01-06,4.49055810098826,-0.831752425484169,-1.04855701073931,1.80112851508623,-4.12060479793627,3.34110204495262,-3.63187442686736
2022-01-07,3.19020358049953,-0.394637365629164,0.506944941671277,-0.0647584206096514,-4.02248271287038,3.05312077617974,-2.26839079924136
2022-01-10,3.13145108079719,-0.501933318491124,0.710969591815463,-0.206334773236108,-3.93482527503753,2.82615228268421,-2.0254795885321
2022-01-11,3.78006756085985,-0.515913988144128,1.00118878351965,-2.06092710738017,-3.94263867721794,2.76060577884815,-1.02238235048542
2022-01-12,4.10131297570708,-0.459605637146778,0.970004341601665,-3.30039789190201,-3.99954304500023,2.71880206094049,-0.0305728042002151
2022-01-13,4.35100581899857,-0.354262808544243,1.49564921853234,-4.19224637544648,-4.08810917666191,3.58420859080802,-0.796245267686299
2022-01-14,4.55110176396013,-0.215353103809502,0.600317252961325,-3.12685588501572,-4.09749507154772,3.65005094054117,-1.36176589708968
2022-01-18,4.23117142770638,-0.881249984179053,-0.843996582592352,-2.39489528512853,-4.17479319219455,4.106544558347,-0.0427809419589025
2022-01-19,4.53383708297487,-0.952070159505425,1.07211127719936,-3.91981529414554,-4.21111316886718,3.96344893484099,-0.486398672497074
2022-01-20,4.50332113755509,-0.509996516660298,1.9768777518239,-5.13628859739843,-4.4925053249207,4.23523884005082,-0.576647290450378
2022-01-21,3.8020448157993,3.79649741803533,-2.16799515184371,-3.53430549071778,-4.65751025711948,4.87431522447817,-2.11304655863183
2022-01-24,3.5938322878568,4.04612497552671,-1.48052466590713,-3.16190761647085,-4.93633147179607,4.11808031128532,-2.17927382049478
2022-01-25,3.06641423021441,1.71717240969862,-1.43200052342455,-1.72675042619265,-4.99009132408734,6.15379563530486,-2.78854000151335
2022-01-26,1.85455637840707,2.15903044251313,-0.792092048884637,-2.66726009358327,-5.80713739817486,7.96960958577618,-2.71670686605361
2022-01-27,3.07406910513833,1.89656688862513,-3.25359824113703,-2.37050687980587,-5.65183742546198,7.2430030510684,-0.93769649842697
2022-01-28,3.38188905782732,0.865691279260876,-4.01558078798519,-2.53886652674649,-5.67474382056274,8.12026941387997,-0.138658615673748
2022-01-31,2.1083088099222,1.34104329461561,-3.592297899992,-1.87208707856822,-5.55718142790344,7.69866606152099,-0.126451759595145
2022-02-01,2.12522426640651,1.99373108872634,-4.0564926229515,-1.9780757543089,-5.69371408847373,7.54947465791415,0.0598524526871245
2022-02-02,1.00595466536222,3.58855673692786,-4.10272517802302,1.28217373155785,-6.04498435108636,5.25390287774101,-0.982878482479556
2022-02-03,0.777110560426554,3.6488254902494,-2.02326585907899,1.05724697512769,-6.60858978937345,4.39904230306079,-1.250369680412
2022-02-04,1.22960044293859,3.7403098254132,-2.04428432446044,0.0318451314708312,-6.6504775511451,4.5947728461093,-0.901766370326392
2022-02-07,1.16001951970046,2.83273873701071,-2.15087608149161,1.09445012937495,-6.72115189963542,4.71734563392098,-0.932526038880088
2022-02-08,0.975546916085605,2.91697854639189,-1.50450160826165,0.799702131148738,-7.30612174172183,5.09902353673474,-0.980627780377485
2022-02-09,1.28558191352528,2.9408035307992,-2.11505151671235,1.00696816672698,-7.19340535872044,5.07632711133027,-1.00122384694893
2022-02-10,1.08263013533167,3.75531107794894,-2.54644718628859,-0.225680234487523,-7.74660990289877,6.86787054905626,-1.18707443866198
2022-02-11,-0.211555975306648,3.54616142938072,-0.697653458217488,-0.56470181973533,-10.248131235189,11.3249730384305,-3.14909197936279
2022-02-14,0.441525617401858,3.35837292601991,0.00345229539822967,0.0448077955296782,-11.1297473221591,11.7226193137225,-4.4410306259131
2022-02-15,0.0111386965850144,3.18888146959336,-0.416343246649918,-0.46041660305765,-9.84548315769447,12.2905421683465,-4.76831932712282
2022-02-16,-0.551385344831319,2.98976821981735,0.754078224102617,-0.257541821083015,-10.3670852922816,11.657572997445,-4.22540698316904
2022-02-17,-1.71566198290236,5.52167453254764,-1.29356406601911,0.19642131356834,-12.0657810653996,14.8523865740641,-5.49547530585896
2022-02-18,-2.18671147097644,5.7530266760402,-0.75848981647362,-0.716206432964441,-12.5191058009292,16.0501073057141,-5.62262046041058
2022-02-22,-2.66911098986128,5.70388607485021,-0.407640884430307,-1.00798867179282,-13.346402093747,17.5848285420475,-5.85757197706638
2022-02-23,-2.50722644265812,5.73755055898454,1.08426471885512,0.0254968382734457,-16.492069340964,19.2306242250474,-7.07864055753835
2022-02-24,-2.09971722731925,4.69155376121263,2.04107341988516,0.410065111741375,-15.1680323182798,18.5926330738479,-8.46757582108799
2022-02-25,-3.48990934052857,4.54370850722942,1.68722503900597,-0.233364768643439,-15.6461505809414,19.8210387887684,-6.68254764489037
2022-02-28,-2.59502361474022,4.54010059258931,3.78840645390418,0.475320180908552,-16.7764202884188,17.1979336927945,-6.63031701703753
2022-03-01,-1.59863986737217,1.92617338958588,5.29701388908051,-0.079399414645831,-17.524389068387,16.8493171655767,-4.87007609383801
2022-03-02,-1.36019876387629,2.05983322216793,4.93735610322201,0.0850449848910824,-16.6153264790281,15.734000829453,-4.84070989682958
2022-03-03,-1.39213466751804,2.18613769716424,4.40946161838065,-0.293025447300456,-15.1473172645551,15.1077328431823,-4.87085477935363
2022-03-04,-2.01674446942962,1.50762165057524,1.61706628293327,-0.0141355946983737,-15.4236715471417,17.9298472528829,-3.59998357512169
2022-03-07,1.12484589319227,1.273992871622,-1.0487372076883,-0.138873438833848,-21.1513288287783,21.8530392074098,-1.91293849692357
2022-03-08,0.754618590436593,1.7040634040561,1.74844535186304,0.618517703033355,-19.3754750315296,19.6631383051082,-5.11330832296769
2022-03-09,0.148071702321573,2.13968587060372,1.55632357887486,1.38409217749169,-19.7012878079019,14.7511095480912,-0.277995069481101
2022-03-10,1.00215493210656,2.90808746396423,3.30516666059038,1.21421716434105,-18.9979463712362,8.80434676834433,1.76397338188964
2022-03-11,-0.329874132097512,4.01729713721578,3.14595627366659,-0.386091668201146,-17.5932102912032,8.68560632160732,2.46031635901215
2022-03-14,-0.497709594840863,4.51619452659304,2.93394386501987,-0.271163595445103,-17.9639022622589,9.16778378545236,2.11485327547962
2022-03-15,-0.0192112386865659,4.31678342682672,2.49347392953802,0.501790292060893,-18.2067374947697,8.98255130222216,1.93134978280845
2022-03-16,0.282716711471799,4.99664510002394,0.487517290400177,-0.833469856978596,-17.7266868647773,9.40552070071796,3.38775691914201
2022-03-17,2.88992355271974,1.60480156439015,-3.68356978468299,-7.31595851065148,14.5857641356727,-3.96371983240597,-4.11724112504213
2022-03-18,-0.175976430645193,5.62328514307744,-2.34268271256517,-1.56351463057662,0.911617073451714,-0.299178021588496,-2.15355042115369
2022-03-21,-0.377273481328999,5.41399512470104,-2.09230679247231,-1.39864760106268,0.920732276250229,-0.210088763119817,-2.25641076296746
2022-03-22,-0.490774587980916,4.88032801733918,-2.56622683820921,0.0113810836355057,1.03365828864577,-0.608892767071502,-2.25947319635883
2022-03-23,-0.704265751575825,4.74230366106451,-2.7407674089052,-0.0677576883679016,1.12413173683132,-0.187809011734888,-2.16583553731202
2022-03-24,-2.15416129144129,5.58455935538891,-1.0235065528328,-0.436316350034829,1.23197517025035,-0.386151607025369,-2.81639872430496
2022-03-25,-2.08511501890498,5.59882628082714,-1.19510643207903,-0.121686782144465,1.17959502069456,-0.427929754025296,-2.94858331436792
2022-03-28,-1.75785952742699,5.12463472696014,-1.51404433008491,0.0394904011930493,1.12914401032353,-0.275032549531232,-2.74633273143358
2022-03-29,-0.605140993502538,4.18669449167369,-0.759621019530645,-0.51049705995597,0.598690359500793,-0.650097580674839,-2.2600281975105
2022-03-30,-1.45922862108588,4.9826950306412,-1.05804044705751,0.174520553736027,0.914317564489499,0.0119794438055507,-3.56624352452888
2022-03-31,-1.72087104003465,5.74551225262286,-1.67792896498723,0.285554903052386,0.745484144119416,0.0960437803759611,-3.47379507514874
2022-04-01,-2.62342893203354,6.47123385563346,-1.78822038966204,0.182794449676127,0.787203655433508,0.896859191085383,-3.92644183013291
2022-04-04,-2.93987812744365,6.3975462175398,-1.59317138361351,0.417163446408392,0.775232945410517,0.815335589465921,-3.87222868776747
2022-04-05,-3.55283671477214,6.4472156431706,-0.673467944159885,-0.48158314730734,0.688090231694261,1.46771580733258,-3.89513387595807
2022-04-06,-4.25763084757014,7.95348983325859,-1.45216820434883,-0.553044338488078,0.707555902198687,1.30879350092969,-3.70699584597991
2022-04-07,-4.37797430101805,7.19418634198233,-1.08981489321068,-0.635945055020024,0.849952329615974,1.52939379752128,-3.46979821987084
2022-04-08,-4.21505988779804,6.82446855376379,-0.928841498587145,-0.548442169567906,0.848847940519841,1.39199400330659,-3.37296694163713
2022-04-11,-3.89327902718177,7.39535418039664,-1.06502801623074,-0.687279327925616,0.747750370262674,1.09240903395705,-3.58992721327823
2022-04-12,-3.2722018875219,7.94261345151889,-1.33928355092554,-0.918648554198395,0.610831106920476,0.287724821218699,-3.31103538701224
2022-04-13,-4.06745286646273,8.11675708848258,-1.28801807329548,-1.62521586007821,0.711872569168893,1.68546474641286,-3.53340760422793
2022-04-14,-4.77245928266882,9.00695100579389,-1.42828030297596,-1.64937158001125,0.832169723144657,1.74693835740791,-3.73594792069044
2022-04-18,-4.98911258769031,9.27491769647455,-1.47413047181718,-1.69640218105812,0.849317539043422,1.78292345079931,-3.74751344575168
2022-04-19,-4.50728995406941,8.22055685874496,-0.960098566763833,0.0613755002593344,0.571328220821727,1.50661154182801,-4.89248360082078
2022-04-20,-4.13827986599961,9.03470780521661,-2.59614026073052,1.03791327433809,0.8077535471856,1.54158991781783,-5.687544417828
2022-04-21,-5.19628801368845,10.345410814921,-3.39781155847803,2.51438986802358,0.984605103251016,1.82964068886442,-7.07994690289358
2022-04-22,-4.56045025828461,9.58440251500114,-3.0028289287896,1.80600330170306,0.707133302561321,2.73440043349588,-7.26866036568718
2022-04-25,-5.09126389654772,10.2381313920228,-3.22474211872312,1.72029236878836,0.732713095537376,2.85592763280121,-7.23105847387894
2022-04-26,-6.08083567908701,11.974723810157,-4.52709354761184,0.340372806167426,0.190538888514292,5.24785279949253,-7.14555907763237
2022-04-27,-6.4365068652845,11.4940022296613,-4.08653710495199,-0.152086776998775,0.126107598893404,6.4546793148692,-7.39965839618863
2022-04-28,-5.9731783193145,11.7374036975506,-3.91643979708035,0.535385987666544,0.276556022177066,5.88356765178263,-8.543295242782
2022-04-29,-5.49786848591286,11.7361114258585,-4.75679363688456,1.06771455247714,0.167734624801525,4.18187302969295,-6.89877151003276
2022-05-02,-4.90967679494589,9.91072718275033,-3.86803614671166,1.75332123097253,0.045269792402876,2.06707717516163,-4.99868243962982
2022-05-03,-4.75442559973225,6.77758853246581,-3.24587055761382,2.75607507463398,0.156961692364431,2.65032124815897,-4.34065039027712
2022-05-04,-6.3563272635817,8.50513971439042,-2.24203212225374,0.842797651821797,-0.0363278178473188,3.32888615121094,-4.04213631374041
2022-05-05,-46.0571725916258,16.7777483093427,1.91743844105295,-6.31546523208439,18.0108451394299,15.9336686508721,-0.267062716987425
2022-05-06,-10.0332811123873,16.6821454308506,-8.52290078384677,-5.9457890382102,1.89657059027635,10.5407532015295,-4.61749828821222
2022-05-09,-9.89785927438435,16.8044584122133,-6.84264064215903,-6.37985582349233,0.193755162170284,11.90961689064,-5.78747472498783
2022-05-10,-10.197922443169,17.2427426936457,-4.43688015439286,-7.26754914340751,0.209306054955512,9.88676632013541,-5.43646332776722
2022-05-11,-9.87460518089796,17.2651023064404,-4.80683942648367,-6.50652313289841,0.301040004584017,8.61427541589939,-4.99244998664376
2022-05-12,-9.72579935178095,17.1585400046828,-3.09404812303227,-8.21733414692934,-0.532156993704128,8.58191719453406,-4.1711185837702
2022-05-13,-9.16779961755328,18.0865264479875,-6.66050123084977,-8.2627345706132,0.333526910698588,9.33166128862303,-3.66067922829286
2022-05-16,-9.18300594405796,18.4550079790628,-7.01747131762616,-8.62758195713467,0.285811409778461,9.98151350330813,-3.89427367333058
2022-05-17,-8.94584283518154,18.3928474144864,-7.44888406114308,-8.22763572948348,0.31717585345428,9.76271534821791,-3.85037599035053
2022-05-18,-7.88000294432343,19.3442542535827,-12.9811137650189,-8.08286150519283,2.26665855339548,9.91232145064178,-2.57925604308481
2022-05-19,-7.86052401954823,18.7768300864104,-10.3172171589152,-7.869720139826,1.09592083124353,6.5039956929233,-0.329285292287885
2022-05-20,-7.62787106630413,18.3178561960246,-11.2434990085774,-7.84425734590502,1.25410057311354,6.77743381102073,0.366236840627728
2022-05-23,-7.55684579402911,18.0111832915142,-11.2015802428543,-8.15546473669259,1.28927971390063,7.18649630105036,0.426931467110776
2022-05-24,-6.88909115569557,18.3459712131386,-11.2033307808954,-9.33603485517325,1.28579084234475,7.0350889375171,0.761605798763846
2022-05-25,-6.71042924333697,17.9147280299811,-8.97019424690546,-9.48305268743818,0.342671651907814,7.06155925304237,-0.155282757250724
2022-05-26,-6.66954067835196,17.2269856605622,-7.92648082472967,-9.51297122072352,-0.0527650568720617,6.72335591347959,0.211416206635391
2022-05-27,-6.51784934121,17.218266599855,-6.40918074107552,-9.342422505886,-0.424125800874183,5.87796901621698,-0.402657227026275
2022-05-31,-6.84246533497153,18.7281339363331,-6.22150095451108,-8.90946252855941,-0.905309762702263,3.83550312903267,0.315101515378522
2022-06-01,-7.77702906307593,20.4837225412527,-6.17720334083931,-9.00700391741934,-1.68221076212799,2.49079648835246,1.66892805385739
2022-06-02,-7.14081286646793,19.3238134465429,-5.73595126736302,-8.70747476361052,-2.36852519814172,1.22431760410954,3.40463304493079
2022-06-03,-6.94923681277893,18.0961629734216,-4.74741453831705,-7.01480658474208,-3.56819678413463,0.496082990584355,3.68740875596675
2022-06-06,-6.96637078038132,16.8740434537303,-3.99282853831709,-6.94121075488957,-3.51525783458311,0.382526868577081,4.15909758586375
2022-06-07,-6.62646820732772,17.1143553403284,-3.84360034436317,-6.94800887915586,-3.90772803330178,0.279025402847715,3.93242472097239
2022-06-08,-6.91720410016222,17.3820897161085,-3.72498174689182,-6.87721226840361,-4.15890270650117,0.248375727766152,4.04783537808411
2022-06-09,-7.51636682357826,15.5865162694215,-3.40890369633806,-6.19175509440102,-4.49190271587771,0.9759832472159,5.04642881355761
2022-06-10,-6.46943397651414,14.5185341502891,-3.52265961494743,-4.73340273677137,-3.94782078721265,2.64061508704973,1.51416787810675
2022-06-13,-5.03581625205706,17.7349770000079,-4.5779057617731,-14.1577158080364,-4.76811550561046,12.7367878062389,-1.93221147876977
2022-06-14,-5.91090537394948,12.9318564887278,-1.17264001550162,-14.9420925888763,-3.69703230063496,12.6576393631752,0.133174427059245
2022-06-15,-5.43454714644638,11.6188866035917,1.00995872413234,-17.9319845812759,-3.52995208231868,12.5084977903088,1.75914069200807
2022-06-16,-1.76149823378798,13.1322318612249,-9.08659568912724,-21.8846512492524,5.83173881499349,14.7390376152346,-0.970263119285402
2022-06-17,-3.16685898164429,12.5574843632079,-2.89197003360262,-16.1129723149393,0.713310818483215,14.8502225356083,-5.94921638711319
2022-06-21,-2.6644259995475,12.6753404596523,-1.9903973459349,-16.4845839693008,0.114962412131817,14.1731133624261,-5.82400891942705
2022-06-22,-2.29428797121145,12.9039069602748,-2.37118967012503,-15.7475841567571,0.031322460692401,13.192344908164,-5.71451253103765
2022-06-23,-1.90091524784549,12.4488551202593,-2.32908858975448,-15.6578737570786,0.238287224575856,12.8094676786565,-5.60873242881303
2022-06-24,-1.91081385033699,12.7527601260269,-2.3196915689836,-15.8054930516219,0.259657965937137,12.6962785235525,-5.67269814457406
2022-06-27,-1.80357275306005,12.6885687445987,-2.31188105484063,-15.7778065714512,0.223278734121102,12.8236562738018,-5.84224337316972
2022-06-28,-1.77294421576986,11.9515691486327,-2.1002446396787,-15.8035217279049,0.17394868300989,13.3817342017062,-5.8305414499953
2022-06-29,-1.83542572112895,12.1602919469586,-2.18547622448417,-16.197052035239,0.0944312641971763,13.8176069252399,-5.8543761555436
2022-06-30,-2.73843346665921,11.3172901342203,-2.97687025493006,-13.6266093880861,0.0804648566686481,13.8406724809205,-5.89651436213409
2022-07-01,-2.32881695968925,10.9337641640011,-2.906368718721,-14.6437318496391,0.622839560416697,13.1683426353799,-4.84602883174832
2022-07-05,-2.16379270569971,9.4810128175185,-3.22563013013812,-13.8908311437791,0.891091136779856,13.6181195481121,-4.70996952279347
2022-07-06,-1.68481564711296,9.29272206225181,-3.32757253759311,-13.6227400507646,0.299124436132196,13.3109925158151,-4.26771077872839
2022-07-07,-0.991981640346463,9.43198221977294,-3.73272516190806,-12.9888933206088,0.25282926064364,12.4993816894669,-4.47059304702015
2022-07-08,-1.34625221552265,9.00940471671028,-3.12589376373252,-12.3605427199406,-0.0480186417983397,12.4744286934772,-4.60312606919336
2022-07-11,-0.981670734749418,9.35829179535653,-3.50156144570741,-12.0874236931083,-0.344212282208964,12.4035342243148,-4.84695786389728
2022-07-12,-1.46795441150524,10.1293471553108,-3.39900396480631,-13.6585959953222,-0.480289067239937,13.6199591938978,-4.74346291033485
2022-07-13,-1.40004837329905,9.62916682705693,-3.07514896665407,-13.7476090179182,-0.377010820702168,13.4509831304551,-4.48033277893854
2022-07-14,-0.264388283538118,8.99862686084042,-2.37573825865506,-13.5987093935848,-0.820705232758822,12.3197307416967,-4.25881643400039
2022-07-15,-0.262651257719856,8.5749587448594,-2.53370222322101,-12.5142317091659,-0.829354823061372,11.7891489930649,-4.22416772475614
2022-07-18,0.32582710295156,8.81422330845747,-2.5970418876899,-12.638940570694,-0.521009061914846,11.2823914752987,-4.66545036640896
2022-07-19,0.0471579210543034,8.47631094703148,-2.72974273051679,-12.7735388420267,-0.713889542679649,12.3096380129417,-4.61593576580432
2022-07-20,0.0905649199970924,7.07301626383243,-3.85019285258183,-9.21578886214718,-0.925195729370991,10.7603761921261,-3.93277993185563
2022-07-21,0.55271946648142,7.00771289252128,-4.77089336203182,-8.54069021502978,-0.867467155312493,10.2768883009838,-3.65826992761241
2022-07-22,2.00393906881285,6.76723126746792,-3.92116776464317,-9.52830425287607,-1.19953887905023,9.56220482214159,-3.6843642618529
2022-07-25,3.36582093620376,6.75832940420312,-4.0288025607551,-9.4953128181739,-1.4949332568342,8.66222591442277,-3.76732761906645
2022-07-26,2.62725975171298,6.81141021986689,-3.49169847991561,-7.52252097785431,-2.3751013495925,7.06350733428225,-3.11285649849971
2022-07-27,1.9227280234982,7.24917825249554,-4.44314459349244,-8.87590710341838,-2.79201745742648,9.4382586736641,-2.49909579532053
2022-07-28,3.69425099819368,9.69666873423909,-9.73316534244379,-13.2656754767373,13.5581971191716,2.79993239700159,-6.75020842942492
2022-07-29,7.09806336412068,6.66230423225433,-4.2586622775192,-13.0928637588465,1.39861524949173,5.84941019232901,-3.65686700183001
2022-08-01,8.1550565111103,6.33256295133898,-3.74107935056148,-12.1103167358599,1.33485617608413,3.83340565335925,-3.80448520547129
2022-08-02,7.62885799496026,5.87016549785235,-2.33379035784837,-11.9791104079287,1.28970184022166,2.91542501874304,-3.39124958600021
2022-08-03,8.05340607168136,5.40765544877053,-2.73175231606601,-11.2321492725836,1.23692824683312,2.5071919251513,-3.24128010378674
2022-08-04,11.2099934886369,5.00347338447287,-2.52703309194224,-11.0380735410021,0.892563684060743,0.309345015119234,-3.85026893934544
2022-08-05,11.9264050972641,5.58423116547561,-3.15598297753554,-11.8689689874492,0.624573295451292,0.157469044821802,-3.2677266380281
2022-08-08,11.8220323739554,5.33361128507022,-3.38715412384515,-11.4764378935647,0.633720968351358,0.466807268716753,-3.39257987868382
2022-08-09,11.8259971094843,5.08651645183916,-4.4383325459414,-10.3490363042355,0.504497282804463,0.536718051133711,-3.1663600450848
2022-08-10,10.4939300396087,5.12554123847142,-4.45094759205323,-10.039562553825,0.806621014541017,2.02166030498789,-3.95724245173084
2022-08-11,10.5715212035869,4.76884492822835,-4.65812959143301,-9.61438262602661,0.842490073249088,1.88860635432648,-3.79895034193117
2022-08-12,9.92928592005928,4.8379708019103,-4.80947132564764,-9.69051167748034,0.991071193832653,2.07390230438255,-3.33224721705679
2022-08-15,9.65255903566155,4.80582505224604,-4.32780959175238,-9.90420464227481,1.16157493305026,2.02925238756462,-3.41719717449527
2022-08-16,9.11451435742444,4.92389748848044,-4.58977242923184,-8.97763590732004,1.17268660489845,1.91383351688885,-3.5575236311403
2022-08-17,9.00322899760246,3.8834279330485,-4.34784006434796,-8.4458991960315,1.28313267510981,2.11438638057052,-3.49043672595184
2022-08-18,9.46973038277586,4.05210096379999,-4.8072472865951,-7.93032508907074,0.942873095257204,1.64082252404685,-3.36795459021406
2022-08-19,5.3071310015672,6.25321998162816,-1.39789825964079,-7.73151800908672,0.788335081851711,0.00307505554810206,-3.22234485186766
2022-08-22,3.12160280344683,8.67569523150806,2.14029686394498,-7.67105723041405,0.699832613047173,-4.8110123749308,-2.1553579066022
2022-08-23,4.0653770831874,7.42109450581919,2.55128528152368,-7.28123504691259,0.542592174428647,-5.20835401550609,-2.09075998254024
2022-08-24,4.29831071550781,7.71046935544002,1.58702932368206,-6.28093236222178,0.249115983108515,-5.89512467925121,-1.66886833626543
2022-08-25,3.33383277031596,7.09373248479363,1.91915725173317,-5.68340966670471,0.217854238219905,-5.70088515316618,-1.18028192519177
2022-08-26,1.87432746204362,7.32598233455205,0.0973640186616063,-6.69295140221519,-0.0529128146376294,-1.10603281051193,-1.44577678789252
2022-08-29,1.03345133776709,8.1524986493025,0.0989506198980461,-7.05220930165911,-0.016498973014567,-0.683076799996975,-1.533115532297
2022-08-30,1.01980742693911,8.01503012943416,0.283035140799536,-6.74543243057886,0.045443560544669,-0.621737878577356,-1.99614594856125
2022-08-31,0.848231288897473,8.0703191518676,0.423561125263824,-6.7182192510807,0.159279459015098,-0.850685335751223,-1.93248643821208
2022-09-01,1.66204848819799,7.81513684861927,0.594941131435547,-6.62003107549864,0.0481898743233806,-0.955939008937754,-2.54434625813979
2022-09-02,1.61504420982445,7.38114648031112,0.233987266161092,-5.74082154046641,0.214261712448339,-1.63202616075942,-2.07159196751918
2022-09-06,2.04119027057959,7.68357589917925,-0.300679833646438,-5.78252175962745,0.314732934436778,-1.13921193212975,-2.81708557879198
2022-09-07,1.88113848190285,5.41935457478416,-0.428716387124954,-5.26766879361241,-0.616706058529054,1.35755151216317,-2.34495332958377
2022-09-08,2.21305432582836,5.32482730633121,0.131367741170424,-4.80971245084549,-0.576391674921824,-0.0809319534897099,-2.20221329407298
2022-09-09,1.18337060413142,7.07713430123119,-0.173999699802279,-5.65162085207728,-0.633705274185303,-0.693040773842668,-1.10813830545509
2022-09-12,1.86803856108724,4.14894079220803,0.778086803954116,-4.36403625073938,-0.580890366261419,-0.247852262774522,-1.60228727747406
2022-09-13,-1.33948286646587,5.3916270474239,-1.14435711766316,-6.12405849925673,-1.07907922730094,3.64798159374455,0.647369069518263
2022-09-14,-2.05601343970315,4.02025849518177,1.87084894690628,-4.47834258316166,-1.19118275642511,3.33376840497743,-1.49933706777556
2022-09-15,-2.80748584717815,4.06349171094004,2.93010920891278,-4.45317016435128,-0.690103374910507,3.4681591401583,-2.5110006735712
2022-09-16,-2.015996682508,5.24269289188875,1.32158789949335,-4.72948600837706,-0.514276008935619,2.82002382088272,-2.12454591244414
2022-09-19,-2.0255878047774,5.24026978542928,1.07767573105602,-4.29743665321301,-0.489752960327281,2.72030746753405,-2.22547556570166
2022-09-20,-2.39251423809101,6.03417415841297,0.48076246271305,-5.05954576555995,-0.606799536157213,3.77934789256692,-2.23542497388477
2022-09-21,-2.40138684968263,7.25560519258267,-0.981944169692857,-5.65365481833039,-0.493794473942308,3.86990914943414,-1.59473403036862
2022-09-22,-3.21490491926149,13.5762598467057,-3.10092192585371,-3.63383681008247,3.14203386165853,-1.28335891265898,-5.48527114050762
2022-09-23,-3.48856556791807,3.92314679767903,-4.00143444107184,-3.76351854469786,-0.112952441641314,6.81412871903412,0.629195478615927
2022-09-26,-2.23148108531048,1.85067339155428,-5.89538745941557,-4.70751617503245,-0.849890069470073,7.74658143972741,4.08701995794687
2022-09-27,-1.22124423992143,1.76912639238329,-5.93036634958472,-5.19953056281505,-0.828364534719894,6.02349565451939,5.38688364013841
2022-09-28,2.08500980293818,0.484571300166174,-10.4219624591792,-6.45079890975154,-1.11106166029721,7.16597485427602,8.24826707184754
2022-09-29,0.307614026070119,1.21732583704101,-8.74423502714575,-6.05474499800355,-0.783096974383508,7.95964347885388,6.09749365756779
2022-09-30,0.373222670512199,1.2041140647754,-8.84304860605493,-6.3225429921844,-0.761192849833654,8.33858369412775,6.01086401865763
2022-10-03,0.664019066297598,0.925298807786625,-8.68891717066941,-6.27092416781411,-0.740650989238777,7.8093908217588,6.30178363187927
2022-10-04,-0.786250892354609,2.04521950418973,-4.24428304467845,-6.25036793858151,-1.03309481742414,3.9489948572466,6.31978233160238
2022-10-05,0.304145221394165,3.27905218448623,-4.65228371154132,-5.96279238135346,-1.21892588950315,2.13850799371811,6.11229658279942
2022-10-06,-0.515771141205583,3.23510517809947,-4.5172361670579,-7.09753476596213,-1.24863091495406,2.01252108082107,8.13154673025914
2022-10-07,-0.226131493975664,3.0021517143123,-4.73187185298592,-7.04474117159421,-1.25378021061664,2.05109671557887,8.20327629928128
2022-10-10,0.108634927124704,3.20635926952307,-4.59527691509058,-8.62581207241021,-1.35614931876542,2.70517086484598,8.55707324477245
2022-10-11,-0.934003370039058,2.73565299171949,-4.86724964997028,-6.77893724404168,-0.998252633288716,1.6390082179855,9.20378168763474
2022-10-12,-1.63582888149977,2.97262359948847,-4.73850151589694,-6.11240590677412,-0.940436906562166,1.09685347777702,9.35769613346751
2022-10-13,-2.8148633493586,3.4098440818341,-3.81387437483424,-6.65657764251823,-0.998943492255126,0.291744939332276,10.5826698377998
2022-10-14,-2.63270969696696,3.33907911260892,-4.22926427052315,-6.2726657924895,-1.13545784715088,-0.904546008683226,11.8355645032048
2022-10-17,-3.3850199506608,3.06297020721355,-4.28186693842645,-5.19541041704108,-1.06996013093161,-1.1485867809854,12.0178740108318
2022-10-18,-3.8725319397132,3.34524455151558,-4.19243247574379,-5.44236247563255,-1.06245923958811,-0.611764572022437,11.8363061511845
2022-10-19,-3.5017387477009,3.4799587369123,-4.51688784177836,-6.37337912705395,-1.22597971295777,-0.69634900622907,12.8343756988077
2022-10-20,-3.75351923197204,2.98300072053223,-4.30091982319766,-5.92529369959455,-1.15001445320875,-0.49867955467014,12.6454260421109
2022-10-21,-3.35775406343602,2.9992796881082,-3.72280523929468,-6.05149249383578,-1.26044117775408,0.358091218765281,11.0351220674471
2022-10-24,-3.01947453413853,2.83436406169822,-4.30069893011902,-5.48273741581439,-1.25134705850489,1.51949928423861,9.70039459264001
2022-10-25,-5.05716649937354,4.58286747647171,-3.03195409688599,-6.43259405184838,-1.37350605903274,-1.42410924048093,12.7364624711499
2022-10-26,-5.28987572524311,6.39368922313144,-3.09527465822154,-9.6089156548881,-1.63775207453532,-2.04600171072786,15.2841306004845
2022-10-27,-5.71520584372542,7.95668915095246,-3.82271779935265,-9.8877379841575,-1.70485725276683,-3.42836817778436,16.6021979068343
2022-10-28,-8.32499579107828,8.55693679914744,-4.09488912676524,-9.26431846564912,-1.57362390008618,-1.75927547232787,16.4601659567592
2022-10-31,-8.32328153171949,8.4816998646236,-3.8916644697909,-8.80375358537111,-1.49621986177658,-1.9507474709441,15.9839670549786
2022-11-01,-7.76428044891193,5.91219988166382,-3.11395095326284,-8.37975795275637,-1.39983776260179,-1.58416492781811,16.3297921636872
2022-11-02,-7.53897980008123,6.38055173812144,-3.34203076787173,-8.76974759099307,-1.35991050037824,-0.512693190439883,15.1428101116427
2022-11-03,-8.62232292056001,2.13436872256639,-4.20189095802287,-8.39961419874784,0.732956593872441,-1.79009541399991,20.1465981748918
2022-11-04,-5.40158456372809,3.52710378827552,-4.69858976023965,-8.16778549466782,0.833396116526583,-0.965463480810079,14.8729233946435
2022-11-07,-3.50256476438742,1.06036206211349,-4.63644650113921,-7.22432342178937,1.16740583327259,0.0750601305419636,13.060506661388
2022-11-08,2.18813724116566,8.34348321038775,-1.49058961960672,-13.2906040555208,-1.5416632836089,-4.49257942156251,10.2838159287455
2022-11-09,1.4973729050274,3.92467952725187,-1.6804965092729,-12.8335121941667,-1.15696809401337,-1.32404389216493,11.5729682573387
2022-11-10,-0.813523417175659,3.93848932569423,-4.00921455203565,-15.5471654995394,-1.55375178064617,3.42291639046056,14.5622495332421
2022-11-11,0.128737864509048,1.71138266474897,-2.45610153268886,-14.963399136287,-1.08586991100262,1.37929247594801,15.2859575747725
2022-11-14,2.08894555651761,3.19781459371597,-2.58838287443947,-16.062333983951,-0.785948384658573,5.40317422234149,8.74673087047402
2022-11-15,0.798063326068643,3.72672294900597,-2.39808234523352,-14.4469501873238,-0.823543201970766,6.36601457474803,6.77777488470547
2022-11-16,0.761943949130199,2.85333550365743,-2.41258483314997,-13.2856346602186,-0.623766535755168,5.78917582239577,6.9175307539403
2022-11-17,0.494177229970958,2.71609267688893,-2.13111275788091,-13.4039333565653,-0.624304362136781,5.88817877321309,7.06090179651002
2022-11-18,-0.380187840037735,2.22847245569839,-2.32755432947319,-12.3881726464226,-0.628236792005254,6.41522282966756,7.08045632257281
2022-11-21,-0.416207929936647,1.54523175998186,-2.62615681393743,-11.4967461076113,-0.611359035726604,6.73855415018501,6.86668397704511
2022-11-22,-0.478985345227208,0.777777784205419,-2.3726530729849,-10.7897971167297,-0.615488522664778,6.5404705454484,6.9386757279528
2022-11-23,-0.389798529641425,0.479798028495395,-2.8722202879695,-10.5291630896611,-1.01922508174191,7.23437457360572,7.09623438691283
2022-11-25,0.0457848894130422,0.471537089466516,-2.81041785596346,-10.8264148376737,-1.12806326822257,7.4642978168332,6.78327616614693
2022-11-28,1.91377251012174,-0.812141461512411,-0.568874231550256,-11.5312393257458,-1.06024065007895,6.20437594299572,5.85434721576993
2022-11-29,1.76095313384893,0.131185407543448,-1.6765237223263,-11.551290131716,-1.08027419106146,7.39086718750708,5.02508231620435
2022-11-30,0.930165424162439,-0.857974125621155,-2.42782364459779,-8.90616791235344,-0.80691286718147,6.30801508463404,5.76069804095738
2022-12-01,0.96528089251948,-3.02019919679075,-1.41327223151332,-9.02873813796897,-0.449584085836186,6.21779044257988,6.72872231700987
2022-12-02,2.20699583265235,-2.4969418055684,-4.27924528314289,-8.71734688292263,-1.13471646085102,6.8985218719688,7.52273272786379
2022-12-05,2.45879267102499,-2.99896553615149,-2.4208198177993,-9.38128767371347,-1.10715327401952,6.01677091721358,7.4326627134452
2022-12-06,2.57055466336971,-3.25579280299121,-1.81677866719313,-10.1642881879091,-1.06499173910959,6.14979705112694,7.58149968270639
2022-12-07,3.43578531202208,-2.98954191327022,-1.37891139014714,-11.3541935154969,-1.0550521268818,5.58032714886945,7.76158648490451
2022-12-08,2.68820024063747,-1.90955046789394,-1.9669068292884,-11.2044170398142,-1.14356353824546,6.12132416511584,7.4149134694887
2022-12-09,2.74527010126307,-2.04123881705936,-1.92333391741896,-11.16875451094,-1.13927975706648,6.22398232880896,7.30335457241276
2022-12-12,3.87578415437714,-2.63995758371208,0.0377303416719368,-11.8235590318709,-1.12627950358443,3.72286871783757,7.95341290528076
2022-12-13,2.35296490492065,-1.12339979098763,-2.06590927552267,-11.902967122496,-1.21999347918566,5.41481751824617,8.54448724502512
2022-12-14,2.17751123268712,-1.62866441226341,0.388274646124653,-10.788200289274,-1.01288254526027,1.84431355465158,9.01964781333429
2022-12-15,4.1038635685895,-2.71377557905024,-0.81400362790257,-10.4542615793267,-1.8303226307387,1.95728807777706,9.75121177065161
2022-12-16,2.17385403268072,0.179606880484044,-0.753270147549601,-10.7314445316449,-1.46347900434383,2.3193380281298,8.27539474224375
2022-12-19,2.15381163803749,0.579398757539821,-0.806746853709872,-10.795731063606,-1.45984555472848,2.43239508955206,7.89671798691494
2022-12-20,3.73106058409158,-1.08210396675894,-1.76408903113621,-10.2743275115496,-1.82437789487679,2.62712485241809,8.58671296781191
2022-12-21,5.28618008495301,-0.813045666238565,-3.94388780088402,-9.26828820379009,-1.93225338257793,2.05728750061824,8.61400746791935
2022-12-22,6.62718292075626,-1.28274346445077,-3.75646930937254,-10.0695094781748,-1.96948412924475,1.96379449378087,8.48722896670571
2022-12-23,6.3814088817064,-1.40455258422702,-3.75783849431937,-10.5069115146274,-1.84103344054283,2.5772417581599,8.55168539385034
2022-12-27,6.1416525846305,-1.59262601640259,-3.1132858734663,-10.3688520187353,-1.92937742748056,2.34583017559675,8.51665857585753
2022-12-28,5.84489321489513,-1.7300188491474,-2.91515750557935,-10.3709753488828,-1.85121615720175,2.52182292270365,8.50065172321255
2022-12-29,6.03400882256781,-2.30340190882088,-2.96673475546752,-10.4122127233936,-2.0115911877279,2.96885847245815,8.69107328038389
2022-12-30,5.99680978495171,-2.26562702823023,-2.94668899805205,-10.3765867226128,-2.06523858853054,2.99590735182892,8.66142420064498
2023-01-03,6.20903297973689,-2.92414490317136,-2.36823139685049,-10.9040188702867,-1.94543635515024,3.06786401649695,8.86493452922493
2023-01-04,6.42913561970191,-2.76046802546987,-2.58830750439857,-10.7863436914247,-1.99442546103361,2.99588041426506,8.70452864835975
2023-01-05,7.04227177013164,-3.45528853086836,-1.99836887423978,-10.8038112305932,-2.1443418674594,2.43905439398542,8.92048433904369
2023-01-06,9.4777448187779,-7.79131650158179,-3.42081203845294,-9.48099286810916,-2.53952016139367,2.97325185128233,10.7816448994773
2023-01-09,7.57566129060407,-6.91581771690192,-3.43113984759757,-8.97442212396262,-2.27035977320342,4.05281006098587,9.96326811007558
2023-01-10,7.78335739275509,-4.1798254983722,-2.74107188066771,-9.4633082772179,-2.22449456303234,2.47766776056044,8.34767506597463
2023-01-11,7.76387912844879,-4.05460966609845,-2.60757877335847,-9.43790999370031,-2.23236936732397,2.00583058590399,8.56275808612842
2023-01-12,6.85912144642813,-1.13824051502941,-4.83089475224609,-10.697826309635,-2.50826402677929,3.51892771334419,8.79717644391744
2023-01-13,6.95174415203712,0.442133163115837,-3.06521862301748,-10.5050145186103,-2.36698695055505,2.73252419360001,5.81081858342982
2023-01-17,5.3940757030764,-0.0460406461957028,-3.47862175503726,-10.2289796735867,-2.0294393757109,3.4178669238655,6.97113882358862
2023-01-18,5.60735215530754,-0.37237875650111,-3.39571880461554,-9.67717709137856,-2.12709118264542,3.8064634246522,6.15855025518089
2023-01-19,6.05011482540066,-0.81157083996861,-3.10361036039015,-9.88953703787803,-2.23442296843344,3.46777055203245,6.52125582923712
2023-01-20,4.38845413394019,5.45900854600471,-4.12223034391134,-11.5234794432467,-2.25979296123384,3.28804453728904,4.76999553115797
2023-01-23,4.31943059956166,4.17248725650602,-4.06449194567123,-10.1540671237897,-2.23146518962853,3.26028523829529,4.69782116472648
2023-01-24,4.15722526396889,3.7987076453144,-4.18849418156684,-9.26135004116407,-2.16112327803051,2.92801347090741,4.72702112057072
2023-01-25,3.40937348665034,4.20559832742418,-4.82995555321707,-7.74789214968873,-2.20013855727776,2.77503355632641,4.38798088978263
2023-01-26,4.32215034825153,4.14798031682293,-5.42092522149848,-7.80400660432051,-2.14466031567349,2.21505316370038,4.68440831271763
2023-01-27,3.82400317793375,4.38441346113596,-4.81589444952747,-8.34541992430962,-2.084297482157,2.48227964504999,4.55491557187439
2023-01-30,3.64325457793024,3.29556944751193,-3.0104886594147,-7.62373339155065,-2.17238707092827,1.48261573186429,4.38516936458717
2023-01-31,3.83418777543225,3.5336671230198,-3.49603307572157,-8.0449502300288,-2.20791087602036,1.70169009310341,4.67934919021527
2023-02-01,2.0349780108135,4.5134462396566,-0.758847507428493,-9.49863536481702,-2.24408201167717,2.70168800420676,3.25145262924583
2023-02-02,0.411336500216223,3.83456545834596,-0.72149845438091,-10.6123455617854,-1.4091210365441,2.96918006807971,5.52788302606849
2023-02-03,6.14606294815567,0.564991995044618,-1.81058936263326,-10.7619152216797,-2.05396230752381,2.68754851694343,5.22786343169307
2023-02-06,4.43414232369103,1.31764004942013,-1.58410581463128,-10.4885253399586,-2.08024204079329,2.0845210953682,6.31656972690384
2023-02-07,3.53410339554031,1.33709287875319,-0.527815880391511,-10.6436059389208,-1.94206494477085,2.83695556748581,5.40533492230385
2023-02-08,3.15363348587767,1.58851893344598,0.502900208180183,-11.1050652298286,-2.10780264957828,2.81919298948068,5.14862226242237
2023-02-09,3.19812443837593,3.85178744482912,1.75319492572864,-12.2520939792877,-2.19717622003537,2.96471387909647,2.68144951129295
2023-02-10,3.42187980733511,3.12901328933143,1.10167708882901,-11.6192342216739,-2.08253673548683,3.5098827212901,2.53931805037504
2023-02-13,3.45085450624043,3.16696116167248,0.702632874782871,-11.4778582241535,-1.99123662011982,3.68494243587877,2.46370386569878
2023-02-14,3.45029345544131,3.6458571960965,-0.483853559697597,-11.0578132772879,-1.95644705966358,4.04895206214323,2.35301118296806
2023-02-15,3.34265321885533,7.9754610389171,-1.86290249105334,-14.1310487302172,-1.59375742452135,4.5854042119431,1.68419017607634
2023-02-16,3.68133133782248,6.66133016621806,-0.000637574822846432,-17.8742652140296,-1.81188305030557,6.91083237064694,2.43329196447057
2023-02-17,2.67977469387881,5.87558683636373,-0.809159891760231,-13.5742640956109,-1.87532045554651,5.64142581372877,2.06195709894639
2023-02-21,3.50178557755059,3.16856070143691,-0.0931193891114575,-12.5481221074098,-1.79031600234948,5.26680109026233,2.49441012962095
2023-02-22,3.55396028920786,3.22163658715672,0.0733380819849465,-12.5676097360392,-1.68784792067544,5.34078506690697,2.06573763145818
2023-02-23,3.89172430177273,2.97500443185045,0.437443859849047,-12.6554692451399,-1.52058278682748,5.16904110212492,1.70283833637027
2023-02-24,2.33262363083032,4.70409798286994,-0.0432463930852371,-12.4331220623331,-1.62698211610744,5.80628446722841,1.26034449059708
2023-02-27,2.69832616193861,4.0452668696711,-0.634843967609418,-12.4949767703342,-1.51086302696929,6.01492351857078,1.88216721473241
2023-02-28,3.29696574165527,4.1008902642442,-1.2152995810106,-11.252038061201,-1.5192128157099,5.87339823957196,0.715296212450056
2023-03-01,3.15874434168262,3.65478458476749,-0.27580346962122,-10.7127830199323,-1.38046336825641,5.67030469039544,-0.114783759035625
2023-03-02,3.64094351024264,3.08025307996344,-0.866398755648051,-10.848955309826,-1.12362196900183,6.24022855781045,-0.122449113540625
2023-03-03,3.65515093931584,1.79329605343263,-0.544169645042052,-7.21870437563398,-1.15918930130419,3.76581426205786,-0.292197932826106
2023-03-06,2.99318609758429,1.57395071497278,-0.255891783682516,-5.85299342153655,-1.1258348088339,3.44147228781429,-0.773889086318391
2023-03-07,3.01205499079252,1.25977107436046,-0.0680570549286337,-6.37472093194274,-1.00014590673581,3.85370041795335,-0.682602589499155
2023-03-08,2.4950365615928,0.825336333866467,1.31940450553261,-5.88825625163383,-1.08726004276479,3.1449514589677,-0.809212565560948
2023-03-09,4.24287004312231,5.71432947760332,-3.66552289659804,-10.2748727401738,-1.28904071775298,5.37338567272795,-0.101148838928786
2023-03-10,8.8159506193462,4.38810199278642,-4.93892565295697,-11.3360871541637,-1.50890005874128,4.24030525327711,0.339555000452243
2023-03-13,10.5897971649493,3.76663798800124,-2.94477469049707,-9.29994702846668,-1.41853847135094,-0.827775994243133,0.134601031607282
2023-03-14,9.47841616636051,8.83307269384466,-6.02794525489636,-11.456116213568,-1.53330579034611,0.969405651903994,-0.263527253298676
2023-03-15,9.64236161951926,6.18243807664829,-5.70492215183642,-8.92875499084886,-0.984875245019472,4.59092798770465,-4.79717529616745
2023-03-16,9.50175270744607,6.10507926688874,-6.09607402239982,-8.02390783822202,-0.89767105692609,5.10015926205891,-5.68933831884579
2023-03-17,11.7436937761885,6.30665561642794,-5.23882207428673,-9.12183978284419,-0.908190441143457,0.733730634796384,-3.51522772913845
2023-03-20,7.18916256891078,8.5872826358213,-4.74928826004234,-8.44667660857096,-0.745393948844447,1.44928235650376,-3.2843687437781
2023-03-21,7.82577425530344,8.03210190092833,-6.46057674336089,-7.98173778492237,-0.647848076426526,3.34808309535166,-4.11579664687364
2023-03-22,7.3953903045813,8.74099990124425,-5.41279889951165,-10.2779775182265,-0.610698410257441,2.67053889504614,-2.50545427287609
2023-03-23,8.11189224178207,9.09167092723808,-6.01405948899974,-9.85120248742495,-1.09997195125122,3.0846714364505,-3.32300067779474
2023-03-24,7.56619372149395,8.81252009886554,-5.19294540924205,-9.93171125638269,-1.56128699773197,2.70549917022432,-2.39826932722708
2023-03-27,8.12111941676113,8.17345318534597,-5.1261606505716,-10.0441250237671,-1.59067532814544,2.46326638398936,-1.9968779836123
2023-03-28,7.91141647105755,8.25468632132289,-5.03270860131948,-10.2590557759299,-1.46921132055153,2.29207208753589,-1.69719918211538
2023-03-29,7.77614897380455,8.66889450863603,-5.38992895807878,-10.1025219005407,-1.51535913900793,2.37514702729654,-1.81238051210973
2023-03-30,7.1099476620372,8.92360194473732,-4.53277159745886,-10.6479276985746,-1.41911813844786,1.55262182206705,-0.98635399436025
2023-03-31,6.97506649314503,9.46954279638227,-5.26224227399001,-11.534785520243,-1.35437305375202,1.87586230189948,-0.169070743441758
2023-04-03,7.76063386043803,9.04981507754955,-4.98499903426751,-11.9465073970769,-1.27226163091937,1.94714242275721,-0.55382329848106
2023-04-04,7.59993760468036,9.00370417906419,-5.21175092884732,-12.2700019204602,-1.09244988547997,2.18204219893224,-0.211481247889267
2023-04-05,6.94148137426431,8.96004744359126,-4.23290942708297,-11.1378120839294,-1.12959530992139,0.908891848177937,-0.310103845099718
2023-04-06,7.02700051585725,8.89596095995987,-4.29775394687543,-10.7158334128487,-1.09611101435085,0.811984191740429,-0.625247293482577
2023-04-10,6.65633842896014,8.90521536443407,-4.35725788935028,-10.5424272296597,-1.06961253881314,0.917125192156661,-0.509381327727755
2023-04-11,5.85991160199119,9.38707637754277,-4.5658351839723,-9.64215519094537,-1.22877653125702,0.427635725821247,-0.237856799180534
2023-04-12,5.71798998591137,9.07182190450091,-3.82664759903463,-9.9369042668397,-1.1904743038062,-0.440418534949405,0.604632814217652
2023-04-13,3.92665161458849,8.39618698453769,-5.2519455092381,-7.92153328918361,-1.2792989740838,1.075838999111,1.05410017426833
2023-04-14,5.0571644725383,7.90218071667294,-5.67082940070625,-8.27000629439723,-1.2168692538034,1.11010401286743,1.0882557468282
2023-04-17,4.80133331346921,7.79163284916442,-5.38352482761978,-8.29308783569022,-1.19753425120499,1.32499308411314,0.956187667768226
2023-04-18,4.17574190513479,7.31525784450409,-4.38658881356964,-7.85976977931525,-1.34511246898196,0.487350436199332,1.61312087602865
2023-04-19,4.45491329121974,7.12893542321253,-4.31732176732807,-7.55526744397514,-1.30255349618385,0.214362935705015,1.37693105734976
2023-04-20,4.18331124179133,7.47972401649613,-4.04861875137347,-7.42968636700778,-1.26214583384326,-0.432928454230892,1.51034414816795
2023-04-21,5.06925175305881,6.96542578184722,-3.59058713426788,-7.84243205147994,-1.15597108747946,-0.0664615081316757,0.620774246452925
2023-04-24,2.96944739260727,7.38752164432254,-2.63764306154219,-8.17581798121759,-1.07850626577842,0.350210235495533,1.18478803611286
2023-04-25,2.97958359486498,7.57587509967417,-2.11146270614718,-8.07954940703167,-0.950067236895059,0.617677197072258,-0.0320565415375107
2023-04-26,1.84189849143971,6.84351102857663,-1.16864105474409,-7.88746463705814,-0.958242042892296,0.463267251527878,0.865670963150304
2023-04-27,1.7947188650357,8.06392273578237,-1.03742811664998,-7.97297698370024,-0.992933230186463,-0.0478742958419573,0.192571025560557
2023-04-28,1.89082259773949,8.12531741242852,-0.570452757877344,-7.80237573291926,-0.952585372945234,-1.01724340363323,0.326517257207062
2023-05-01,1.93166193987838,8.21395040061396,-0.304759971411009,-7.77981000480094,-0.94300513038395,-1.12194571480902,0.00390848091256757
2023-05-02,4.02980920238851,7.05048004187999,-1.05504793294805,-7.38778080143622,-0.9573102262985,-0.602445017739157,-1.07770526584657
2023-05-03,4.4706462183215,6.64286562984412,-1.43181304925972,-6.57582554145857,-0.991068891908045,-1.27393794442263,-0.840866421116651
2023-05-04,4.44583184540505,5.67065874909632,-1.68264968389135,-7.22688829307988,-1.23187163149513,1.1728089388509,-1.14788992488591
2023-05-05,3.12169325923709,3.71641961338202,-4.31780694959273,-1.37955402390812,-3.41778811649882,5.20708658789332,-2.93005037051276
2023-05-08,1.04833207413392,4.78934218420775,-3.1847074705736,-0.663972181955117,-3.04983918594455,3.51353890668092,-2.45269432654932
2023-05-09,0.799344646608517,4.72066919716531,-3.08996417489115,-0.785899540988066,-2.95837791647458,4.0550927745862,-2.74086498600623
2023-05-10,0.706178074401365,4.51681796907095,-3.31649823819447,-0.49996378610291,-3.00114675879734,4.472096704651,-2.87748396502861
2023-05-11,1.59039008381317,4.42375983216737,-3.31277269969892,-0.571230514860439,-3.0368363330993,4.11379800572184,-3.20710837404372
2023-05-12,1.66102059707856,4.96982198686526,-3.16463970852636,-0.558937001643891,-2.95678957503985,4.20299440153144,-4.15347070026517
2023-05-15,1.21770722126446,4.94303212965683,-3.06579552455658,-0.572719026966158,-2.94995660111823,4.16000009089362,-3.73226828917394
2023-05-16,-0.0299825130603253,4.67712633660387,0.193599618076163,-0.861709659799633,-2.62370299800847,1.98921836192423,-3.34454914573583
2023-05-17,1.57083387455132,4.33606954567482,-1.10509779919673,-3.4760068374161,-2.4026769187112,4.10401460934066,-3.02713647424277
2023-05-18,2.81923947222685,4.22544440111346,-1.44097258910461,-3.63809778281473,-2.47662431914687,3.19775542041228,-2.68674460268637
2023-05-19,1.07090511797538,3.95078966279044,-1.17412099527323,-3.6055147608099,-2.52269396932794,2.83905165215893,-0.558416707513686
2023-05-22,1.07447225155276,3.68777241950635,-0.782862842219485,-3.90018458698318,-2.50568353427446,2.33472766082825,0.0917586315897765
2023-05-23,2.06807827718055,3.00860443812848,0.831657572655782,-4.55575570189243,-2.38925985048686,2.13084749964733,-1.09417223523287
2023-05-24,1.22704224346202,3.19111555630373,2.48217422955879,-5.01374918562573,-2.41568338835889,1.80673743914981,-1.27763689448973
2023-05-25,1.62528419740757,2.94299027948589,2.18308796468519,-5.37788137459573,-2.36242585532188,2.0115676909555,-1.02262290261654
2023-05-26,2.081979217649,2.42706039180925,1.66134234796652,-5.34441606625812,-2.2899456407942,2.41537917760538,-0.951399427977819
2023-05-30,2.06202518652554,2.71089434208599,1.23174637901835,-5.10640780160425,-2.24641508366269,2.25249557840576,-0.9043386007687
2023-05-31,1.93417785966531,2.73378603506516,1.4714629289058,-5.60518591969391,-2.17815443835762,2.46844017886153,-0.824526644446276
2023-06-01,1.81053622869422,2.75241884161896,1.89565282401623,-4.58286918165176,-1.72336370246723,1.9299922722177,-2.08236728242811
2023-06-02,3.57651073849144,2.22586775589873,1.36207634457712,-4.4296672167536,-1.81584899423756,2.37161765937564,-3.29055628735176
2023-06-05,4.04878621713281,2.04806875535649,1.40417936759955,-3.27214440287249,-1.84985660377833,1.04782549881948,-3.42685883225751
2023-06-06,4.66156660604046,2.05700293446555,1.50887083910232,-4.70988074472694,-1.78438743349234,1.60231924784732,-3.33549144923638
2023-06-07,5.95858624075713,3.3265753812764,0.964667220180598,-5.37337670271614,-1.82387593520499,1.10321133054756,-4.15578753484056
2023-06-08,5.89245402666109,3.13298891397583,0.372297322101089,-5.46384491498821,-1.76426638974841,1.23145052608225,-3.40107948408365
2023-06-09,5.99724348991841,3.16051336270002,0.445084086441192,-5.61810270932057,-1.76277756188682,1.22946205643695,-3.45142272428918
2023-06-12,5.44734795777398,2.96489317848604,0.110469938953619,-5.20218121713638,-1.72542119801783,1.61837276931284,-3.21348142937227
2023-06-13,5.64238547332693,-0.00680342206573314,0.214922824931936,-3.1581022009059,-1.67908666215795,2.05212119282961,-3.0654372059589
2023-06-14,5.29834341466461,-1.99386925430321,-0.03024391388211,0.81293835931983,-1.48180794594159,-0.188503912985148,-2.41685674687238
2023-06-15,4.95846624459348,-2.06754018570252,0.581178875303239,0.427029948067647,-1.48254272826351,-0.149440212986761,-2.26715194101158
2023-06-16,5.08995127749763,-1.61942308826312,0.0233075257909583,-0.0109321908833255,-1.3556638984849,0.421417997092657,-2.5486576227499
2023-06-20,4.92634723518304,-0.482860865747108,0.0177303296990612,-1.05788148237755,-1.36122826213613,0.559280903217083,-2.6013878578384
2023-06-21,3.44200235660171,0.955850972801429,-0.344584028483755,-2.48908802984584,-1.40807284539386,1.58539194556313,-1.74150037124281
2023-06-22,4.09939543066269,0.878881045993475,-0.430750364588155,-2.02203201574051,-1.39225023242932,0.830498170007029,-1.96374203390521
2023-06-23,3.89761412850815,1.40935377381541,0.1313484460133,-2.29650735790076,-1.33296935024429,0.905804566674616,-2.71464420686643
2023-06-26,3.28100988892183,0.942822676417867,0.639368414414429,-2.34420798855194,-1.22028192885895,1.07483592992853,-2.37354699227177
2023-06-27,3.01051011612698,1.02345626227559,0.371329884010366,-2.2061880443041,-1.22637907534389,1.50395129778714,-2.47668044055208
2023-06-28,3.296134858823,0.746339235653664,0.389780712236456,-1.62889172451249,-1.206182226205,0.705061282439674,-2.30224213843529
2023-06-29,3.46997189806919,0.667338722428008,0.591448112804404,-1.32498009038035,-1.21145282577751,0.549296331197601,-2.74162214834135
2023-06-30,2.70747647883687,0.040573608467751,0.320204433497322,-0.810927842181037,-1.11380153094996,0.636737882390044,-1.78026303006099
2023-07-03,2.69776395632107,0.405629395461464,-0.270724056173004,-0.704132289886111,-1.15321444032621,0.32769307915566,-1.30301564455287
2023-07-05,2.73423061128364,0.246567408115784,-0.105580483714052,-0.700956950872271,-1.13761775464109,0.00641712857783894,-1.04305995874984
2023-07-06,2.57451119241374,0.68201445659489,0.729382414474511,-1.43567061930054,-1.08417942627636,-0.166141587233689,-1.29991643067255
2023-07-07,2.08219466223647,0.248957143687413,-0.155566230307542,-1.67468218738042,-1.06374300964599,0.994937637857682,-0.432098016447615
2023-07-10,2.00067066797006,0.113110369974622,-0.182598896209402,-1.66998626207601,-1.06093410577108,0.935302331333828,-0.135564105222024
2023-07-11,1.80231947583344,-0.409299893428447,0.0518814470945266,-1.23381836614118,-1.04737020048703,0.682023134558115,0.154264402570572
2023-07-12,-0.761254095629823,-0.171933505347274,-0.176060663769022,-2.5940152546504,-1.06468549029535,1.91897025142651,2.84897875826535
2023-07-13,-1.13597916237687,0.0963563005855157,-0.432236459036217,-3.11296267421252,-1.07236106831518,1.9889921436644,3.66819091969087
2023-07-14,-0.972426942536927,-0.348423895125816,-0.540822438967402,-2.03451483378882,-1.07071652192617,1.14199858852228,3.82490604382285
2023-07-17,-0.91036810030856,-0.371998061212324,-0.622970913164415,-1.90655409518289,-1.08215247577568,1.24982944986983,3.64421419577404
2023-07-18,-0.947051268105191,-0.79588773413397,-0.585453858584878,-1.46597283143284,-0.987754964073038,1.73260972728445,3.04951092904547
2023-07-19,-0.999891304004699,-0.489145922250987,-0.88004603113303,-1.72669749711831,-0.960958058601754,1.9262520270853,3.13048678602348
2023-07-20,-1.02381805034242,-1.08848899799796,-0.683425145009862,-0.971064044224224,-0.93795792658527,1.69317488379657,3.01157928036317
2023-07-21,-1.05746794937112,-0.516577569887488,-1.26136767964096,-0.292645475533124,-0.936266845057944,1.59658757628378,2.46773794320685
2023-07-24,-1.008036360777,-0.699337751364892,-1.47903098747736,0.00291940830699389,-0.966265022598593,1.69694367138797,2.45280704252287
2023-07-25,-1.06916621645033,-1.36915328003091,-1.59602341493884,0.667189902513073,-0.983991210727054,1.86788077509797,2.48326344453608
2023-07-26,-1.40098177490219,-1.37000946960884,-1.96245361942285,1.21059909590346,-0.982341190501172,1.18372477683246,3.32146218169915
2023-07-27,-2.99731114311546,-2.12730520097106,-4.05933975518106,1.56018116656168,-2.93162480807843,2.66055894046803,7.89484080031631
2023-07-28,-3.0779981703047,-2.06749517022922,-4.22852019372473,2.01431021588665,-5.71108807092795,5.36293826895358,7.70785312034636
2023-07-31,-3.55299144329641,-2.12510358783815,-4.10174258953361,2.16602284595738,-5.82597578660099,5.71670200002646,7.72308856128532
2023-08-01,-2.85136304661637,-1.36733819778635,-4.23185977896271,2.41646283567275,-6.26631991541586,5.62806291390979,6.67235518919876
2023-08-02,-0.63165120970141,-2.68995895407718,-2.92698862819016,1.2388660815364,-5.54997408648818,2.14637189434783,8.41333490257269
2023-08-03,-1.5039420271921,-2.86363811021844,-0.244419614813743,0.27493901613758,-5.61528858286037,1.62170798537961,8.33064133356746
2023-08-04,-1.32017963366664,-2.48846129808212,-0.0059256350274266,0.154603913248027,-5.10578721443977,2.7510133814649,6.01473648650303
2023-08-07,-1.30377941434977,-2.64932637572629,-1.48998092775476,-0.296479649682741,-4.98429092593701,2.71240384953791,8.01145344391266
2023-08-08,-1.14008999622322,-1.7977044157291,-1.81668490639066,-0.644901235169296,-5.44499729601763,1.97395103742627,8.87042681210364
2023-08-09,-0.734982840591556,-2.75860767619238,-1.57720382208107,0.00454257477602837,-5.32655483049741,2.01679175078798,8.3760148437984
2023-08-10,-0.771948284343594,-2.93787068916666,-1.96831525826358,0.642089282707886,-5.32710704101333,2.0194110159156,8.34374097416368
2023-08-11,-0.421249906843286,-2.49290551643374,-2.15265500402729,1.52606183104983,-4.95342562835694,1.82200838786189,6.67216583674954
2023-08-14,-0.400764314082913,-2.82935942099344,-2.26796611534687,1.73419837487113,-4.98024374180896,2.00213809384285,6.7419971235182
2023-08-15,-0.180710703735414,-3.29355821758427,-3.00822467071495,2.26492860721893,-4.62216078668554,2.38658618214159,6.45313958935967
2023-08-16,0.576725416960855,-3.28634047716327,-2.48977914368812,1.92753287610312,-4.82413289312169,1.82638944630188,6.26960477460722
2023-08-17,1.34512024397019,-2.5766887276347,-2.37320851747571,-0.271579199017939,-4.74597792221845,3.6559711187019,4.96636300367472
2023-08-18,1.49104425338601,-2.63161943722653,-2.50754839721335,-0.685941730075086,-4.69406222407817,4.06793183758414,4.96019569762298
2023-08-21,1.49942680606215,-2.82897707071877,-2.51405841379732,-0.725751882234317,-4.69680782177279,4.27643766235714,4.98973072010391
2023-08-22,1.20884314703746,-3.47420641444894,-2.57821384001804,0.101261555225134,-4.65660650636164,4.33983315414979,5.05908890441624
2023-08-23,5.75175152029377,-6.78208789916439,-2.49935862138978,0.452056872031376,-5.10248460397316,3.43430132788599,4.7458214043162
2023-08-24,2.92063304999039,-6.48676497003192,-1.79589104692596,-1.06777994793774,-5.21094640493467,4.96792691153005,6.67282240830985
2023-08-25,1.65154777118458,-6.50407964590603,-1.35799577229479,0.192440626456987,-4.98589641153858,5.20697363797363,5.79700979412421
2023-08-28,1.24165502249696,-6.47521690493405,-1.34729753553792,0.255480257174117,-4.88539833681198,5.34242678013673,5.86835071747613
2023-08-29,1.6872366997066,-4.86564586775057,-1.19918381251803,-1.23263829247164,-5.33570182507325,4.54305967451569,6.4028734235912
2023-08-30,2.11196060738179,-3.71954611097,-1.52999693200261,-0.767599989258985,-5.28448838663325,3.10090075560401,6.08877005587905
2023-08-31,2.08855167033351,-3.5015044390129,-1.43932467659062,-0.369873273962652,-5.15531332986202,2.38313438716603,5.99432966192866
2023-09-01,2.0740459187356,-3.49432313890064,-1.38249797369197,0.0138721428366591,-4.80861786665507,3.39603094455343,4.20148997312199
2023-09-05,1.22795048354692,-3.38222441463855,-1.44221947452074,-0.47677324184739,-4.64112746980206,3.23042625850493,5.48396785875688
2023-09-06,1.16005116095314,-3.24753986317748,-1.57963996025719,-0.506439741180642,-4.4833112050408,3.29176991175802,5.36510969694496
2023-09-07,0.908429251892422,-3.39540191180172,-1.360406196711,-0.24542740062404,-4.47183547533986,3.45896080605322,5.10568092653097
2023-09-08,0.917019751467912,-3.3816708472732,-1.82051010714277,0.416845221116743,-4.47492466820888,3.39488223023385,4.94835841980633
2023-09-11,0.957397935527737,-3.54733228036167,-1.79555277628558,0.482077077838719,-4.46263468680348,3.38812262655227,4.97792210353199
2023-09-12,0.975118196066141,-3.32068631230859,-1.63977346591863,-0.342723397274643,-4.35312187478787,3.67058823615552,5.01059861806807
2023-09-13,0.264728248624628,-3.0500026483384,-2.11600293689299,-0.472167940252268,-4.27053838026814,4.78413729043989,4.85984636668727
2023-09-14,1.1254705955232,-2.27218329575477,-1.78540580193493,-0.823337123589155,-3.7276435761981,5.09681416495337,2.38628503700038
2023-09-15,0.378061886755297,-1.76782105140908,-1.55719911309941,-0.813279064514086,-3.45563082783942,5.16783519474443,2.04803297536227
2023-09-18,0.492553221407903,-1.61455248784729,-0.955713995682109,-1.63858795191377,-3.36425442475864,5.03961126088396,2.04094437790994
2023-09-19,0.419947391126357,-1.21472598610117,-0.93154364287606,-2.07575758671551,-3.32244456969208,5.0167922589224,2.10773213533606
2023-09-20,-0.0227101225497464,-1.76963267127517,-0.827059811778405,-0.942831244448156,-3.14993538281297,4.55557284306562,2.15659638979882
2023-09-21,5.09887926414776,-1.95151490980451,-1.05073945660044,-4.8542770806231,-3.11168700171698,6.62720758156575,-0.75786839696848
2023-09-22,4.25552139669174,-1.85526652181811,-1.47491824031626,-3.46538825859514,-2.96577137474662,5.77025855313798,-0.264435554353589
2023-09-25,4.02588170162642,-2.26404778579304,-1.36209480378527,-2.87679919341881,-2.90232082773067,5.48909034016388,-0.109709431062516
2023-09-26,5.71687485425256,-2.71126888832447,-2.47221488422986,-3.72624734576039,-2.81387504594395,6.01679231961655,-0.010061009610439
2023-09-27,2.78381867241416,-3.17268910726562,-2.11494554693691,-1.24928751721152,-2.78659634925298,5.74195097374331,0.797748874509558
2023-09-28,-0.683901710010659,0.491151380309386,-2.30504679333458,0.773361148867025,-2.37460976882516,3.78834742172088,0.310698321273119
2023-09-29,0.205027351553134,-0.161406667289942,-2.41655460546342,0.547280210462844,-2.38433226834635,4.34383502202747,-0.133849042943748
2023-10-02,-0.520869731770823,0.344484709065984,-2.33695860048574,0.234654042772263,-2.32267683638265,4.56887037488821,0.0324960419127471
2023-10-03,0.813262843928683,-0.50175709570118,-2.44585358410722,-3.11700993078656,-2.22756758610799,7.3618462715931,0.117079081181167
2023-10-04,-0.804932940382123,0.22319926788693,-2.23901819780137,-1.17150891852105,-2.18456760329896,6.43852602119235,-0.261697629075776
2023-10-05,-0.927106653253258,-0.488659371388724,-1.39577442749686,-0.578691045334978,-2.09297890283414,6.45189373815001,-0.968683337842052
2023-10-06,-2.37784924935083,-0.577929722980944,-0.603722403436086,0.428776639918294,-2.10122102479763,5.95630814467478,-0.724362384027593
2023-10-09,-2.15427286056625,-0.603959010299103,-0.509906619685891,0.136963156006139,-2.11988474931532,5.88536137146356,-0.634301287603137
2023-10-10,-1.84423287229243,-0.498237292859116,-0.553810868647728,-0.0756154061334726,-2.15818675066393,5.79781433391396,-0.667731143317276
2023-10-11,-2.06090098463311,-0.949742864609679,-0.82867736958314,0.883274243082898,-2.15522974162078,5.61036428131582,-0.499087563952006
2023-10-12,-2.89937340083072,-0.485995340244708,0.383155565489051,-0.0293408174717662,-2.05365092436455,6.12540164519946,-1.04019672777677
2023-10-13,3.86523767134598,-1.6041229158299,1.33190843614962,-4.84311866838138,-1.38664250061253,4.01963102172221,-1.382893044394
2023-10-16,-1.33346569578468,2.55390581174471,-0.357583027786781,-5.07170198266309,-1.30840425330724,7.87990959315506,-2.36266044535798
2023-10-17,-0.961511467705096,1.12307352268932,0.335880613095354,-4.86092153170682,-1.24859259302731,7.96407736059003,-2.35200590393547
2023-10-18,0.0300231080816555,0.222969078094607,-0.989773283620739,-2.64972703234511,-1.00424231977169,6.6253792809445,-2.23462883138322
2023-10-19,0.50607692693135,0.786151665253279,0.630146035885568,-4.34948186439324,-0.857489039968966,7.31267336476699,-4.02807708847497
2023-10-20,0.892285812122417,0.394908224565267,2.00943713308951,-4.42568714539838,-0.85582800737072,5.66511926693458,-3.68023528394267
2023-10-23,0.90348541376874,0.932409021374824,2.21927260783515,-4.43624780182263,-0.867091464485079,5.01893839680122,-3.77076617347221
2023-10-24,0.593957267316224,0.550747514636344,3.14653026071449,-6.57170038083801,-0.774500994491006,7.75937326206234,-4.70440692940038
2023-10-25,0.702447196629249,0.318785752788951,3.21278102780182,-7.61646306185297,-0.779071932320297,8.73354879508287,-4.57202777812962
2023-10-26,0.576886711701608,0.602965920373766,3.74447590951226,-8.2370057848177,-0.794426544591017,9.11548680690249,-5.0083830190814
2023-10-27,0.544888881482919,0.902740581738641,3.57847320070983,-8.52792046728442,-0.772539714874708,9.07095314872614,-4.79659563049841
2023-10-30,0.433941084692943,0.994860008728299,4.26915765342378,-7.94676050041725,-0.809381422629908,8.44138435660562,-5.38320118040348
2023-10-31,0.688836830327423,1.11087496514168,4.25333295831832,-6.85518065062303,-0.874475541169563,7.33717261878312,-5.66056118077796
2023-11-01,0.72777097142275,1.37369305995552,3.97995401246562,-6.83502160843323,-0.872509539326691,6.75260201393024,-5.12648891001421
2023-11-02,0.476228144567036,1.43804228337861,3.42356524404761,-7.15213774003716,-0.826706037718595,6.05357892736011,-3.4125708215976
2023-11-03,0.247453550924076,-0.121291154104297,2.30874366355663,-4.58425945371801,-0.756539313636341,3.59870657288682,-0.692813865908876
2023-11-06,0.0378644936398693,-0.187229315470507,2.62839736113987,-4.49987460412725,-0.78987635371023,3.79356807860117,-0.982849660072912
2023-11-07,0.0605985043844548,-0.168714986328743,2.29870280488683,-4.92415892416261,-0.738126700613524,4.4127404317232,-0.941041129889614
2023-11-08,0.568583221257398,0.0730403959213852,3.18704983202077,-5.85096284886426,-0.767281594260129,4.29449701524515,-1.50492602132032
2023-11-09,0.858504702287737,0.0866245485464336,4.58422998124677,-6.12745011837535,-0.75006627799669,2.88641369601015,-1.53825653171906
2023-11-10,2.15555725010238,-0.983335756747781,4.41160128359576,-7.54406972418413,-0.737419737767794,5.43188790638189,-2.73422122138033
2023-11-13,2.44981277486948,-1.21500139073161,5.58107333102297,-7.94395343865969,-0.712127127704959,5.1375034865345,-3.29730763533069
2023-11-14,0.644264424324021,-1.37758681344454,1.7316427704891,-7.46560643400428,-0.759755856552004,2.36896306451799,4.8580788446697
2023-11-15,0.00185403508915805,2.16067800699256,4.1808181816529,-11.042918364653,-0.945330670694071,2.59552784741655,3.04937096419591
2023-11-16,0.181100339323523,3.46956583313737,1.06466794633613,-6.98749852035791,-1.31202615437568,-0.278422647809764,3.86261320374633
2023-11-17,0.373473726901803,2.26840414928856,2.65854125103894,-7.13659828136312,-1.2435730533977,-0.100651635823048,3.18040384335457
2023-11-20,0.492396996848203,2.36899715080641,2.31396230241309,-7.40686959468797,-1.21106918943743,0.137259672429311,3.30532266162837
2023-11-21,0.908356505930044,3.20126923027677,3.01670604611691,-7.72790968798999,-1.17038733313242,-0.0247242690885514,1.79668950788724
2023-11-22,0.909551825059145,4.55650081634111,3.82667168331105,-9.29721227782208,-1.28556607129835,0.977503084570907,0.312550939838225
2023-11-24,0.733584215705578,3.24769726718677,3.23831839899844,-7.16701401898184,-1.2888816672125,1.80196022716594,-0.565664422862397
2023-11-27,0.626862230584933,2.59459353483887,3.27434908338693,-6.02162337991065,-1.34168428939711,1.71332461288676,-0.845821792389732
2023-11-28,0.370987512558747,1.89350875493083,1.84086669750991,-6.08144487047533,-1.33279133931495,2.3257695751566,0.9831036696342
2023-11-29,0.0738643098068739,1.4777707969863,2.33516811370088,-6.27901126391659,-1.33295279711904,2.66582881904249,1.05933202149908
2023-11-30,-0.0845675966312101,1.13180824040963,2.53495317827196,-5.25745346916617,-1.37881529918267,1.68178026958405,1.3722946767144
2023-12-01,-0.181717929654326,-0.0499695785460439,3.11943630586084,-4.36250821827123,-1.40436797799191,2.02723755240468,0.851889846197984
2023-12-04,0.502890946249533,-0.659356496074759,4.08339322022413,-4.17364883189988,-1.40019807127388,1.69443485108312,-0.0475156183082674
2023-12-05,0.349813110326515,-1.34468563631593,3.39678457680846,-4.49879758946966,-1.41277684942372,2.73097767978317,0.77868470829117
2023-12-06,0.250152563486466,-2.03868068923101,4.01395405004244,-3.98135145292689,-1.44593493064779,3.08906390879755,0.112796550479224
2023-12-07,0.631283704145435,-1.97760025106629,2.18891593715691,-3.97520778285137,-1.39718902432815,2.88560750975865,1.64418990718483
2023-12-08,1.13860492192527,-2.77723071291067,2.79955682497676,-4.34246123054704,-1.3492126418268,2.54657430501828,1.98416853336421
2023-12-11,3.1313630549844,-4.17967441780064,2.07611134522163,-4.56659843698139,-1.41861388196054,3.04303109051181,1.91438124602474
2023-12-12,3.23938477292597,-3.18131507080145,2.70839940012476,-4.88593266579707,-1.64094537368301,2.07395092698915,1.68645801024165
2023-12-13,3.59531718744588,-3.38550636864011,5.6765996116088,-4.62495044469933,-1.67505662209308,2.18608045312259,-1.77248381674475
2023-12-14,4.11485111008324,-4.26849135939096,4.12917490641279,-4.591573171247,-1.45595808879151,2.60390269491544,-0.531906091982005
2023-12-15,2.85688233232817,-2.71489493519613,4.57620353622241,-4.44683548444254,-1.31131576726069,2.80031941143168,-1.7603590930829
2023-12-18,2.52024445861602,-2.79987799796715,4.51472058971728,-4.40350821316767,-1.34359870717948,2.38109461621087,-0.86907474622987
2023-12-19,2.54030622584174,-2.85091063253474,3.82392806830458,-4.251208405933,-1.3139170320136,2.6332464729486,-0.58144469661358
2023-12-20,2.37044137218879,-1.77750367234824,4.43906081403866,-2.64518269117558,-1.35704570891486,0.485988184327613,-1.51575829811638
2023-12-21,1.93164984648213,-2.55532228645115,5.4515646060012,-2.56344646762995,-1.55493548112663,0.446393213059752,-1.15590343033535
2023-12-22,1.6106456796413,-2.90870804204378,6.72126910884568,-1.44979457678941,-1.2862475496431,-1.50379234487949,-1.18337227513122
2023-12-26,1.50303581943822,-2.82328133518741,6.56579338261624,-0.505353062362194,-1.32966469115763,-2.00493141907839,-1.40559869426884
2023-12-27,2.01661975724213,-3.94881438853736,6.34972902939135,0.602760977195448,-1.32384028807949,-3.20069260460703,-0.495762482605048
2023-12-28,2.01744077278174,-3.44973018373493,6.07802396657097,1.84840578664552,-1.43169961185407,-4.71696766139987,-0.345473069009351
2023-12-29,2.26860443931158,-3.40645980618449,6.03980049909973,0.987910677240704,-1.37667692130046,-3.84582397937582,-0.667354908791257
2024-01-02,1.07144346159255,-1.15535438735492,6.83020504169516,0.670852177329914,-1.41016023679205,-5.0072192361827,-0.999766820287949
2024-01-03,2.31171156540854,-1.17338135906125,7.43771077348167,1.04960389172097,-1.75393815236762,-5.48915354221229,-2.38255317697002
2024-01-04,1.65477617809423,0.00487412338016746,8.42992788582658,1.26445032276521,-1.59682122289599,-7.35202450412357,-2.40518278304664
2024-01-05,1.51601327122068,-0.366805714368589,6.30148112260447,1.24872723374847,-1.72039005481312,-4.95890679298284,-2.02011906540908
2024-01-08,1.439411488923,-0.410797684861771,6.02652254366839,1.19545271579158,-1.69824441975958,-4.4841588944724,-2.06818574928923
2024-01-09,0.748727905730597,-0.629126652941036,7.14998064987054,1.21911831256645,-1.6360745732267,-3.99762302904834,-2.85500261295152
2024-01-10,0.800790994512397,-1.16457312017388,5.68426464056798,0.566968402799487,-1.61025717482616,-2.24453551111522,-2.03265823176462
2024-01-11,0.216583977248657,-1.07158812456839,5.44896888594965,0.988751087341452,-1.71532908208921,-2.91236131691703,-0.955025426965129
2024-01-12,0.182008430441059,-1.22266433456574,5.12248583316709,0.670781236137852,-1.72734372515283,-1.91325789036686,-1.11200954966057
2024-01-16,3.79365122883576,-1.08330726207186,6.91329782373932,-2.23373467506611,-1.85212130121006,-1.56036614533321,-3.97741966889385
2024-01-17,3.0726045170482,-1.36494705953732,8.66005104773064,-2.31650671827855,-1.85437861270825,-2.13032789415945,-4.06649528009527
2024-01-18,3.22632593645763,-1.15955988138618,7.89564338784303,-2.65980326852114,-1.77074595957757,-1.73181882579943,-3.80004138901635
2024-01-19,2.07428538707956,-0.954845793729115,5.78228467834863,-3.46945537476568,-1.79295977602127,1.45639939711836,-3.09570851803048
2024-01-22,1.99226016611173,-0.893653800765102,4.5101805530984,-2.99759640741304,-1.74426935826392,1.04774780353245,-1.91466895630053
2024-01-23,0.898838129348571,-1.19881657657162,8.1330908231574,-3.25923080902289,-2.081493420875,1.84138384671199,-4.33377199274845
2024-01-24,1.36196712943271,-0.938850122508008,3.5546354725236,-3.33635954311173,-1.7511761395484,2.50274264829704,-1.3929594450852
2024-01-25,1.34393502408814,-0.877578135817434,4.27591965019585,-3.31589298563932,-1.79864464747321,2.39746835238845,-2.02520725774248
2024-01-26,0.889519723175527,-0.566196582235659,4.33856161893995,-3.33694662529889,-1.87241467596683,3.12886064878132,-2.58138410739542
2024-01-29,1.08282904856909,-0.830319334533715,3.70134321826547,-3.15755226630898,-1.84950605497753,3.31076518453757,-2.25755979555191
2024-01-30,0.89757954563628,-0.844324337763041,3.38570479790599,-3.35084699118775,-2.01788152211908,3.31600115883764,-1.38623265131004
2024-01-31,2.440482145954,-1.08232461216147,2.66801445184957,-2.11613593980738,-2.24095408497142,3.61934920583091,-3.28843116669421
2024-02-01,2.06380898549131,-1.26241025335485,2.40627974856826,-2.03552929949576,-2.2169223622475,4.01315797259934,-2.9683847915608
2024-02-02,2.74030594571397,-1.2067815009877,-0.0275701646286599,-1.58624488855765,-2.19694877361745,4.06979893492874,-1.79255955285124
2024-02-05,3.30352827619163,-1.60487295464355,-1.45808472604368,-1.88381709703663,-2.22004561577536,4.60314557272365,-0.739853455416064
2024-02-06,2.93312107087882,-1.78915810943165,-0.375577599983977,-1.87188540922707,-2.33080929083135,4.67297665896481,-1.23866732036959
2024-02-07,2.99219386299168,-2.2108099941485,-0.702244880673176,-1.7821919058292,-2.07244062390804,5.09335112726646,-1.31785758569922
2024-02-08,2.45817968421942,-2.15742739384654,-0.0554707532714342,-1.72655097533134,-2.22091818298059,5.57917851494824,-1.87699089373776
2024-02-09,2.43343542752618,-1.19416197555403,-0.363692008242509,-1.83713820534435,-2.19578000884735,4.80211865861752,-1.64478188815546
2024-02-12,-0.0242496491507431,0.385705252870803,3.39113498395247,-1.27076473799059,-2.28749536235144,3.03104002994263,-3.22537051727313
2024-02-13,0.835710335295069,2.20916526618946,-1.18008621992379,-2.45376190190763,-2.89790892616135,5.15096733741451,-1.66408589090628
2024-02-14,-1.21077454529972,0.220161613276808,-1.75637455550637,-3.13021447679348,-3.31856495562636,11.6952761571411,-2.49950923719199
2024-02-15,-1.40335079771851,-0.249694295154196,-1.0782107998246,-3.77288285454477,-3.47602658128678,11.2011273649595,-1.22096203643059
2024-02-16,-1.32797823197946,-0.338305937967435,-0.701118882972395,-3.80534714052561,-3.63304520554561,11.472732449316,-1.66693705032554
2024-02-20,-0.740198058687163,-0.158798441123322,-0.980124900167379,-3.84877731652783,-3.81736293930558,11.5622748090982,-2.01701315328694
2024-02-21,-1.24865053260671,-0.18882061059881,-0.324855636371327,-3.81477482497289,-3.83595522227388,11.5366466122455,-2.12358978542192
2024-02-22,-1.48955001072667,-0.304259176454073,-0.961768114674964,-4.19502038766792,-4.24879369520305,12.9271661222989,-1.7277747375722
2024-02-23,-2.40555531106356,-0.378580277399353,3.38823252972718,-4.11683430472354,-4.46366178540074,10.9941481096299,-3.01774896076987
2024-02-26,-2.80321096589367,-0.671253910586367,3.66902769442841,-3.96472159056508,-4.33313596723061,11.416738427488,-3.31344368764064
2024-02-27,-2.56411791462512,-2.22093397097012,4.12724176544117,-3.8951806212334,-4.10776143610852,11.590992262624,-2.93024008512799
2024-02-28,-3.23829265709126,-0.5856378163082,4.60336749935314,-3.622124415068,-4.13896434448557,10.5802758890274,-3.59862415542752
2024-02-29,-2.07747529070294,-0.48074879964389,3.91739711463253,-3.86362190413238,-4.2870961971831,11.6316263153146,-4.84008123828481
2024-03-01,-1.7697417703097,-0.128925702710293,1.68788491086938,-4.10772289339232,-4.27269506828812,13.0214282528237,-4.43022772899265
2024-03-04,-0.814532120146126,-0.916287590335967,0.667708414187718,-4.42250519376133,-4.2317407136862,13.7616654833062,-4.04430827956428
2024-03-05,-2.15814814280109,-0.397774662745475,3.9452582620814,-4.46665561347757,-5.04501216579173,14.0527526497274,-5.93042032699298
2024-03-06,-2.02505082601986,-0.501981387439416,4.40552077550469,-4.93039766558832,-4.79612370685132,14.1566756909962,-6.30864288060193
2024-03-07,-1.70273267803973,-1.38001257197787,3.05243653559733,-3.07591626286732,-4.94962726857475,13.4654128527381,-5.40956060687574
2024-03-08,-0.899413279311965,-1.55777944859711,3.38853121721403,-3.46939947195681,-4.88338663707159,13.2967198696485,-5.87527224992508
2024-03-11,-0.19551861515637,-1.66783010202557,3.59189019306821,-3.52292989289227,-4.99624565035264,12.8206914849221,-6.03005741756343
2024-03-12,3.89256041002985,-2.38385374151358,2.83974910936761,-3.36557904510116,-5.63379139164954,10.8270434163525,-6.17612875748569
2024-03-13,3.91030623185111,-2.48538039022559,2.5180794891199,-3.56816477231359,-5.81414961829878,11.0333673440476,-5.59405828418069
2024-03-14,3.40824180390257,-4.30351298994501,2.36318166591595,-4.14915248741351,-5.81520108252928,11.8540417608208,-3.3575986707515
2024-03-15,3.01596964654113,-4.09200082947367,3.33058537151295,-3.95009334891517,-6.03525629818871,11.3015961823342,-3.57080072381073
2024-03-18,3.42397386851557,-4.63993873040926,2.15362469252371,-3.83750468811003,-5.73381039780372,11.4736498922444,-2.83999463696066
2024-03-19,3.96044202967702,-1.72857115986735,1.81186737965893,-3.84307964155033,-5.9744000682715,8.6394583545476,-2.86571689419436
2024-03-20,3.04345747730761,-1.83726203378422,1.62832089302398,-4.07944890912628,-6.12508374479673,10.7122519494522,-3.34223563207656
2024-03-21,1.24858847907878,-0.474296120250127,1.55969130083048,-2.96137951041595,-6.0950689891315,10.953508659376,-4.23104381948764
2024-03-22,0.703946891930148,-0.880463691170576,0.728905055700732,-3.09220876315754,-6.11349047807446,10.1232127647279,-1.46990177995617
2024-03-25,0.570870983961782,-0.166042155686819,-0.655904184975554,-3.01730627961933,-6.0994355829903,10.8089355770017,-1.44111835769146
2024-03-26,0.672500691743291,-0.289464412722333,-0.6382401103004,-2.51763825981867,-6.11091515444334,10.3300879630046,-1.44633071746311
2024-03-27,0.0929374171513082,-0.251821398078219,-0.986488339683669,-3.06444996414087,-6.24833206846521,11.9684146898035,-1.51026033658679
2024-03-28,0.008303085165835,-0.783389802344393,0.234885844910638,-2.21602859076287,-6.48264805462519,11.2420722162817,-2.00319469862571
2024-04-01,2.71225749845991,-0.994962557357697,-0.0455477564728159,-1.61212814620007,-6.42261493685094,8.63101792383453,-2.26802202541291
2024-04-02,5.28029852365009,-0.773242510724815,1.14418663049735,-1.39403209568361,-7.25447367246531,8.49113378640524,-5.49387066167894
2024-04-03,3.32330765574387,-1.13043327578404,7.1716534426942,-1.06579797109056,-7.05626532316193,7.8076086704757,-9.05007319887726
2024-04-04,-0.0219528605555652,-0.901664123080161,5.83017620536756,-1.76491574928388,-7.38107807220526,14.9190330915742,-10.6795984918169
2024-04-05,3.56721900745417,-1.40856523644861,7.481830274487,-2.30151880508038,-7.74766505845778,15.377629816292,-14.9689299982464
2024-04-08,0.921311085401879,-2.44113622742242,6.48362100615146,-2.52699600199766,-8.87410779259629,19.4641945775524,-13.0268866470893
2024-04-09,-0.145437128163536,-1.31747126525098,7.2029074906735,0.23649530136605,-9.54404721075256,17.5929551435737,-14.0254023314462
2024-04-10,-1.30081760122852,-2.45867115543694,0.487084771295347,-0.0454102468327626,-9.30854893906185,18.408357838738,-5.78199466747327
2024-04-11,-2.17249988835152,-2.10886571665257,1.12995191342234,-0.257255225081876,-9.82431609005252,20.2719304372127,-7.03894543049658
2024-04-12,-4.05190419329136,-3.25103145689407,-0.783522328175941,-1.45797248553434,-13.0549826486922,24.5044861917246,-1.90507307913673
2024-04-15,-4.96945378075139,-2.48856383801186,-3.13219774955299,-3.82886894355602,-16.0033071666767,25.5626318306859,4.85975964786313
2024-04-16,-5.06993117769862,-2.62518049047219,-2.38518687207612,-4.96581261206035,-14.8063910291178,25.1352303244438,4.71727185698128
2024-04-17,-4.25083009041778,-2.7086777543953,-1.93787847548657,-5.135328693828,-14.7667754222819,24.7742964691603,4.02519396724924
2024-04-18,-5.02008470450003,-2.7449971354102,-1.60222180517259,-5.00948660603865,-13.6836821160461,24.9132541315042,3.14721823566337
2024-04-19,-4.26065485894342,-3.02651124544092,-1.89163321018163,-5.03381710565364,-13.5778925118454,24.3701087215991,3.4204002104659
2024-04-22,-3.63378169512304,-2.68879620303002,-1.84862087117214,-4.63659274921264,-16.8267299393176,27.2460448807931,2.38847657706228
2024-04-23,-2.5715524456176,-2.25743417742878,-2.38385723896571,-5.74879169343368,-18.8579369666057,27.8564480425753,3.96312447947621
2024-04-24,-2.85672643836432,-2.63566497366601,-2.16706561734233,-6.15265934120006,-19.3340659754929,28.8826489851811,4.26353336088445
2024-04-25,-3.1836725921327,-3.04179097763677,-2.03228749736605,-6.10018451180199,-20.0130190563953,29.4160787274686,4.95487590786416
2024-04-26,-3.14555911141835,-3.19131704457941,-1.68282366503691,-5.79143096679705,-20.2856582681523,29.7919931892088,4.30479586677522
2024-04-29,-3.05390009575959,-3.21071863513376,-1.59867212128233,-5.62547177513525,-20.1745997189565,29.9443846056064,3.71897774066104
2024-04-30,-3.92354907709505,-3.68105667552082,-3.48802137481456,-6.92168322265961,-21.2569604988163,33.6266550177823,5.64461583112404
2024-05-01,-3.75494664440131,-3.39563209463404,-3.31228326301037,-6.75870134712258,-20.6991476983137,33.1932439031962,4.7274671442858
2024-05-02,-3.85220008423253,-3.59406667718641,-3.07369327582667,-5.99833457390289,-21.7731443355719,33.5348186095493,4.75662033717116
2024-05-03,-4.15169203068631,-2.27038855808247,-4.58525928671974,-7.12452676578419,-24.4842136983733,36.7240090013681,5.89207133827792
2024-05-06,-4.1485650311803,-2.81331239372336,-4.3763545952141,-6.47371746379049,-25.1995258054983,36.9429358506432,6.06853943876328
2024-05-07,-3.8193935496484,-3.04948601008909,-3.61605314484625,-6.19614545095416,-25.007853720886,36.2837511873679,5.40518068905599
2024-05-08,-3.6617261744018,-2.90136253538358,-3.8076310290474,-6.35990881560159,-23.4551583852645,34.9645126199016,5.22127431979734
2024-05-09,-3.70532559200058,-3.14371167283869,-3.77468431913834,-6.18401255235115,-23.1901728568577,34.6194579415412,5.37844905164533
2024-05-10,-3.99835486460837,-2.11896236768042,-3.02220916149625,-3.68262335158152,-22.5490414772426,31.5900400748908,3.78115114771828
2024-05-13,-3.67370215676085,-1.38718123189516,-3.51481793812233,-3.85527258596595,-22.1043510509854,30.0945388810097,4.44078608272
2024-05-14,-3.606489632197,-1.66866989128386,-4.2255491612957,-3.17478947816683,-21.8752493883821,30.0721848808193,4.47856267050613
2024-05-15,-4.91373555042683,-2.34726813089541,-6.42389569170598,-3.33507124198617,-23.3017593176496,32.7864525294183,7.53527740324569
2024-05-16,-4.45364679696248,-1.47144026669313,-7.06680860929144,-2.24393393532056,-24.0355979566516,31.5187911695725,7.75263639534668
2024-05-17,-3.72748525883825,-2.45420243143002,-3.2998100067016,-2.73130457059283,-23.1291572429654,29.2484667189011,6.09349279162696
2024-05-20,-4.09676943901526,-2.27620779592962,-2.90479431004183,-2.80319241957535,-23.1264470298954,29.2834573479247,5.92395364653272
2024-05-21,-4.61731745045003,-2.52379539018826,-1.36722237942393,-2.38274874872156,-23.1624644639281,28.2366955036025,5.81685292910935
2024-05-22,-3.03425747043071,-4.38861642652765,-2.29669193727914,-2.25171086801802,-23.2306157222452,29.1577542877878,6.04413813671294
2024-05-23,-3.33076054323975,-3.96800572292886,-2.54582922284276,-2.09649625256679,-23.8272547114999,29.8278616514507,5.94048480162736
2024-05-24,-3.72163595813354,-4.32585115960137,-2.56966447060607,-2.35576251366842,-24.2742768070683,30.7904487988664,6.45674211021132
2024-05-28,-3.75005082361996,-3.31541102243753,-2.28630874605874,-2.61948558002955,-24.2277682149822,33.1349242584831,3.06410012864487
2024-05-29,-3.42042902828956,-3.91389898539346,-2.01221238474782,-2.03217200280177,-26.7531397840802,34.4312084727559,3.70064371255695
2024-05-30,-3.05101051364827,-3.35207767633655,-2.0202723741968,-1.41230725688503,-26.6216531251738,34.1095846541248,2.34773629211566
2024-05-31,-1.20031600711713,-3.90224073518762,0.348035362496567,-2.53207101106185,-30.661623797787,33.4849764176008,4.46323977105622
2024-06-03,-2.23474970987641,-3.30002971192433,0.410821827876445,-2.04521959540971,-30.1365056925053,32.9890022133952,4.31668066844413
2024-06-04,-2.28881133212241,-4.48527740740189,2.35855241664774,-1.71746876205275,-30.1707572409337,32.7484352685848,3.55532705727814
2024-06-05,-3.13736469662675,-3.13345961102642,1.64034273483531,-1.73240972545298,-30.185694668673,33.4509568207557,3.09762914618817
2024-06-06,-3.36797279586735,-4.1357071943845,2.58353587450474,-1.72299284223314,-29.1516553844986,32.6016407614578,3.19315158102109
2024-06-07,1.04405244877328,-3.98379203404977,-1.07027270077605,-2.17360316883039,-28.3385495487133,31.7369123835113,2.78525262008494
2024-06-10,0.054103839704581,-5.12487624621056,-3.63332281347131,-2.67762317276964,-29.1749834011244,32.7123282519403,7.84437354193103
2024-06-11,-0.761016913490003,-3.6904243174072,-4.29189925131144,-2.64764305344891,-29.5157243799187,32.033010813059,8.87369710251723
2024-06-12,-1.107929997796,-4.58322997107348,-4.88945694641962,-2.73976557582903,-30.7626772989063,33.469154863184,10.6139049268404
2024-06-13,0.25213450193818,-3.93203743032814,-5.93292139108834,-2.90818571290222,-30.1368966923314,32.6941174784669,9.96378924624506
2024-06-14,-0.9313496460998,-2.39421005989198,-5.97465709297079,-3.34991134585905,-31.2468245817667,30.4868624220778,13.4100903045105
2024-06-17,-0.954039720486342,-2.08975298640668,-5.85068296489401,-3.22452306260185,-30.8765304065271,30.3734416218499,12.622087519066
2024-06-18,-1.53189699602893,-2.37764790733754,-4.05647206196149,-2.08125101048095,-30.9098297816003,30.1793955665383,10.777702190871
2024-06-20,-1.36423393004185,-0.831505846311401,-4.80959688949093,-2.57126270088282,-31.7284258082493,30.5703242734541,10.7347009015222
2024-06-21,-0.951278742796365,-1.33807479572209,-4.54203243238699,-2.6105426201607,-31.6369771427312,30.8053437396831,10.2735619941142
2024-06-24,-0.914055053998361,-1.02797354725356,-4.19715061386822,-3.29551324120906,-31.5429695780333,31.0816947214289,9.89596731293366
2024-06-25,0.0373467294545691,-3.25759760072543,-3.28572329973555,-2.50776539490276,-31.9804135805137,32.0396605183219,8.95449262810097
2024-06-26,0.659620048587851,-3.34221435658633,-1.96003383142487,-3.2696490753528,-31.556681358094,32.1148165311163,7.35414204175383
2024-06-27,0.453150054476929,-3.55516753736078,-2.53640804238186,-3.04358490461778,-30.9352521652946,32.3133581849058,7.3039044102723
2024-06-28,0.479714110618943,-3.01179929905902,-2.54403861420621,-3.16937321113924,-30.6302093918455,32.1231389129135,6.7525674927175
2024-07-01,0.214457822503178,-2.34192606826635,-3.18171175427678,-3.15400484756268,-30.3862206878845,31.9932729262603,6.85613260922685
2024-07-02,0.284821884758877,-2.75941790337917,-3.15594061005248,-3.18893481166635,-30.3571648119512,31.5804611164215,7.59617513586873
2024-07-03,0.620642280778679,-2.93556488077757,-2.98953138980173,-2.04274680172445,-30.0692165870953,31.1183587291559,6.29805864946452
2024-07-05,2.7466742552776,-3.53747183519673,-2.46904808780181,-0.145715227906368,-30.6153093237296,29.7965909626697,4.22427925668714
2024-07-08,1.70257287352794,-3.5165671784994,-2.69974032804114,-0.767490327711972,-30.5438775652629,31.0107604057636,4.81434212022389
2024-07-09,1.61232144719629,-4.05294063660884,-1.52105880698548,-0.419919840894877,-30.6588361335954,30.4725517621121,4.56788220877618
2024-07-10,1.70087437392803,-3.71069456873259,-1.64780111804178,-0.188045776296239,-30.8181334083861,30.2833256131494,4.38047488437932
2024-07-11,2.07498175169096,-3.67192882461893,-1.48852450918335,-0.18253194930891,-30.5820744551439,30.4901927663534,3.35988522021073
2024-07-12,1.99360778898924,-3.87027143046544,-1.83159229618967,0.0866388111344456,-32.9236832691665,30.6129069014126,5.93239349428541
2024-07-15,1.12577259407635,-2.52617361747886,-2.521902572433,-1.06500827094064,-32.2378817735446,32.27519702463,4.94999661569074
2024-07-16,2.7208420421639,-2.61655807140975,-2.77056312871046,-0.710218854770913,-32.8340261320744,32.3132648249182,3.89725931988342
2024-07-17,3.71082076634443,-2.66261887664998,-3.10735881218893,0.280325224568024,-35.1544589288439,36.6059682120005,0.327322414769856
2024-07-18,2.26835029478425,-2.85861053003196,-3.07666502043556,4.85208616942105,-41.1240096373657,38.3230007914402,1.6158479321877
2024-07-19,0.819019356527996,-2.17962571763467,-2.15593761006178,2.56380783129678,-36.9836014010032,37.4356054299485,0.500732110926322
2024-07-22,9.30112737583405,-0.891024942182842,0.151670778629139,-2.38786603315889,-40.2012313059567,35.4381037510224,-1.41077962418716
2024-07-23,10.4178805760819,-1.00356533131756,-0.36075975575196,-2.281492090791,-40.6280792001233,35.2291035152157,-1.37308771331387
2024-07-24,9.0425332888317,-0.19876120953159,-4.27442319735374,-1.92817449038608,-54.7811704589303,53.1190266234026,-0.979030556032569
2024-07-25,9.13404012807417,-0.288968202778371,-3.6814899789142,-2.55250776188788,-43.3130579738052,42.8981935839965,-2.19620979468499
2024-07-26,5.60183365487598,1.80948646036971,-2.95294320304424,-3.0886547855237,-39.5071684001338,40.0540289596382,-1.9165826861822
2024-07-29,5.38864681928144,2.57124723185304,-3.02326938591847,-2.95639061148166,-37.6484741011116,37.4566250933287,-1.78838504595143
2024-07-30,6.81246256133519,3.94515550586926,-3.97593570857771,-3.18820835377245,-35.9313909715011,34.2465358330197,-1.9086188663729
2024-07-31,3.6980408151818,0.843852371454526,-2.48628249655596,-3.05642337746615,-31.2714261302233,33.6752869181445,-1.40304810053543
2024-08-01,3.36975214289528,-0.0372101760497667,-1.18065395413853,-3.59174886673597,-33.5559029402851,34.5357035335203,0.46006026079376
2024-08-02,0.26774376023881,6.78578409481698,-0.815439532277054,-4.27595780090473,-44.9274460565792,41.6706584692961,1.2946570654091
2024-08-05,-4.02100693239579,28.3292173561048,-54.04122499824,2.18456915432175,-79.0531252083939,90.6695706780244,15.9319999505787
2024-08-06,-4.99088423284463,0.996221420472423,-19.1094350515639,-3.89728126908636,-60.6327823077527,73.8470701254911,13.7870913152841
2024-08-07,-4.87281450044999,-0.160269573698198,-15.4549862965398,-3.30825822775454,-57.4926505950363,68.7165847828172,12.5723944106616
2024-08-08,-4.46496433858101,5.39557192087228,-6.7849735422806,-6.59929444191265,-59.1976918217314,64.7908093247207,6.86054289891269
2024-08-09,-3.75704217939701,3.91560458815839,-4.3367856554379,-7.50094312671629,-58.5430387638277,64.0858165695844,6.13638856763615
2024-08-12,-3.6853409485846,3.67915683898374,-4.30505414759988,-7.53541216030646,-58.0509310151846,63.7639488397975,6.13363259289428
2024-08-13,-3.01203613565826,5.25441775570241,-6.74147641903753,-7.50138021366053,-57.2999637022482,65.532737545747,3.76770116915507
2024-08-14,-2.80014782136535,3.58462258991674,-6.76145829175574,-7.64439870598947,-55.7638185264336,65.1196368866136,4.26556386901375
2024-08-15,-2.5897345460839,3.10597628372612,-6.10937978614815,-7.30902672673225,-55.7514036695265,64.7382455939112,3.91532285085355
2024-08-16,-2.46790150079419,2.93883681622851,-6.16234974287024,-7.25995597944494,-55.6766182560848,64.8598106090954,3.76817805387029
2024-08-19,-1.77289882093338,2.7492677435989,-5.98386542938474,-7.15875465993636,-55.4522762540712,64.2462348846561,3.37229253607064
2024-08-20,-1.59675976176732,2.52666784095385,-3.58101516474047,-6.78916130796306,-55.9481990082731,62.2002606879278,3.18820671386227
2024-08-21,-1.48920862894813,2.72004185683135,-3.66675861194314,-6.68673246003027,-55.7011750490389,62.3802823393454,2.44355055378373
2024-08-22,-0.605691578480942,2.81424843015508,-3.20198091313424,-7.05803364778127,-55.7599366622298,62.2143457389731,1.59704863249809
2024-08-23,-0.515159171145168,4.63037156597871,-4.01419124298397,-6.14903347655938,-55.4104096664143,61.3475791515576,0.110842839566523
2024-08-26,0.852554300995898,4.8049577799976,-6.09550568534088,-5.82296251096651,-54.1385993319481,60.9286034979068,-0.529048050644832
2024-08-27,0.821938522577451,2.97204380580364,-4.3024675557435,-5.82133417829571,-53.7523372230903,60.7530293300235,-0.670872701275126
2024-08-28,0.367132462753975,3.29435432432862,-5.33133334792409,-4.69129665268673,-53.2554028742795,60.05167099311,-0.435124905302253
2024-08-29,0.00672799853078132,3.2487125951742,-4.24901272426019,-4.75756665023498,-53.6473442682927,59.8941334264922,-0.495650377409259
2024-08-30,0.991064463274405,2.99455463169809,-4.64649627971291,-5.11852236584989,-53.8068050837558,59.5786808887813,0.00752374556474678
2024-09-03,2.13879827902001,4.15713787006903,-8.27611150404675,-3.89445281746929,-57.0849800084746,65.0117830084804,-2.05217482757878
2024-09-04,1.77400003893998,4.00597630888205,-8.05298554432888,-4.35144665503495,-55.8834265177074,64.5510327589706,-2.04315038972134
2024-09-05,2.25007480202208,2.3757454057066,-7.28642765870438,-4.72130695308948,-54.0875570917555,63.753351187419,-2.28387969159832
2024-09-06,2.19910958877974,2.93366813376732,-8.92591766949832,-4.04236553071428,-52.2703397278786,62.7693758002508,-2.66353059470664
2024-09-09,1.09781501964987,4.12218865111638,-9.48485243592982,-2.23011951849689,-53.0336972439057,62.1734682668299,-2.64480273926373
2024-09-10,1.32177707434656,4.42683165386044,-6.79295540329451,-3.44161948502162,-52.2643623625008,59.5252085227962,-2.77488000018622
2024-09-11,1.13007148858324,4.44318244580628,-7.02936206618637,-3.00864919805728,-52.5011815955244,59.7513403473807,-2.78540142200215
2024-09-12,1.8742050490561,4.40880915763006,-7.11732139382918,-2.91170191162002,-52.2378560135634,59.1988918036988,-3.21502669137238
2024-09-13,2.03218233469998,5.22494096951662,-7.47011483594052,-2.4663798995661,-52.3152645456873,58.6260134177247,-3.63137744074735
2024-09-16,1.94233563383596,5.10659424895761,-7.72657645356133,-2.31311481561337,-51.7714007867873,58.3963292319957,-3.63416705882718
2024-09-17,1.69352770434588,4.92226017519105,-7.34864142596783,-2.44939632195342,-51.5690200110817,58.0561728576052,-3.30490297813918
2024-09-18,1.75272643887602,4.60559915286471,-7.18045578523204,-2.62927070834152,-51.0869798138978,57.5832819071164,-3.04490119138576
2024-09-19,-7.99492275371196,1.91819802049789,-20.8945002915179,3.51296983545719,44.4168277561364,19.4026306521495,-40.3612032190111
2024-09-20,-14.6842566856262,-1.00543146199285,-31.1054992723147,-19.9656361143103,60.845346482604,13.2928596333352,-7.37738258169519
2024-09-23,-15.2655204624452,-0.736854087970134,-30.8142646135106,-19.8178938724254,60.1316590268423,14.117972776151,-7.61509876664199
2024-09-24,-14.4858622059098,-0.622219943032224,-31.0374261866128,-19.5449289299111,59.0201953219748,14.465636845297,-7.79539490180585
2024-09-25,-14.8410521368742,-0.3630563189875,-28.4924208884946,-18.7650953579524,57.3936649764274,12.214093791866,-7.14613406598467
2024-09-26,-14.724067522841,-0.218630347604144,-22.6084374261134,-18.785749472469,51.910695183969,11.5135434126733,-7.08735382761473
2024-09-27,-14.4584035328546,0.126793858517217,-22.998365317953,-19.5615032627529,51.5085155427969,12.2146196958185,-6.83165698357211
2024-09-30,-14.3268439377301,0.0343151457606474,-22.9530758323182,-19.5118210327523,51.6759081865843,12.0900681872067,-7.00855071675097
2024-10-01,-14.3044399086904,1.94895520573256,-26.0736955278653,-18.8351909105775,50.5991100365903,13.509814649077,-6.84455354426665
2024-10-02,-15.6098833072862,2.44702688200153,-26.3010502256286,-19.0619802023991,51.7290575575799,13.2842653695985,-6.48743607386615
2024-10-03,-15.0010828522193,2.10889114818766,-26.2590429096452,-17.0809765038768,49.7719485107763,13.0278874116614,-6.567624804884
2024-10-04,-15.4367129101108,2.17372702780701,-26.4908178314254,-15.3910901940707,49.1232820929547,13.0867722469542,-7.06516043210893
2024-10-07,-14.9821000719894,2.81000133589595,-27.3323935709597,-16.1427845563732,49.1303477349473,14.5779867043464,-8.06105757586737
2024-10-08,-15.132083995143,3.0318226585915,-26.7340319174428,-16.8385841569842,47.938311791519,15.5806427252637,-7.84607710580426
2024-10-09,-14.7632677182166,3.01278511288941,-26.5780257880095,-16.573178766991,46.5611296319604,15.5633928501727,-7.22283532180548
2024-10-10,-14.1678596247189,2.77935225025808,-24.5434057310461,-16.5664525264457,45.4344649203173,14.3213373478836,-7.25743663624835
2024-10-11,-11.4992488720678,2.78365838320043,-22.1898156549193,-16.8334864408764,42.5558318080546,12.4198892503017,-7.23682847369319
2024-10-14,-10.1057741042739,3.25916092470688,-20.4862264232702,-16.5509037020178,40.3313006601468,10.997350447777,-7.4449078030689
2024-10-15,-10.189135342412,3.45029942410098,-19.013197028526,-14.8627512206743,38.6277919327117,9.68986331117823,-7.70287107637862
2024-10-16,-10.4153326898752,3.45164804220967,-18.9519368718279,-14.5637506779384,38.3542601664259,9.8985297524995,-7.77341772149359
2024-10-17,-10.4287710859921,3.35924972354646,-18.6369549361066,-14.6961677763911,38.2772611750574,9.72508138194696,-7.59969848206103
2024-10-18,-9.56068182881256,3.47851162614933,-18.6052471360161,-14.7051725053358,37.1172223512733,9.72123660479748,-7.44586911205566
2024-10-21,-8.97892393479528,3.40678084887286,-17.9888876357819,-14.6793452356964,36.1838266229958,9.48747938790918,-7.43093005350425
2024-10-22,-9.30149329148348,3.66758100965464,-17.1472762458772,-14.7472748451165,35.689457210416,9.14007190953758,-7.30106574713114
2024-10-23,-7.8753703208273,4.24234692762642,-16.177055446084,-13.3507968473462,31.2933428500931,8.42414978009817,-6.55661694356018
2024-10-24,-6.91784819180932,4.3666402495197,-15.5522824965723,-14.1249144225483,30.1112726077981,8.08223016354241,-5.9650979099303
2024-10-25,-7.68574450453518,5.12162829565854,-14.945907297045,-13.6437343864749,29.0278094132791,7.86766811784359,-5.74171963872621
2024-10-28,-7.70025292353743,5.2220527177536,-14.3302139325373,-13.5440590065598,28.7221828190942,7.58491116832183,-5.95462084253513
2024-10-29,-6.83133135216876,5.67424542413099,-12.6485020914958,-14.4968966730817,27.774316110269,6.80702057794772,-6.27885199560144
2024-10-30,-6.60462233274022,5.7610889383429,-12.3126862934267,-14.142292329172,25.7763612023703,7.21822425007304,-5.69607343544737
2024-10-31,-4.43795007891722,6.64161384011306,-14.4423257883645,-13.8459009047631,23.8233724642311,8.86926361609314,-6.60807314839252
2024-11-01,-4.27898744544653,6.27985164815348,-14.5500367212277,-13.7922798167316,23.7471595323386,9.18334251104561,-6.58904970813186
2024-11-04,-4.32850318402888,6.1798024628588,-14.4071719947065,-13.4416818766328,23.5058541902115,8.88650182099486,-6.39480141869696
2024-11-05,-4.7218578645712,5.84810137987736,-12.5699551055668,-13.3428082251884,22.2165731819311,8.14561893291166,-5.57567229939373
2024-11-06,-2.46939175012157,7.00145236979553,-16.3007684741563,-16.2117288803378,17.5911446702333,7.17187387428358,3.2174181903033
2024-11-07,-1.93489089403375,8.55928174304889,-16.7488277529278,-17.0106551064378,16.2274061917066,6.4035880510128,4.50409776763109
2024-11-08,-3.15312757814217,8.06037570874739,-19.1124519911227,-20.3252816714432,25.7831714137275,5.55660739821126,3.19070672002189
2024-11-11,-1.5072660677072,7.52188162461504,-18.7178478191998,-18.8564399526228,21.2575984789468,4.52563145923312,5.77644227673488
2024-11-12,-1.07493898720737,10.8615160215656,-18.3375918537254,-21.1889279497027,19.0297754644728,3.85642911464615,6.85373818995093
2024-11-13,0.0710010259917055,9.57773784879947,-18.3925153641527,-20.0481383147213,18.9085056939287,2.31568633690468,7.56772277324936
2024-11-14,-0.627738452647989,8.47877938870171,-18.680171885422,-19.018532064651,18.7936219083397,3.55096530530447,7.50307580037514
2024-11-15,-0.0725340559832972,6.34845312003181,-17.6964193922078,-18.7686729210893,18.2845990160891,3.69691726610577,8.20765696705369
2024-11-18,-0.0290057356971545,5.93776476200035,-17.8059221697072,-17.7994084921477,18.2452655418657,3.25861713005457,8.1926889636315
2024-11-19,0.356632486627845,5.35799710340206,-17.6443269174011,-16.7975998898695,17.5812713646049,3.02932809101401,8.11669776162184
2024-11-20,0.097393328336814,5.41063391500986,-16.9400262429347,-15.990293983784,17.176623537532,3.25957281558617,6.98609663025388
2024-11-21,-0.87517712102543,5.5781939271644,-16.8660063271123,-15.990959961862,17.2594314230616,3.52695793511681,7.3675601246569
2024-11-22,-3.59100460061822,5.59671325033509,-14.9888747076743,-15.1106996333817,15.9941429021346,4.0853268431663,8.01439594603816
2024-11-25,-3.47480426817187,5.09448661733176,-14.5449968016187,-14.8571022787966,15.794311110148,5.74213060412816,6.24597501697922
2024-11-26,-3.31559769120659,5.06296234817271,-14.7831242357043,-14.7655388722756,16.2306189169041,5.24909638620194,6.32158314790776
2024-11-27,-2.51433867369677,3.46895000711712,-14.3766059323675,-12.58172516446,14.982725083856,6.33227363945887,4.68872104009226
2024-11-29,-2.45498045132389,4.10412449375362,-14.0246648050306,-12.4024095578604,14.5856237129317,7.80356727713087,2.38873933039871
2024-12-02,-2.32464539458017,4.06546959527528,-13.8179594563923,-12.4926924466822,13.7792403978286,8.43689760504011,2.35368969951067
2024-12-03,-2.02895282341484,2.92331736182806,-13.4468424451264,-11.7892276875213,13.0504274772322,8.44400163441882,2.84727648258353
2024-12-04,-2.27600649107588,2.66779855479614,-12.9577021611258,-10.993864396821,12.1378622595124,8.73427275022451,2.6876394844897
2024-12-05,-3.63245464983787,2.75538163918653,-12.5966667326765,-10.8201685464334,12.3041622402111,8.99057863413304,2.99916741541712
2024-12-06,-4.80869880159101,3.19825666479524,-12.2762017479927,-10.9650535519838,12.2388003103799,9.99171521944605,2.62118190694632
2024-12-09,-4.66317950872276,3.09975614817322,-12.5937020381654,-10.9399938533771,12.3188558385798,11.2239615582195,1.55430185529276
2024-12-10,-4.94725362088192,3.55391263971004,-12.7471271857919,-10.197341415982,12.1189810040196,10.3136992576192,1.905129321307
2024-12-11,-6.15901944876918,3.14036492973934,-12.3132168223834,-9.04361656540911,11.2863002235266,10.9055508907919,2.18363679250391
2024-12-12,-3.58916460721886,3.22858064043546,-12.6747676436966,-9.80881555075043,10.7907069826118,10.2996564847349,1.75380369388372
2024-12-13,-3.32944586479067,3.1826032503483,-11.8846597577861,-9.55777916280551,10.5662098149852,9.27034370536998,1.75272801467876
2024-12-16,-3.38495782163168,3.07454748082872,-12.3141122666206,-9.46858879370685,10.2301073817246,10.2006161391706,1.66238788023528
2024-12-17,-3.36178302486166,2.70643831057874,-11.7673536330251,-8.154578460728,9.27553151640003,9.6899427093575,1.6118025822785
2024-12-18,-4.08306820946118,6.30808583696255,-30.7011180573304,-19.0351635678452,6.97370043273103,37.5342791273695,3.00328443757366
2024-12-19,-3.26047143665576,2.70988156135731,-28.0175463281157,-23.5736997545255,11.1075484701273,39.1707486173211,1.86353887049129
2024-12-20,-4.48006524445524,0.354076332181886,-22.5180987085502,-18.7631245216991,6.1940371938687,35.8784221329846,3.33475281566939
2024-12-23,-4.63069976524066,-0.306342868268402,-21.9289551029381,-19.4079784630519,5.90818132964194,35.8743043269101,4.49149054294701
2024-12-24,-4.20608088293979,0.212715049628919,-21.0391568364838,-21.0581268197588,5.83029950904798,36.9045843218904,3.35576565861506
2024-12-26,-4.23966189750311,1.2606193461937,-17.3803440342356,-22.0910813852243,5.78747608622448,33.0455023479091,3.61748953663563
2024-12-27,-4.1066758763821,1.71294263948244,-18.1279377348785,-20.0698871758325,5.57426832852542,31.6022914436909,3.41499837539442
2024-12-30,-4.05862736250219,1.93273330746928,-18.781311888808,-20.8908843272241,5.70337853037861,32.858152843923,3.23655889676332
2024-12-31,-4.29461585839614,2.06093203660383,-19.1936275056775,-20.8535382900612,5.86538109015031,33.3460228011271,3.0694457262536
2025-01-02,-4.33680288139862,2.02079076802782,-19.4081928850184,-20.8000648710326,5.91352091853917,33.6235427733225,2.98720617756014
2025-01-03,-4.2620502168761,1.97132845155337,-19.0596013976903,-21.2014676728908,5.96375806590476,33.4984929967984,3.08953977320066
2025-01-06,-4.27553007198172,1.85854513567934,-18.6353988624813,-22.2139995242871,5.8871638582376,33.6965315043594,3.68268796047378
2025-01-07,-4.11799885430794,2.56925121789052,-21.5852736500948,-21.3590159568006,5.78145516658096,34.473274731231,4.23830734550093
2025-01-08,-4.091325480395,2.41434481803877,-22.229855075633,-17.9655113381138,5.8041607713749,32.2004257581031,3.86776054662497
2025-01-09,-4.10249151015939,2.87024546483457,-22.5919643291037,-18.7300054240172,6.03568772303398,33.1034198676032,3.41510820780854
2025-01-10,-3.91610461488157,2.41108203875652,-24.1731795751997,-18.5611836982223,6.05954072534689,34.0506680990546,4.12917702514561
2025-01-13,-3.99905417239042,2.29211967021091,-23.1037733099516,-18.0788295222485,6.09971862669454,33.4076009297915,3.38221777789359
2025-01-14,-4.06137642323695,2.63955562857357,-23.4148798642593,-18.4924309504516,5.85072194181014,33.4805609117327,3.99784875583151
2025-01-15,-5.21485871771257,3.78165955789284,-22.3662352665546,-19.9835269756169,5.38384312133762,34.7273433489619,3.67177493169168
2025-01-16,-5.2101256525032,4.17434801692463,-21.6186614122535,-20.7350061405097,5.32788618178975,34.5552539731257,3.5063050334264
2025-01-17,-4.9317882754803,3.85270345989761,-21.2233695657729,-19.5862784082766,5.24593184181326,33.9389132043926,2.70388774342637
2025-01-21,-4.89044907489299,4.47470638053656,-20.9123228989998,-19.9922047127418,5.22194013455887,34.1534275499851,1.94490262155397
2025-01-22,-4.91628516372708,4.84581376749048,-20.7684995830266,-19.8451043431448,5.20014774159253,33.4642462381989,2.01968134261657
2025-01-23,-4.76842689750311,4.89722427252339,-21.2147877154083,-20.0712398457394,5.18873207530441,33.8960344546578,2.07246365616517
2025-01-24,-5.11360206946067,4.2424669690435,-20.9850836550863,-19.8690910549873,4.91376154595638,34.6046632770922,2.20688498744228
2025-01-27,-4.53658765315897,4.76092390243762,-18.6976202682932,-19.2887262762709,4.88522532277633,32.8623333083003,0.0144516642088632
2025-01-28,-4.98666102466022,4.41522691058556,-17.3322802334433,-17.5247480694767,4.84057625078655,30.853299543123,-0.265413376914907
2025-01-29,-4.43547415964072,4.43219506102931,-14.9931304985298,-16.9839416086768,4.71259512368888,28.3268698493615,-1.05911376723238
2025-01-30,-4.27459134339504,4.69780870826051,-14.2300236885755,-17.8282709321118,3.94948851426199,28.6814871076884,-0.995898366128529
2025-01-31,-4.00866682566399,5.08480301072348,-13.5184131571254,-18.3580505101296,3.47893026185634,28.0528953154423,-0.731498095103102
2025-02-03,-4.14819719485671,6.37750010991316,-16.6748577803683,-17.2623067318722,3.28176037973219,29.1445291826877,-0.718427965235886
2025-02-04,-4.39584784425332,5.58807006853171,-12.8448850907986,-16.188130966588,2.92328001679866,26.6360241774143,-1.71851036110475
2025-02-05,-4.23562343345745,4.27366979277855,-13.7400442448877,-16.9704287800791,2.93395997581487,28.0050606253272,-0.266593935496378
2025-02-06,-3.64967144077404,4.4047361355697,-14.0591957473472,-16.0535113285024,2.93888118698176,26.6908175702939,-0.272056376221798
2025-02-07,-3.93921831104356,4.31014729468776,-14.8347061156263,-14.9633955020995,2.92110708668389,26.7010691306386,-0.195003583240901
2025-02-10,-3.95503976795525,4.3928571364058,-14.711644491277,-14.7859024298414,2.94422212623522,26.591747547337,-0.476240120904386
2025-02-11,-3.84035271453709,4.48831231139282,-13.7397023220217,-14.4781010431641,2.9620225291414,24.777156578037,-0.169335338848379
2025-02-12,-3.89969341096866,4.71971782562929,-13.4322025459274,-14.7274206855247,3.01839813533131,24.5364806479715,-0.215279966511346
2025-02-13,-4.03361151157886,4.97831293532129,-11.2219782661544,-14.8951905449244,2.89172380772544,22.4116405088904,-0.130896929279476
2025-02-14,-3.79359596947585,4.97075550822095,-9.67055780391378,-14.666795167683,2.79749804404565,20.6188211482363,-0.256125759430256
2025-02-18,-4.21503410957056,3.98686568277451,-10.5118184565415,-11.5027134226442,2.66406862704757,19.2644199528611,0.314211726073003
2025-02-19,-4.31003173965831,4.0263361999696,-10.2922501117636,-11.8774569256219,2.62580670772606,18.9995099129297,0.828085956418489
2025-02-20,-4.44790526852531,3.21708490931405,-8.6190958350943,-11.6408494660941,2.5530912249706,18.6085284210242,0.329146014404863
2025-02-21,-4.61135702925431,2.88660437533603,-9.23723631988709,-10.7131341208329,2.14462697749446,19.6579722517928,-0.127476134649001
2025-02-24,-4.69370697678522,3.46992231453799,-9.61282877988716,-10.6118962781458,2.06876342466419,19.5738582561672,-0.194111960551155
2025-02-25,-6.10666221214641,4.70946357700739,-10.9005657310473,-7.9743187839283,1.49570590876352,18.8948862864778,-0.118509045126682
2025-02-26,-5.59138598093392,5.39594002291011,-7.72144808599891,-9.74323504482857,1.58766960132707,16.4042170911307,-0.331757603606498
2025-02-27,-6.74929758958581,5.89399724917689,-9.24959955181883,-9.40616089005407,1.29814452159399,18.0345854576409,0.178330803046956
2025-02-28,-5.43572464212625,3.03804111893245,-4.77631485516425,-4.8376235950638,1.09585226233919,13.1535332036028,-2.23776349252016
2025-03-03,-4.37251492796261,2.08077254879599,-8.11468221545763,-6.04171686948475,0.949487675129114,16.0506425041814,-0.551988715201556
2025-03-04,-4.22039357567197,3.31374157706575,-5.82900360565784,-7.67625222572359,0.843369790063184,14.5599654333721,-0.991427393447683
2025-03-05,-4.59791340547308,4.82133561543396,-6.52523941084807,-7.83377399438645,0.895149191401107,13.9536474266535,-0.713205422780934
2025-03-06,-4.07115387800992,6.04603474487183,-8.49811485994639,-7.20111597794547,0.890091087845226,14.2128587243867,-1.37859984120202
2025-03-07,-4.09952895886039,3.21663310143029,-7.17476056217338,-3.60743817516079,0.882440104654084,10.7581735400978,0.0244809500123537
2025-03-10,-3.73810781058917,5.87245407570923,-9.4322859908592,-5.18706864862967,0.689980403119778,11.6910293420276,0.103998629221416
2025-03-11,-2.13783343570434,6.186861591185,-9.27590449459557,-7.73457957705168,0.633741709444794,12.5665833019789,-0.23886909525715
2025-03-12,-2.49896897061003,6.52053915028708,-7.90675294275296,-8.73271398079138,0.780676464773,11.9578952156886,-0.120674936594329
2025-03-13,-3.42168428843569,6.2613133127716,-6.60680534089385,-8.68114258464423,0.862555125606502,11.6096884805989,-0.0239247050032683
2025-03-14,-3.35584710651115,7.21630469842535,-7.15280405879062,-9.94189456736336,0.834987664550573,12.3577312142672,0.0415221554219602
2025-03-17,-3.37906340481651,7.17082080489662,-6.97252772690045,-9.8066143171738,0.870064001994348,12.0713779040884,0.0459427379114201
2025-03-18,-3.10670627962353,7.44660133796908,-6.10662057128291,-10.7522598966287,0.814825693495902,11.844678435266,-0.140518719195897
2025-03-19,-3.16923721716518,8.69135478687232,-5.96984789330811,-12.787885042418,0.843146778292961,12.6466034007683,-0.254134813042323
2025-03-20,-3.08711467048751,7.1708709408003,-6.29025262168848,-9.80389231455325,0.795111229513284,11.83272879954,-0.617451363124367
2025-03-21,-3.55140782488625,7.44624584656007,-6.45205705346839,-9.3538961784158,0.797149821061804,11.743548922592,-0.62958353344345
2025-03-24,-3.55241616298489,8.00589738537288,-5.95733361819755,-10.6690204085329,0.781307198104319,12.0432689000174,-0.651703293779258
2025-03-25,-4.08724790705648,8.23655144248532,-5.71426481773648,-10.7012664829606,0.805110983935152,12.177582412756,-0.716465631422854
2025-03-26,-3.89614216911278,7.65041043079861,-5.76875064385468,-9.211967534484,0.756032458369631,11.5267974627157,-1.05638000443251
2025-03-27,-3.49726400756224,6.73491170797508,-5.54579965547346,-8.45722442355151,0.685676369313447,11.1991119466646,-1.11941193736593
2025-03-28,-3.85924227455989,8.83893596216822,-4.39625559457773,-12.5243657734329,0.569991440746108,12.7065879742379,-1.33565173458167
2025-03-31,-2.79413658245643,8.8851196778908,-4.64895252067625,-13.3103534160558,0.594236390026244,12.416871662348,-1.14278521107664
2025-04-01,-2.87225365872679,9.06915700512429,-5.18615078175802,-12.6182359976627,0.599982679215366,12.1265437623501,-1.11904300854229
2025-04-02,-2.83239225685371,9.37698117077255,-5.05045767802581,-12.471825658749,0.620648316409104,11.4994223839449,-1.14237627749798
2025-04-03,-5.18060945963835,1.1444571142453,-11.65326568691,-12.6589388826874,0.264519813550781,26.4784023777009,1.60543472373874
2025-04-04,13.8148429018447,-2.73203458085879,-28.3781069951862,-24.6127216198233,-0.0894119151459341,43.1967907457651,-1.19935853659566
2025-04-07,13.9333292379267,-10.5827787698011,-25.8662264030177,-26.7732542228166,-0.192035366119587,52.2895775822828,-2.80861205845453
2025-04-08,10.2328864132341,-10.5181549991769,-22.2227770968589,-21.7361804466323,-0.134765048119735,46.371275258173,-1.99228408061923
2025-04-09,13.6209746024678,3.21854933332024,-25.2490522838906,-33.2836196859118,-0.554276345863644,45.7355328188777,-3.48810843899964
2025-04-10,6.42037342939791,7.79052361424328,-22.8453776164399,-34.9162776751948,-0.546359438102715,48.3330268848613,-4.23590919876501
2025-04-11,8.30403102675547,10.2200245594736,-28.0687550255061,-36.5483763064141,-0.561153744423475,52.251205629043,-5.59697613892844
2025-04-14,10.3383629154063,9.27303857717823,-29.1277714940474,-31.4589783277381,-0.625503466397202,49.5358943739972,-7.93504257839894
2025-04-15,9.89834438716776,8.17589644130445,-26.3403385417333,-31.7034670042295,-0.600373844313168,47.6543073582685,-7.08436879646476
2025-04-16,6.62357566415981,9.58613170032987,-23.7374758717018,-31.9063194845459,-0.567162780771241,47.1529364327038,-7.15168566017452
2025-04-17,5.5186317261803,10.2907660198112,-24.00239386757,-31.725926026614,-0.569152195866493,46.7634876243189,-6.27541328025981
2025-04-21,5.83458626502417,9.76711031430014,-24.1692062820392,-30.6577736880442,-0.583578033960052,46.0743140863731,-6.26545266165385
2025-04-22,4.78412244033017,11.5669447880739,-28.3705566240238,-25.0848738846416,-0.623561268585802,42.4148757345856,-4.68695118573849
2025-04-23,4.0566390689139,10.9641814961572,-26.9699190707673,-24.7585157431796,-0.635121817291906,40.7336207983284,-3.3908847321607
2025-04-24,5.21255358854907,11.0311820635317,-29.0928188591658,-25.7736617983317,-0.633497967645603,42.3389220273713,-3.08267905430897
2025-04-25,4.33671170076364,10.5638806863495,-26.4987941562152,-24.4832190417685,-0.635113285995039,38.4447684212804,-1.72823432441489
2025-04-28,4.47466913276429,10.5407304674621,-26.4514497440968,-24.5047380439945,-0.630908488889706,38.3731948476451,-1.80149817089048
2025-04-29,4.14862013640589,10.1440429051091,-25.7160891012809,-23.3819830091074,-0.637313843380262,37.1066882784313,-1.66396536617772
2025-04-30,4.02151489955948,10.0726858658397,-24.5259841454743,-23.3505968877835,-0.632992114835247,36.1940196940578,-1.77864731136392
2025-05-01,4.00654337503961,9.94307959660065,-24.091270722819,-23.3273467399844,-0.637518190511799,34.668845104704,-0.562332423029115
2025-05-02,3.9941721149269,10.0146425040362,-23.4009463524128,-24.3188840360673,-0.629761032703559,35.3142317456977,-0.973454943477176
2025-05-05,3.93773171921384,10.0489438479679,-22.5256920063716,-24.2547594230524,-0.624289762931434,34.3363529555425,-0.918287330368749
2025-05-06,2.50450569615647,9.23022014300359,-20.9755726325666,-23.5551788751036,-0.608545234539287,33.2643808209039,0.140190082145459
2025-05-07,1.95516775517662,9.28921588370012,-21.5795909512691,-21.915039339046,-0.61996896700552,32.5504646534768,0.319750964966971
2025-05-08,0.289717953717606,9.88956711343084,-20.6427269295837,-21.0366422398554,-0.642981809264912,29.6430173557609,2.50004855579471
2025-05-09,0.335661168963981,9.77853299329793,-20.7116978122537,-20.8716402818151,-0.634311094356981,29.5379042898644,2.5655507362995
2025-05-12,0.69277066866993,9.07868147037519,-21.1252053335048,-19.5356727915396,-0.677247225066668,29.6407530589277,1.9259201521382
2025-05-13,0.848266090077267,9.09113674613017,-21.1608225414385,-19.523718294739,-0.676682175608756,29.641565037325,1.78025513825383
2025-05-14,0.850367337202954,9.14658602324904,-21.0799504442157,-19.5062709992971,-0.677167568806347,29.7792286752373,1.48720697662988
2025-05-15,0.749802831573952,8.69741431822271,-20.508258015764,-18.9487565241389,-0.693026932011373,29.2180539779519,1.48477034416572
2025-05-16,0.531947529076525,8.37247285943872,-20.1702301140621,-18.4856947358161,-0.678198738554133,29.1733706805483,1.25633251936883
2025-05-19,0.47287533851884,8.22329788541199,-20.1360837708229,-18.3691813232621,-0.675105303182959,29.2708298053402,1.21336736799691
2025-05-20,0.470657602591757,8.06619211815474,-19.5029066721688,-18.1716794933374,-0.667173772508905,29.2105633596509,0.594346857617744
2025-05-21,1.08918046984049,7.31413791452334,-18.9783320314882,-18.5084759782273,-0.659786642919173,29.4262486389229,0.317027629347983
2025-05-22,0.842901029160643,7.26358316959081,-19.1333401303357,-17.9286242244413,-0.665224553433381,28.8554986805354,0.7652060289236
2025-05-23,-0.404978568905186,7.18395633778199,-19.310176796213,-17.2812505333828,-0.676260616424861,27.2150986243196,3.27361155282423
2025-05-27,-1.34565084597866,3.53529022764123,-17.8592343046603,-11.9760312856849,-0.76154462480004,24.4366336339481,3.97053719953455
2025-05-28,-1.5864131743191,4.18579225953958,-18.6830744838414,-11.6092314874597,-0.757684898554907,24.6340429035608,3.81656888107484
2025-05-29,-1.37851120430459,3.90284415286026,-17.8596398114779,-11.7459438278061,-0.767336077857093,24.0005602075418,3.84802656104375
2025-05-30,-1.30548752468469,5.01430057841652,-18.1793707726787,-12.2180649077971,-0.730459070311104,23.3119654565069,4.1071162405482
2025-06-02,-1.25542411112493,5.1179624971472,-18.1161920892508,-12.5208008495668,-0.721525418712939,23.4033706040774,4.09260936743097
2025-06-03,-0.546259003914713,4.93641256127443,-17.758996065368,-12.3688950291354,-0.71334484282017,22.9155719654496,3.53551041451429
2025-06-04,-0.513537703765934,4.87895277850154,-16.7966354617024,-12.4225896781221,-0.734976599654936,22.2712055138557,3.31758115088818
2025-06-05,-0.683863083328969,5.55649943511061,-16.5546340937035,-12.3936495126858,-0.73384968843636,21.3572665207841,3.45223042225989
2025-06-06,-1.468153390775,5.20706223864934,-16.7687335985675,-11.3013550131392,-0.755695730892576,20.6888767374886,4.39799875723627
2025-06-09,-1.59245990012221,5.11279485033408,-16.7076587363374,-11.3553331909175,-0.744401497768898,20.6512705898649,4.63578788494694
2025-06-10,-2.12000094282615,4.9645054786293,-14.4576589905863,-11.7764865543889,-0.777098223898862,19.7847618947932,4.38197733827771
2025-06-11,-2.47226809148971,5.00864337529323,-12.4768383178305,-11.9436055436656,-0.804216148990626,18.0335990669739,4.65468565970921
2025-06-12,-3.08540293650281,5.80688600634593,-12.3761376314635,-11.9891152323132,-0.815753535741575,16.1916677707281,6.26785555894701
2025-06-13,-3.00340874818406,6.48800907746049,-13.5911975399371,-10.6493043555251,-0.870724766349562,16.2329661683059,5.39366016422945
2025-06-16,-3.03220107813027,5.80806138562106,-13.5925627655333,-9.83377976004572,-0.905067832130432,16.2523648696477,5.30318518057097
2025-06-17,-2.92044801803018,6.06943016861345,-13.4444277341971,-10.989711486465,-0.92607250391455,17.818828257386,4.39240131660734
2025-06-18,-3.07562416450916,6.23436552957682,-11.6450985385554,-12.0363684481184,-0.962394237242531,17.5276686294248,3.9574512294239
2025-06-20,-2.94476000061248,6.29413480210003,-12.0130546693622,-11.5403568483943,-0.955812457675749,17.4601330434957,3.69971613044896
2025-06-23,-2.9167883737481,6.28329840343296,-11.8403615855951,-11.6991104257045,-0.959328360209582,17.4707422412949,3.66154810052942
2025-06-24,-2.4352539722722,7.50409696352081,-11.861316362996,-12.5776425962824,-1.0013642056098,18.5055239054388,1.86595626820079
2025-06-25,-2.5061143125258,7.92768383637952,-11.5789126664256,-12.9223985047432,-1.02271321915892,18.4416600997754,1.66079476669861
2025-06-26,-3.15529385711103,7.4341052544673,-11.7923412057213,-10.942475087935,-1.08016214552773,16.7064729773918,2.82969406443596
2025-06-27,-2.90775252327014,6.95965259683083,-10.7072565531842,-10.8322547576088,-1.07474663783357,15.6747635671944,2.88759430787144
2025-06-30,-3.03966975951438,6.90636359675897,-10.6579448398764,-10.8317923171678,-1.06426165940227,15.8060078681666,2.8812971110353
2025-07-01,-2.74445429690464,7.22051288469072,-10.815913896868,-9.94765420099935,-1.07089523958188,14.7979044508091,2.56050029885405
2025-07-02,-2.60812114385926,7.27749272650432,-9.57604294434395,-9.23130905145982,-1.03613316023936,13.2800332697953,1.89408030360274
2025-07-03,-2.40286616549711,7.18449683231873,-9.33654641202439,-9.09683690351641,-1.05902651252748,13.4587223675767,1.25205679366998
2025-07-04,-2.16861581579634,7.05086409423627,-9.25169714030441,-8.92674193458138,-1.06559327859782,13.4992701478847,0.86251392715894
2025-07-07,-2.17081932091465,7.12328479201458,-9.18709100667314,-8.89691281989851,-1.04154628010749,13.5671282662141,0.605956369365142
2025-07-08,-2.12562497361313,6.96904481867292,-9.08159092164417,-8.97566444200647,-1.12069225781521,13.61333589649,0.721191879916081
2025-07-09,-2.08581969114933,6.80458287322531,-9.25231616767009,-9.06105600298569,-1.15026567545672,13.8577474993594,0.887127164677104
2025-07-10,-2.05081568910605,6.52784319855236,-8.76057713795093,-10.1838278158645,-1.16168096346604,14.6926163164261,0.936442091409109
2025-07-11,-1.94191516220359,5.76633525938081,-8.67625540603605,-8.7523128451907,-1.16092035697207,14.4049112140745,0.360157296947101
2025-07-14,-2.06141672688486,5.7976880493569,-8.04738666642169,-9.17734402561963,-1.14417724190372,14.3667780260745,0.265858585398515
2025-07-15,-1.8855680442671,5.70885199892948,-8.58658333394574,-8.90157088475792,-1.14459289300757,14.5097637524073,0.299699404641515
2025-07-16,-1.78154703448351,5.58467607862924,-8.03046220362891,-8.82000569477689,-1.09761413196163,13.8737449568473,0.271208029374417
2025-07-17,-1.95130981580271,5.05475384509816,-8.38993541775556,-8.02450343178639,-1.12339312904752,13.6305419224134,0.80384602688066
2025-07-18,-1.70404848620661,4.93456335137575,-8.2941927940163,-8.21046143818278,-1.15047855771762,13.6499244528695,0.774693471878074
2025-07-21,-1.60908485221221,4.79998443525993,-8.23348961593435,-8.22050157731424,-1.15291216324072,13.6764863929087,0.739517380532867
2025-07-22,-0.963483368573218,4.57824603462737,-8.39011563640464,-7.728758624726,-1.15194122337156,13.7087965270946,-0.052743708646549
2025-07-23,-0.521826564077717,4.26809243947134,-9.01381098064564,-6.88107672196808,-1.29993987737283,13.4227039431096,0.0258577614833015
2025-07-24,-0.459332757560816,4.15491044188962,-9.04941199376424,-6.82252010884201,-1.29927404086482,13.5072768231713,-0.0316483640290635
2025-07-25,0.179665918749819,4.09199712895046,-9.14466322133772,-6.41537701721449,-1.3230632651768,12.8908437360094,-0.279403279980631
2025-07-28,-0.0458108549914442,3.95716093227925,-9.1748585232942,-6.12972761893441,-1.32582112541425,12.9249669227944,-0.205909732439338
2025-07-29,0.00594583112882319,3.7970055276501,-9.4299090431467,-5.13288094459679,-1.33701791708266,12.6916731233262,-0.594816577279012
2025-07-30,-0.00897666560862831,3.8018051658269,-9.11161195009898,-5.11195387861293,-1.31534393771767,11.893798382569,-0.147717116357668
2025-07-31,-0.0961160141377526,3.46199301088059,-8.87073578875882,-4.87990795036488,-1.28996363608784,11.8650292102607,-0.190298831791981
2025-08-01,-0.155398160103278,3.39194075475796,-10.9749897440182,-6.04225670837636,-1.43240693153698,12.4125685537617,2.80054223551521
2025-08-04,-1.06347493419903,3.05418386347637,-10.6137284868751,-6.16186624179655,-1.46946734633924,15.4720738410455,0.782279304688046
2025-08-05,-1.08531243838566,3.52201635960507,-9.93507774198318,-5.93255146958977,-1.4851238885154,14.2541713216602,0.661877857208765
2025-08-06,-1.11298259340866,2.997077827893,-9.08854179960843,-6.1687351394154,-1.80630130817817,13.556080105753,1.62340290696467
2025-08-07,-1.8383353958977,2.24055688761688,-7.22571748109642,-5.7118146006994,-1.86867497217796,12.0432900259045,2.36069553635015
2025-08-08,-1.77957576907163,2.07215007069498,-6.69987762751433,-5.58267002465182,-2.2195269084723,11.6010104885866,2.6084897704285
2025-08-11,-1.55655448310881,1.50981832984137,-6.35127004971858,-5.66403573067572,-2.17229731613282,11.7910862683007,2.4432529814939
2025-08-12,-1.50246696437838,1.71699384758795,-6.53649966309249,-6.70620130790465,-2.52639643032977,12.4533902589301,3.10118025918726
2025-08-13,-1.64581181629812,1.33576676503527,-5.92084276183609,-7.88363356531758,-2.5748211403591,12.9225827885893,3.76675973018634
2025-08-14,-1.25126614002472,4.12635089400896,-7.79267679208536,-6.68367740387697,-2.59792084532351,11.5620061014481,2.63718418585348
2025-08-15,-0.959189699775184,4.1406719335736,-7.98643236576442,-6.86273464113066,-2.57010396769497,11.4872555947446,2.75053314604704
2025-08-18,-1.26890264896415,3.82766707536243,-7.48251308484801,-7.02023583169386,-2.72523588227105,11.2701112110653,3.39910916134935
2025-08-19,-0.719928751618788,5.91691469355427,-9.0887735497844,-6.22258256902427,-2.72274943157081,10.3607167441965,2.4764028642475
2025-08-20,-0.473873996315557,5.26578406931782,-7.67675459864306,-6.4354911807984,-2.7898825001265,10.2042882237158,1.90592998284985
2025-08-21,-0.272576418075694,5.82998898447297,-8.78410395337923,-6.02944287300009,-2.83621341142531,9.91557414153617,2.17677352987119
2025-08-22,-0.925034844881878,7.48485837943621,-11.7374246892347,-5.54058417500587,-3.99854175364432,9.74031641510503,4.97641066822553
2025-08-25,-1.45420155047983,6.30209853999031,-10.891919967905,-3.85773122056218,-3.99642821588039,10.4959374990082,3.40224491582896
2025-08-26,-1.1882826645536,5.27516579920501,-11.0694707560319,-3.85519430242939,-4.01690352733978,10.8827125098442,3.97197294130547
2025-08-27,-1.27294220310639,5.03402172498479,-10.1937663297803,-4.43533005339802,-4.00404469229113,10.8095133871139,4.06254816647715
2025-08-28,-1.06615917267226,5.5594477330152,-10.4924465243754,-5.61634832740286,-4.02731960594354,11.1072109717811,4.53561492559771
2025-08-29,-2.30986368745657,6.38219837100416,-11.462579655215,-4.41164848993378,-4.08924916693623,10.6289069882121,5.26223564032532
2025-09-02,-2.38881656812158,6.27945941608689,-11.3956891539807,-2.58361665461269,-4.20751630362875,9.75908799846126,4.53709126579561
2025-09-03,-1.83936015470841,6.57946492823473,-12.1970065663631,-2.23524025494687,-3.91224759618338,9.08562804644965,4.51876159751738
2025-09-04,-1.9934233309441,6.26704112910439,-12.5801887316291,-1.7409878078049,-3.83548961295981,9.60795863444444,4.2750897197891
2025-09-05,-1.1625417332924,6.17094770152097,-12.3333650028029,-1.97842108279788,-3.72246645976405,9.24703835824639,3.77880821888986
2025-09-08,-0.327892139051812,6.08738996426516,-11.5144539411032,-2.14603163916269,-3.62419961329861,8.42967497486809,3.09551239348306
2025-09-09,-1.22002805795486,5.12551691083959,-8.81009659357153,-1.59145004409789,-3.60622535534526,6.55316446337073,3.54911867675921
2025-09-10,-1.2722421638175,4.54604916636864,-8.37049171739438,-0.812329752604519,-3.12332724876742,5.16971750832642,3.86262420788876
2025-09-11,-1.53585523101163,4.91173127941414,-8.85303981901945,-0.728293277563704,-3.24063428270026,5.2575637015476,4.18852762933331
2025-09-12,-1.5871325074064,4.97506634049227,-8.7646024081606,-1.07768126495067,-3.30062535048953,5.57144539633745,4.18352979417747
2025-09-15,-1.64475826514067,4.82236906681152,-8.34464378539786,-2.14833307938165,-3.24544886677145,6.27201118545829,4.28880374442181
2025-09-16,-1.36740712225848,4.64267005921662,-8.01761903239918,-2.48432331743624,-3.13324041876466,6.71429349761347,3.64562633402848
2025-09-17,-2.43448162527673,4.00198462915531,-4.332019196085,-2.13933910116531,-3.09400289593247,4.0730460536086,3.9248121356956
2025-09-18,-3.40043585067661,0.872975887653801,-5.38779702252521,-2.36791323494528,14.5604608687418,-6.00262058361337,1.7253299353649
2025-09-19,-4.02081310033491,6.08948928712379,-5.0539022940463,0.297042337300571,4.68223810464781,-3.50520973086182,1.51115539617086
2025-09-22,-4.09645289342918,6.79752762142229,-5.09459173832405,0.401063498368483,4.64689111120643,-4.15040842949857,1.49597083025459
2025-09-23,-3.31066786120131,6.15223683955143,-5.08117824752254,-1.12267838107142,5.12122044783428,-2.99652454139793,1.23759174380748
2025-09-24,-1.59833186060197,5.40408362769055,-5.92738047200875,-0.27067474981525,4.14042997041177,-1.94760470946819,0.199478193791848
2025-09-25,-1.78584944152859,8.36036807215376,-4.26810242926105,0.357078521514275,3.76737184804774,-7.00733935657416,0.576472785648026
2025-09-26,-2.02907116615784,4.61241802833237,-4.34863276133696,-0.901569559235313,3.8868668425957,-1.34184708590297,0.121835701705013
2025-09-29,-1.64195977836209,4.42852565416943,-4.84506170843739,-0.864360557844051,3.74482666386883,-0.856371580739252,0.0344013073445133
2025-09-30,-1.56976254586196,2.31385120552278,-3.78693291991259,-0.622564716897795,4.0775984888559,-0.589521720297263,0.177332208590929
2025-10-01,-1.92027410466578,2.66005903802076,-3.82188130275908,0.0808947093716839,4.01235333811419,-1.07304888969927,0.0618972116174952
2025-10-02,-2.49979727178448,2.45350544906236,-2.00121396008284,0.115531570421226,3.52887056980642,-0.860631878526847,-0.736264478895837
2025-10-03,-1.69004941545855,3.16250010033424,-3.32621156948976,-0.955957715134993,3.11205658926047,-0.813230344863154,0.510892355351736
2025-10-06,-1.79218313959469,3.51191676846294,-3.62109860891096,-1.21363240007319,3.23350665179322,-0.978897559915781,0.860388288238461
2025-10-07,-2.43142073388636,3.33886235290483,-3.86155500163698,-1.73750135331393,3.34148570150744,0.0189544938536006,1.33117454057141
2025-10-08,-1.11111787911155,2.62049034310918,-3.99160194186768,-1.73833056150976,3.10124779593797,1.83648854341293,-0.717176299971094
2025-10-09,-1.89473149881852,3.75800125368653,-3.3616966603228,-3.20056141278923,2.05534809939892,2.09561570672048,0.54802451212462
2025-10-10,-1.08747493044521,9.24242128227289,-9.99509636992837,-5.66032824175542,0.996481986993603,8.37357387590253,-1.86957760304003
2025-10-13,-0.589406372339578,6.8643510937973,-10.213314328001,-6.17561075479474,1.26479161517055,10.0071939463274,-1.15800520015995
2025-10-14,-0.6396047572686,6.02538954533586,-11.2334549473532,-4.60522067335162,0.976216491688786,10.9788791882205,-1.50220484727169
2025-10-15,-0.439650514687795,7.09386355518541,-11.9977009921724,-4.74386667183515,1.03483071758294,10.4758336081292,-1.42330970220222
2025-10-16,2.68586286271464,3.15363600150675,-20.1920666255404,3.54235976289704,-0.792106117953271,16.2159990988157,-4.61368498244055
2025-10-17,3.3964340313855,0.0780663629170917,-21.3804648796805,5.4127506314155,-0.653754892951954,18.4519244753928,-5.30495572847851
2025-10-20,4.7073571046335,0.52545459793771,-22.363370112134,3.37691950829232,-0.876150784147031,20.3930968787322,-5.76330719331472
2025-10-21,-2.15078919918583,2.00248251490669,-13.3466942660927,2.75213853700718,-0.44830317906516,16.5757667472944,-5.38460115486453
2025-10-22,-2.25861804394804,1.86397126697323,-11.7610462287757,1.83255794833937,-0.537592117874517,15.9482132683191,-5.08748609303347
2025-10-23,-3.5334128012067,2.47213663723129,-13.443250154762,2.68113427173127,-0.323287620501569,16.0279001848605,-3.88122051735277
2025-10-24,-3.05247930293894,2.38006457359842,-15.0952156038176,2.85657043499736,-0.182610904759854,16.8266947461417,-3.73302394322118
2025-10-27,-3.15657174650905,2.23024324902715,-14.2862610586455,2.5398218695254,-0.165278239922919,16.6550836814394,-3.81703775491451
2025-10-28,-3.25106636258112,2.1152114684535,-12.6196288491981,1.5209155054123,-0.0675250956277411,16.0286182593911,-3.72652492584995
2025-10-29,-3.22834803737974,2.32309359675174,-12.9686024495776,1.8674371777428,0.0347364729180937,15.5870545927417,-3.615371353197
2025-10-30,-5.26726196013016,1.74804673865649,-13.0073318325173,0.034941765777404,4.15066428608379,15.811120512885,-3.47017951075524
2025-10-31,-4.30068913837039,2.12464500780023,-12.5396143625126,0.138281051486416,3.57063284681812,14.715149419851,-3.70840482507282
2025-11-03,-4.00420837436759,2.32083038772181,-12.4310581236323,-0.746108705904327,3.65110208507359,14.8796179698907,-3.67017523878194
2025-11-04,-3.51316866118248,5.26294916760992,-13.4922599827307,-0.897595842619324,3.3300665923585,12.4583151364841,-3.14830640992005
2025-11-05,-3.02245701615587,5.0594444928627,-10.7017013023178,-3.2918564455649,3.25517913908531,11.9545261062669,-3.25313497417635
2025-11-06,-3.19949692013095,4.80390017609444,-11.9141712712472,-1.88056132317961,2.97400034924287,12.8259586922816,-3.60962970306115
2025-11-07,-3.06973520653389,4.30648390299536,-11.8609940766704,-2.75829732589101,3.04552834734014,13.9589805292723,-3.62196617051252
2025-11-10,-2.93106767798625,4.95935840334727,-11.4827108033481,-4.64163235320056,3.14834623415007,14.4653434889797,-3.51763729194218
2025-11-11,-2.89064480935587,4.7392563308323,-11.1237013938307,-5.15243063510948,3.17053967790913,14.746242135092,-3.4892613055374
2025-11-12,-3.75834579827279,4.4427500568344,-12.0668321198809,-3.90354199297695,2.98751768884384,15.3689122169028,-3.07046005145042
2025-11-13,-3.0563661169137,4.95223956548553,-11.2578217251281,-2.26441468412529,2.76294927513244,12.827866252036,-3.96445256648679
2025-11-14,-2.39383604390688,5.70647567103148,-10.5990409209829,-2.88309401989206,2.51668484919407,11.508652796661,-3.85584233210473
2025-11-17,-1.11070312765622,7.14017094562825,-10.5507176081786,-0.870158930667998,2.44929004281724,6.83529104253502,-3.89317236447765
2025-11-18,-0.820984917299198,7.05537246173866,-8.3290139028697,-1.00153133584944,2.47745571977327,4.6592344261492,-4.04053245164278
2025-11-19,-0.849889284819847,8.08739922327598,-8.24115461070565,-1.80393276149289,2.54928768238283,3.91981040145743,-3.66152065009785
2025-11-20,-1.16563989885792,11.5565364861776,-12.8820698378617,-0.689507759268515,2.14093317367708,5.45008543092253,-4.41033759478899
2025-11-21,-0.368867861775339,7.92143041203543,-8.28393965093291,-5.02985774689999,2.32053169077198,7.54513067553891,-4.10442751873807
2025-11-24,-0.218531645406587,8.39028546019733,-7.99018942864211,-7.13598244161552,2.35414836272788,8.66781015380984,-4.06754046107083
2025-11-25,0.989872654904113,10.5130866921878,-7.28100943268999,-10.7931934826832,2.38158793368451,7.77095220575556,-3.58129657115887
2025-11-26,1.25305931388282,10.1261987210597,-7.26221219949377,-11.6523164935979,2.46219843969188,8.55259075495781,-3.47951853650053
2025-11-28,1.5178192231483,9.66139701349206,-6.98595612502085,-11.8829587659644,2.44698375828823,8.75994924038762,-3.51723434433094
2025-12-01,1.41195890377585,9.64096236808509,-7.03818624487564,-12.0647005906168,2.45160827548714,9.09563125378214,-3.49727396563772
2025-12-02,1.73460870338891,8.45906734276885,-6.89077786647111,-12.4864576378948,2.49469096286665,9.92651301185241,-3.2376445165109
2025-12-03,0.719049856361522,10.2648353474525,-6.59545963460748,-13.3344258262611,2.38145697586175,9.25112069687031,-2.68657741567756
2025-12-04,0.723548168839125,10.3688072686301,-6.50016498580888,-12.2002276931705,2.34246707183951,8.13730307304102,-2.87173290337038
2025-12-05,0.803285338693621,7.69031301034846,-5.40601411859661,-11.2808337170998,2.34403354039998,8.61542979166101,-2.76621384540666
2025-12-08,1.03812533277051,7.97428781379693,-5.68717443730759,-10.6057021770678,2.33688237894358,7.64865732651163,-2.70507623764729
2025-12-09,0.954112570473933,8.7124863819797,-5.07357165600909,-11.4796097592264,2.37099203998908,7.19946995855131,-2.68387953575854
2025-12-10,0.587471929374534,8.31067738157387,-3.27363490901447,-11.746773664503,2.32814089494394,6.74242719962048,-2.94830883199537
2025-12-11,0.627321004278016,4.70559215355112,-3.5233673567308,-9.96468419211275,7.98910091354738,1.82500594577916,-1.65896846831212
2025-12-12,0.523259216771141,3.57973019486048,-5.34524646118755,-8.76205106299669,8.86615167360089,3.3623831449591,-2.22422670600737
2025-12-15,0.399747020165915,4.06563019534961,-5.79332909005973,-8.61523175856415,8.63304038662969,3.40581166236288,-2.09566841588422
2025-12-16,0.501797186726471,3.68557258031745,-5.69382074870131,-8.6127006809315,8.67299015348095,3.526436768154,-2.08027525904606
2025-12-17,-0.351584216890959,3.48779698327942,-5.49044952017987,-7.67135960895149,8.41502499353998,3.48211092819295,-1.87153955899003
2025-12-18,-0.246919131512861,3.61466453026775,-5.68677244536022,-7.78674750160678,8.57676676903287,3.33054031996851,-1.80153254078927
2025-12-19,-0.134290283611818,4.38606142106688,-6.34366778186082,-8.96974421221141,8.38485120356209,5.16667997088579,-2.4898903178307
2025-12-22,-0.0780942870497583,4.15004878113542,-6.50911227956233,-8.24302992252973,8.49102340468915,4.73690544827094,-2.54774114495369
2025-12-23,0.534847971435006,3.38206619040592,-6.20811069687087,-7.76763855345427,8.13369906990992,4.08924526750724,-2.16410924893294
2025-12-24,0.618161742493577,3.20992980467087,-6.41081869768061,-7.83947724585154,8.10819000013243,4.63334476018879,-2.31933036395353
2025-12-26,0.592874166867496,3.17470831813532,-6.67017022670062,-7.94546539890644,7.8972589178798,5.27312720765416,-2.32233298492971
2025-12-29,0.816332964717624,2.39557291209506,-5.56928754962307,-7.48411350601687,7.74773514491805,4.29424911564711,-2.2004890817379
2025-12-30,0.134752417237774,2.81445767883057,-5.40160752235379,-7.7654900695035,7.91305257153231,4.59612277423915,-2.29128784998251
2025-12-31,0.350665669784608,3.06707402308686,-4.98856706940547,-7.76790215108945,7.39162706570972,4.133288710122,-2.18618624820828
