"date","GOLD","BTC","SENT_G","SENT_C","FED","VIX","DXY"
2017-01-03,16.0817283351487,10.6218817976238,1.22892212949685,10.5880619230067,1.41479402150821,6.71154514522996,17.0353192187417
2017-01-04,16.1130388829084,11.8115412651802,1.52420631347266,12.0909258231306,1.35839755764539,7.75185813456432,17.3581487993654
2017-01-05,19.7987955084782,8.58342518737696,1.47390405081261,16.7647505591926,1.67093211916083,5.73836364972515,22.3306019576209
2017-01-06,21.5208355729199,3.31253437549403,3.00426135666623,15.3413101998506,1.04352266707816,4.26154847162484,22.4158737068124
2017-01-09,22.2035726199161,3.28499136947262,4.32088421372165,21.6337702017015,0.895335100132332,4.46959706450418,23.0729130706938
2017-01-10,22.2077984924054,3.2510452933874,5.94537392537571,24.025320947164,0.890524413544184,4.41478798199407,23.0983518321366
2017-01-11,23.2196306175809,4.85390172394887,7.99847988507257,22.7373533932082,0.928689572852208,4.69180825877682,23.5589130233503
2017-01-12,22.6510617262607,3.92986813238904,9.63688196089517,28.6422481304336,0.935731138744653,3.97607902460968,22.8161738908991
2017-01-13,22.2060728938369,3.78688163988468,10.5961827647994,46.6252448963028,0.873841256773429,4.26318411229473,22.5730188881471
2017-01-17,22.0960310738984,7.74656037742798,15.1558971822808,40.4001511709068,1.00531081501439,4.73641964375188,21.9494050175149
2017-01-18,20.7409431697464,7.7353209223929,12.3302910476102,44.5557511056569,0.840647586584821,4.35328397226208,23.9469065119504
2017-01-19,23.9582316330433,4.70229112410117,8.10959492374067,78.1493973899129,1.37231045918007,4.71442788154829,21.5632260591263
2017-01-20,24.6639514095391,4.07199149652594,8.09468971068281,29.9473960740472,0.820036329645433,8.58560135105162,24.9007796395036
2017-01-23,24.5307045309567,4.129034160317,8.0344671021661,29.4473683529004,0.742886809350247,8.53076046045548,24.5183269204685
2017-01-24,25.1725243096113,3.49537954763441,8.09906247413869,28.2621616478969,0.784701946790304,5.51136099862,25.8384040650943
2017-01-25,21.8999519868115,3.75879785714741,12.0886971167885,27.1835258333129,0.683789265710841,5.41082540442884,23.6047111595862
2017-01-26,23.1495838792505,4.08249530348417,12.4276413332862,25.5910972853288,0.738348778904329,5.0824454611242,22.6644278449401
2017-01-27,23.0762647179941,4.06248039027156,12.7202760161812,26.7450996802835,0.746752507633644,4.630975496496,22.8595798637666
2017-01-30,23.2438782218734,4.04991044360085,12.7890819543114,26.4148019543667,0.624249463581695,4.59288368928105,22.8393815245023
2017-01-31,25.8264711757957,5.79923483417964,13.0510738884863,23.4412050970085,11.9138591382779,4.23464648353677,29.4008764134765
2017-02-01,27.4744709962153,5.15849554031144,13.2316038437785,23.390097255911,21.5634214321208,3.85250275101334,30.8977964345639
2017-02-02,24.5996713401799,4.63060802988925,13.2419971815445,24.4152502255035,20.5218881873139,4.00183390135284,29.0583668338835
2017-02-03,24.6471588419395,5.01870940287697,11.7663267920303,15.1006631057744,20.5820264274033,2.30520538142336,28.9872874087461
2017-02-06,24.5735323546726,4.99102481933131,11.7829908847359,15.3127999897252,18.9893065221161,2.33997048323289,28.7802323527959
2017-02-07,23.5195765450378,4.43244088341367,11.7468055945137,15.1839794040758,18.5057741976009,2.30607207754945,27.0984357474783
2017-02-08,23.6094666379821,4.39810470613814,10.7092702325436,15.8772650264404,18.5672281236862,2.31961874648045,27.0172686289982
2017-02-09,24.0067937035916,5.62718047076798,11.7128550793764,14.1835555630891,18.5459766376385,1.32010275016317,28.6750831239466
2017-02-10,24.0608137320126,5.599845826547,11.7174151001922,14.243743868958,18.3531049989887,1.31702076921742,28.7042363446382
2017-02-13,24.0428785324327,5.55388663568663,11.6579310940073,13.387770907609,18.6105445970125,1.31156860585408,28.4940094660495
2017-02-14,23.9443665756645,5.4441466212563,11.623373586301,13.053654470149,19.0964432233809,1.35553219590158,28.3579128832693
2017-02-15,23.7228734322313,5.4301495045074,11.6717828464758,12.4884434944145,18.0943321109593,1.25691113569836,28.2214213073082
2017-02-16,25.8774426754466,4.18538308748587,8.38928580129951,16.4969517059309,18.2766193272751,1.30725248906714,28.034583147945
2017-02-17,26.8251146032031,3.43575953211158,8.3491990441921,13.4141511555861,15.4533767318298,0.831022616073095,28.4848202310494
2017-02-21,27.1335354022274,3.17665456047486,9.77124846751779,14.1231331964766,15.2036529140833,0.788264757912331,28.4033184764507
2017-02-22,26.6132467359985,3.17650104512838,9.55859406361404,14.9103027180529,15.0756573518294,0.764048278649814,27.880484404889
2017-02-23,26.0967523848133,4.23071614318942,8.88581918012636,14.8799111740666,15.5775511638582,0.920059400442244,28.1044069298362
2017-02-24,25.9342153539282,4.18935129184199,8.80052263282196,15.4333016076584,13.1735463645122,1.03924794228652,27.3687318923994
2017-02-27,24.513074804285,3.57614004454255,5.98080027548494,13.4258907747418,13.2066671709568,1.23826197566543,27.259376762575
2017-02-28,22.5381419221569,3.04861170108626,5.86427264437981,13.4748358257331,10.5224578082483,2.09960787264835,25.6419452520324
2017-03-01,23.6597162331054,1.98166678136731,6.65550613148055,13.1930923747541,15.7231715799456,2.58783193973649,29.4362231672075
2017-03-02,25.1288337108508,1.69382672603795,4.17407761006993,10.3826061257887,16.1029316439002,3.77356303462776,30.8364902270697
2017-03-03,19.7757938187995,2.25415890014505,4.08401024122336,11.0268091162552,15.9353068900692,2.88468429158645,25.7896228773471
2017-03-06,16.521696051697,2.09519138706676,3.95973262836888,11.2025533981582,16.0212067470547,2.88004629715048,23.1779516555642
2017-03-07,17.6309894979675,2.30671362415884,3.93827905275516,12.4350036887775,14.6888322486425,2.73265494112549,24.1484149129406
2017-03-08,18.4615175398333,3.0326777794968,3.88798178240107,11.2821278187591,14.9521984419825,2.72219933674386,24.7008247969648
2017-03-09,16.9213800369783,2.86661702025469,3.62639101091119,11.7842553384862,14.3784596254756,2.59602831448692,22.9536439875803
2017-03-10,15.6619331830272,0.927331246259439,3.92749623794099,11.5721475808548,14.2754394997283,2.60077068191216,21.1663707053193
2017-03-13,14.1109565054483,2.32006424727821,3.89320511604213,11.808107622982,14.3517640256088,2.59644417659325,20.8763619746391
2017-03-14,13.9979941687068,1.62798796194896,4.0570842103615,12.5942150871697,12.5368145812359,3.10948362806666,20.4911857263729
2017-03-15,11.0417419202593,1.72609565010489,3.54443177150681,12.823888361955,11.5221475988176,4.28069464566346,18.2803156770352
2017-03-16,24.2653791652035,6.38965124207465,5.43557198465217,30.8986112355811,29.9008410137108,12.7298072194307,14.9752587654871
2017-03-17,22.3419011405665,12.4002033154154,6.95926163209117,24.9893260064665,32.4753551695375,11.8121766082163,16.1237859814357
2017-03-20,22.6189541223051,15.3895611559804,6.64319572237882,26.415358998949,32.0839624441417,12.0388651015825,15.9612468427163
2017-03-21,24.1357163107102,14.1589994879627,10.7939373561481,24.6190520461724,30.5554559345752,11.3371773374689,18.2669728196408
2017-03-22,23.9731770082509,16.2770994264947,10.3140320815639,25.7122271870467,29.3993512474757,11.3852177693809,18.5329679882311
2017-03-23,23.9368240573594,16.3884222447596,10.3144870542779,25.6688076589829,29.2665043517571,11.3609502492932,18.9266969895898
2017-03-24,23.6108908879811,22.3959387654904,13.0933231905785,26.7490177081224,27.8672334342436,13.5703200442631,17.8321064615423
2017-03-27,23.3424487118153,17.8517536993191,11.5583012174448,18.5683073463132,27.0248498689375,13.1102841228628,17.5701230677085
2017-03-28,23.2022791763087,16.7198065935767,11.2549822059058,18.921954185776,26.7286228092166,9.44774821641807,13.3092019937329
2017-03-29,22.6467332394928,16.3062282108417,10.6181041417442,17.3570914864111,26.2802753966084,9.33383689484119,13.9658228835417
2017-03-30,23.9572261498421,16.2376783000325,11.4113318379357,16.6333188874801,25.4067004932566,9.39810083308472,15.3952875709362
2017-03-31,22.06669664009,19.9282256669261,11.9028367204766,19.6738695571447,25.5322268214345,12.8245355667653,16.0732472632613
2017-04-03,22.1224640239249,19.8893760906835,12.1789966855854,19.5337509670148,25.2236700587344,12.2483584247083,16.066879781716
2017-04-04,22.3063612982261,19.3273298330326,12.6378702324196,18.9245505093548,25.8317635849544,12.7372997577681,15.839013310881
2017-04-05,21.0253666825651,19.3924587050765,12.659800360346,18.7541036931602,24.1328630114317,11.7880688271209,15.7817467620729
2017-04-06,20.2165776711253,16.0754030513691,9.91276161897111,18.2645622848489,23.573038831619,12.0817735513932,14.9579618341429
2017-04-07,19.5449349927052,14.8968318486449,8.33734947067692,18.9437211422766,22.9935289952985,11.8501425649098,14.9321224252392
2017-04-10,17.4797171839607,14.7060404271079,9.73770830882086,17.647860210821,22.5430435769754,11.6387167403076,12.1605752565609
2017-04-11,21.2168995113369,15.1698249449827,12.83306094799,17.5240797500078,21.6295664922338,11.5173582923868,14.021414762519
2017-04-12,21.0989141992259,14.5631124862115,12.7223351646612,17.3135397847102,21.021392869038,11.6871949046677,13.5870940667112
2017-04-13,23.2282809250023,14.0927847394719,13.9182971328643,18.9948863972114,21.0077896826082,11.4388353169352,13.7092923281308
2017-04-17,23.6210160715598,14.6751504380937,13.1508855219677,18.9072530630786,20.3478561872959,7.93079863736486,14.3017111447248
2017-04-18,22.0069683900548,15.1551269501265,14.267124228338,18.4120316228149,20.4512048152437,7.84945440226039,14.7122664431689
2017-04-19,21.4277779876371,14.7554957350078,10.1400147790248,18.1064217942237,19.8998325181397,8.39084234402157,15.7839721011007
2017-04-20,21.379188114427,14.4352981483729,9.965085369055,18.3210984482188,19.7443402180124,8.45925237862397,15.4926394457769
2017-04-21,20.6141377286692,14.6287186888235,9.79211020223077,18.2832084957649,19.459177173051,8.20949362130222,14.8006203529198
2017-04-24,20.4800865323885,14.4222249059851,9.47336664436635,19.0175990816865,19.2547386640768,6.44786378485275,13.3566533688507
2017-04-25,15.6565896774243,12.8947505718177,8.95749162730368,16.6405156436292,18.4710456253747,6.28685653549251,10.3780986216761
2017-04-26,15.877440348529,12.9329435706809,8.75780343218127,16.6715025443432,18.3481532145052,6.00177187637206,10.4303346216872
2017-04-27,15.9539408739467,12.5009620295564,10.7996233906453,17.376448858401,18.1450342704793,6.80840671367023,10.0470919893605
2017-04-28,14.6562390728265,11.2322283332976,9.49115268745257,16.8180748206092,16.4912492832385,6.77773182414965,10.1246432198926
2017-05-01,14.8707941276079,11.7288910064121,10.0788768350254,16.5719414593399,15.9777294107527,7.50588105403352,9.97394120954177
2017-05-02,14.5618642028722,7.04032790942513,8.01512545112009,15.919295708803,14.0791207515533,6.73844238195452,10.2513292127893
2017-05-03,15.4913911202904,6.14158777108663,8.21807958699955,15.3527432976176,13.7158467887086,6.60613095742206,11.4658225691185
2017-05-04,12.5062729206604,8.97937607292456,9.11255557827619,18.5226793992709,13.8066702403475,5.2421052421915,6.43665208007106
2017-05-05,12.3577676087338,9.03453732435965,8.76070441907611,18.5776008837412,12.1088499521503,4.93841183859117,6.43635526806778
2017-05-08,12.6415849507022,10.2723588513456,8.57976733255504,18.4341324910402,12.0739077821943,5.33310582617648,6.57031751595931
2017-05-09,15.8647766400737,9.29761809174866,8.51926840449614,17.2042509016902,11.7287284525451,5.31792875869114,6.82169980290459
2017-05-10,14.8832437249539,9.22809509057066,8.18131952912059,16.5782898612567,11.6605769103842,5.29610616999391,6.77147908358551
2017-05-11,14.3891289992936,8.58546368490179,8.18397775101031,16.5598724819972,11.6175631532578,5.17126985477262,6.91064273903323
2017-05-12,14.740209392977,8.50048510278319,8.8834259640677,17.7036928971067,11.3227386660889,4.82206756316006,6.3114374757556
2017-05-15,14.2903738272874,8.70327410669298,8.9111173923551,18.2119430296914,11.4589411323571,4.77422673990778,6.98816806457973
2017-05-16,14.0312006963737,9.01296886766256,8.29904050198769,17.797822998618,11.0997143237807,4.71577553824773,9.76800084753827
2017-05-17,23.3319960010848,6.38602304517949,8.01853711792647,19.8295779078676,10.7834373387701,19.3979400991028,17.4431737096777
2017-05-18,26.9871500007362,5.18669539676388,6.86430904844661,17.8931379760543,9.71419392278737,21.3443145700665,21.4221670015158
2017-05-19,23.7248455879731,6.24045341465086,7.99639882988969,19.7487608873364,10.2476802557094,11.57057492621,18.6882346550218
2017-05-22,22.6214460877096,9.43728412294635,8.23626268320509,21.9501318869036,10.3978503971179,10.2193285171295,19.9102917679818
2017-05-23,24.6051577922049,9.88185543927618,9.72429461771993,20.7214527285216,10.9216130640655,10.690484156461,20.9533347874116
2017-05-24,24.8158176556455,9.82421348546831,7.30734141927196,19.814950385645,11.7185789808207,12.0879631919715,20.0058547942673
2017-05-25,24.7033449085853,5.7977692576717,7.24384885980972,19.1239434787044,10.3274597340265,11.9259499280751,20.0208064870847
2017-05-26,22.3815144336375,5.19328516832483,7.08969629275556,16.4773323945716,10.1248614254654,10.2296798362405,16.978950545254
2017-05-30,21.7569170962088,4.80546779700263,7.14100163862289,16.5424698792213,9.92852574569599,10.4869891385341,15.600162786456
2017-05-31,20.7129860549472,5.94162151642217,8.4990527994726,16.974759985537,12.7863034538748,9.93660223990274,16.3797985115864
2017-06-01,23.057004647228,6.98728917577376,7.17885343076466,11.6244329877149,11.0667229376744,11.8674534619096,16.5955369072437
2017-06-02,23.1191145696683,7.68398150534964,6.45023035606827,13.7983009143884,9.25654958075433,10.8748420826226,18.9894932975964
2017-06-05,23.9122301145454,8.73261130646782,6.32753858275841,15.9522549813984,9.06568898092282,10.6664868751267,21.2812221900124
2017-06-06,23.025068422648,7.67111355841943,6.85653414714595,14.9918267464331,9.00119060784992,10.2899219013608,20.6828317828687
2017-06-07,24.2750689970739,8.48845533681598,6.89463627973478,15.3973420782867,9.06192294871602,10.6611896603779,21.4315221578053
2017-06-08,25.1749549796355,8.04309167133481,9.07383574117394,15.0250140430432,9.19023413131294,11.0568487356936,20.8980756619426
2017-06-09,25.5290339399166,7.96438819062909,8.90520504072636,15.2755698356668,9.13111075548297,10.6662282244285,22.0468596158833
2017-06-12,25.7430846142571,7.70635860898042,8.86627835525364,14.9931063482713,9.09385225619975,9.58112405056906,22.7276393228808
2017-06-13,25.2687483826396,3.38014985811985,8.16654514166682,13.4836215392815,9.14104828043304,10.3211828257935,22.9624590369443
2017-06-14,24.9514608865887,2.36625788383377,8.32796170081606,13.0345618346356,9.23303749758627,10.0907773611779,22.6169579096972
2017-06-15,36.4030635338445,3.67738445003304,13.12006895404,19.2134317403868,29.7339684497993,6.86185901559228,32.7006853860125
2017-06-16,34.1202983710107,3.42905981243661,12.6404630467504,18.9357089640457,26.6309757999084,5.72223671019238,32.1174155635718
2017-06-19,33.9423481652825,4.63934828703822,12.5261244540413,20.0237363308552,26.5024425582437,5.9829843190329,32.6425313329327
2017-06-20,33.7555471913635,4.95691231085624,12.4113007056258,18.8456766537601,26.2063892265604,5.6677883859455,31.63365648284
2017-06-21,33.5146146540308,5.19486012451611,12.1014689000224,16.7018106575875,25.9490630587302,5.23350676311787,30.7217432659999
2017-06-22,33.3200909837461,5.24402330289572,12.3065173614708,17.0947985528034,25.9452914434934,5.26172872974631,30.3836979629645
2017-06-23,33.0826823019069,5.18070758255676,12.4787525758479,15.5741663131841,25.5121114818985,4.72631617495497,30.782924222792
2017-06-26,32.935184401304,5.400604061183,12.3473334213198,15.5690654012152,25.3111312064415,4.63154550117228,30.7798271832236
2017-06-27,27.6898259579464,5.41052923490728,11.5816573634542,14.5174714346641,24.6607483931723,4.14506977981642,22.2268668978439
2017-06-28,27.5155598217752,5.54170211153503,9.80804439082401,14.8135829821205,24.3393002837462,2.7629648627377,22.3019353394628
2017-06-29,25.5233609864474,5.83836325019546,9.56751205373229,15.0515535729211,24.0055044087372,2.96645274702002,20.405683433459
2017-06-30,22.6693342205235,4.87370321228974,9.5749373380858,15.2585390363746,19.2821730567047,3.34108099523057,18.9620706929929
2017-07-03,22.8173397573691,4.91672651129287,9.53957294935643,15.098545301738,19.472561934488,3.40214176727139,18.9069875491522
2017-07-05,23.5579135392851,4.92422464067438,9.84702945648449,15.0235659457454,20.1982251878288,3.43559589117184,19.1679631144713
2017-07-06,23.3920510051231,4.80991245155865,10.3908427573541,15.8326958172593,19.9266336333709,6.04816596750227,18.7501841839203
2017-07-07,26.8640197025684,2.37119412876549,10.380699482691,17.3595661976153,18.1357040378599,14.4083350281628,21.7562977100952
2017-07-10,27.3577451818966,2.67761042781523,10.4418701846635,17.73698643093,17.512344805217,14.9080557181066,22.2632977167653
2017-07-11,27.4001488906637,8.26939014370811,15.1664362847591,22.9868747456597,16.2498868822064,9.92136105851315,23.3799327513878
2017-07-12,26.1196605429708,5.73497651425943,15.3229111630129,21.7016345316726,15.5827170111626,7.68142783086464,20.8837372749358
2017-07-13,26.2430234982824,6.07969383446525,15.3397399152356,21.6675810580799,15.5580208840359,8.04012950239797,20.7331338300015
2017-07-14,26.6912715773674,6.92448057971732,15.46266685049,20.3693213065034,15.031081866331,6.41752130127403,23.2067761474927
2017-07-17,28.2621528988552,8.52211250268535,14.7384456017538,20.5245109704727,15.1901637331882,5.95153690167599,26.3813787510586
2017-07-18,29.114345773805,2.94586557971692,13.7535124628823,17.1718187856046,14.9916504996552,6.08145597297985,25.5256724685036
2017-07-19,28.7530916392315,2.74083852677281,12.974919567914,12.6054197043632,14.6626913709531,5.77335473562311,25.2538212279637
2017-07-20,28.5698525821222,2.79832395363682,12.9249958748394,13.7570150479376,14.4063537570881,4.65833136593543,25.561952619297
2017-07-21,27.8862406063304,2.63587689531759,17.7061633774023,15.7584288922036,14.4250809829667,4.69472733507345,25.194987175182
2017-07-24,28.4099810303883,2.67070380774262,18.1019199797099,16.3034621236024,14.0071059728311,4.61481537138579,25.8352838334666
2017-07-25,28.9326857839394,3.87334423052721,18.5275452318059,16.6812536874535,13.8195197005985,5.57773719305479,26.5106281598453
2017-07-26,27.0337212004347,3.48232385037278,16.8091930609195,14.996386286562,13.6446057183025,5.44978768646663,24.6243468407644
2017-07-27,22.8597126435834,4.18765924526174,17.8928161856319,16.1040710781271,13.0230458575701,5.54197344542222,18.7909820270432
2017-07-28,24.4781480612783,6.58483991277884,18.8317813320617,18.086846110294,12.8082863015109,5.52465440842684,20.7334685644002
2017-07-31,25.6280293572359,6.30175909651781,20.5742676347669,18.8413015844099,15.5869993876423,5.52844679050285,22.1964908716219
2017-08-01,24.0360562402568,5.96715006301348,21.073794728784,18.7439109726535,16.5619516369261,5.26679977127773,21.6437058553412
2017-08-02,23.9312962667857,5.90011595166349,20.7958795160179,17.4202363012067,15.7521425676017,4.73937092177206,21.1970217005605
2017-08-03,24.1629875454879,5.28518051463088,17.6776856203723,14.202828387947,15.2293941012851,4.66012542795874,21.0576136246373
2017-08-04,27.5768428309358,3.81783600938149,18.6493304759725,13.8771073010422,14.5851828699871,6.09565889431038,24.9571980545121
2017-08-07,30.224370102747,2.40812048097633,16.8427544355107,14.993663787204,14.8808241538929,6.01613843781928,27.625239111542
2017-08-08,30.2601313483667,2.83107034576298,16.5757348631653,13.6861990544952,14.7921132170495,5.72365202054925,27.6559298802102
2017-08-09,28.7554642065364,3.22083060872757,16.4258584802312,15.3589864513934,13.5363962121296,4.89049628081692,26.6705484287564
2017-08-10,29.1767605656919,3.22493957345029,16.5652431497102,14.4504140494361,13.3298571691574,5.1326093666644,25.6322047813005
2017-08-11,28.80564279113,2.72691565320255,17.8974603234542,15.4938372827679,13.141772489324,4.71753808771198,25.1250141076503
2017-08-14,27.7900444271643,3.98377844167107,18.4340979935458,15.1915565999686,13.4789071990357,3.01614198747756,24.9863745209548
2017-08-15,30.2943926228683,4.20279806392462,18.5929389790274,16.4809762806553,12.6400260533915,3.7991954782147,27.4451181518163
2017-08-16,30.7366036131803,4.27422912085636,17.8007725636092,16.6284619017455,12.027815395558,3.81438712255634,28.3881149512284
2017-08-17,29.8738154991264,4.35721533604633,17.8045403973956,16.9226857953507,11.9236752992164,6.44975564998667,26.1930693050951
2017-08-18,29.5931249150425,3.24071897893038,18.4138222424461,17.3697150832728,11.7325018194123,6.50657246510571,25.2318745189055
2017-08-21,29.4357132752017,2.83508987441063,16.9269774149996,15.30527241629,11.6256701153933,6.79966341634364,24.4765704809543
2017-08-22,29.7930733268706,2.69864762892397,14.6763530231224,10.3033891579041,11.2229772825509,7.49814683470064,23.7281803953542
2017-08-23,30.2717096428193,2.62720171738247,14.7786795068578,10.3285455190598,10.9215775332732,7.83227837236181,24.0656304037882
2017-08-24,30.5789827355779,2.87185240400703,14.7719667156385,10.2448610393461,10.46111714018,7.95871919054875,24.4928258115821
2017-08-25,29.6997697617303,2.7486100767469,17.9433629869667,11.0931026023579,9.829247444127,6.93736503803091,26.446945625035
2017-08-28,29.7467614230036,2.72230339051879,16.9946803372169,11.0039819421749,9.7715087233214,6.69757603152861,26.1133682945772
2017-08-29,28.9913944842748,2.65293183226156,16.5109811705917,9.76655945287413,9.54026087375041,6.64643298340216,25.2410701117503
2017-08-30,30.1792574710139,2.52047950724902,15.4408696548397,9.05580261809826,9.61731688540016,7.23878744262672,26.6820521916282
2017-08-31,31.7863488118843,3.00004838229345,16.6618821870422,12.6737596481675,19.6316457677337,6.75531416481861,28.5427119743679
2017-09-01,27.9804605460508,3.4809753514419,15.2021758455127,9.7597965921648,11.3160842724292,6.03810746014513,27.0938652800328
2017-09-05,26.9860048571429,4.67933716372912,13.4136562583808,12.4075754454234,12.157254990303,10.1345151440842,26.4395402512654
2017-09-06,27.642917345074,6.30191922852668,13.3842664463962,14.5696092417762,11.8853937369906,11.3875174735467,26.1176900348508
2017-09-07,30.1726944062276,6.29623983692154,14.2412446518167,14.0695413421815,12.2279039389354,10.4842352145706,29.0324619845761
2017-09-08,29.6307423129283,8.37005014504346,14.5087061328263,16.0226442795768,11.743470502898,10.5654803207196,28.8589411598848
2017-09-11,29.3407448719965,7.5928721039508,12.1072820891996,14.5246801423595,11.4675030557338,9.48441625280313,28.5640721259303
2017-09-12,29.3203975940295,7.56822034556563,11.1489672413806,13.1110525651578,11.3923305826599,8.76831527989134,28.7528222697968
2017-09-13,30.0239411657931,9.49433564003715,11.1047391622139,15.4697452528673,12.6816172032537,7.62534721694932,30.1463389199817
2017-09-14,29.495751108457,6.83529869797452,15.713731941184,13.1170454045623,10.6439532184358,6.80913036287801,30.0906218204145
2017-09-15,29.1418694418992,2.93567871967185,9.65657775921405,7.03051127058691,10.4755481400507,6.19075984513217,28.8266699971839
2017-09-18,27.5668161527867,3.00613120206107,8.62418261015627,7.31435754967279,10.3032883892663,6.7384062867902,26.7823264802883
2017-09-19,27.287460669722,3.02802543176214,8.87926790493121,7.36703377050091,10.4752771516197,6.9190931955707,26.6680430452254
2017-09-20,21.0174903876211,2.8823576334793,8.27944862217164,6.66954875214478,9.6934145182052,6.80779539235159,17.7253032268012
2017-09-21,14.2459656889075,2.52684754983433,11.3481359794917,10.2059770620537,9.22998655542406,5.69165355952228,7.92491666736981
2017-09-22,14.1395792588147,2.53425297357905,7.33236764778098,10.3408924906008,8.86716201171423,5.63973171396387,7.62209051804601
2017-09-25,14.220328569876,2.29602174315371,7.31384686469658,10.3010294103221,8.84893235575188,5.63299960656971,7.55634948399135
2017-09-26,14.276992655545,2.42871280007806,11.4462793602404,10.6262599393567,7.86191142171295,6.00366102610731,11.8688617345719
2017-09-27,15.1448034117448,4.13373470293345,10.2538400045366,10.9301755675401,7.52364373222709,7.16594263896814,15.1490624141289
2017-09-28,15.1069196434603,4.16024140218181,10.7332056110775,10.7925712476623,7.22897367854438,6.0778481689864,15.6726924536376
2017-09-29,14.2235546260262,3.94320429889781,11.0356269636786,10.5698880485678,4.23802069917495,6.42966916223414,15.0355714607228
2017-10-02,14.4491652163234,4.20270599642333,11.2413793766653,10.4779074888883,3.93885719453508,6.58398172479528,14.9785352474306
2017-10-03,14.599213427797,3.79698448019318,11.5508031221184,11.5794808687125,4.64323547740091,6.83027191010529,15.0430701791265
2017-10-04,14.5558503767885,3.77635734608535,11.5549052476595,11.5829098584024,4.78490140632926,6.82595245324423,15.0340479374386
2017-10-05,16.044093390929,4.45495322578583,10.2436925951485,11.1385620962687,4.82158474515319,7.56918116084202,15.3227371456561
2017-10-06,16.1106347997984,4.35171934003514,9.8193227291291,11.0401503085613,4.78367016376791,7.69185404269593,15.2126026146875
2017-10-09,16.1456067867629,3.84134273308717,9.8320109733409,10.6802105453006,4.81547277545676,7.30271612895426,14.9702742086038
2017-10-10,16.5648907995046,3.58202982598254,9.5553318320155,10.9158969891967,4.97715905436787,6.45626664107478,14.9358374028415
2017-10-11,14.7618562166194,3.56736519810431,9.73777409094986,10.9187261843657,5.05643352218671,6.94831621590206,12.6760203219243
2017-10-12,12.9437421646745,5.56172129263446,10.0713522796556,11.4883797641488,5.01889626989177,6.7639257834544,11.5668110004381
2017-10-13,11.8542763674298,5.99479500776218,7.61595354707462,11.6484316921439,4.9551924316348,6.07223017569218,11.3461150713346
2017-10-16,11.5757570888679,6.10256767850147,7.55927340207717,11.7110594016568,4.9447738792778,6.03279099745282,11.0909332687121
2017-10-17,12.9736946643294,6.36777673482541,7.68315988874821,11.6647716914462,4.95317545349601,4.99135866822207,12.7334832351795
2017-10-18,12.8730759091103,6.24713417501419,7.69394660466066,11.7121571055545,5.01114165538743,5.51158901487074,12.4170119430511
2017-10-19,13.2515570937419,6.91897737337243,6.69649993602606,11.2037661755397,4.92431282999203,5.85541641738408,12.2152249064916
2017-10-20,15.5508528033193,7.27323362493699,6.51127308818666,10.9076063990156,4.94843226397975,6.26833938377099,16.1145772229018
2017-10-23,16.9986307215404,7.11092271041835,6.5344881105879,11.368218116422,5.10835479218068,6.20501914828971,17.5922579869786
2017-10-24,16.9809938918815,5.70083782245946,5.58571080396974,10.3587415984516,5.08970627209966,6.13506733738428,17.4019940291908
2017-10-25,16.8636279079338,5.21338797440765,6.18509551747472,10.2404591463661,5.09805362407608,6.12132445448715,16.9318919122058
2017-10-26,20.6844414726935,5.692310744514,6.25501153791557,10.5292830317706,5.44067717981964,6.09425907319867,21.0786136906854
2017-10-27,19.1366167748899,3.83516318530125,6.48834137874407,9.28735695666554,5.19748790227697,4.81204540850026,20.1444011822625
2017-10-30,18.3506540078309,4.34534146793515,5.54143383313533,8.54421580321801,5.03673088903344,3.47696442754326,19.6904032610762
2017-10-31,19.9452375516197,7.8884795408264,7.40777459571226,11.087593134118,14.1194564409152,3.27960650813985,19.1637262329444
2017-11-01,19.3370041244306,5.75461047714115,12.5181289958694,6.30858443828644,15.6920149246495,2.95358523900638,18.1081859367329
2017-11-02,19.031483915261,5.4807522843275,13.2007029659785,4.70069550992728,15.4694010457503,3.0489548215508,17.5925549561322
2017-11-03,20.121394537791,5.95641105560059,13.1784165364366,5.23547735254254,15.1249730380693,6.33231331787794,19.8665408048429
2017-11-06,20.8109797993937,6.02128810748408,13.1415156089044,5.20305924585055,14.9753958776276,6.34382200187122,20.6866676679983
2017-11-07,21.4023723247594,5.8371181924896,13.5240948444404,5.57818808891538,14.8035833459212,6.42323421671313,20.6206198909882
2017-11-08,20.0245815235989,5.96144218176403,12.1062303410138,4.86788549777351,14.2407632268901,5.28389091492711,19.9526706434004
2017-11-09,19.8575194618935,8.28085013416674,11.9343081885237,5.50693229074467,12.8472626547203,5.26110446582124,21.5151280083521
2017-11-10,20.8553929722228,10.0802564224027,12.1499789519251,9.10829952279999,12.6698366522147,6.85627715047935,19.9364619700316
2017-11-13,20.4079607599125,11.0283935139219,12.145064304095,7.81208887853389,12.4501639749469,6.75724947030987,18.9925201543525
2017-11-14,22.7377697024582,11.166733646057,11.7571795390539,7.37033075274639,12.2773217291781,6.47254985878461,17.9404339986609
2017-11-15,20.8027439772419,5.85092368664004,12.8098310445867,7.27218948148995,12.7953826101225,4.55846283690338,18.332526904803
2017-11-16,20.6625939719312,6.74796094917153,15.9714715130651,12.1448173904229,10.0087043774521,14.6318147809657,18.9502943322198
2017-11-17,21.1421012557843,5.86882210955795,15.8301126292288,9.9956179280024,9.14226646286375,13.3812201891441,21.5903098573017
2017-11-20,23.2083444894194,6.78050502710422,13.9110187013927,9.78936889339788,8.60311917347433,12.398473650058,21.4909261673106
2017-11-21,23.4448812673846,6.61901802643745,12.7338751003195,9.23877325764507,8.33918379878086,10.2595468238029,21.603163790604
2017-11-22,25.423010338177,6.22199546210025,12.424778898991,9.62621018913247,8.29823823081312,10.0830138452927,23.109365179434
2017-11-24,27.0143340014495,7.00011609002298,12.0938571545786,8.14807880469744,8.2645902890348,10.7906153289712,23.9024124608343
2017-11-27,29.0798894180509,11.0801729371915,11.9297679671184,9.67047827686267,8.64188045892851,10.0747209768238,25.4890653492829
2017-11-28,28.3254517406356,12.6389884570925,13.4706163867254,14.7712515204976,7.74468478943426,10.6480949001118,25.6734341504449
2017-11-29,26.1264603303952,13.2948724328574,13.4624813043671,14.4363194886682,7.42574949573858,12.1821845234764,22.4837533443217
2017-11-30,25.7579591863411,13.9334747167586,11.7273253763368,15.1455159536275,10.4621654305203,12.7820148648837,21.4370324364266
2017-12-01,27.6991915756709,12.9963339800126,13.6876061567838,13.1527414777568,12.0819081095539,13.9412563754879,21.0085077344024
2017-12-04,28.0301121872243,13.8523790160721,15.1055504728922,13.5486999157135,12.8998631755787,13.0898639174367,20.8503299308472
2017-12-05,25.857879917303,10.1244068957913,14.213183194449,7.32950999009095,12.1797150175343,11.1629138113592,21.3281671970241
2017-12-06,25.3450031253436,10.1342615727828,12.9220950411686,6.09634542195977,12.0131149996476,12.6820120757137,21.0923106873123
2017-12-07,22.3574104414423,17.9832918242505,16.9095003925936,5.86838701884226,12.3799130075758,16.7285636410229,21.9857671187604
2017-12-08,22.1777605362507,12.1074551714244,16.9038588659999,5.99476024281366,11.5839028126333,15.4083994713192,21.3592881868977
2017-12-11,22.3235889877404,10.7220551068994,16.9693253098098,5.92461920233897,11.434692054354,14.3392181429277,21.3646576686067
2017-12-12,22.6232162406986,10.7643946150425,16.3462749990146,5.36616624511795,10.5133800121947,12.8168617125435,22.8487584150259
2017-12-13,24.3929193872014,11.2566362230583,16.8236491982557,5.50310648240804,10.2008197014207,12.7255480699114,23.9159399446803
2017-12-14,22.4246611363729,11.2771781361682,16.9799918908114,9.29535628259725,19.9188491759817,13.6524131425382,24.0930058816343
2017-12-15,20.8385686043638,15.3891632414083,17.9232942483996,7.82483518795658,21.1319307695559,20.3241883105045,25.9249072107923
2017-12-18,20.0882183618547,16.0169798178199,16.3309980238225,7.85121692626741,20.8920903810697,20.0101989850457,26.1891107705467
2017-12-19,19.0037022200279,17.4558964336958,16.1221152962963,6.37379101299884,19.3335188217678,21.788235669784,26.5005879429508
2017-12-20,19.5274108405203,17.210865090442,17.330288119953,9.6184340434783,18.5199965060967,17.5763467479815,26.0521188341308
2017-12-21,19.3867289399163,16.4177617429248,17.1928573718136,9.90776192513721,18.5202645297936,17.0077733399024,25.775416919424
2017-12-22,19.0541351317959,14.8554813417633,13.6018411856618,10.6911216947719,18.0627764942996,16.5133279144331,22.9779407863832
2017-12-26,16.4034162417307,13.623574052558,13.3457721922881,11.4341159056084,17.9084517676845,15.2413643119703,21.9477262022368
2017-12-27,16.3676305787023,13.7443099321335,13.3956680263049,11.5992228656884,17.8643239722039,15.3860497416213,22.0096192007822
2017-12-28,17.6945217510196,13.1193914602306,13.7059126253989,8.74201994890353,17.6255251395253,11.8504410342069,24.2946142377754
2017-12-29,17.1566755110076,12.4353066017576,7.04638417027215,10.0201012310392,15.1087873446734,13.2905430636487,27.096899476878
2018-01-02,19.8795136995018,14.3535459685602,4.46553944258366,13.7634955492468,13.6025304650877,14.8029368248596,25.7517422537618
2018-01-03,19.1869200595932,14.4025904584542,6.94959823421194,13.6036638182086,14.5110372750255,19.0239984724424,26.7341910701958
2018-01-04,19.4770464814043,14.1722531957072,6.61208915177671,14.7155805750664,14.378139712461,18.9235314282521,26.529653015303
2018-01-05,19.1964170641861,18.2687154323588,5.29537656841687,16.18142384092,13.9591931705055,19.1998273120376,25.4033378492836
2018-01-08,19.1258348787009,17.6531481421559,5.14060927629843,15.7935015309015,13.9299952726958,19.1388939499204,24.9864986316946
2018-01-09,20.8219047861495,18.9474564495099,8.93918934865723,16.4332259658194,13.3933359281193,20.8416569988033,23.8463735900107
2018-01-10,21.9709128906174,19.3474628296313,9.27947466047931,17.0915471586403,13.4447656530097,20.8016151392207,24.170782503052
2018-01-11,21.8016410687265,16.8535963918892,7.58514298795691,16.5358053936775,13.2528919947174,20.1292919043389,25.217184674014
2018-01-12,26.3594887184856,15.5500404167341,10.4257898644327,15.7518362132434,12.8895065059349,19.7065757415992,28.0128846074563
2018-01-16,28.5373063785468,24.6380581727839,9.89195438653503,14.7799053279004,13.1656186128359,26.4556099492678,34.480047399496
2018-01-17,27.9499342973571,23.5431409663398,8.24823631647706,13.1021830077935,12.6544170140182,26.0945142349753,31.9073360170594
2018-01-18,24.8663685006509,23.6699333550133,7.56496277765102,12.2643723414182,12.4602649759541,25.4130567857617,30.0812627083361
2018-01-19,23.4887949945355,22.5819015188082,4.8776753604776,14.7844888312976,11.5406952082906,25.1705530894505,29.0705096826161
2018-01-22,23.1052564920997,22.6378778979726,4.810286965584,15.9388362067895,11.4994895513593,26.0433330918545,28.6758787642185
2018-01-23,23.5905843974999,23.1878265824819,5.03211536735802,15.7909712593076,11.3476516079952,25.5890800938318,29.2944315461048
2018-01-24,30.0236269344542,20.7465088721373,10.7833855261998,15.9201355753665,11.3405916960594,24.7519535196368,33.7230657209229
2018-01-25,28.9118176674839,20.4732578586732,10.5397488867766,15.8338212136964,10.2171067716851,24.3723318385678,32.1689480954044
2018-01-26,21.334466976944,18.7614920806413,11.1299862784245,17.7400952129322,10.0326594444006,24.0208850353387,28.7980282307856
2018-01-30,22.662586723693,22.7954540314641,9.73294669831916,11.8931678165297,9.5192964198465,27.0186696095603,27.3365607639275
2018-01-31,22.4060528767831,22.0528941452925,9.0773995072533,13.689472436135,6.4953185986253,23.1556068966111,26.1654457739581
2018-02-01,23.1525645565455,22.0986309213857,9.25926595618192,15.0248328781198,6.35573861523401,20.9528645634169,25.9470677168036
2018-02-02,31.2223237243094,19.3228657220406,8.92297905545603,16.1239017635844,7.69596065767122,24.9687268099412,29.3748876264718
2018-02-05,31.0320932134245,16.9786781881265,11.1479133006962,21.3989146750305,7.73029884883631,26.082058908969,34.6214784453262
2018-02-06,29.3854858546401,15.7913713668727,14.3833092256911,21.0952051827494,7.89045905668529,22.5933056672297,33.9503835784069
2018-02-07,30.9899307583109,15.2819994719058,14.6860782196946,20.1041763716278,8.19779042231901,19.716952896581,35.1648519315317
2018-02-08,30.4935962274014,13.9772913809368,16.0077289943711,19.6170650923298,8.18889032055367,15.1448516362775,34.4665429884183
2018-02-09,30.3135501845383,13.4930733272873,14.3657546586857,17.9476807037409,8.02162743448625,13.4167406843792,34.4746200958833
2018-02-12,30.4595774775908,13.3596072060296,13.1253580994074,17.7521674514027,7.92677015122172,11.5861237235937,34.5770171364251
2018-02-13,30.3294971387659,12.124760900204,15.2834039426511,17.5497262724895,7.35515250580099,11.048416628511,32.3761166657185
2018-02-14,36.2037081119177,15.4380903999785,16.3252113958998,15.1205520281031,8.11317790911908,16.5419998266095,35.5961790805236
2018-02-15,32.2363406646786,14.0190970349905,7.66757894119718,13.8906603677876,6.97099431585671,15.1528946806574,32.0515738136861
2018-02-16,31.638685459046,13.9649748770529,7.94047705129654,14.0506474486658,6.77709492602537,14.9396966552369,31.2872010229296
2018-02-20,30.3624250340578,13.3221311272386,7.76869781077258,13.9277513827582,6.83059714119821,14.8088146505367,29.7342549257644
2018-02-21,29.6562475793626,13.3734278363245,8.10232951045399,14.4024533093947,6.82253772293075,14.1728981281202,29.5126587421615
2018-02-22,29.3331838911155,12.7614721437243,8.24556653192263,14.6810914523512,6.72022380545652,13.8980265338709,29.3580319186309
2018-02-23,29.1273504616752,12.8158582419022,8.3594747286255,14.8926049513455,6.71279520422267,13.3742956447795,29.0466988880693
2018-02-26,29.3314241097321,12.5608370969707,8.24363025898769,14.7977869219678,6.79071736072102,13.073838544771,28.9710721529381
2018-02-27,30.9689290322201,7.50272709312389,8.13429287495475,12.6602994786335,6.92184962715275,14.259489046086,32.1765055162253
2018-02-28,30.2992771116006,8.17159844670529,7.71121365371069,12.4604749689445,4.81304009396505,14.2836964706287,31.814267368004
2018-03-01,28.9278493015787,8.6540383450481,8.10080166405623,15.1470629939435,7.23600730478132,13.3019996071953,28.7820661887725
2018-03-02,32.3868966638142,8.65672328910114,7.93774950419665,15.4221767274444,5.49309926997882,15.9999113315549,31.2953884540403
2018-03-05,32.5540049354227,9.69457363229471,8.13152881391178,16.6615334786246,5.56007016962139,16.2427258169149,32.175229795069
2018-03-06,33.7016275355537,11.5829047217114,7.85358330871302,17.3146848698551,6.06998303806946,15.8223783301072,32.992252670928
2018-03-07,32.9751256994424,15.5594118096892,9.87697709120819,18.3611917326231,6.52190630989215,14.5621741920077,32.9620125566325
2018-03-08,33.2221590598898,15.3672822202194,9.30913117109306,18.0788283579657,6.67853562023959,12.7597100748555,31.7900102785752
2018-03-09,33.4912365508751,14.4364350381739,8.20389582950832,15.7429486847267,5.74093185586533,12.8274597571117,31.8107728223534
2018-03-12,33.3893744264166,14.4691215550085,9.05376660214709,15.7387664458648,5.7930341091773,12.850401252705,31.7697334862405
2018-03-13,33.1704088581125,14.0230985907237,8.55445962611668,15.0713095458181,5.88135155655566,12.380669497036,31.8360510790403
2018-03-14,33.3216057473341,19.4931143692599,8.465440076185,19.6795220892842,5.93824341648968,12.8319314132285,32.1467032789702
2018-03-15,34.0091151521657,19.1069755159327,8.39779721010592,19.8131874354286,6.33837504508046,11.63450532745,32.2940499065755
2018-03-16,33.9726621896889,18.7752787547031,8.61031489330163,19.4146131890246,6.44418338307499,11.4694383493162,32.1786310898509
2018-03-19,34.5350905201041,18.652988432312,8.58479305243805,19.6867656610056,6.36017909485163,12.7960480229974,32.5397488934168
2018-03-20,34.2485112990239,20.6933438519348,8.92091209957824,21.1629847501861,7.29131138151801,12.1625497714043,31.9487025115391
2018-03-21,35.6739037337852,20.0352161518163,8.60817204287911,21.5860952759766,7.16770680722995,11.8056611160121,33.6479928833494
2018-03-22,34.1129127522791,19.9377358387316,19.8444492242424,24.5077755778229,26.8109489892668,20.1054904217669,35.9113625363797
2018-03-23,35.9445714453579,20.0902976492579,21.5951858405025,24.4653313326445,28.2714470035523,17.6591092113075,35.9975370217491
2018-03-26,36.6454543790448,19.4394649028791,21.7814745494274,23.6015387883554,27.8217250092584,18.494689932644,36.8810134052747
2018-03-27,40.1231161862257,22.7378605386721,23.3197682062285,26.4167237504295,26.7724361284811,19.7470059259649,39.56252021983
2018-03-28,41.6018546403441,22.2859081622841,24.5507419345523,25.6790744660822,25.9856066043023,19.5449811849006,41.1300534425795
2018-03-29,41.481648450978,23.0477365516271,24.8763246595702,26.7365488758369,25.5661755948315,17.7894772701344,41.1100252504744
2018-04-02,41.4111200554573,22.526722811254,24.8356612483618,26.6508853695803,25.0015333877601,17.2245667170906,41.192810960157
2018-04-03,40.3560353285823,18.4607207993595,24.4804111279848,23.1785110046881,24.6782395215596,14.9084742124974,40.823006367547
2018-04-04,40.3904477063313,21.0295336427317,25.126551436324,24.9190167701979,24.6307981724248,14.7356684491499,40.8132165241295
2018-04-05,40.7592216984616,20.9950495949452,25.3905878720317,25.1771581534291,24.5400142387322,13.4332652807489,41.2284484509762
2018-04-06,39.587855557315,21.5745592800016,19.9116651635381,24.9571218828829,23.0743886987749,11.1660378187092,39.6505323825296
2018-04-09,39.7764782055533,21.391479316688,19.8985650769045,24.985971860439,22.7686858276974,10.8140567824084,39.8061577210871
2018-04-10,39.7091661172189,21.5211387208166,19.4842954003546,24.6488984766452,22.8220364631649,11.0060231050154,39.6722897283575
2018-04-11,37.6367469356493,20.5109092083198,15.817062858609,23.7769037813688,20.9635918816581,10.9628354345562,38.1219565029575
2018-04-12,37.6328801880509,22.7959744612606,15.9976693736826,23.6101707394505,20.9864003734042,10.2085105980688,37.6715234189203
2018-04-13,37.8419258426878,22.3355718113738,14.1862057085892,23.2157817587276,19.7596872960688,10.3382223470238,37.6072271508838
2018-04-16,36.8883851278616,21.3016758739199,14.1418698543217,22.3470185962102,19.6294343436135,10.4474710684888,36.6684733502661
2018-04-17,36.6731490810683,21.15020907687,12.4818461116184,22.2974207365348,17.800255943492,10.2026346193161,36.7120541903941
2018-04-18,35.3675715912439,21.7533608291556,12.3476488660766,22.4841832742507,17.671069134689,10.0863968208935,35.5697756317265
2018-04-19,35.7328539307987,21.478087600509,12.0550058844111,22.2770386190151,17.4338479605057,10.1156188608845,36.2067106267586
2018-04-20,36.7996175237874,21.5476796457301,12.2104892466665,21.3180260885226,17.7261200087957,10.5278703629899,37.2143414352933
2018-04-23,37.2300200974842,21.3882646199568,12.1117828844939,21.3753072928492,17.7800240055396,9.93285338077369,37.5664663894625
2018-04-24,37.059224232036,20.6747847023212,11.8892830827436,23.2797760264693,17.7657405400662,8.63061450583124,37.3474667561201
2018-04-25,37.9202874179219,15.801939762448,11.2844414231621,19.865382164954,17.9832235357602,8.47157013875046,37.6367698567687
2018-04-26,37.6953770099264,16.3948377229984,11.37540298175,20.0773627201276,17.454180992058,7.59588857747286,37.2256385646054
2018-04-27,37.6270767443827,16.5975929295369,11.1957096347767,20.2661956267284,17.3876454913511,7.44797268368258,37.2794954314168
2018-04-30,37.5729846947254,17.1619846953081,11.30235201606,20.9448637162808,17.407233962047,7.2979479572194,37.1660597613055
2018-05-01,38.9392497545793,15.6062764838211,11.3586001918007,19.3052153012974,17.6798882597001,7.03140199506725,38.1348993849947
2018-05-02,38.9664058374001,15.5066730846479,11.5814272873532,18.6275947342393,17.4007979410292,7.07358507229635,38.10010504098
2018-05-03,38.9823977940081,16.6710797329255,11.5418751281065,19.551870776646,17.364007185836,7.10766621566684,38.0538175487383
2018-05-04,38.7154012231183,15.2499302758038,11.770178541734,18.7159560633056,17.436993479263,7.25327054889777,37.8447323239644
2018-05-07,38.3797777451053,15.2245653361528,11.7896099966842,18.6994764435433,17.4397202712529,7.2556553470704,37.4335447289162
2018-05-08,37.6078067050115,12.6540776717928,11.7255185434404,16.3813208276793,17.4892188579828,7.24489880492867,36.8914325381711
2018-05-09,37.2380310821752,10.5916605897013,11.737918832717,14.7232087720625,16.841115474686,6.80918169182815,36.7899352989844
2018-05-10,38.8975877585013,9.13288389647856,14.7857891045959,12.7972122362416,16.4468116603629,6.92360864679688,37.6789192440984
2018-05-11,38.9089301929363,15.2893495174715,17.0861828271409,18.1960954865913,16.2633453579399,7.50881261716679,37.3880719564455
2018-05-14,38.9474055517676,16.2942912103524,16.9373070139138,18.9372950626034,15.8083566950144,7.51571311730567,37.399912337861
2018-05-15,41.7633998713389,16.7065491551419,17.8713703169548,18.9486475716408,16.3340953765003,9.35792176992951,40.5115401471937
2018-05-16,41.2925085413047,16.5625648415015,17.331805896576,19.0268170297582,15.3152906843984,8.81308249360332,40.3071630984169
2018-05-17,41.3594046199265,17.3487096726196,17.4404471788635,19.6153573788553,15.2320501424873,8.79511396410657,40.2977200717461
2018-05-18,40.6868080612821,16.3221774708488,17.3734656694589,18.7564234331037,15.2223254259105,8.80215730868266,39.4413446884215
2018-05-21,40.1747901351166,16.3174287921375,17.0473805340736,18.6721408695265,15.1269218982272,8.73226038865918,38.5284759993268
2018-05-22,40.111377765696,14.013435278969,16.5295969635582,17.2354557082093,15.043234240547,8.7247080384195,38.4775723185384
2018-05-23,39.8173917086083,17.2027023982148,16.7422483046809,18.7954747154047,14.9652458733329,8.61071070871077,37.9137767947153
2018-05-24,39.7751619756466,17.0436192361142,17.4086695800282,18.7121328010919,15.0403062795324,8.60632855408658,38.3198024179982
2018-05-25,38.6647473342414,17.9842994013007,17.289074753938,19.8320255434435,14.6493998493088,8.11603039903401,37.0359768518604
2018-05-29,36.9879874789438,18.6431701688715,18.5612865292815,21.1897641578831,14.0151124899502,9.85086220365651,35.9470024086953
2018-05-30,34.182454313786,18.3702701998786,20.5584149204948,23.5880159876712,13.9744266050083,13.8450567200085,35.1621526720011
2018-05-31,34.1873870347958,18.5877463227282,18.7025040106377,24.0336950568927,11.8702095432484,13.8430105272239,34.9435820753314
2018-06-01,33.8184992054602,18.0112731401101,18.9931754110882,24.4384082061503,11.7596427888374,12.9385507745562,34.3777096391223
2018-06-04,33.8777218713601,17.4788112830668,18.9843863834587,24.497708418988,11.6019214240556,12.8146192616146,34.2930280846678
2018-06-05,33.8460828370203,16.7525361081473,15.4173863612893,24.2554013643806,11.093467649868,11.9586229130626,34.7424782752266
2018-06-06,33.061627944696,16.2152702165582,12.7377287780282,23.6070190944881,10.4208753136013,11.1402567657265,34.3553975693228
2018-06-07,32.6457562153322,15.1403574447993,10.2807330268801,19.6229462969211,9.93224442113162,10.4579259145047,34.4721715686993
2018-06-08,32.6192797033132,14.6358308526318,9.68037418810458,19.6614896374633,9.97687224480664,10.2573087135786,34.4090393999565
2018-06-11,32.8831516832257,20.3151190184336,12.3081038265575,23.5938179602049,9.94138016247962,9.88068185706759,34.3440289546379
2018-06-12,33.8058449963816,25.0297623384495,8.85301996010008,26.9324205178666,10.644045564271,9.59841141253577,34.1807156066082
2018-06-13,33.4244586661552,24.5471111962257,7.94117456146174,27.0660193542246,10.855558422776,9.03001892452277,34.0881176234835
2018-06-14,21.8643697971833,26.2420422120613,7.49639042648549,27.3109729203046,28.9532074277143,3.8872771102863,32.6201215918798
2018-06-15,13.0515093061976,23.8288052240168,8.5850323781872,26.5487795570971,23.2672513747852,3.90447763882289,24.3377103289996
2018-06-18,8.31661578934871,22.3062201346696,9.41098754090577,27.1484807408742,23.2511485774801,3.87196265840788,22.883942228582
2018-06-19,7.82547722217442,23.2608459281407,9.70928577161027,27.6305845414135,23.5542732569403,4.2346981783993,23.4235986211553
2018-06-20,7.44679613465172,23.0312808813404,9.66009124372056,27.0893406086158,23.2169943498979,4.58234055665708,23.2065073233897
2018-06-21,7.46108284008273,22.741967349353,10.1283247233289,27.0532389152903,22.9888522429392,5.28503199088216,22.484866344176
2018-06-22,7.03362819465819,23.243723007736,7.33266698540818,27.3772148237393,22.04500479231,5.67972872725721,23.81527574314
2018-06-25,6.63068946691594,22.2428548739497,7.00960193791937,25.7506085549815,21.7213132993218,3.99548867830133,22.3725437548118
2018-06-26,7.68909267270545,22.624880633726,6.8194398070821,26.1132693311727,20.4815434443569,5.20130164700783,21.6896462737069
2018-06-27,7.93798296063212,21.9751964561216,5.15847025471784,24.6545806014104,18.5008853255499,3.27829047216558,19.7608612938656
2018-06-28,8.14386124552799,21.5562469718758,5.06960535233643,24.4637663667244,18.3225192211277,3.79323012616505,19.6932396480471
2018-06-29,9.40733619475718,19.9105082507581,4.9556440603186,23.9758519944786,16.1805603985234,3.05419553559083,17.2428864157132
2018-07-02,9.56044845365638,19.4917971904621,4.91398636724865,23.5973414866275,15.5147329960819,2.78742862072997,17.0531616621804
2018-07-03,10.2733531204759,19.0195569094891,4.96990975973641,23.1017580392387,15.5817489731644,2.5965482127906,17.330003807305
2018-07-05,11.2816678142005,18.2511056504461,4.74909988600779,22.4834855763152,15.6157137788308,3.69034932755261,18.184557441562
2018-07-06,9.72415778595402,17.9600356214837,4.54914495125175,22.5560593319177,15.4082889300797,4.07579950358468,18.1144385259509
2018-07-09,9.10725644447069,18.180445493205,5.45195782116537,21.800414173788,15.03977570346,3.75229428052708,18.314481396821
2018-07-10,10.2911241976234,19.1005745478157,6.2521084378185,21.4141349242561,14.9243457162491,3.6956951553636,18.8135651983714
2018-07-11,14.062791470435,17.7628850855844,10.7127908515528,21.5385213809218,13.8588425153171,5.45574219479978,23.8567890420258
2018-07-12,13.4604557370477,17.687717778835,11.2423017830976,22.1742254966901,13.6133398838105,6.65800260082959,23.992614871641
2018-07-13,12.8382192339131,16.3714714613086,11.2534506018553,20.3817472017275,13.6194102326303,6.80100231906065,23.6525544425046
2018-07-16,12.2480750186159,17.2645109172236,11.3165295531127,21.2166473937817,13.5491661428119,7.26000787954606,23.4883277256634
2018-07-17,16.9268070796512,14.2236282704554,20.4063569893536,17.2397581715948,12.5278507742007,3.6826368854394,27.0099697910973
2018-07-18,16.7727141551929,14.1730544497261,20.6372427968439,17.1572138340943,12.4508769479733,3.69903830521249,26.9819991619611
2018-07-19,15.878962258184,13.5224685291191,18.5787488976687,16.3803540463355,12.3648706671135,3.61295767740961,26.4464863921622
2018-07-20,17.8272244312849,13.391604745298,16.6042900244096,15.9011124448825,11.2965932248321,3.4611978636435,26.1602501488689
2018-07-23,18.4494888239811,12.7765820714766,15.4430611232203,15.8382625201253,11.4869011193106,3.83491284375249,25.578186828602
2018-07-24,19.0073656267633,11.2968198432135,16.2970574966859,14.2240799819594,10.7191435739707,3.89015615175044,25.8398555889838
2018-07-25,19.2887566392417,12.5964188746018,13.9715238156016,15.4940829286228,10.8238822997831,3.99759517143088,25.5968192010661
2018-07-26,20.0217519294665,12.7134218946041,13.1510225996551,16.3097525841165,10.1006273065204,3.90252749864165,25.4934910709353
2018-07-27,19.8543324568824,11.2951623248539,12.8253882996309,14.7820197593288,9.86987475760881,2.96911816519456,25.0674898872601
2018-07-30,19.7519999345087,11.2171835719666,12.8308781010998,15.0965494064793,9.85987132233533,3.35882695029641,24.8633380480296
2018-07-31,19.7666396012772,13.5960779141238,12.7604891499325,17.4754027683899,9.76738431427873,4.51447420690307,23.9201871001844
2018-08-01,20.6331659450306,12.7554833827044,13.4325699879621,17.8820184160511,9.75386042058335,4.37781381273859,24.4245375156213
2018-08-02,22.9980870994164,11.4207576976847,16.1394047165867,14.7456139675817,9.46920755759854,2.91131925623792,26.3228671930904
2018-08-03,22.4675039907968,11.2843515893666,14.9469348515133,14.2132181352053,9.23809167885073,3.27607345712818,26.2560439705046
2018-08-06,22.6546734706652,13.913309792225,14.5273032805953,17.4641383853187,9.36189884866431,4.26674885825307,26.18874078344
2018-08-07,22.7867821605183,12.9502518289129,14.9320399246072,14.8590034216865,9.32159740740278,4.12485297192067,26.5833865484591
2018-08-08,22.6601053074898,14.7791874966705,12.8157378984248,19.0582799654132,9.52874100255199,4.90396559435241,26.0344244337474
2018-08-09,22.7488661732245,11.4301445288358,15.9001129177682,16.8693811082468,9.03536823632843,4.4131664959739,27.4047748979262
2018-08-10,20.4553714390652,8.99260884314497,15.7109605718577,16.6846161481626,8.32776827546851,3.34094712559258,26.3635468798235
2018-08-13,19.3314464910222,7.04023788654654,12.0082631035238,15.6885356424678,8.19295127304279,6.88764107976817,26.2269379395955
2018-08-14,18.9655039743005,8.16932580021046,12.2688849568121,16.9457784411665,7.95254725279288,5.91091900103522,25.3568292893438
2018-08-15,19.8159135435994,9.05318787024142,13.0670222648509,17.3687412387723,7.90180089625221,6.88454545554191,22.17485454775
2018-08-16,16.1887109838827,8.29007381149433,12.2819122546904,18.5507709810332,7.37555847144627,10.9197189299538,19.2585058121875
2018-08-17,15.6422200002794,8.51792760305766,12.7111690102509,18.6767336944318,7.11993543103995,13.6078453772861,19.2096215085811
2018-08-20,14.9859582780453,7.85447001969129,12.7697879471695,18.773828759729,7.259770163566,13.7090749641582,18.8874144137291
2018-08-21,16.3081275215449,7.53546351581489,12.5584282237323,18.321549102414,7.55547387513489,12.6319984414898,18.7391068009419
2018-08-22,16.3618415860958,7.71451980229422,11.6027423696836,17.5488803094992,7.05740084972897,12.2651160083938,18.2127689809879
2018-08-23,18.2936388429003,7.51087528516545,11.3307866441304,17.3189354823547,6.59825088383119,11.5836652376501,20.4264120434106
2018-08-24,23.7436878127312,6.25247990312873,10.30667078622,18.4936159063333,7.23584248797793,12.4979087568226,27.0697601208839
2018-08-27,24.5854222167508,5.96436191767901,10.8048140671103,17.5152017370607,7.25892325848533,11.7240800627287,27.8594549317215
2018-08-28,24.4788810113294,4.9268419174693,10.5048206841126,17.2864754769833,6.55159106223042,12.2050627017471,27.9046906965006
2018-08-29,23.7606297550477,5.0604483351849,10.1994162837979,17.0904733426826,6.58949383665013,11.6646742709441,27.4716808515057
2018-08-30,26.6976289688192,4.96941014352023,7.68045861213246,17.244671409884,6.48958452447485,10.370829067508,28.5082330591865
2018-08-31,25.0954007248364,4.82678904898995,7.54974639254812,14.4309392157484,6.30810320659059,9.30047647423858,24.2584454072325
2018-09-04,24.0924930231252,5.09972110085732,7.48816208896024,14.1068105917733,6.67375454532186,9.28166074632542,22.8332577440995
2018-09-05,23.6538805580337,11.2996335693591,7.84322115526009,18.2966716033329,6.40164329138261,9.3347547198421,20.8318034329299
2018-09-06,23.4971399861583,14.3860646223101,12.78032618202,23.0456401093466,6.49512346046422,11.1565098879441,20.6197339166207
2018-09-07,25.0264106742887,14.1746578133347,12.2686233992108,22.3173410155673,6.30456423506307,9.86955003201152,21.7554329945136
2018-09-10,25.0733276391398,13.4393715828704,12.1694315213631,21.983495458413,6.21960841795855,8.04590463493997,21.5505355880466
2018-09-11,26.3636482826408,12.9645589550988,11.6311973024736,22.4281870891089,6.43730560137388,9.9118176567272,23.0821340101198
2018-09-12,26.4113317382265,12.7131690827026,10.5663185253723,21.6973235456413,6.52933918700222,10.1152889117977,23.6114190129582
2018-09-13,25.2135917560027,9.44077911413635,10.2066486253836,16.7146243415679,6.68955626810047,8.00419362144059,22.4635272565167
2018-09-14,25.7077945295133,9.17137465184694,10.0110078272995,16.2955773832806,6.56171258034848,6.62381536067836,22.9851290111518
2018-09-17,27.8042589488297,9.27309359755317,10.2087469632017,16.8440567873266,6.82076128311446,10.1606642893448,25.3318483951511
2018-09-18,27.2325984965649,8.52964162661729,8.28579529490863,15.7605940452898,6.9176741652992,9.42398893591593,25.5647566661365
2018-09-19,27.5948031127951,7.34137906147603,8.59608585370797,12.4157211639128,7.05918953872278,7.97627818033783,25.1999133618605
2018-09-20,28.4481263512624,8.24606444277169,7.76910580438653,13.9426787902432,7.12932290253855,7.36765133919933,26.0113615301343
2018-09-21,32.5503139627613,9.72024801611751,14.3340992639623,13.8653433584453,6.57763399140896,5.38597029170188,29.1103825220763
2018-09-24,33.8271167245409,9.21813918617309,15.1985778676609,13.8844945080711,5.92857592387328,6.62054723945117,30.2355578158485
2018-09-25,33.5866227774146,7.82248997588597,13.3589747723542,13.5332090731144,4.69638664576148,6.48408365891351,29.8517685499008
2018-09-26,34.9827118586982,8.05569327489055,15.6518709800541,13.5284781263746,4.81912235327258,7.05743407734631,30.3031313114516
2018-09-27,38.5919101864252,12.2913390775033,13.8891795663468,18.4111374332763,23.0378280113485,6.2588665359718,37.4464770552575
2018-09-28,35.3220351415913,12.1227617020338,13.6303711800475,15.7669198367519,21.1512759476973,7.69446877857874,35.3797509512348
2018-10-01,33.3205639097425,11.6590546043604,12.695029582778,14.8950567258624,20.8766539061376,7.98152619483699,33.1832574790398
2018-10-02,27.3940143560976,11.3754896176966,9.27088252539986,14.7066778542405,20.4657434330738,7.95188893727162,29.7012725343953
2018-10-03,25.6510175580316,10.9435604429581,6.15504270441631,14.1827392901322,20.0255838020733,7.62506779802368,28.7596180548526
2018-10-04,25.6514510171456,10.4818926141463,5.51514697134553,14.5160143031618,19.6963251870239,6.81962230796895,28.4753741267733
2018-10-05,26.3398422793476,10.1742180596257,5.23645391020145,13.1137862565311,19.57243465144,5.84523538853228,29.0260372213639
2018-10-08,26.2810219894641,10.333888179651,5.35005610614505,13.5381928062783,19.6090630126034,5.86582798840394,29.0132335537833
2018-10-09,26.1547581953157,10.2984116013717,4.85549328073859,13.4735949040301,19.6226997688348,5.84196428978733,28.9621436738358
2018-10-10,25.551501456699,10.1381173736432,22.5476036892035,14.3835156152691,18.8634353038633,21.3390947812625,28.8859830467783
2018-10-11,35.7151726195229,25.7407882482029,22.4755846107966,26.4321016721982,16.2583649594269,27.1208209751916,33.1283433227116
2018-10-12,38.3770045071823,25.4216456879128,21.6942138293383,27.9393961767525,15.6744405685025,28.5939918545094,34.8063724565897
2018-10-15,37.4559321272841,23.682467328666,21.3476753309738,21.5237414175365,15.465870831989,27.8969949730951,34.9121238689254
2018-10-16,35.5670191741334,24.5863334886301,20.3285844089287,23.7418527984794,15.2657469510974,27.55671396113,33.5371154541167
2018-10-17,35.5740717049486,22.1113549095493,20.5352073902883,24.1585277361003,14.8189683884793,27.4554207366279,33.0316866016533
2018-10-18,35.3036343066574,22.6859972619797,20.0567129321692,24.7512418330936,14.6405354831618,26.9714382957282,31.446494928214
2018-10-19,34.6445482196347,22.589849636529,20.0031192201163,24.4773408552747,14.375324100207,26.9130169408961,30.5175145639083
2018-10-22,34.0871107536467,22.3685177617185,19.9690550231892,23.667165727287,14.3468620962682,26.5455524136832,30.233764824674
2018-10-23,32.1473704837984,21.7150397045585,20.2602110940515,19.2763597947827,13.9969674039911,26.4781219265675,29.3459962671542
2018-10-24,31.3461766468785,20.4048879340421,15.4551763469517,18.5057225437195,12.9209252123309,17.5748954426898,29.682695479012
2018-10-25,31.1805156795483,20.3408948245561,15.3459614910252,16.7537079170506,12.8365584475147,16.7320214883354,28.9846932536792
2018-10-26,31.2953655933167,20.4099607291313,15.206601923783,16.9383846893186,12.3121779004674,16.6876754963884,28.8665007121418
2018-10-29,31.4341670759874,20.948914255228,15.7212973115761,17.6883351464525,12.2370127355374,17.1182256883383,29.0272348669865
2018-10-30,30.7842739188705,19.4490515474236,16.0610699509705,16.8521836530678,11.3582411772874,16.3357395875433,27.4876711147305
2018-10-31,28.9800895701576,17.6341088787983,15.80762278453,10.1696723608943,11.1916070622902,15.7495249016462,26.709691604099
2018-11-01,33.2306240560446,14.8922405779573,15.1213721493959,11.9852426421689,9.08095298738564,14.6503406702474,32.8371976857866
2018-11-02,33.7932686171225,14.6615080024058,15.3320559557303,11.0290664183879,7.3062249466276,14.5244488854145,33.1318968715331
2018-11-05,33.7892164925867,14.5411733018224,14.7139602834946,11.0237026899216,7.27077489604551,14.6197280298597,33.2255475378389
2018-11-06,33.0894771371521,14.8436059042732,13.7689183310165,10.9510753655218,7.25329487568544,13.9179097346353,32.4717260752062
2018-11-07,32.9033955534214,15.6047709918053,13.8442354820706,12.5396183507785,7.09411833338581,15.8666060487074,32.889718737953
2018-11-08,32.3591745906427,16.3779281401647,13.8821988849071,15.5718484078556,6.29721463645139,15.6256490553101,33.0418776083532
2018-11-09,30.4160201206985,14.2388935625389,14.0466836979463,12.2667500402041,6.07648809737053,16.4343275174403,32.0242017949816
2018-11-12,30.8973842543532,13.6206003636797,12.9227528136301,12.3983267264725,5.9563525257386,17.5261767154811,32.195676889178
2018-11-13,30.4107487639415,13.5897251300944,13.0892617725887,11.8670879132812,5.35378955660236,17.5595887059058,31.0877419222871
2018-11-14,31.8281214197083,30.8151135389231,12.9744859050118,27.6253742907495,4.327278929831,17.0186076228677,31.1644394795802
2018-11-15,30.7740832979522,29.1367371188779,13.3528691312493,25.8933501660854,4.27942602053427,16.9275478798663,29.4582180537407
2018-11-16,32.0574601626377,28.7903420080042,13.5502864095156,25.5539311386737,4.12366157169322,18.1624654700303,31.0654030726976
2018-11-19,32.6145218460498,31.2518524564404,13.0203124716587,25.993269886825,4.17373248114857,17.5312830086001,31.5685162611485
2018-11-20,30.7365370750763,22.4559230632741,11.7987898866329,15.8601464250578,3.37726849879573,23.9155989581714,33.1533153415365
2018-11-21,31.6870318610419,21.8419264654168,11.9491157775885,14.5416810339349,3.25349412201204,25.3788517254125,34.786119029149
2018-11-23,31.6387099561534,21.7964025352534,11.5319468877041,14.9755855572501,3.26290797134853,24.7371805929641,34.5920790215882
2018-11-26,32.3401701058651,16.0970531079202,13.2737510635485,16.8623905828865,3.16281956296088,19.5511404956202,33.9194846763012
2018-11-27,33.6000523972324,15.4512685692047,13.6760607356049,16.6667398013385,3.10583342603877,19.8760143843309,34.8373781987669
2018-11-28,37.1894894891528,16.4900531147339,17.1330156572438,16.3421396035628,2.89092035450362,20.9207471459543,39.5209631001489
2018-11-29,37.1703421573465,16.4486514662058,17.7416448803195,15.5582816199666,2.78029902440044,21.1914648967629,39.3687675882381
2018-11-30,36.5936644858566,20.4464250196616,17.2447128576067,15.8210730975129,2.68538969584887,18.8636595335344,39.0513081071634
2018-12-03,36.1365012612736,19.40680717714,17.3906637519528,15.6723135480695,2.54621682883183,17.8285452089454,37.5495219151984
2018-12-04,35.2486485705597,19.7791078581492,14.7072315046908,16.6193414681018,2.2325585286348,11.8230863668436,36.5631703882187
2018-12-06,35.0923377773222,20.8477835140076,14.3265144568944,18.6798840289344,2.24435987725068,11.9151686028313,36.0058212754911
2018-12-07,35.0649373514529,21.4343545161627,14.0184779690332,19.9953991437746,3.46042901282309,13.6651906603048,35.522381460934
2018-12-10,35.7567237987952,21.6617375071283,14.659250036474,19.826797497806,3.28967877939296,13.8026899105457,36.2850652351465
2018-12-11,35.4602818110703,22.7525457576571,14.5116934678418,18.7274179682086,3.26616980789208,12.8503932009601,36.6026664662044
2018-12-12,35.4793677460395,23.5525968048847,14.7957936324551,18.5018825949436,3.2171055383593,12.1071645092253,37.0610730237612
2018-12-13,35.2645080656931,23.7182264945579,14.1871000443265,19.2849074947926,3.192135399282,11.5076610936217,37.2382549977595
2018-12-14,36.0665690448337,24.5152299320827,15.654008889331,19.2962917913118,3.13199136264807,12.7307559379357,38.333809681553
2018-12-17,36.0485161174891,20.5766818835984,13.28038915467,18.6719637279748,3.09016065828983,10.8973243275445,38.3251185238925
2018-12-18,36.1049640213081,11.6049216539681,12.6055129335029,11.6264577762995,3.01401015466116,10.1344472591738,37.7726808755349
2018-12-19,36.0339150425215,11.3673984163685,12.2116949923316,10.9509652243321,3.01584864943947,10.2710657178294,37.6932123473177
2018-12-20,43.298142003995,24.7118302816562,13.3024719518042,18.5132772134837,32.3038714563421,13.9597000394704,44.8565626833906
2018-12-21,44.4607434239739,28.7194842860604,22.0946097037088,17.5390859225752,28.5475061115974,19.6778583658927,48.1142873237811
2018-12-24,45.2584774663697,25.8041581268656,23.018834539557,13.8601837757567,26.2619256952502,20.4260504401889,48.4907887754811
2018-12-26,45.5272696870106,24.5606312576935,20.7329518372482,10.8166239156705,25.0945967153267,6.67990136801343,48.3102908678894
2018-12-27,45.137099596982,18.1746767787126,20.4758709129375,10.4639628889789,24.1325025656887,6.54843800466621,46.4927905899495
2018-12-28,44.7703274181573,15.4408493285839,18.3888037125394,10.0634384584155,23.2987248001532,6.10948320177708,46.0743139649389
2018-12-31,44.7656603541679,15.1432321235734,18.5372888030459,10.594319563793,23.2368592380142,6.3597321764065,46.0450140912364
2019-01-02,44.7603511973917,15.0984908654433,18.3017227400331,10.4512112483197,23.0237838350892,6.35150309038501,46.0362608546817
2019-01-03,45.0273322473417,13.3875841096821,19.144923302042,10.2655546768095,22.3530008227102,4.68256939482215,45.9382492174057
2019-01-04,43.0250096599638,13.2429140198019,18.300171076295,9.63553051290558,21.6940515351087,5.15416032577004,44.1218507203814
2019-01-07,41.9464270963556,12.8300885799383,18.4962738057245,9.66773245326529,21.3463042546684,5.03559940970186,42.9336184297962
2019-01-08,42.043141992835,12.5574645942745,19.6160615400029,9.54616671794087,21.3302083348268,5.01726675391488,43.290266147569
2019-01-09,41.6766146285124,12.1666040164687,20.5573043365808,8.262548512596,20.585385045446,5.2080146182158,42.7117940498445
2019-01-10,40.8367509033794,16.9738791158961,17.0365093209054,11.6420301928181,19.5697066794461,5.08364289459197,42.4093223426709
2019-01-11,40.564415665764,16.9540876475025,16.7487570835091,12.1303389953037,19.4307344302575,4.96337665748283,42.2641230985421
2019-01-14,40.3695292526932,17.0902181587329,16.7397359544124,12.1823304100086,19.378367239772,5.03394988325503,42.0332272077836
2019-01-15,40.6947561161903,16.9978804482631,17.5212334434558,12.2001290187255,19.2998327479424,5.03178566546869,42.3052637894633
2019-01-16,39.9867386613607,17.0010206610031,16.9960043029315,12.0904866499861,19.2461096770544,5.07275742172835,41.8668711903405
2019-01-17,40.0211256999907,16.9050958528899,15.635737564289,11.0717069531731,19.2357637545568,5.1620695756592,41.5620005084768
2019-01-18,39.587959024665,16.9852240141361,11.9334996070871,9.86731819057764,19.0098740705445,5.1727656778547,41.2336047883739
2019-01-22,38.7913609138843,17.3302197836157,9.75805365766992,9.45847809703923,18.6286315321911,6.05462824489665,40.9593263360233
2019-01-23,38.6594274540143,16.9816868990583,9.75817118019656,9.54590076871804,18.5066446196344,6.28047029238353,40.8400932998242
2019-01-24,38.7701526377701,16.3085711125936,12.9204866947884,9.25553273172624,18.3930729649422,6.23368923150178,41.5781754694432
2019-01-25,41.0353841193254,15.0193135022587,13.8432236684671,9.18882745505838,17.5064658319943,7.77172162802038,43.9328367374533
2019-01-28,41.9887423629133,13.9011621216768,14.910605006114,8.74922253824272,16.5481347131684,5.94213099787906,44.640311995854
2019-01-29,41.4206940722993,14.1812431900679,13.8426402843786,7.50637052236184,16.323430703985,6.03271804551079,43.7503668182793
2019-01-30,40.1865807959475,14.6423096062679,13.2811240578002,7.81565974993022,16.1587258563289,7.01597299108961,42.4307264986687
2019-01-31,36.9360304115241,14.7106967277709,12.4251034949463,7.47242730018009,16.0962499159157,6.56464289982834,38.5619632304167
2019-02-01,36.1719618230136,14.4971130291367,11.2729934811215,7.52026778281064,16.0441262272817,6.36395274951551,38.2160997904961
2019-02-04,35.9873859309718,14.4999901272791,10.9898597064654,7.38838087373904,15.9863544178694,6.27929615746575,38.119516388233
2019-02-05,35.6766680885572,14.521649644399,10.6731552002455,6.75276062530691,15.8511506200066,6.19467384610458,37.4135546079148
2019-02-06,35.9390752624434,15.2238824069269,10.2543092942326,7.0128349166342,15.6418657462665,6.03826800087691,37.7999684709422
2019-02-07,35.9786665475672,15.0121535352385,11.5310394631884,6.32456770464988,15.0879484023397,5.80579040041076,37.5908032202733
2019-02-08,35.4683465774418,12.2262751642514,8.92611038244393,6.84153542623807,13.7413577642944,5.75530891965351,36.1904648945933
2019-02-11,35.0418731789901,12.3207865609545,8.85997403436169,6.20246698745985,13.6512141854363,5.75402626357914,35.6419667173096
2019-02-12,34.5918467494079,11.9427763942072,8.98028871071603,5.53938766452255,13.5502006247563,5.73975494908677,35.0379217523716
2019-02-13,33.3725321471009,11.9732490075955,9.65261972305357,5.67081019134373,13.6415224047869,5.67141739766437,34.2115343011143
2019-02-14,32.8021205367733,11.9550091363551,10.0248347124815,5.99595755241501,13.6094427124075,5.69671861520397,33.662021418477
2019-02-15,32.5028927780913,11.8888600266703,10.0469138266239,5.98984331920335,13.4838259723101,5.81420421805964,33.0582232602895
2019-02-19,32.6488284087554,14.1073695688398,10.049408261574,8.40399195631296,12.8165819661711,5.76265505066909,32.6868120915714
2019-02-20,32.6197115788053,13.7771846493749,9.87099403061985,7.79631251250378,12.6697034859138,5.8441706087699,32.7195636170059
2019-02-21,29.6005790248549,14.733317153105,8.40091557875703,8.31431522015693,12.5325970481559,6.52283362989626,30.172157349982
2019-02-22,30.4030407985807,15.1322202315548,8.54477725151521,8.49218228483594,12.37769245043,6.98875761413086,30.3920133156891
2019-02-25,30.1278239356756,14.771505566109,8.63569038739991,8.37913616575202,12.2076874515547,6.52735572765298,30.3060108408903
2019-02-26,28.3728275267437,13.962263809623,8.45028809679235,8.36943114646208,12.0289212745645,6.46775414943824,27.5895429541868
2019-02-27,29.6881778797132,13.3914464132514,8.11859630464414,10.0244598674479,11.739319447763,5.91883026076999,27.894515216724
2019-02-28,29.3843542737789,13.3438892970364,8.03337666871756,9.46300999437732,11.7353701685332,5.99418818064077,27.6661887906196
2019-03-01,28.9180511476369,12.7051035906555,7.38600744193693,6.16009166879849,11.7189222253438,4.47428549093017,29.2572739868077
2019-03-04,30.3390082489036,13.6519863484826,7.42709145010839,6.16284544082779,11.8084859014125,5.06208425685437,30.7857589395747
2019-03-05,30.2742311764095,13.4512214911121,7.74521848345198,6.31825683708317,11.7220373992835,5.07017346554599,30.7188244347651
2019-03-06,30.1105733768661,13.2427655055204,7.36967992824749,6.36176194386471,11.6431766258462,4.80671835437496,30.5908097470972
2019-03-07,27.7977995504143,13.0230424951502,6.85613553437531,6.0946334658878,11.4787971761232,5.36683488478973,27.044395112058
2019-03-08,28.6539124513545,11.7949097308515,7.77691398917011,6.12383578443858,11.3388575827317,5.70559580728596,29.076392522276
2019-03-11,29.8806326459599,12.5454588993289,9.00360257216092,6.03022957112617,11.070875388586,8.91630512172739,30.0534433350423
2019-03-12,30.1873429763822,12.187544161155,9.69216352330107,5.71784998312349,10.9639440719374,9.96353555564522,30.4123814006185
2019-03-13,31.178602710944,12.0324584786286,10.5628360311012,5.43770456620055,10.839625556649,10.5547217397609,31.3464587716878
2019-03-14,31.4460491576644,11.5025140602617,12.2936293747296,6.69420534862039,10.9066284752959,10.5930006830553,32.0542624647759
2019-03-15,32.3942123238663,11.754635978607,13.2465815104222,6.44937793140194,10.701504990962,11.6651773038006,32.8017712945182
2019-03-18,32.9574852432681,11.2471389036435,13.0132984701832,6.37338204482624,10.3981010653534,11.711919245521,33.2346817740392
2019-03-19,33.0241257971091,10.98273451711,11.9325767321402,6.5269878752777,10.3135745947925,11.2326566748458,33.3343988694069
2019-03-20,27.0071755699477,10.805417950478,11.7025410902452,7.10230269954716,11.425538905956,10.6976353440088,28.3324724766792
2019-03-21,20.0512764161823,12.0761204549838,11.4300542731291,7.13601410378352,12.3666653663347,9.31759894011615,21.6633272030029
2019-03-22,18.0828192625468,11.8536268190465,11.3368818327897,6.19247315700379,12.0731062537242,9.83789106643757,21.3346931299627
2019-03-25,17.3057867008132,11.7150745172295,10.6687654312411,5.90667509582852,12.3149625384868,9.86513062993622,20.6516834451163
2019-03-26,17.5816274888854,12.1954297523886,11.1659440206839,5.90927930612431,13.4975114974932,7.87156350740145,21.2624146904135
2019-03-27,17.2499948423104,13.9550525852431,11.4061670070819,7.32828781860816,14.1363453750199,8.01768487610332,21.0951056991168
2019-03-28,22.8200370497959,13.9391469905361,11.1221632315002,5.18710093489683,14.3611831742334,7.44628409734249,23.4941633610802
2019-03-29,22.9935468180071,13.5927885875997,11.4674902772789,6.89769603687703,15.7588271407747,7.01476846172076,23.3253848868717
2019-04-01,22.8149422372796,13.2511196864567,11.4456030622214,6.87780467783978,15.8482445264274,7.20137089102725,23.1511790915311
2019-04-02,21.957764007094,1.82673737415718,10.2457568340802,7.47277316776514,11.1903928622226,7.6356631223531,21.8640949027632
2019-04-03,21.5008175623258,1.93538399562241,10.7740741946159,3.40423748379979,10.6097920542645,6.5909453401515,21.5960207716553
2019-04-04,21.6473965797728,2.04324793648861,10.4610318859826,3.12518919243543,10.9185640305179,6.48697135447132,22.0616724329503
2019-04-05,21.5220811088201,2.17567443090324,10.217638681473,2.43517133930576,10.9978984032448,5.21603782335889,22.0382712931174
2019-04-08,21.4640577601999,2.11148250212678,10.2157239430964,2.48572465946782,11.0060241334363,5.2108669817089,21.9614597467424
2019-04-09,21.9144944577374,2.08645558297477,10.7075314654363,2.88578269153587,11.0173139753937,6.14658807869689,21.816808702805
2019-04-10,21.8960543532376,2.62139646892139,10.8314712032133,2.47130248232156,10.5467528148646,5.10749090861791,21.8184253579899
2019-04-11,25.0365963643717,6.48625279862557,12.8028893834712,2.72530005228493,11.5429028144245,4.43408144470705,23.8895500753341
2019-04-12,24.6276031568758,6.53364773878053,10.2287975321904,2.25407250620446,9.72255382184713,6.62377714079403,22.6429975824532
2019-04-15,24.5579210021537,6.56170217186336,10.2333625408828,2.46969090259645,9.4479536964542,6.55441092939733,22.6396436588792
2019-04-16,25.0247115867228,4.56538774941592,12.741706983768,2.37088458162186,10.2532238055666,6.83961083452868,22.3344919282412
2019-04-17,25.1436504951742,4.55188489045609,13.5998980444983,3.02084556725482,11.8175483940323,7.06665735260621,22.4280110699021
2019-04-18,23.8884656225454,4.37705933360458,14.5577823817222,5.12402658563897,7.93674745372009,6.58798358589019,21.5689231267582
2019-04-22,23.2769423309586,4.2295023602937,14.4977556787435,4.92122327008068,7.05679156942942,6.75370103210669,20.2714837786223
2019-04-23,23.9783418110056,4.7418038238003,15.9303951812907,4.57265726328584,7.32917797481043,7.4860712807809,20.9416104393402
2019-04-24,18.3267964023278,4.00936656652356,14.0277096549219,3.96790771216376,6.64027575853324,6.98422872621392,17.3086617620657
2019-04-25,18.1372325505252,4.73105618251571,14.9105031180755,4.21100288989185,6.64970734413567,6.36539044645371,17.1922101067243
2019-04-26,16.5600378673314,5.74822222362126,12.9979795361712,8.68305774192907,6.22411842313685,10.0340683685525,18.1919570652145
2019-04-29,17.5835952346585,5.59360044369057,13.5776201891993,8.50308084391468,6.68919254325349,10.0638770712126,18.8632597128138
2019-04-30,17.6226675323868,5.45198250396877,14.4877657761282,7.73943014685679,6.06827970999907,9.57202284621336,18.5077608070034
2019-05-01,17.5504429245245,4.87041330859794,14.0467693875791,7.06066418668425,5.73503601205763,9.77303327639895,18.8715157890202
2019-05-02,22.0940813907877,5.16794540989112,14.394491441798,8.48359888645055,12.8557283268033,10.4922823019813,19.1329378826307
2019-05-03,22.925097842669,9.98338884336171,13.6351864914512,8.71730993329113,12.0415777557883,13.518863705889,22.3078750275725
2019-05-06,23.8929131800835,9.35024384333263,15.7598445924842,8.22003277909364,11.616892740087,12.4248384401454,22.2447433699171
2019-05-07,23.7014876515319,7.98326774442017,16.2953096540236,8.62561161283684,10.4507503490092,12.1168045281403,22.5467533166015
2019-05-08,23.0501670226339,7.63307531412032,14.3476732723181,5.99730260389993,10.654797657192,11.9445485014726,22.253454412812
2019-05-09,23.2125111660996,9.44449658143484,14.3406113021874,6.29696762590382,10.894638770331,11.9000371176707,22.9723441874708
2019-05-10,23.1488156402818,11.3215962305103,14.3479876162815,6.28339902377855,10.2826889798173,11.9277695576257,22.4460235735929
2019-05-13,22.8888543695337,11.5785434840894,13.0833818055373,6.88853698023935,8.41701876741609,11.5573162977847,22.0777631015494
2019-05-14,23.0381163152846,3.72336726476267,8.56305592211496,6.12378095462134,8.05062334099054,5.16142653783897,21.0710986586944
2019-05-15,23.2357240645804,2.58485114876417,9.66315946143266,4.74469260932882,9.60506302624389,2.76798862019595,20.9013068498111
2019-05-16,26.8725961100471,4.66428314775223,8.9911374018445,8.31829426737628,10.9668046936314,4.83578303144468,22.9125015129136
2019-05-17,27.6367868028055,6.08590580883194,9.11817039918666,7.88563797774949,10.5324778711774,3.56944641411535,23.3217305744057
2019-05-20,27.4958155402115,5.55969426008854,8.41532032553386,6.60397350546955,10.7267453654106,3.41399133036277,24.0337404518478
2019-05-21,27.9534385684282,5.57758901431034,7.21073518475531,6.82323518074184,11.5529132840477,3.74462932190519,24.3168466509138
2019-05-22,27.48878131729,7.32362668879033,7.09634958457957,5.99952897019703,7.81801122654231,4.03002603119589,24.3991384269601
2019-05-23,31.0822015685399,9.23364181845637,12.9430380308675,7.0777029690117,7.59377662321081,8.74591694988135,26.9115819067891
2019-05-24,29.4319485308818,8.3127568300108,12.6874816950794,6.69308288128096,7.60491462573799,9.00944002034062,25.212212907801
2019-05-28,27.2643342137554,8.62307046034486,14.4671129534918,7.58029232829265,8.54928357722071,10.5160046399242,25.4220501808714
2019-05-29,25.2080857153977,8.81182302797043,13.2322392031727,7.33500600738622,8.40840216881958,9.18677466409094,24.3843579195909
2019-05-30,24.619020979488,6.71385089739615,11.1138613422559,7.15316443999291,8.39934644729524,8.28953494459565,24.0889983774618
2019-05-31,31.2437786414925,8.34330629776762,7.42575698231476,9.69398395554323,12.7659530089964,12.8442965200432,29.7700460762123
2019-06-03,30.378718163106,7.69808102681103,6.26215165763159,8.75699135508065,10.7699598037202,12.3791129393111,31.0683611481305
2019-06-04,31.5985084409101,13.2835746790778,5.79278553246454,8.62882238692846,14.8721364147987,17.1225999382481,31.6567465124667
2019-06-05,28.4666314638586,12.281923816744,5.47877671736334,8.9225292424936,14.607774325489,16.9646069372299,29.4277386924657
2019-06-06,27.8375386997898,12.0244301724379,5.67132999278003,7.46395269921214,13.1549879172846,16.4672070832857,29.0145736133684
2019-06-07,27.0797583446175,12.6517065722765,5.63748324056625,7.27404107465374,13.1632742691331,16.4375002677504,28.4587617871199
2019-06-10,26.7123177105623,12.1118592059964,5.50143992423577,7.75522468142137,12.9907224786387,15.7010172250747,27.3069291636132
2019-06-11,26.7258963044653,11.9883539430874,5.41193083168506,7.96304798299806,13.1472484176377,15.669915077039,27.3085491145863
2019-06-12,23.7507282526891,11.3868499275867,5.43620310880934,8.47297216242159,13.5143810464881,15.4268643167776,24.5609389715074
2019-06-13,23.0573954281053,11.4539279676467,5.36622747529569,8.28241346678504,13.3589467356356,15.1358667914757,24.3237044059047
2019-06-14,21.7167967945014,8.83053857651194,6.30362603476295,11.6751344692557,15.6186023616232,15.4077467002647,24.7973531500571
2019-06-17,20.3541462148014,9.43782233143001,6.31807927103218,10.0232854100907,13.9865002806628,14.7535736318323,21.7957331931147
2019-06-18,19.1983062843243,8.9805457095639,5.36960795713591,8.33589098939899,13.2748315208325,14.3306072497255,21.2742064661734
2019-06-19,16.1920866886013,7.81938489522488,5.9543631246393,10.3407535699249,12.3786805939797,14.1782441187804,14.2027537660055
2019-06-20,19.3305987234767,8.92814863905135,6.01534515624865,12.4113270405254,17.0045645408757,12.908851918008,21.4398960963407
2019-06-21,17.1222656512157,10.3640430293431,5.78166765854895,11.4269630606823,12.2366471981555,12.9836366300746,21.8388696702994
2019-06-24,16.9088016424573,8.93849118541292,5.73650451307921,11.4206060309809,11.124105514702,11.650239166031,21.3660144671059
2019-06-25,16.2270654041551,10.6653458072045,6.06428972240509,11.6283395847116,10.3594148755593,11.6924367615427,20.0799210982937
2019-06-26,15.8211914801671,9.88295078769573,6.07676780781996,12.8060329283712,9.7465320419109,10.6695980681432,20.0588297843165
2019-06-27,15.8270200585028,8.11973413151931,5.67997381390888,12.0723431782183,9.47495205040787,10.8296543420683,20.02897100517
2019-06-28,15.7821205042434,11.0903274512519,5.58134767221916,12.0357465368228,12.3305360774199,7.93402790997708,20.0451441657845
2019-07-01,15.6708091260637,12.1289053552165,5.97664674708585,12.5821876880846,13.4618135684074,10.1070885750313,19.9962211553198
2019-07-02,16.5130726298116,11.9929902729647,6.05154508678202,13.3594047731652,13.4113906411788,12.1406893649834,20.7593938181107
2019-07-03,15.515014426362,13.8772307407598,6.17708724882696,14.1323873460462,15.0191701763086,11.0002005987637,19.2144102087814
2019-07-05,13.8892662501767,12.0921425745774,8.19848611320823,14.1115431070395,13.5146973983196,11.6544878600851,18.1777449691366
2019-07-08,13.9773336409891,11.8095596756382,7.76571673613975,13.8790771702498,11.9963594408767,10.7453933439306,17.1339222980986
2019-07-09,13.7986476048886,9.18551985741309,5.0475826146484,13.3623811681145,10.0733276104922,9.99978898636806,17.17507887754
2019-07-10,14.7390281538321,10.8580914967252,6.03163713286031,10.5232820031836,9.81135830728936,8.97258326587937,19.5345021196036
2019-07-11,15.0123557495394,11.844651696908,6.98315574012737,11.2366069376076,14.0266980331408,10.0770534229935,19.422051917674
2019-07-12,15.5676633524765,8.15536715983047,7.30482904069861,9.78087010441307,9.75132705040028,11.3876239552041,19.5649375678884
2019-07-15,15.5694203317504,6.4293345947672,7.43537287635956,10.1667421456451,8.62225758638684,10.8909572781944,19.8233232010412
2019-07-16,16.4791165594982,9.28381757918752,7.47276418871936,18.7692210046145,16.2461867069691,9.41705468660607,24.349814273849
2019-07-17,19.3754072907994,10.526690837613,11.6291523179923,18.3448912448415,16.2893938810404,9.80467660309558,25.6954484954372
2019-07-18,18.6994730775732,13.0678898295801,12.1397070845508,20.6873988569607,16.3658061538602,9.35200421712635,27.2983135117639
2019-07-19,18.483929662536,13.5066513562683,12.7043739094951,21.0916752325891,15.812153077311,9.2113834147452,27.2477112910924
2019-07-22,18.3920200521029,13.3549827054081,12.165023310968,20.7116065145965,15.4066665983241,8.09348946667418,26.127519872208
2019-07-23,19.579514482587,13.190952667198,11.8788146678543,19.0981955124497,15.3924391896262,12.0072856930098,25.4098189059788
2019-07-24,19.6337023999841,13.09943045757,12.3548048376475,18.7562958381544,15.2027911790804,12.0398929594795,25.3132451488356
2019-07-25,18.9929078782908,12.9593318720028,12.1193613702011,18.3100590410492,15.1539853855995,11.39519115543,25.2017784720886
2019-07-26,17.909343129852,12.8190991338524,12.2991390766402,14.8000415841677,13.0732292744675,9.69830869941584,25.0157881200003
2019-07-29,17.1545974802136,13.2383350069844,12.5251734407709,15.7002991718543,13.2379559435711,9.91411736529523,24.9993166738597
2019-07-30,17.5349036933154,13.4027210029526,14.3317873787059,15.0920828243963,11.7996615319248,9.35678093330792,25.1291982150489
2019-07-31,19.89833410882,10.6722332293428,17.1090065314431,13.773356810072,16.9845852430103,12.1282885717682,28.9502535658517
2019-08-01,17.4434382999099,12.0223305485981,25.8318819847791,13.3874614436429,23.2881954710092,13.2360542505803,34.266385782568
2019-08-02,19.7025305012628,11.8188606245826,25.3483290561289,12.2971736400206,23.5805944683105,13.9571401001009,29.4208898360898
2019-08-05,25.6637047940043,15.162925632862,28.3259518778933,14.7939518262022,20.5843158038834,26.1968556778292,31.7479033736334
2019-08-06,23.8176113188034,11.4946443387233,26.8692574022694,10.4515522292891,19.3914420638568,14.6570407934692,29.2007098836065
2019-08-07,25.7498109992898,12.5974692529281,29.9626272141968,13.5232302421927,19.1680764856875,11.9798039740339,30.0339069498742
2019-08-08,28.449084255905,12.5584695090985,30.8212721916702,13.1563491660553,18.6837204822551,14.5571123732442,31.3657343318374
2019-08-09,28.3057116651796,12.266573271923,30.6645166911147,12.9750455323065,18.6195988178609,14.5208590531785,30.733914597515
2019-08-12,27.4630110953632,10.1791785879797,30.7607360626617,13.4250294047267,18.4303851351014,12.9497336598707,30.7478314016398
2019-08-13,27.7751906022185,12.0007828577401,28.9419323118001,11.6346306554249,17.6038457489102,19.1473247886002,31.1173263250133
2019-08-14,30.5343111408842,8.53070679419743,32.4699366921164,24.021603973047,16.5470951485707,22.180858575092,28.7426164779859
2019-08-15,30.206912397924,7.2076584624695,32.26377743721,23.1897159429772,16.5003679546948,21.5451885780832,27.7679413611819
2019-08-16,29.9550764208361,7.17938729046389,30.8733823410855,23.1141956367575,16.3217563893754,21.1905297332389,27.3557900682314
2019-08-19,29.6971210429795,7.0807454979256,30.5001565603645,22.8159366429907,16.2936662385753,21.270641808501,27.1753814031569
2019-08-20,30.4043379651789,7.54588681566026,31.0545305663998,22.8926308045887,16.0017858902027,21.6772124123837,27.8959158396903
2019-08-21,30.4396775377542,7.74336350445878,30.3568144850914,22.4450025247763,15.5832058014841,22.2679343375345,28.0857908508306
2019-08-22,28.3633509200792,7.5939259731169,26.0414137098145,18.1655965684916,14.6626084071575,21.9231079287148,26.4635550160591
2019-08-23,38.9637096265768,9.61007384586958,31.2676982621418,22.2958346279613,13.6080469347157,30.2507368906217,34.783348875334
2019-08-26,40.0246818655055,7.54771672823217,31.0145719322516,24.091216956418,13.4822286849364,26.6668090218854,36.9918413646912
2019-08-27,38.8346555926497,7.56216496507311,28.1032186165713,23.6356054206209,12.6330743177912,26.9729664572712,35.7292420792604
2019-08-28,38.6373177476646,9.67977992805134,27.106419119957,22.3113690079222,12.4606083424006,26.977967554622,35.748590772621
2019-08-29,38.7476279192247,11.0834969099544,27.1373272433175,19.9055524988073,12.3160595620985,27.4182113871334,36.6706968089566
2019-08-30,39.2318136630424,10.4234300373066,28.6993220155708,21.4017244083683,12.5999344615661,23.7911472906901,37.0276766890766
2019-09-03,39.3560320411013,9.03251105446172,30.0635459116184,23.5760255685007,11.6314278761902,22.2997325950142,36.9680861524703
2019-09-04,38.0274941991064,8.37026483638588,27.2901525710423,22.7499720366878,11.065913854228,15.3363033681116,32.869841060823
2019-09-05,39.2837486655817,7.43083212706376,24.5726720637529,28.806196491493,10.8898683193876,18.1630794063114,31.2868752097871
2019-09-06,39.1586923497518,6.75893902850688,25.05485339079,29.0113150938725,9.8624346819833,19.4707695651331,29.6885531845422
2019-09-09,38.0175419158295,6.58967792880824,24.9678012888133,27.5128365765045,9.80180166054818,19.0907526891972,29.4868152929027
2019-09-10,36.7133268894644,7.71727541688964,21.6049787057355,26.9120366335192,8.44190241155593,19.278832617419,28.9498698614175
2019-09-11,35.3552186811141,7.36750766576385,20.3817662982524,24.3104241525023,7.68413234623471,18.8056102427129,27.8355621230485
2019-09-12,35.1230646848423,7.13888581116647,21.5431048895491,24.5757371856828,7.2875772696619,17.2518582990013,28.5985317973387
2019-09-13,33.4046795480031,7.56496580993441,20.0532597490545,23.2233285398421,6.01236139560323,17.4977517430354,27.8098538476858
2019-09-16,32.6049430587975,7.51955270325085,19.8966471707891,23.1644550057787,5.13088219955646,16.4404091980528,27.1956503971775
2019-09-17,32.8097733068083,7.40010828281596,19.1578467738302,24.5778959605642,6.29963922369234,15.825727630807,26.2354975447369
2019-09-18,31.9374056095256,7.15029618075742,21.9436761442799,23.4166212215582,9.28939784955174,14.2831201558015,24.2219612232001
2019-09-19,33.4157484257304,6.54819832647912,25.8030367174731,25.6982373446542,18.0428989653045,13.7199205771733,33.9161718539696
2019-09-20,30.6480671532735,7.28283393289992,21.2611610119495,25.3524358388069,16.706898645578,10.8789678940594,20.7091260137418
2019-09-23,29.7564904968845,7.28713051381793,20.8231071539985,25.1323550934895,16.5683518842692,10.6910237859998,19.965935776453
2019-09-24,29.6550630192598,12.505550367902,24.7647799056073,33.2985314549895,15.4885458302584,13.485999475117,20.4024215396865
2019-09-25,31.0385354849031,12.3439401281848,25.999492419291,28.6037002408528,14.6740246275803,15.739413627405,24.1082552286106
2019-09-26,29.5305533042438,11.2125420805727,25.095734488438,24.6273745906919,14.1912142855028,16.049084108163,23.6774371379322
2019-09-27,25.7667323239288,9.60359394661239,25.0119984474634,23.1273948255903,14.5254799178632,15.3538504148561,23.0950843425476
2019-09-30,25.0383739050171,9.47014486024393,24.4661734201661,22.4154181495744,14.335438361857,15.324847220944,22.4604931108895
2019-10-01,27.298221313981,10.1760841836086,26.3313604997006,19.7507888610087,14.9534828566454,17.0095306078824,23.0090838782931
2019-10-02,28.4848082775145,9.85068400222108,25.7095111277267,19.3943147796561,13.1816546116082,20.4348631810036,22.3542836291873
2019-10-03,28.0551111494725,8.88072016933907,25.4061893155863,18.4593216686595,12.7602243896385,18.59938528177,21.9797786026308
2019-10-04,28.220468887955,8.8638979050184,25.4506328884647,18.0623103860467,12.7176322574657,18.9304761914635,21.8888949783184
2019-10-07,27.8867444014537,8.69274848546805,25.1732389289117,18.066727416024,12.6637689490452,18.7652102980733,21.8898728311538
2019-10-08,27.0809571008657,8.34933967955562,25.23685823345,17.9346067998843,12.6169123052764,17.2924045409607,21.0307881005724
2019-10-09,25.6865527118141,6.42131979805819,24.3362476262908,16.9456059304353,12.4924001309444,15.2853606129007,21.00454314156
2019-10-10,23.3159873516945,6.39077347108047,24.3996113307019,16.3974311729793,12.2349353316564,16.0871415246892,15.8019158155391
2019-10-11,21.8180819111373,5.4097537839131,21.6352424764718,16.1492218397047,11.682198855801,16.0948417239446,12.9539120744264
2019-10-14,20.844210565421,5.28920339878731,21.6525635557135,16.2918177086348,11.6052562727814,17.0681665213297,10.1905165074024
2019-10-15,21.9447090751637,5.2294322255157,21.3516271891919,17.469363094405,10.8624472186335,19.2868986672599,9.42025373838101
2019-10-16,22.688940860129,6.43917421634314,22.9361589634408,23.7984296189029,10.6046238797159,18.2439670281084,10.5565028525284
2019-10-17,22.5705719997534,6.62053112183861,19.6145204965211,23.0987063035619,8.55047875833453,18.2129999602716,11.1951953336864
2019-10-18,21.4604913293392,6.54482243392669,18.1052638917138,22.3746211092991,8.40824187484406,18.0195466667497,10.9690412745625
2019-10-21,20.8911065433207,5.15637275368497,18.2663644692242,22.08347173348,8.34131043261493,18.0693017332243,10.2551336659702
2019-10-22,20.7528733365849,4.88897673793888,18.2207381011776,21.5191529485046,8.1440548624335,17.8267887808951,10.9257829427203
2019-10-23,19.8178865790771,4.58436215883402,18.5217794399617,21.592952274334,8.11393406728155,17.3166456517029,11.2240520524558
2019-10-24,18.2459116183801,4.43417496296806,14.8688273996395,21.4281663770112,7.59054847261066,16.2225989492183,10.2052505430194
2019-10-25,18.4530575004773,4.47728058328691,14.370528781235,21.3608749674847,7.74722411493083,15.9369462611191,10.9260113447058
2019-10-28,18.0887957616414,4.97621637476308,13.8889120416409,18.6907005321248,7.54606457106936,15.6348502649055,10.7405813132343
2019-10-29,17.8284877178655,4.92732477410128,13.5404464346083,18.5612359629299,7.47805609840013,15.6014865081385,10.6251669247024
2019-10-30,16.4669131658607,4.35211124384775,13.2560407169664,18.6276936389864,7.40971567382781,14.3602519140227,10.5905552458677
2019-10-31,21.2498565989725,4.15670242950035,13.7634087125691,11.3480702323826,10.3537945131333,15.4350572392252,16.0503619466824
2019-11-01,21.0045723603223,4.02981108312094,13.4701085064448,11.0873116955226,10.5725421757353,15.6503931177565,15.5718284070499
2019-11-04,20.6147932236274,4.00739424554497,13.3800154142224,11.2936209729679,10.5374059305426,15.2198708282894,15.286840414082
2019-11-05,22.7696651485418,3.51826142670944,12.7132703259936,11.6199845670677,8.55222300021816,12.7576985768311,20.0249755793606
2019-11-06,22.205600181814,3.4605367495673,12.9957704794068,11.5803931779216,8.65140283308079,12.0231914531808,20.6756506333746
2019-11-07,22.1331725292106,2.97255907940679,12.8804586015347,11.6311061637757,8.17845193169356,11.476641495111,21.4912670061786
2019-11-08,21.6546684677565,2.11820321566598,11.0836250717312,10.5554374711537,7.92679641273423,12.1978295544926,21.4995977553116
2019-11-11,21.6661525678572,2.22053060787778,11.11765817607,10.5285829421825,7.8931508404808,11.9419105623815,21.6286865165599
2019-11-12,21.9392294634451,2.14791662411429,12.0544701417017,11.906467455509,7.83639011339408,12.0652816388695,21.8040531503974
2019-11-13,21.6633266949519,2.14417097689534,12.3103700542435,12.3037369772051,7.77130773604792,12.1815325803941,21.406497248791
2019-11-14,22.6240598350262,2.68238793267155,12.3546023450074,13.4545673609668,7.56848155458448,11.6754170452128,22.8265605450134
2019-11-15,23.168003909131,3.01941648694598,15.0259894690225,16.4228985780607,7.39353168789759,13.2165501345454,21.5834888870153
2019-11-18,22.1676389131554,3.01393358352075,15.6110676130484,16.86963369886,7.32222843339957,12.967896647955,20.8933460765996
2019-11-19,21.7990314728526,5.28496022855085,9.10965475565813,8.80013675806471,7.01773983120137,13.0688601837743,20.1541651669006
2019-11-20,21.7361055031141,6.6669399143748,9.03765518423216,8.91280185351484,7.00831235617025,12.561920259943,20.1564140588898
2019-11-21,20.5422302613557,10.5331534782417,11.932026238351,10.4344088123956,6.94760759732036,12.0137075909649,20.1891490221264
2019-11-22,19.2407963675918,10.0510355486812,11.4622080189478,10.5401370054298,6.77540225544934,11.7126001037529,19.6751557526685
2019-11-25,19.0260672137777,9.86809371334213,11.0106813046481,9.63692811778731,6.62629420287107,12.2705376763061,20.1662921216278
2019-11-26,19.0814107296043,9.38969352280292,10.6859780033399,8.4746751420494,6.47100972331681,10.9681165300721,20.6499079793261
2019-11-27,19.8981478351577,10.9822090483884,10.5438722111573,11.2568290270168,6.35134927767318,10.7255517009583,21.6309370406597
2019-11-29,19.6154419529066,6.33959334484375,11.0172261141015,8.83096079425715,6.72168594958942,9.84306906163248,22.4934782481256
2019-12-02,18.6603037684351,5.21965658298615,10.9380178378176,8.08732733477087,6.63059304370924,5.90434181423264,23.0313941074146
2019-12-03,20.9388633763176,5.61486314092581,8.96438049257368,7.4465077943087,7.07565708628314,7.70460171852168,23.7359520989835
2019-12-04,21.1288093403101,6.11936978593998,9.89179167392565,7.48708477364361,7.04098448365415,6.55844506259901,23.383888773851
2019-12-05,21.3260434557703,8.89139164879348,15.9006706808009,12.6092326705136,6.76740222704431,6.94462907402577,24.2730722035772
2019-12-06,25.7031509558082,8.8931229062643,13.3067447214676,13.8125793008459,5.82653994038464,11.1877729071983,25.0484585800489
2019-12-09,23.5597036422744,9.16868935126413,12.2518643409526,15.2424103894239,5.48917233926459,6.80892019768311,26.3668072818986
2019-12-10,23.7731536333039,10.5643660834324,11.8331545395478,14.5846312793431,5.27223050014451,5.87975754077763,26.0522672566809
2019-12-11,24.1696833099004,10.3872917713032,11.9961020859954,13.7333124165649,5.18438917053407,4.31034117487478,26.8015144293168
2019-12-12,24.3565688263414,10.573747720974,12.0906090336565,13.421660003109,4.93442360520065,3.04325038004069,26.0685135612992
2019-12-13,24.865492579846,10.4752914743651,12.5247434869406,13.0172646351551,4.73589837557279,3.87563045012448,27.4882035490526
2019-12-16,25.6162852449263,12.7611427382404,13.8197636186873,15.258113097346,4.5774827429493,3.65405297132718,28.5125828494416
2019-12-17,25.4039675375348,15.537810033978,16.4786902031133,17.1321441791238,4.32741270127508,3.51887235401854,27.9379726501826
2019-12-18,25.5338289751655,12.0105361928472,16.4106665604914,12.7069007122587,4.29588861612444,3.83672188699662,28.3036087508649
2019-12-19,25.3435825894979,11.8864369147644,16.338231706699,12.5688131149485,4.27221644868257,3.76584877959166,28.1280304767187
2019-12-20,25.5832040518426,11.6315985395585,17.0816929284126,12.7963992372771,4.14371402256624,3.46959096435867,28.3587257508828
2019-12-23,25.9024969670348,12.0256328585431,16.3615091091688,12.8666062318817,4.10958148142057,3.31527859952493,28.8816475935081
2019-12-24,26.6956560443314,11.641306033502,13.3336942496709,11.4950775066891,3.87794597737741,3.43717042907368,28.9727159869257
2019-12-26,25.7527385099467,11.1776321718742,14.7007557698344,10.6258133317807,3.77460084420272,3.49228308272445,28.3570937259906
2019-12-27,20.3260523692547,10.6804402748697,14.196536820381,13.5231848538019,3.21375024444768,1.97486954315413,23.7227681597274
2019-12-30,20.1877805174251,10.4686834703977,15.6497546368841,11.799098354032,3.07419344138251,3.253528920345,22.8291044695655
2019-12-31,20.4305103828923,10.4469692984425,15.3370171025591,10.9335645310077,3.07114248474385,2.60155148790603,22.4074684847427
2020-01-02,20.8785317545341,10.1254818817128,15.0581240930979,9.76366309853788,3.03097237449819,6.5288169776312,22.0520347100752
2020-01-03,17.4437178001946,9.94881859133347,14.1129128005423,12.3768018896709,2.8727599646716,11.0063479499851,17.7141300561599
2020-01-06,14.7991749860704,10.0148007027639,13.4967709023107,11.8657523856007,2.68824908865382,9.91901579124626,16.3287853995997
2020-01-07,14.4751728658933,10.743230813529,12.7259328996798,12.1505286110256,2.67140983135697,9.11049366232031,17.6980991972825
2020-01-08,18.578342637774,10.0072958750244,12.0591186062534,14.7667153711007,2.67761924183958,10.384061297998,18.862216615755
2020-01-09,19.1302539421238,12.0146937829556,13.8922290004467,14.1339061600875,2.58997489320976,12.2393718916861,18.9249302177574
2020-01-10,19.3860441009628,9.8290757379627,11.3481277707813,13.2585023448727,2.83304548909423,11.9807069456893,18.123445691466
2020-01-13,19.2869657495399,9.94305535908728,11.353306137123,13.1133178351188,2.80620217123295,11.621192812435,18.2485150531623
2020-01-14,18.619218335193,6.05540330742035,9.54972117403677,13.5386704367249,2.7905423154943,11.1163811256152,18.1900079705471
2020-01-15,18.3040697624945,6.14135343239937,9.87907003206204,12.9844786320773,2.65254725213706,11.1236006736265,18.6253287014564
2020-01-16,18.2831474895666,5.73912144161756,5.01577692677861,11.9255808579336,2.62432040352735,11.2203604880208,18.160887456945
2020-01-17,15.1239063553872,6.4211637434351,5.41724643660972,11.775074916289,2.84637681416829,10.9250143447531,16.4549407767191
2020-01-21,13.5680435011527,5.55876130852597,5.39871169998519,10.5480265412479,2.80259312781398,10.4724771408403,14.9092364792708
2020-01-22,13.1484090041321,5.77791817316929,5.25094719277838,10.3928727142119,2.77493386289641,10.5205299322977,14.220757033854
2020-01-23,10.6074162211267,4.87613777973886,5.52182672379417,9.5485319633561,2.73222100530632,10.2567553360834,12.8020530558387
2020-01-24,10.4139024239377,4.56819664100373,6.20894647842491,6.04579951576306,2.67377400303266,6.08528511791435,12.5041620622537
2020-01-27,10.542158203656,5.33757736892546,6.96132451726789,6.18757511145393,2.62972120604991,9.29395608684766,12.3817980313321
2020-01-28,12.2722452954654,3.1812223153967,6.51836970294799,7.29628467499924,2.57943794629293,7.86369993154645,12.0174340883938
2020-01-29,12.2883351776508,3.22825881502001,6.49178523493976,7.38804455487719,2.58202027116416,7.84785432969547,12.0198700451283
2020-01-30,11.2990573799461,2.94881899003886,6.39128380543786,7.66665240037901,2.78671839697207,6.64112905008015,11.8696076389115
2020-01-31,7.29789809640878,5.00078270838852,6.5953614179931,6.1704332378631,5.47589036837317,6.12772524759349,11.7222522209848
2020-02-03,6.77878526163043,4.65144166337085,6.26994344223167,5.68020479310527,5.41239042215043,5.71353184971491,9.16812589063561
2020-02-04,19.6620423326155,4.30047171550034,20.028764703781,5.19743011237354,4.70610767207461,13.9373620400364,17.9640106801879
2020-02-05,16.0038081350667,7.39460384846028,19.4474228076693,6.58782693913642,4.62272630965826,14.1432622191341,17.5971496824382
2020-02-06,15.8173615642808,7.23903942762845,17.759909499975,7.27913847251712,4.61429676521839,13.441401231307,16.4680922235906
2020-02-07,15.6171117705446,7.18739550930144,18.8950624570283,8.65914007521269,5.338981775269,13.2869822446356,15.794807314373
2020-02-10,15.2564262576005,7.46200515875934,19.0275211416565,8.71341239592576,5.31431113586888,13.4632320275883,16.0342139950738
2020-02-11,14.3777885187127,6.74095117023053,18.4046487280919,7.22329078333251,5.06228942088516,13.3218355891312,12.6515575884081
2020-02-12,13.2353746741893,7.82458985913942,16.9255555616561,11.1133374826783,4.74996797587679,14.7840212721841,15.2743281612379
2020-02-13,13.9633417896518,7.72241285676146,16.6904099004066,11.4471339151818,4.72532148859673,15.0446584749347,16.1109054390353
2020-02-14,11.6825984226881,8.09940659526681,14.1485365208987,10.9382220382396,4.68822934203798,15.6747684629067,16.2250698823739
2020-02-18,11.5354994349635,7.28875224165775,13.380690084885,11.5546758190773,5.16093391718667,14.9987716420684,15.9251027043638
2020-02-19,9.28581201973182,4.71127129145715,12.9209720889964,11.0699498770808,4.95443227540503,15.5812452665231,16.158345320384
2020-02-20,8.41549281284799,4.4642113401797,12.5066043642012,11.5432464318217,4.83714088219808,14.9185938237842,14.1097801188646
2020-02-21,17.8578052977392,3.83175812929414,12.8355268167157,11.190509499204,5.73030064471065,20.1417250941929,24.2221508794427
2020-02-24,29.6301839880934,3.66457141963087,14.3302501339843,4.56587512529247,5.10397274349122,31.9044781144075,31.1962012108958
2020-02-25,19.9398002274727,8.27634708003121,11.8822094047919,6.26225502758887,5.61234648001184,26.5787732758444,27.9896865851863
2020-02-26,18.8662667956618,13.4206415269122,17.7631643285423,15.3389342761544,5.09271369184755,26.0715767561621,25.8013687555887
2020-02-27,18.2524953289905,12.6471812613234,12.7944714554275,15.8561389801807,5.96430055227096,25.637331943697,30.4779528610217
2020-02-28,13.8179139619344,15.2254251856669,15.7021623411035,18.6210084373586,6.77705155412651,24.0178748515745,26.5128325396549
2020-03-02,16.2031648942718,10.3026222538599,17.1713566690814,20.0572634342275,6.41866697774072,24.4063808729654,21.5560636959581
2020-03-03,15.7286587266636,7.57535259532975,17.5534876297227,17.8555601131201,6.4640662790793,26.7742013704094,20.7270002225669
2020-03-04,16.3649292807395,8.44708205007709,18.9768934359037,17.9410843029421,17.0347855232399,33.4553663329654,25.1304962673984
2020-03-05,20.1635612695589,11.9300987773356,19.6030781907093,21.592295652075,18.9266947593445,36.4294459710078,31.7514645393743
2020-03-06,19.8210652954575,12.3844449745678,21.516940034801,23.3116879382643,17.8894416149341,36.8062511068611,35.84680721405
2020-03-09,20.929699274413,22.5908447833342,29.7138718238807,34.4607943777167,14.9410943996936,41.5546055516566,41.1761098359322
2020-03-10,21.7649825834084,23.3220841533223,29.2296320656874,32.6990145548691,12.2388080207398,38.35590865074,28.3638455402559
2020-03-11,21.6150778974785,24.9909340875907,33.6342185977877,33.5407134438412,11.2934685867373,37.7509947776235,28.893911936666
2020-03-12,34.2913915811024,53.9315050568917,58.6889866238466,57.8626852741761,8.39935708761821,47.5522139670725,23.4150615192533
2020-03-13,40.825566224499,51.8995103829301,58.6159951119995,59.7392412018681,7.99815426664774,49.9597071477945,24.8390180393853
2020-03-16,51.6899487133936,49.5578035642499,67.0145630219234,62.3002309684569,18.587632421644,47.8550768668874,31.7738405233772
2020-03-17,41.813518274813,48.7689921261428,65.225663102,61.4034350773257,23.4460742734541,46.4375851645075,29.3766721909076
2020-03-18,42.2041130364219,48.8024884856379,65.429478542838,60.9473986887172,18.8076072226165,45.897315379728,27.5645832318356
2020-03-19,36.498940113453,42.1161386162309,59.9864595881317,56.3725075068853,18.2675447043819,42.1560172998517,26.7728328659367
2020-03-20,35.7489439800146,41.0939574830306,59.7946141698434,55.3557580791487,17.8570851278635,40.9204300463508,25.8937752336953
2020-03-23,33.4728247862982,40.7143449071406,60.5956229008092,55.0791000283279,17.6270349519008,39.5180669757034,25.6562460848449
2020-03-24,29.6442058832218,40.8082904854495,59.6287004781104,53.3327768287171,15.4193737912496,37.7408804428052,26.3352339293707
2020-03-25,29.0150945140445,40.4164533862063,59.6066584069877,51.3345464707076,15.0259482999827,37.3171278253628,25.0841694104038
2020-03-26,30.4108783308639,40.9877558375394,58.2810471688879,51.3548812411702,13.7785015406333,37.5867943669284,24.8274081213478
2020-03-27,30.6719027318084,40.7355487494236,58.713462444535,51.695388249702,13.677720250399,37.6142083302393,24.1357622847075
2020-03-30,30.8984504817043,40.0315940061317,58.4460956985973,51.5499108047603,13.4298740300654,37.7211637963923,23.6337484938899
2020-03-31,30.408728090526,39.6311781161553,58.1068396355227,50.5016737517277,13.4036310572317,37.8979541491565,23.1059109766688
2020-04-01,29.439763633273,38.9664220869685,56.1981387785261,49.741069397613,13.4708330913468,36.125477889277,22.2485980847329
2020-04-02,29.2013103915524,39.0185194477801,54.7629757165009,49.9704178191991,12.9321764066914,36.7724928313191,20.7241563940746
2020-04-03,29.1936475469782,38.428736780564,54.5924816371684,49.9472518698694,12.7943588050369,36.6284158235486,20.4715450121999
2020-04-06,29.1070938669909,38.4947318620096,54.6306714527866,49.9410878461886,12.6957877406787,36.6234712523945,20.1161157175051
2020-04-07,28.7612774095001,38.0352653174156,53.8117294258516,48.7185539641055,12.3634477818374,36.1742447079829,18.1352579804619
2020-04-08,28.7792291561608,38.1448039605143,53.6999037918185,48.7417831574639,12.1793035163116,36.3091363411099,17.3154521634106
2020-04-09,27.0524181292296,37.43923032913,53.8431088465884,48.6032989198583,11.2773180923015,36.2632969821441,18.5512302234568
2020-04-13,24.0464741598034,36.9760338878881,50.7180033442502,48.4642384192681,10.8197758782047,36.0384091348291,19.8042735435172
2020-04-14,24.1320339240165,36.6409612746862,50.7581544064303,47.1201154225798,10.7258700010669,36.236496058468,20.0547826753147
2020-04-15,25.0447680348883,36.8714587498286,50.7697061850792,46.7227094115781,10.3799754658214,36.1333970422425,20.3943897895242
2020-04-16,24.8324363912997,35.1354327984102,51.1020215743858,46.1042422502928,10.3122382886453,35.3242946004438,19.9441140447125
2020-04-17,23.3948729469578,34.7054571177233,48.3704211392394,45.965675335945,10.2791426943229,35.1062385830209,18.300530755109
2020-04-20,23.7301790079642,33.6194729209043,48.7977276711406,45.8086713491577,10.2209574253491,34.3317654032137,17.917193259117
2020-04-21,23.7533244469529,33.4035426445786,47.6259978932994,43.7876328771485,10.1210471918296,33.4341821180753,18.6293377708674
2020-04-22,24.7967197772832,33.7835813018597,46.6034173397583,42.2587680945699,9.7588616731691,32.5233538732527,18.7604489105019
2020-04-23,24.6445497721514,33.5936472113247,46.6164670619481,42.4507379554643,9.76225756548743,32.4979290467364,18.5007200159729
2020-04-24,24.2787557297783,33.5855421147905,45.8258110057132,42.9035954875531,9.80216264094351,32.9405045517961,18.3727458797262
2020-04-27,24.1789725030419,33.173140580238,44.583711964953,42.820043508501,9.79087991218029,32.530429147277,18.2754473175836
2020-04-28,24.1932046872529,33.1030994874843,44.5277283881568,42.6530607504502,9.76022711434785,32.3539167615499,18.2720724814016
2020-04-29,23.3349059632187,30.9361341476088,44.0980821295727,43.0277885458064,9.72992684418041,31.8376327616096,19.1233689402738
2020-04-30,23.6192335306934,31.2066234653964,44.3404285302744,43.2414908698708,9.82475153345879,32.077172285795,18.7158409107773
2020-05-01,22.5715844110111,29.8133116815608,43.4491010353273,43.0339036564475,9.84645853302222,31.028486696813,18.5880049181335
2020-05-04,22.7061170525658,29.991642057249,43.0634549342521,41.5413080821997,9.77763242860592,30.9968787218204,18.4975940627361
2020-05-05,22.5729438325222,29.7304943585538,41.5636024795495,40.6298837430776,9.67406186818612,29.879405755084,17.7481248213246
2020-05-06,22.3640029741529,28.6340045484368,41.6137413691158,39.6906614225657,9.52688218834202,29.5509235570381,17.835844821214
2020-05-07,25.3867045381804,31.6124270780413,42.0441527224343,40.3102155639506,9.22036097820258,30.4470311937031,19.1537947124715
2020-05-08,25.0390458591961,30.9954829136381,41.7269689162595,40.1707750802578,9.21055705648443,29.9791501242753,19.0048457026207
2020-05-11,24.8479945758092,28.9738998540574,41.4191828321056,39.8780308461435,9.1755768431302,28.9383690651769,18.5910549955574
2020-05-12,23.609767747422,28.4231465255274,41.2680913569478,36.7494793728203,8.98512256838873,26.8994304431225,18.849141040989
2020-05-13,22.780706654339,25.8650208211446,40.6074354721,34.9565888633773,8.84980390493033,26.0257538111833,18.350923714533
2020-05-14,23.5896800811956,27.3958455645364,41.1074450939786,35.1917084063577,8.59734806096693,27.2671729990912,16.7409910928407
2020-05-15,22.5748608808762,26.590930790079,40.7706435122039,32.9035106923367,8.55869798927361,26.0868799805467,16.3942665282945
2020-05-18,23.2994358478256,27.711179641315,41.206895369787,32.8640670218447,8.50626148054607,27.2634313038454,16.3901684783162
2020-05-19,23.6839107473608,27.6855510769688,40.1255964173796,32.8214050925101,8.41925632607845,25.9282827595803,16.1944733755252
2020-05-20,23.7354398336278,26.5936452756989,39.9971141042051,32.9141757322892,8.40090423508482,25.9941678539693,16.1334792111861
2020-05-21,25.2042028735342,27.4801164297802,40.1332759470334,32.4878731329828,8.18905853204992,26.0946843245355,17.5271859452916
2020-05-22,24.3109132172161,27.5808084951901,40.2815961739797,31.9694363960059,8.15095398759531,26.2023476262672,16.3443637689275
2020-05-26,22.7440174763464,27.4589740839476,38.1119347625688,31.7943520714873,7.9783206922086,25.7673976211759,15.2259244497105
2020-05-27,22.8381247812832,28.1690500165923,37.0281175441087,31.8024877614873,7.96163500961868,25.5855297424145,15.405723890548
2020-05-28,22.5996835841621,28.1616395255739,37.0159035505105,31.6708572255474,7.51503961363841,24.621228495654,16.6193254571626
2020-05-29,22.7775744197529,27.3469160137665,36.8281499461418,29.7456337305105,7.49359830986065,23.6294385877798,16.5675907923309
2020-06-01,23.076998843116,27.8008804408603,36.9851856603282,29.6954368702965,7.386713721215,22.6391845881603,16.2998170192094
2020-06-02,23.3328070153064,28.0083637845401,36.5579577955708,28.5222095206153,7.66286340653393,21.1131774286815,15.8533870787736
2020-06-03,21.6787017562122,27.3786240408751,36.2668769520949,27.7575507269871,7.26498112402055,20.6783693997056,13.881981873671
2020-06-04,21.5723298157052,26.9832111450208,35.6599756447832,24.1049684776425,6.91090361378355,20.507995378979,14.0582792122292
2020-06-05,24.0281374365742,26.5072861889473,35.3930613420424,23.945285000883,6.24451098940143,19.462789907645,14.8907325943113
2020-06-08,25.1111206710229,25.7409792881696,36.0126776331326,23.1670667290162,6.03385503850158,19.4156577070773,15.2157970022677
2020-06-09,26.4548250149946,25.3859509386673,35.1901872056177,23.8522434251141,5.79434069628269,18.8161997679053,15.6432853084386
2020-06-10,26.1897679095507,25.0295439646464,34.236764583154,23.8181161557422,5.91213700288489,18.5960421154253,15.781477074032
2020-06-11,21.5125979760033,27.5327556307637,40.0450024861196,32.4527710256115,5.7895202688442,24.2497876423987,19.1425811345621
2020-06-12,20.9401114568175,27.3148899576707,36.5021579536195,32.4322956027984,5.71879399183206,22.9909610323068,18.7288282921202
2020-06-15,20.5278262357258,26.9928057294593,35.8666325141177,32.3328088054905,5.46863097695704,21.7744647365913,19.2114251187339
2020-06-16,19.7165230861441,26.9661778833752,35.9203956480164,30.9257834633154,5.19498753969861,21.6578738522874,18.9375612910194
2020-06-17,18.4589581873037,26.1640515598613,30.0770125997209,31.5213340634581,5.20025262674817,20.8666033268916,18.9591156516405
2020-06-18,18.1565718567915,25.5950190661098,26.7831556203292,26.2902808419596,5.12160037458276,20.5691041193592,18.7656753241967
2020-06-19,17.7720421595061,24.9611447212104,26.4729263822569,25.6476781852084,5.10440414139075,20.3751584217534,18.6893852515271
2020-06-22,17.2719923490435,25.4068775773517,26.7918989210408,25.3826121678788,5.12269082762948,20.4156396686688,18.1183853222977
2020-06-23,17.8389199733506,26.1651514455174,26.9730005923596,25.314107327322,4.91295746577445,20.2037342003871,18.8332982316325
2020-06-24,17.7934744225797,27.570998994322,26.6347387005979,25.0396935834854,4.7239803032537,21.0102057419282,21.3930960533198
2020-06-25,17.7617279485188,27.2682147100257,26.7418659990634,24.9840421118894,4.72930029891097,20.6121819443079,21.429025129454
2020-06-26,17.9253728050878,27.1341370743815,26.931738852044,26.144556770403,4.69326933794126,21.0739752217578,20.8743181675557
2020-06-29,17.8366576211716,26.6660431019374,26.9178843665579,25.9200428022142,4.66341477268153,20.7429572039921,20.7321509915005
2020-06-30,17.9888935443278,26.6038930594089,26.9080830991215,25.945719022107,4.59046075469916,20.7710368590003,21.020799588374
2020-07-01,15.9385812700493,26.4828993258036,25.8459239957996,26.1014773637649,4.5043567014849,21.3446185997353,20.6765753045171
2020-07-02,15.5642499128755,26.1052906850282,25.8126505102155,25.5189306259251,4.12718997516531,21.167457404676,20.4474360755397
2020-07-06,15.5386758001153,25.9540460257991,25.6707114122299,25.504014031104,4.15941478490818,21.0800260117466,20.3398476443066
2020-07-07,13.5740722097684,25.5621263488197,22.6592456350355,25.4131212050986,4.09913979453706,21.9124208232011,19.9203075769393
2020-07-08,13.6181913340111,27.2509811505148,25.6599166652482,22.5207626640618,4.0103541605741,22.3186342510589,22.7956901925959
2020-07-09,13.8186814356782,27.4950619318086,26.8080772845813,21.7705931003043,3.96971922471687,22.2985623943019,23.8704000797857
2020-07-10,13.8770949242088,27.1159897848558,26.7510848569105,21.6376316395838,3.91304955390962,22.287044084231,23.6462109148727
2020-07-13,13.7402678113126,26.2880778937413,23.4532725231109,21.7491104542596,3.89931926835762,19.3889768274235,22.858996832399
2020-07-14,13.7804290502655,26.0615394457941,23.876116130912,22.4434684813729,3.86610774653212,20.1847145286695,23.1601508264937
2020-07-15,13.7437626307639,25.9150575251212,24.276404163765,22.6404376227684,3.94350442872131,20.6212158801315,23.4675412701994
2020-07-16,13.7175284748602,25.7747046021305,24.1930844744663,21.4642912151541,3.96840479192303,20.5010412418365,23.8049072902422
2020-07-17,15.0103576953696,25.0028223979504,23.614991890443,20.5478758785145,3.3475594792714,20.7863740950992,22.6763113976805
2020-07-20,15.4725308326668,25.300792269294,23.8957420289187,20.8919875000657,3.3302040862102,21.1960999660288,23.2362463044213
2020-07-21,20.259820165964,27.4812009431176,25.8290609915941,21.8411926239118,3.10321108137229,19.0539065025708,25.7829503876722
2020-07-22,17.5983764285365,26.7344815443404,16.3174213451222,21.5346343660231,3.73640983763645,18.8400112437374,23.8327199568703
2020-07-23,17.6750053713395,26.5844134865932,14.5412518372178,21.1839844818648,3.60163289581151,17.5632372685092,24.1594794612921
2020-07-24,17.6884541664523,26.5018732104443,14.1531978000298,20.8204812422871,3.58493159654187,17.4365333480521,24.0082896403822
2020-07-27,18.0809920971753,30.1404379592349,18.153561787029,25.2310809403811,3.53148434173381,17.2558615676441,24.7951306651447
2020-07-28,17.879717423979,21.013042199568,17.3375923026162,20.0265932287766,3.40348822328418,14.9589717569339,22.4473393805433
2020-07-29,17.9147809322335,21.2258934517678,17.0362683833901,20.5656675062678,3.41848255313417,15.8503427718476,23.9745295596082
2020-07-30,17.5339484813981,20.9191340182569,17.1159033577209,20.6311367983111,3.29318516172949,15.4810179745254,23.864255901424
2020-07-31,15.4650037533341,21.5894962235301,17.3980148134299,15.9753116384809,3.46247777921851,14.6267773094231,17.3548083703229
2020-08-03,14.4236777391962,20.9989051007354,17.7804853145692,15.5666664522641,3.41733797192077,14.3752638335173,15.8549566598749
2020-08-04,13.9826533468105,18.4000869418742,20.2924382382697,16.3203959828182,3.20922787661706,14.2365507917854,17.9775260077653
2020-08-05,19.0915668665678,25.7843579538023,22.4618484623622,23.3095985515764,3.15554361528199,13.9128635375254,22.3659926994818
2020-08-06,18.510813037922,25.5396810198069,18.7965791184461,23.0117678673019,3.29365527725754,13.8369954749779,21.9966237865268
2020-08-07,20.966002803809,25.1303827895456,18.6466186466561,16.5187661970074,2.94438752808609,12.6590168395463,25.4909668156181
2020-08-10,20.2186552854562,23.4680044051849,18.3842676703608,15.8383126841712,2.80949647466571,12.3984299975818,26.1743889227876
2020-08-11,21.0952572527692,25.9043643299292,19.7673840521343,16.4116295442971,2.88715968490748,14.4759215065504,17.086147212738
2020-08-12,22.2996866510394,27.2518309468104,19.419043973776,16.3638609801358,2.63916038029774,14.7668999112015,17.0757852750721
2020-08-13,23.2276481082466,27.9850159172092,20.788440370398,16.7537593354024,2.64753569282307,14.4534582686459,16.6545662874701
2020-08-14,21.9481590824997,27.0535202443809,20.0498022447969,15.1513686805508,2.70672424600219,14.2975122188656,15.7384123546186
2020-08-17,20.5824852509303,26.7943218181843,18.8713128825062,15.1559469006502,2.37353701400605,14.6290460495829,14.8864161093731
2020-08-18,21.4165175853728,26.2575537677237,19.3336090235842,14.9210005028649,1.70769414075681,14.1483727792603,14.4561039597179
2020-08-19,27.1400775406352,28.2654670600528,22.0900080978462,16.6531651462621,1.57280225050605,15.4681095755538,21.9836668292178
2020-08-20,26.5788637423541,27.7418152619251,23.8050927064174,15.9707416501486,1.6613604657249,14.7673759602075,20.501557705336
2020-08-21,23.7541345653957,27.2928544143869,20.6657252776366,15.8437483032401,1.77376582387149,14.1324026074312,22.4431581830142
2020-08-24,23.4292077469147,27.2327682075607,21.7561380097439,15.5565036498074,1.80706516992325,13.8874216716184,21.8833595278034
2020-08-25,22.3217705160604,26.750786903167,22.3320784650317,15.487720334179,1.8207107521422,12.7460903551867,16.0454598273042
2020-08-26,22.9339523948663,26.3865687803078,20.6789619886345,14.8676815995054,1.87551031920352,11.523935353913,14.2671234506288
2020-08-27,24.1345677588052,27.6603088296378,21.3529623764849,15.1557176578216,2.06961776279357,12.3743876347279,14.1234393220237
2020-08-28,28.9730310725849,29.8906304774546,24.1323854989058,15.9132173194596,2.79503733766234,14.5975487755646,20.3418418366334
2020-08-31,28.475347135466,28.6769317860322,22.5533684897309,15.3051383819897,2.76643501011382,7.93916084813942,19.8295159354161
2020-09-01,25.5384170961533,27.1263561746924,18.5364965984067,14.830327123703,2.80557517076191,8.72122504217084,14.996460704976
2020-09-02,30.5159120570934,33.1363163125423,21.5373451782153,18.6536623566598,2.42441591709736,8.52396105889235,20.2074221792406
2020-09-03,25.7126530413989,38.0451115397743,26.0410369880149,19.8849483794975,2.67814770930659,28.4832490272336,15.5714460090381
2020-09-04,25.7539327990057,38.8888468435775,26.7798497958639,19.0996767682493,1.94523168143313,29.0227594801039,15.7639776567791
2020-09-08,25.5928153921096,39.2732188705192,26.5407156762289,19.2107577960856,1.89356973272591,29.3816125807606,15.9991790547462
2020-09-09,26.6469813898671,39.1355868892484,28.155251033842,17.9204333691974,1.77681131773303,29.1718346308409,16.7959900453644
2020-09-10,26.408495847223,39.0182226323979,26.6201227504941,16.5117808133315,1.82274902282443,28.1731650531422,15.3573572418139
2020-09-11,25.9105515009678,38.1478895185494,25.6673296202205,15.6123760540378,1.8532201577298,27.3466221867742,14.9339035090654
2020-09-14,24.7838293171752,38.1463766809397,24.3862319027668,15.2272363919948,1.81689028641756,27.5922484023635,14.8471825757914
2020-09-15,24.9945246417494,38.4446680383343,24.3928086418398,16.3547129249946,1.82719939948067,27.0641686195738,14.6909097350133
2020-09-16,24.6867654484653,37.775727762991,23.3953415815799,16.7459544374643,1.859670306444,26.3697632637586,14.5164262345619
2020-09-17,21.5142340216544,37.3716757390672,20.9382854893751,16.499260850839,1.87350568343875,25.7703740879399,12.6457356029625
2020-09-18,21.0918473114008,37.2467844850165,20.9762009264133,16.3694559900321,1.85089587810157,25.777308983057,12.1410435342913
2020-09-21,20.1610279668827,36.9778783865723,21.6536219274972,16.4725121959572,1.86230749098348,26.8803770181552,12.1142502998241
2020-09-22,19.9461672511684,35.2118538575672,20.8545776125859,15.0066831266809,1.89695012764498,25.1378732360855,12.7546806454986
2020-09-23,23.8284511322495,37.6653461127116,23.498599956469,16.5425187142688,1.86989007446697,26.6201669500256,14.1783867529636
2020-09-24,24.9490633476627,35.4121954123513,22.0367856897547,16.3026802689248,1.86853311653769,24.4689968915006,14.9851145999181
2020-09-25,24.3543066166822,33.6789769226256,19.8453652916377,15.1224183495616,1.88775877400993,25.0317831287847,14.754036067717
2020-09-28,24.4777694320451,33.4312927339325,19.2054917196945,15.2060894598378,1.85120063836798,24.78909940461,14.8991049848575
2020-09-29,27.6487844320618,33.8643030134798,20.0399389000203,16.1831543838168,1.76637657347223,23.8881517703768,17.5357037710614
2020-09-30,27.8232312022923,34.0193625742037,19.9753968938755,16.141925075275,1.77285545555997,23.5145605076921,17.7026862229866
2020-10-01,27.5385146073696,31.7456813041765,20.1025545211131,15.9293948715828,1.7670244120464,23.5358548729711,18.228543604289
2020-10-02,27.7734603573631,31.5073678283759,18.260145321181,15.7185780379633,1.78813935926369,21.8518081086108,18.5112600530951
2020-10-05,27.2258111646257,31.3023548296378,15.2453459023213,15.289225489405,1.77757646099841,21.0606006085485,18.1181936881491
2020-10-06,27.7452349669891,31.5342418050072,13.4325853739127,16.087751197765,1.75438441601478,19.8847509031853,18.8577067832252
2020-10-07,24.9646169153739,31.4175772523516,13.2618078410214,16.2271648616266,1.81563769346216,20.7896262092653,17.3135283200291
2020-10-08,25.3288332648868,32.4699028868319,13.4187163831741,16.8816689821271,1.81270641666024,21.9598255996714,16.5545144327517
2020-10-09,30.1643976156087,33.7891939878079,15.2189889137004,20.8943200232309,1.74486225164651,23.3077063957513,22.1352117503049
2020-10-12,34.2406248120755,36.1046120755052,15.3891410269586,25.7274000397697,1.72587656838725,21.6920980144926,26.2585382009996
2020-10-13,37.5520505030723,35.0647842773809,19.9464990643896,24.6943249033206,1.68639100220642,22.4895167797487,31.9873280645411
2020-10-14,38.6629734570113,34.8460510545889,20.3590928938985,25.0747946337721,1.68622599350279,22.2998735448349,33.2296626863299
2020-10-15,37.3202958392205,34.3801954651451,16.1852047478752,24.0311859581568,1.91393665511313,20.9912993387201,28.7056050689574
2020-10-16,36.4926767096223,33.9827992489511,15.9344904830943,23.5700792690281,1.87720841549868,20.6619340549682,26.8430713806948
2020-10-19,35.9634734497521,32.6738081397715,14.908943929077,23.9808291051028,1.92997515797678,16.3670251929631,26.9058093435465
2020-10-20,35.8806356723721,34.4158641489722,13.8558100366175,27.4801511447795,1.85723541238446,15.1301043204946,28.2392868518578
2020-10-21,37.6582791456442,38.1034419557108,11.9021329219152,32.3582129589495,1.86932779460764,14.1251143977204,31.7426152376614
2020-10-22,37.5877572682017,37.2674500881395,12.1234516587647,30.1990321594546,1.78000720454348,14.831956842819,31.6807079418885
2020-10-23,37.9386852504584,36.4710189306312,13.0802839046087,29.8223544615691,1.75234592965756,14.8835919421819,32.8165691809485
2020-10-26,37.5958047252834,34.0315376108841,13.0343978086965,29.0276472241418,1.90688869915333,9.36638148000854,32.1102556473574
2020-10-27,38.0532989662328,33.6232689146884,13.211741933269,30.1641679838097,2.06972836207567,6.41518900783667,31.8535344736655
2020-10-28,41.4058508592304,35.532095414546,10.3414159513802,21.7048271185631,2.29273204797319,16.6204667401892,35.7165692059225
2020-10-29,40.5557261125138,34.7153301185372,8.27283720780498,21.4357771409521,2.39131769759,15.2432599704459,33.4436555471779
2020-10-30,41.0318337673058,35.0299151763447,10.0417587199202,22.666374515512,1.95949328550432,14.9958941224303,33.4749615099583
2020-11-02,40.7668483375138,35.1309437646529,8.1047354149845,22.4911393473263,1.65370691573772,15.1524161978035,33.1046863364705
2020-11-03,42.4032079487807,36.963707698689,6.14181243723472,23.8841216820046,1.5010849454275,16.6656538041703,35.7723718424994
2020-11-04,39.7248395835663,35.8661663145962,6.96677996008654,23.4323362460185,1.61306991794491,13.1900442683619,34.9918537972756
2020-11-05,50.9337588310764,49.5472179011257,13.6742227150121,35.443637096533,1.89018313580565,16.0116139920456,46.5701876412293
2020-11-06,50.7271596582625,48.1862123479471,12.7965906435284,35.8815102140157,1.90662897334468,16.3921765525244,46.299618142196
2020-11-09,50.0395167608007,45.4950313362178,12.6952015992108,35.2680441580431,1.83319619499606,15.7987402255099,45.1910133177414
2020-11-10,50.0190140703725,43.9022172715669,15.246134662432,34.3856141748185,1.9813376313899,16.2869576694795,43.0782123814378
2020-11-11,46.7998591101613,42.8074514448445,14.5388426376848,29.4568979440926,2.00570160899945,17.6072192494812,41.439980646782
2020-11-12,46.5086315572768,41.6457196350402,13.7121245013519,26.8863346093473,2.03114742875783,13.7703324166176,41.6258246923896
2020-11-13,46.9147496640964,41.2368614882663,14.6141211276673,27.9936244486125,2.10020128946508,15.1734095082661,41.9249945067161
2020-11-16,46.942422463836,39.643027399534,15.3856216163987,28.3856052200792,2.19231131643964,15.2341218615942,41.9805691524979
2020-11-17,43.6441049936247,37.8368252158452,17.663505953149,31.6868746145292,2.50876232130501,12.8566847741783,41.4229023753542
2020-11-18,43.945976801735,37.8517117268106,14.1244957526289,31.2599399790509,2.57869061671008,12.9286223284772,41.2360796638524
2020-11-19,43.8341582032129,37.6828556906,14.3256355920178,30.3237851360058,8.64009603232327,12.7391009642579,41.1050221231174
2020-11-20,44.1862301233427,38.7358254335169,18.2189825309333,32.3497664271533,7.58474746973665,9.83239306587455,38.4737975549862
2020-11-23,43.437244277272,37.368019976146,17.7703484674984,31.9457139790968,7.49308584302101,9.88461164008068,37.7943647978875
2020-11-24,30.8627416303807,36.4593121345403,16.3474389574361,30.989028265416,7.83101214625086,10.5995468282916,32.8393784664766
2020-11-25,30.4034405918908,33.5757661401797,15.7881385375026,30.3841911331175,8.06047639593931,9.99964643792216,31.9466315394766
2020-11-27,30.2226170682896,33.2026332228264,15.7490639597412,29.6849226585524,7.66985872456109,9.94219460307488,31.0249603736713
2020-11-30,28.9098656755831,36.6800924144369,17.4795457983588,34.6451943627273,7.98142051498346,9.67900408010749,31.5924406111549
2020-12-01,30.4746180268758,36.1698013010327,9.94278800368902,34.9081406854168,8.51953471949171,8.72768167592449,34.6845091126484
2020-12-02,30.8178014708821,36.5865005306621,10.7777076652605,35.474957572842,8.49361766147304,6.89924127254251,34.7161229417896
2020-12-03,31.3024585802543,36.4166869702104,11.3799895339222,36.4538480955749,7.76826949673072,6.12397931367156,35.7074570937938
2020-12-04,31.105787704638,32.791955733788,10.8848614477486,33.8209887580336,7.73055799666349,5.43056864070655,35.6469754011197
2020-12-07,31.0199316463685,31.9220020809865,10.8052758871255,32.8983777747909,7.56584126576548,5.08425172123064,35.5302771223762
2020-12-08,28.9920170706334,31.1523315128159,8.77138619661,32.3905530398778,7.71788320509551,4.3932689419895,35.71783590205
2020-12-09,26.4301060365906,30.1806702893664,8.78606575050653,29.932342887644,8.07317535732537,4.80223251927808,33.6109037297497
2020-12-10,25.8756455514279,27.9220689499495,8.90838392642104,29.0918024324916,8.41200430284541,4.79447994518037,32.1771010276691
2020-12-11,24.334330908334,27.8100824407323,9.16201909269207,28.315849839368,8.46304998413656,4.79835261687475,31.8635454786362
2020-12-14,23.3307609028678,25.1650221201259,8.65333337694991,27.0710638328983,7.96675910538471,4.14126103291501,30.0388543349574
2020-12-15,25.996507485508,26.8023789980394,8.92083930548332,29.5324141399954,8.13684925313901,6.61817219527041,32.8733763373734
2020-12-16,25.7884290735912,21.9595035714275,8.95867497222923,27.5628175352488,8.22223971935448,7.75208910211846,31.5136210718384
2020-12-17,30.3329914165199,25.3689757600147,9.1316871703721,25.1486464596938,7.42810215581564,8.87734869191867,36.8290858184254
2020-12-18,30.3404715456804,23.6757615359309,8.25014087679384,25.132048209643,7.70353072038473,9.08970415301743,34.1479899450808
2020-12-21,30.1486669230946,23.1172852310644,7.75131472262641,23.0201742521189,8.89979059129474,9.15776123020836,33.6709146552687
2020-12-22,29.7187710792963,19.9531386430668,7.75443130024395,23.042769584875,9.77112307007615,7.18863905082197,34.0482345697442
2020-12-23,29.4815470559672,17.4335921897476,7.57827167218864,22.5058280277458,8.62056726497925,7.36666627203068,33.3922664412691
2020-12-24,29.740587791353,18.2606157622095,6.61660785764607,22.7007481499839,8.93509669119777,8.66686357723143,33.7549606289428
2020-12-28,29.9380442538026,17.6960523891485,6.67611383431546,23.2605846572207,9.0626969114394,8.20951579504688,34.0055372401723
2020-12-29,28.9893465340716,18.4459139338259,6.53228388000318,24.7095610412741,9.3892028552347,7.0558983515118,34.1205159536878
2020-12-30,30.4156586456184,21.218786488389,6.69160449974947,27.1136437122783,9.47534111105063,7.40005912365547,36.0150217998824
2020-12-31,29.497941349353,20.3512608971179,6.07884865425727,24.2136834407277,9.82515930563908,7.52287538734056,31.6089742723553
2021-01-04,28.4172974734364,21.1182390010149,5.79956930524454,25.2948735720512,12.5185738242489,12.9649754911406,29.612947122231
2021-01-05,27.6723554219466,23.2011269406066,6.1991621623051,28.8681343923923,11.5572116431473,10.6576501148507,33.0503097424484
2021-01-06,22.7147553494838,17.8830164129778,6.98462453419549,27.07748742957,10.9503079582285,10.0119202234298,32.4248816308891
2021-01-07,20.3629893648352,14.6399060472231,5.48256553792988,25.7111408480711,11.0376914127997,4.3951453013676,23.961479064644
2021-01-08,17.9527608689132,14.7939016958825,6.64396753133989,25.0414004120264,10.476183987484,2.93396493701772,22.9334831867959
2021-01-11,25.3405617831436,15.9699621637086,10.6704613822654,26.2688692450896,12.1290136141625,14.6833153283877,27.1478247027862
2021-01-12,23.7587156816649,16.9962905430619,9.48711166897613,24.2568727422801,13.0953359260468,12.8928660658959,23.5009070680975
2021-01-13,23.1021553051547,22.5728139414814,10.7244744946836,25.0110303515455,12.9579319847064,13.0817226984655,21.7058970402597
2021-01-14,23.0577356316711,20.6927585711632,10.4400800085268,23.5182333702168,13.5487830905199,12.4103765207319,21.8293635574909
2021-01-15,26.4514858365738,21.3640764258857,13.7607168040389,24.9921982736765,14.4217548838273,17.1852735709245,23.5042417035708
2021-01-19,26.999790245374,17.7934054484067,15.0114832063441,16.5584821143167,13.8337026149858,13.6982680708268,23.6519050318378
2021-01-20,27.4653248181924,17.7044964158787,13.7335758940536,16.5886250250095,14.1437629218136,13.7428738398111,24.5116387554348
2021-01-21,26.4612557564133,26.4040383688411,15.6986443261154,14.9945256271273,19.104714060782,13.1537750869321,24.967528038811
2021-01-22,26.2927910331008,24.3942786932148,14.7501221924922,14.5731882615077,19.7260669529277,13.2337075073032,24.496156935082
2021-01-25,27.271586105727,24.6920194388894,15.2078778415067,14.6033008836914,20.1497566782899,14.9318898768071,24.8404307964033
2021-01-26,26.7428457157401,24.5659748400102,15.2264265635973,13.2090106965378,20.0457255752184,15.0187222165691,23.8124256475255
2021-01-27,23.7963679904602,28.5092731577212,17.7205921676413,20.0543469460422,36.7982044883769,23.8136020364788,29.4721120191946
2021-01-28,22.3939502888108,25.4608357447219,15.0553564223131,26.9498977538719,56.7753651729518,30.5745413081164,32.4877009393021
2021-01-29,21.1904643306714,25.1114225923526,14.8026460053142,25.9311649403245,55.4836321493823,30.0785606025491,32.3099749634808
2021-02-01,21.15554614893,22.7687303958413,14.6341733103932,25.3383750914412,43.9815840568868,28.0541788302052,31.6393390934847
2021-02-02,20.8488385027479,25.0145897887467,14.0840932172553,28.1743406839229,33.8288861782532,27.8362882737667,30.4468945514484
2021-02-03,20.9074873821892,25.5694983779814,14.0867940680245,29.2977819086149,33.1003777004445,29.0999004872082,30.740594450331
2021-02-04,23.4974184332736,24.7639359108587,11.114281880729,29.1530926240366,31.6278625346515,27.4380046963501,30.8302669978071
2021-02-05,25.0786326970794,26.2828013519631,11.7116495627934,28.2999596478848,31.5729757479376,27.5020669526726,33.3639900776142
2021-02-08,26.4337103172347,25.4068469916254,11.1742395539861,29.1605120701525,28.7688173103849,25.6666549497981,35.2230726791633
2021-02-09,25.4631655406369,28.0070458969536,10.9769146679871,33.3436276040161,29.7608423326849,22.8718356206494,35.7276798396232
2021-02-10,25.2371380620593,28.1642980504668,14.0776920204887,33.1740868109634,28.1741639408952,22.917822635228,35.1719693445872
2021-02-11,24.7780556212635,29.2653684446837,13.1282327390207,33.10658519937,27.4389472274961,22.8329491543005,34.88832349098
2021-02-12,24.8482252122783,28.4191385459771,13.0176292392205,32.5520574916591,26.6671514188104,22.857710143697,34.232927334004
2021-02-16,24.6719436935361,28.339431947124,9.71167265082205,32.2044547492142,25.4109895130939,21.736603265628,34.146575783091
2021-02-17,27.8967060376584,27.0264581311006,10.5545205497465,32.2907956026405,25.0504597285293,19.9155456731616,32.9309621044139
2021-02-18,27.3348062289563,26.0865540179085,9.43294679727832,30.860767919647,19.8527711310216,18.0435700402418,34.155852017557
2021-02-19,27.2666980966757,28.5198051917635,9.74772961146032,31.0590142252302,20.2243087066071,18.091519292654,34.5586310858609
2021-02-22,27.2076759930361,28.5752294228408,9.98910368020401,31.0755201377155,20.2734221250824,17.2362057427847,34.4175663882345
2021-02-23,27.3658705849933,24.6958185073344,9.73360894800451,29.62687640569,19.8789694741146,15.4791448122231,35.3400931724738
2021-02-24,26.8379440539049,24.5428027235679,9.73107605977701,27.9047985788213,19.2366069437774,16.4361103488326,34.8081220344389
2021-02-25,26.1823502395699,26.1653718486227,8.42942452655302,28.9747208189114,21.6670859387835,19.2946972659051,32.8177822311993
2021-02-26,32.2276145783926,25.5253725938089,7.21467182289173,28.4317599531094,23.2244238516909,17.0540698311125,35.3265453767266
2021-03-01,34.7830015467562,24.8505416136689,7.3929538525404,29.5318522624016,23.7153786144666,14.3231668322296,36.1016641400662
2021-03-02,35.1723867581158,25.2642589005708,5.56310448818603,29.0679090957621,22.5542311403282,12.8921693404196,36.7043206699736
2021-03-03,35.9807939195934,24.2884720303153,5.86030602237754,28.6472884906509,23.1711528068176,10.2154511906399,36.7867781702671
2021-03-04,36.5127596896084,21.8970345716681,5.62598972518712,24.168354669526,25.3628990344427,9.2359151206591,38.1570918561946
2021-03-05,36.0431362646284,21.2763563070409,5.226954541829,24.113620864033,24.4529792364612,8.18913871457049,37.8413058158887
2021-03-08,35.6242277138233,20.9316905117977,5.28805227992139,24.1924160207382,25.0409179591993,7.4628768311231,37.5459993032397
2021-03-09,35.3658790522883,26.6335536352772,6.00054143460336,22.7940445252186,24.4570302641622,8.67398038000383,38.7777061669612
2021-03-10,35.2030278315675,26.487421177989,3.32702677729923,22.4443125620315,24.7169977794849,8.98129507020751,38.8079480555892
2021-03-11,34.6154529226077,26.6667614901845,3.39179627515587,23.0126752110819,24.4749482101138,8.98993971449762,38.5331865493643
2021-03-12,34.308562591725,25.9318903228441,4.14858025547274,23.0479582558406,24.0694320078689,8.91246850965185,37.889972869814
2021-03-15,34.206224556269,25.5237095842031,4.14805088286366,22.7859585448408,23.751895885332,8.88774457638548,37.5482988926931
2021-03-16,34.0742318298913,22.4046318592168,5.09062271052314,18.153499642362,24.2937484863793,8.49854367974215,37.5311957939351
2021-03-17,31.8089460122229,22.2807881144637,5.22495655353975,17.8389471691123,24.9599573451946,8.50399484290388,35.8243707581289
2021-03-18,29.1694576011439,23.1313273460285,5.95893509992928,18.0750350274728,23.7374928832197,9.60874296521351,33.4138188863574
2021-03-19,28.7317297544779,23.1492054874559,6.53968031414987,17.8565597871448,24.054627998534,9.59347638782211,33.424317610727
2021-03-22,28.1764541331604,21.1920509146065,7.61772331709534,17.2923096489896,24.286542875056,9.56467926056336,33.0787939949088
2021-03-23,29.7508141355113,24.9541695752614,7.51072571487657,16.7144515815227,25.043643562844,10.7893402392711,34.6503367815822
2021-03-24,29.3443812976538,23.7426061902945,6.57685264968899,18.9063654311489,24.7594370778113,11.1441926256897,34.2850101822343
2021-03-25,29.9605377541772,22.6038358792527,7.05163911313369,16.0401219030034,25.5544838360573,10.723821914605,34.814558176168
2021-03-26,30.3394775519878,24.3710731106025,7.77709447507353,17.6168263792345,25.236298295427,11.1143287846119,35.5849247040132
2021-03-29,30.3519751634305,24.322408848532,7.18625924867919,16.6693904593557,24.9851283816995,8.67268155231917,35.5921150559808
2021-03-30,30.9973772819096,22.3421813030343,6.97224380513755,18.4378220170104,24.7213978313826,8.92007993185856,35.5960143620304
2021-03-31,32.3898223673364,21.5754812904201,10.64233031067,18.2177174496317,24.1618053581994,8.67311669737278,34.4927971749604
2021-04-01,30.2567281861988,19.392455835215,13.5897670742571,17.4402209830199,21.8822430366043,11.2569112270542,34.0634802947256
2021-04-05,30.2799859008935,17.7324855164916,13.5607692933012,13.9797830180059,22.0088327147011,10.1692182490724,33.4668598432088
2021-04-06,30.7998102183112,17.1998632242965,12.3387373533199,14.9691931077248,21.2540457006815,10.1051764655603,33.6327694999476
2021-04-07,30.7881641059447,15.9544877917658,13.9355820446976,14.4005490784184,21.7336826191766,9.58268768992105,34.0927357073845
2021-04-08,31.8726748582528,18.9827557391096,14.2874248565602,14.7755941751189,21.5974882197047,8.92435734583408,35.2969482848855
2021-04-09,32.2885781232504,19.0295487321001,9.34196367000173,13.1705704528122,20.1192316683606,9.16364120183453,35.6694675311275
2021-04-12,32.3291345032507,18.6416981249799,9.01726856425348,12.6706789163501,20.3869831959827,8.57107601894316,35.5411995507619
2021-04-13,33.3612805956756,20.9629505183563,8.0870991594839,13.1926232664373,20.1384123254668,8.94323704963528,37.0867720853751
2021-04-14,32.1769384489722,21.0262204896207,8.48913230392353,13.091714601797,20.1969509061785,8.92210496086428,36.2809072959543
2021-04-15,29.7189358203839,20.840570518785,8.82888763276294,13.6089011348779,20.1416433460542,9.6320954947861,33.9277079655193
2021-04-16,29.5830541658046,20.1364175648363,9.17351208361,13.6124078297026,20.9808585720359,9.18531633329222,33.5414328315866
2021-04-19,29.3855295976733,18.8942660477279,9.25543106677123,13.7162825463219,21.8168132289987,9.814819556545,32.5013615097531
2021-04-20,28.6269986703879,18.7303248430885,8.82404962194006,10.0183237667344,23.195925696632,9.23344777871099,32.240438824094
2021-04-21,29.2536323324643,13.5152341375208,7.68502660096143,6.81156333170112,23.3983400142533,9.93589638904516,31.6068706401249
2021-04-22,30.6880640363471,17.8382133456798,14.1772265853602,16.8809304806233,21.4877322922987,14.3819173664146,33.4177841491266
2021-04-23,26.0363204533549,16.7696896518249,14.6814114702887,16.3508315904763,20.8023630913392,11.8768645451695,28.6413709439296
2021-04-26,23.652052622758,16.4686060528735,14.0779414395577,15.303661542578,21.0307374953089,11.6820601780075,27.2013547279059
2021-04-27,23.790417711998,12.8750063541039,11.6636059675734,15.2729101685382,20.5784110027893,11.5560284603308,25.169661011061
2021-04-28,21.9479929704552,12.5897770470832,12.5295490421253,15.2605128213164,20.5958062257792,11.3857164711697,23.9380685230373
2021-04-29,20.9285018481905,14.1099381371633,9.75360663773364,14.7991583019601,14.914100884805,10.7717937507008,23.8706383458731
2021-04-30,18.7902038424748,9.74201729037435,8.65036353810719,16.8097356794235,15.9319387328503,10.195121359578,23.2433145635104
2021-05-03,19.070769304687,9.62536566049129,7.31951739077206,16.1530133262651,11.7268017222542,9.48293002822269,19.8704505064914
2021-05-04,21.6927372004023,12.4665851726815,7.03772598584138,14.7136285979438,11.7062630978822,10.5746095909475,20.9908204250794
2021-05-05,23.2769747465751,16.1017978878537,6.86819178664282,17.1776292829638,12.1955830479945,10.285964212651,21.2047236551699
2021-05-06,24.2856508012051,13.8046274633293,6.29879329580728,16.9253055397946,12.1125261343196,11.4255075417449,23.4299948598313
2021-05-07,25.6296118428486,14.3386452132868,6.51522759103407,17.0021559597303,12.129630705269,15.4518633162076,26.4190945811855
2021-05-10,25.7151381193431,14.1086388526265,6.55940023242584,16.4500232114324,12.8747919532074,6.94313178592418,23.7760886571081
2021-05-11,26.0860273861646,14.3626702060804,6.4898756860361,15.9616209805685,12.7465917914856,6.3670520362702,24.8212081789976
2021-05-12,30.466368534503,28.08742109439,15.0724405937567,10.3293956522359,13.9506717690346,23.6858705033558,35.7277180496771
2021-05-13,30.0749830634986,26.6294184161315,13.202745652984,13.1669658983124,15.40107173817,21.9551811540442,37.0056597207341
2021-05-14,32.535401949329,25.151857447957,13.9176036652731,12.3845292280299,15.3088924963698,23.8242032721098,39.3212796892772
2021-05-17,32.0028159909153,19.9036023866174,13.087565966829,11.9007706397955,15.450347470511,22.7573531658909,38.1809471859202
2021-05-18,31.3143767992219,19.5512284832739,12.5652112589569,11.083346607765,16.7670562901384,22.814430579233,35.0648098016066
2021-05-19,24.8626273462631,22.5252281310301,12.7232016571936,19.6487919222761,17.6796585451506,18.8538677339903,31.2618141160254
2021-05-20,23.6547578228197,30.3347845262004,16.4577245329031,28.5427974421023,20.0665241633148,17.3828408853109,33.2746447543803
2021-05-21,23.0294401600716,30.1774606897175,18.4398314735608,29.1176051008516,20.3345214370196,14.7828728020885,33.6216208581779
2021-05-24,23.0135413213034,29.9124437049388,18.3933949615053,29.2551609103591,20.5390854249133,13.0286349708537,33.3948849145083
2021-05-25,23.8766548941074,29.1509877146216,18.4339985962892,28.3365791826561,20.4870483932147,11.3977556515599,33.6332019487279
2021-05-26,23.0428626403757,28.4180411626981,17.5017156694055,26.852911840358,20.2749788767389,9.83794444770168,28.54088894466
2021-05-27,21.9278008149826,27.896279078829,17.0369169876679,26.5868655381153,19.710054471868,9.49231458843582,27.4251787060522
2021-05-28,22.0682010072985,28.3786242090762,17.6766277492323,25.968187005936,12.7355547665591,9.02057063173143,27.1182363203673
2021-06-01,20.7609773359469,27.516351709839,8.83257157423999,22.4258903934725,12.9836512598681,8.94365406298125,26.8278992391025
2021-06-02,20.7558471097114,26.9018201103677,8.79524099662715,21.976217470512,13.3299155482223,9.30558960585118,26.4626637046758
2021-06-03,24.2775859701019,24.2168139638545,5.92013994725784,21.4174528353439,11.9962387649922,9.13069767309664,28.834538344173
2021-06-04,27.904076244528,22.2870909883305,5.88626254721852,22.9306292258318,12.354643081497,9.19694193807598,29.7826298976027
2021-06-07,28.8103778139316,20.3848775756833,5.69588612060216,18.9797311702467,11.959479862595,9.09726056781579,29.9028729799878
2021-06-08,28.8488701853069,20.7443347102702,6.31080566767242,19.0556823659575,11.9925941610797,9.0746317230445,30.599674402775
2021-06-09,28.7951933383984,20.50731513584,2.88365825743411,22.3234405482819,12.7937103939691,9.00623954878363,30.4747376320096
2021-06-10,28.1582263687012,19.4467469658692,3.1900984058402,22.2577323692798,12.890903734376,6.25621187941701,30.0462840799542
2021-06-11,29.4592069919827,18.5134563592522,3.67033857955411,22.0884406877419,13.6309704333846,5.48705151512843,30.7579911119092
2021-06-14,30.7896680064064,17.4526537056365,2.87594759118871,21.6394019680679,12.576250960819,5.62374033319328,32.1659286159961
2021-06-15,30.6221123247827,18.7120649165051,3.03217455542864,22.6719654140481,11.9955763186856,5.78370668330992,31.4044706574973
2021-06-16,27.3174423385141,18.1084489028527,3.40107191217934,20.2930123582322,12.0201816912305,6.21795035625976,29.311115151772
2021-06-17,47.8839102311363,16.9558092547578,9.42749117868549,24.6463643620366,39.6719350763877,5.0931768684575,34.0242720053272
2021-06-18,47.7044138741752,16.1907141609709,9.42141184414928,22.1582645710719,39.6416381886607,11.9084213097348,34.0924770375867
2021-06-21,47.561866658033,15.3588776851303,9.16425886374877,22.3977577146097,39.5267671508159,8.12547301796321,33.2047742782645
2021-06-22,47.0224062787294,16.2162353262772,8.40325643598065,23.4073874737765,39.2361406756079,8.48917206627659,32.3223121677545
2021-06-23,46.9499471410305,16.6158547936251,8.46340596559281,24.6196581475329,39.3451719868791,8.14027848040854,31.4659621387075
2021-06-24,46.8324453454463,15.45970730726,8.65779648954441,23.4651150245487,38.9594027985651,8.08168449810152,31.296765791013
2021-06-25,46.7020655335856,15.8898301537713,8.94380755873453,23.5133098289433,38.887407989619,8.2664960866684,31.1575718987952
2021-06-28,46.6754691267231,16.8240138416021,8.86619331586687,24.3337574185584,38.912700171559,8.26813419817225,31.1243377802861
2021-06-29,45.8626414241427,16.6268153972564,8.7130752197446,24.1967741495579,37.4871754866894,8.28430555125206,30.9675951135448
2021-06-30,42.2607296698565,17.1670336978315,7.11475761463993,23.9378348065466,30.6340511660649,10.0575237629425,26.4204784689647
2021-07-01,38.9217159828326,18.191292164604,6.81768834282627,24.6092319663507,26.2375929822993,9.42100134153852,26.3309264563313
2021-07-02,38.9398647654888,18.4008619592316,7.30763538843191,25.007048132992,26.6470169886019,9.46285193478941,27.1849887317522
2021-07-06,38.9976000670462,17.2248130725528,8.89281641634159,25.9447003525408,26.9025214428503,9.6684574080293,27.1489134894414
2021-07-07,38.444549179951,17.5331262633926,9.09588410475607,26.0000744788981,26.7491167354916,9.70079051151521,26.266306774555
2021-07-08,37.822798614563,17.6097687293622,11.2165320073628,25.4051028684349,26.4536507961846,9.45043052107463,23.0641975998456
2021-07-09,38.3332261045266,16.4000264895705,11.3538116452993,23.7124674385491,26.6198450218871,12.5051109416783,23.8245249238378
2021-07-12,38.6387057487854,15.6109723568109,11.580291018562,23.4504021464995,26.9242176686006,12.5246208113229,24.2657330385969
2021-07-13,37.0003737849124,17.4466931208245,13.1592972099561,26.240310930134,26.9193678534854,12.29824818314,24.8283791365641
2021-07-14,38.6066608121134,17.3833378596595,15.2434973321272,27.8555790221896,27.6801540797564,12.0791861379851,27.8259431631541
2021-07-15,38.2100509873968,18.4893312455969,15.9176472695282,29.127270219778,27.5513117545769,12.1022530991794,28.3875512063417
2021-07-16,36.9841582439259,18.4649507669051,13.9821802113949,29.0912142581704,26.0103802080684,11.8339747807827,28.0128683319861
2021-07-19,37.1802127369363,18.0833665735972,11.5693069664393,28.8130384893709,25.3255210219638,12.2487388302194,27.8489537474359
2021-07-20,37.0939414953553,18.3987752539623,11.0444516571497,28.6883032735142,25.3253277543516,13.570933484797,27.4205992908256
2021-07-21,35.552463756618,21.7301864223896,9.74936418905482,28.5446437350193,24.8489435546751,12.1531479609442,27.4514309738359
2021-07-22,35.3572972892367,21.3821175002389,10.730924619372,28.8701809187777,24.9674668519864,11.881625190781,26.489004350593
2021-07-23,35.4164811397589,20.6835778116106,11.0425386565126,28.2932867023653,24.8825118812335,11.6445874359654,26.3567229840605
2021-07-26,35.0528266460218,19.0891599632833,8.35425547538137,28.5253129076714,24.7843013906568,11.1467610013442,25.8914880381102
2021-07-27,34.7321459599987,22.9356196859518,7.58205911569114,32.8158186714255,25.1321293679257,13.2215147584582,26.9691894080153
2021-07-28,34.4956995127013,22.9980276109396,7.15298394943133,32.9040868056993,25.142124167376,10.4846686077362,27.1557368520837
2021-07-29,37.257142102179,21.074301238225,7.94627604476003,34.6613875128984,22.2275819186982,10.2214623367551,32.5842075697319
2021-07-30,28.7572358493333,23.8174585380852,8.21284981332319,34.6339280830475,15.248546694083,10.3143267618089,30.0903009460734
2021-08-02,30.0875579664965,20.7540324629907,8.35873570024405,30.2247187696728,14.5916949855591,13.1241861455975,30.9066792112311
2021-08-03,29.2397543874671,18.6683754499592,14.8417078520762,25.1799144845813,14.6995189275611,12.4370001276566,31.2860815731167
2021-08-04,28.5847626857955,16.6774233484153,13.7361870886686,23.9632428024699,14.1818624483439,12.4042999736531,30.6398902076484
2021-08-05,28.2384508353142,17.5235301550688,11.0589209486632,22.1366661061,14.1676109793701,10.6397259911349,30.6362663197564
2021-08-06,30.6571598650957,16.6813334350874,10.4946074171902,21.5474905143952,13.3379447746674,6.08871332452932,33.3016132371216
2021-08-09,34.2058569340788,18.9708938684533,11.5684571896086,20.3500699995165,12.9457716038719,6.28407657880217,35.342403156335
2021-08-10,33.7923307085818,18.8848990286837,10.8936165635146,20.2280010540607,13.0155650568563,5.43201123174199,35.508673862124
2021-08-11,34.8293185473705,18.2568764973703,12.1226206791028,20.9888015999372,13.0234976578025,6.29661109188051,36.6371736980271
2021-08-12,34.8105711439412,15.0360282232427,9.88520770264341,15.3311592852946,12.7909163117754,6.62870236262825,36.2181945753202
2021-08-13,34.9936044994936,14.3820467214791,9.200677494326,14.1691703556389,11.8676752070926,5.60689889931404,37.6645758987395
2021-08-16,36.1893698917201,13.6404301246922,9.33834584752349,14.3481585651479,11.6411587411757,4.57191122085902,37.9910785938525
2021-08-17,34.7156162881334,16.4210450440009,12.2259873357047,12.8282806238894,10.9545433507845,2.68090554571117,38.9862962612889
2021-08-18,34.4603116640579,15.0959631472193,15.5249159908506,13.7371548264051,15.1148468335831,6.76705885826733,38.3982768751723
2021-08-19,33.7037983897924,15.3644739599335,15.199691247468,12.9768140038341,15.0547118287374,6.72184251338304,36.585612087716
2021-08-20,33.6123113574372,17.1670085031477,14.8548760384384,12.9148109982719,14.5841483835975,7.86704632363021,37.1949954479276
2021-08-23,33.5620058135631,17.0725791186275,15.0509819840069,12.8861230033036,14.2574138910321,8.65506324605229,36.7459333492782
2021-08-24,33.6960685772413,15.3046264576039,16.0800712670205,10.1134900890789,14.1967694159617,8.74548574336613,36.6930875146373
2021-08-25,32.2463794175423,15.1061397313984,16.179350320809,11.0567186342459,14.5196190522454,8.71363504338323,34.8139213791405
2021-08-26,31.0476664151222,15.4424561995441,15.2572306692069,13.7354331693845,13.7983255620978,10.5467848813654,34.2363179572858
2021-08-27,33.5384683446186,18.4405704347877,15.2983438698858,17.6762211291081,14.5485669105867,14.7100957313447,37.5034318261991
2021-08-30,34.6513743904116,17.3926849518948,16.0295076649139,18.1810682060186,14.5589061692388,15.9655255612354,38.211106406157
2021-08-31,34.3842879387574,14.2335234473636,16.4497812704577,18.2941736854795,11.1980826373526,15.8825771026716,38.0522063194328
2021-09-01,33.5948389684769,15.4764323577473,14.33630171174,14.9252160440114,7.57367200789872,17.3275939729212,38.6312000658518
2021-09-02,32.8265380204505,15.2440097227693,14.0648366662866,13.5270717901515,7.26849756089138,14.6161961844175,36.6793942722797
2021-09-03,33.6307073742786,15.7680652478415,11.3233845674534,14.0312342560494,6.87752213434231,15.4671952490952,37.2417696649603
2021-09-07,33.6643287738646,18.4052358487423,10.6602255117263,12.9185351922302,6.84804929073615,14.2256452901514,35.3158074005423
2021-09-08,33.913981458196,18.5632182596461,11.3353204588771,13.5362256664749,6.80634468631678,14.0619407724519,35.7050067648515
2021-09-09,34.2859790872838,17.9701271595041,10.7391857619779,14.8888771881269,7.55997838344249,12.6913801377413,36.2365123511494
2021-09-10,34.5881432328404,20.1123119336115,10.2709495891217,15.7367977022772,7.28013223202438,13.0678199027854,36.7979814818611
2021-09-13,34.3835229588088,20.0482730529639,10.3476419771499,15.3901535807787,7.25412179619221,12.7838359938631,36.5015553094684
2021-09-14,33.7379574235388,19.9434302520451,11.1366916021772,15.2331827508861,7.1532975950868,12.5688916487518,36.1378222913621
2021-09-15,31.7694142584152,20.1837886074395,12.1900038146633,16.0959389378029,7.06182491273907,13.2943960093825,34.6572596693094
2021-09-16,33.7762621706952,20.0554262090246,12.7456416927432,17.2854523595239,6.66486021828161,13.1663724146751,37.261811511183
2021-09-17,33.4517901718183,20.0286013957331,12.0364731505714,14.2346881060196,6.79726303150053,14.2265885108266,37.2264359781598
2021-09-20,33.3824997682763,21.5853646327063,11.0786370991786,13.4929191662185,6.80495108727755,17.815076934097,38.4306052725089
2021-09-21,34.0903656737384,17.5368228299564,11.1731791763737,14.8382169558294,6.65532745284243,12.7716717565269,37.0455530520809
2021-09-22,33.4158589405117,20.4334714896448,11.063416431343,14.4926639221226,6.51958416461478,11.6394069615094,34.1073666224622
2021-09-23,24.0373710185944,22.1345949997239,11.5721564002723,16.6126463079,6.10654803433245,12.3884042973024,28.1053386649784
2021-09-24,23.0522616973274,20.948230059624,12.9916801523148,15.7383306842387,5.95424523241534,9.89085512272377,27.1696590282396
2021-09-27,22.7366872422513,20.8161644426183,12.9467504701757,14.5981383522174,6.0256023289324,10.2696106607185,26.8470775866277
2021-09-28,23.4296568280968,23.2321764073802,13.0236308132595,17.3047773347899,5.91124126099391,17.0047684204247,31.3844962425407
2021-09-29,23.837464584717,22.8938544161067,13.0632655051939,18.0701329998239,5.96903949837614,15.4307676637477,31.7866459456851
2021-09-30,29.4803294654606,23.444175182482,15.5972546816466,19.0240010826464,15.6490784535959,13.6177388518776,32.8938109067781
2021-10-01,29.4648796605527,21.7506100226412,15.0909712474375,20.063817418064,14.6806328529794,14.4480685299237,32.9738661851465
2021-10-04,29.5012184352244,21.2507892375483,15.0623688962476,20.1081973300319,14.5571737990856,12.2941362720625,32.8981693074668
2021-10-05,30.0419713907966,22.7389342460609,15.3770372940432,21.7104213655157,14.724374678501,13.1823790613891,31.5905823785253
2021-10-06,28.1567033169448,15.6729080114312,14.5704463725942,15.2434002608951,14.8431657745736,12.8135138796683,31.5182029874546
2021-10-07,28.0749247455666,13.1040738066594,14.8670475014566,14.2985345144866,14.3911478550007,11.6375276318819,31.375981237545
2021-10-08,27.5269735002476,12.9775761863816,14.9515510489635,12.0618277835364,14.2662752921091,11.9420498399114,29.622363403792
2021-10-11,27.3188494896128,12.3409141799121,13.6384123175968,14.120455825008,14.3260002987299,9.64001162043089,29.6016334694998
2021-10-12,26.6212531016715,12.2967369721997,13.5047246659769,14.4906240875482,14.3354820173385,9.29033324485481,29.177343850786
2021-10-13,30.2788789844537,12.9554670719605,14.4054283776969,17.6603007545286,13.8799175408832,10.6804012765745,34.7229529202605
2021-10-14,30.3593086087027,12.4808261401518,16.5571593925721,17.7253466165947,13.4456441349935,11.1501457841961,34.3168403659613
2021-10-15,26.6908036197876,17.0614051635788,13.4740280280603,18.3215674611147,12.3867955982988,11.4297536069763,32.102041015446
2021-10-18,23.7926084569589,16.8036147289757,13.8793190808862,18.2569228920598,11.6895397500369,11.4533430379239,30.4561106664163
2021-10-19,23.9802034993518,18.6087603825886,14.1588068842647,20.2843071179716,11.5879241381872,13.6942671020379,31.7845739439932
2021-10-20,24.9754620499495,19.6734271660516,14.3289050491643,21.8216978290579,11.7444331234304,14.771844848445,33.2462097037371
2021-10-21,25.2822319816427,20.7466425974675,16.9095195486861,21.680980998049,11.3469268090622,12.8148378307861,33.5225636950748
2021-10-22,27.2726100287695,18.3399715529445,18.3910008695825,21.8601237875453,11.5226208437531,12.6139653017483,34.5448033359537
2021-10-25,27.7481686368672,18.6725172008026,18.8328832928103,22.4604982688344,11.5656220328574,13.1146712609078,35.3650601738986
2021-10-26,28.6952371288211,19.7044627921017,19.8807489597581,23.6994523710085,11.0013173158385,13.6980735132342,36.7359326057762
2021-10-27,28.4899301108277,20.0193446305245,17.0293453993543,23.3974063089677,11.273136117618,13.4233162241231,36.4051321792742
2021-10-28,27.239239936221,22.0767697858748,17.7064542382551,28.0208223273932,11.8170481980954,14.6565822825808,37.917223169765
2021-10-29,27.6462522117952,19.4687897657772,19.2625375360121,24.7775936327234,9.26452234560465,12.2680520106775,34.3026162691885
2021-11-01,28.9591045589132,19.3937782978558,19.302804470906,19.2071754021874,8.54847034573298,11.8182781705416,32.8210919683048
2021-11-02,29.0193570835013,19.5935592995684,18.601584610926,19.6046182467472,8.60733289041353,12.2630295274996,32.7729529369489
2021-11-03,25.4543325783272,18.455335694412,20.6974441295175,21.0889988120895,9.34953474597041,13.3853822313449,29.537704345317
2021-11-04,18.8198212786058,17.5237667020856,20.4682476647935,19.5173467965415,8.08911441350622,13.11854705299,20.9786821591148
2021-11-05,17.3567791017026,17.8816559738474,18.8006179439012,19.0542473243891,8.35867605515927,12.4755299584156,20.8691378361342
2021-11-08,17.8911035242515,17.9248630207682,19.6936509124561,21.5217479604441,9.07261648122818,10.2387709045209,19.8279484787687
2021-11-09,17.9094583705548,17.7977449246599,19.0862233367229,21.2086099938167,9.03822001869617,8.94386580854052,19.9477212728013
2021-11-10,11.0733026022513,22.3928588207912,19.0296305535896,21.1295784076479,9.1232573840874,11.4062974693917,20.1401715657117
2021-11-11,11.1415702492254,21.2097951359904,19.6721523314753,20.2547010892155,9.02012604094041,9.0402255968999,17.7542924816916
2021-11-12,11.0313614366161,19.7719137654627,20.9760649831817,20.5788058839676,9.0889663079919,9.4418817907164,17.6619067209737
2021-11-15,11.4723217854992,19.4169008162127,19.8645109501689,19.7134750976684,9.05654952007817,9.34610574346858,18.055364998856
2021-11-16,11.615493530492,19.8409857098087,19.2777670638853,18.426626170202,8.79175011231629,8.0744865882346,21.1427178590056
2021-11-17,10.429393980539,19.0679782064128,16.1581443364842,16.6571152893766,8.56475666363529,8.87087434711365,19.1428856508863
2021-11-18,9.43513841677813,15.3442792977301,15.2429365934477,16.5648227737469,8.38587319941027,9.00843415246843,16.2264874541875
2021-11-19,9.30469370884725,13.5591096988363,15.0798008464267,14.3958050083041,8.46271922732874,8.53683956155391,15.3815375592967
2021-11-22,9.76905107889528,13.4706747626574,15.9255403074239,14.7794436613772,8.5706765016583,9.09688914329947,17.619402115025
2021-11-23,8.73979488393811,13.171827594805,15.7258624303218,13.6868610171843,9.13905137392754,9.01146123549223,16.9706722245461
2021-11-24,8.67811905884646,11.168533258324,12.4237251719596,14.1629581058074,9.32248499495624,9.60527932087104,15.6490837017704
2021-11-26,8.46694310348255,21.6459684027628,15.7021118477576,10.5809124491138,11.5209027591773,18.6637185049423,19.4909185022628
2021-11-29,8.41877401121778,23.3405804426306,14.5314901531822,11.3148471875957,11.3662471138917,18.5378256332978,16.7333851789555
2021-11-30,7.48313572889221,22.0475879816303,16.6063836405415,11.3777922358344,14.0193299921998,21.4950294504761,12.4479936591968
2021-12-01,7.40300014354011,21.4179072653686,17.4570543113029,14.3350755897019,12.627698368309,17.9175133765476,13.0257698649612
2021-12-02,10.0809193439681,19.4588312659065,17.6738246339313,14.1619027578665,11.4808140804696,15.9746899633774,13.6968098095728
2021-12-03,9.93867763554807,20.0642222876958,17.7843944845611,13.9102496313725,11.3185691746129,18.8263976195265,11.5975927651062
2021-12-06,10.3961920046402,14.3688530328804,19.0031889939104,13.0515522245231,11.5337076096369,12.2954080556206,10.9051893718657
2021-12-07,10.1238441846715,15.4199589783706,19.0561947885032,11.3939446657959,11.1858206331324,14.2896597643414,10.5258068225237
2021-12-08,9.77417530661566,14.4817773104316,19.7141320998591,10.6608156326909,11.0856678803281,14.7780377295384,10.4164546949212
2021-12-09,10.5516507817089,18.7691681158978,22.4412314140598,13.7382706666192,10.2621549224884,17.0671766548553,14.4906386722646
2021-12-10,11.6634941959338,17.1387340660012,24.1582007707381,14.0378264466653,10.0474385124177,17.4161961403209,15.7461739487011
2021-12-13,12.118564570972,16.9416920654075,23.6602267305952,14.0009311741285,10.1503485890611,14.6308484949828,16.8250398567648
2021-12-14,9.90463953912765,16.0440183231251,20.9015035009774,8.71567399434342,9.85330491828478,14.3543856982871,17.9542334267012
2021-12-15,9.07496203724607,18.7801714272125,22.513449352874,8.43477948726027,10.356535518579,16.2813791793747,18.7244126138617
2021-12-16,14.1393053019418,19.1778267502335,20.7766260032296,9.2889328804098,10.797883875982,16.8016172123738,18.3226489894855
2021-12-17,12.509188537185,21.1380696701676,20.8386398290272,9.18969162951936,10.946227712064,17.8929307967436,17.8279100385182
2021-12-20,10.8281202272253,20.0745467352915,21.0012589240829,9.82875448365777,11.2388769300408,18.6564584212346,17.6716396440631
2021-12-21,10.6765510058083,20.3079419650132,18.4137626596035,10.0830503384572,10.4359933756658,18.4539506988158,17.5673087590244
2021-12-22,13.1628358337929,19.2611838603563,17.7952763658253,13.4174917062016,10.4735415831855,17.4624124899165,20.0177671537482
2021-12-23,12.4326386380631,19.1438535474666,17.7765233217352,13.6683605462917,10.6010732481376,17.8261294764983,20.2976558689566
2021-12-27,12.7844626386234,19.1720638857786,18.1988036780375,14.0502320125317,10.7522193886979,17.6262517747002,20.330076445848
2021-12-28,12.6288317381151,15.3712493037087,14.2255054544094,13.5376418155234,10.6356407035591,16.4453012258487,20.2426448678469
2021-12-29,11.128366554029,13.625720309397,13.5762209736221,13.8536186956319,10.6393008472249,16.4156293961411,18.6411157342914
2021-12-30,9.99950243726848,13.5529242736357,13.1232249460604,15.0230157158648,12.8639197193186,15.8163652057696,18.8541407216659
2021-12-31,13.180538955146,14.2725251605134,15.0433354164031,17.5557794553898,10.2421530676893,15.0851468140807,20.7333292178863
2022-01-03,14.0463663959221,14.3985528397628,15.4939905155249,18.9611299638895,9.53858856132534,15.5653446150823,22.0575669699924
2022-01-04,13.8061472255388,14.1530589266871,14.2251020042686,16.0715389282369,8.07043447458099,15.1112408688124,20.3840667153374
2022-01-05,13.4337921639509,15.4757072624099,11.5943675465344,16.090014765908,7.62340658312558,16.7719662331732,17.8412943092834
2022-01-06,12.959729930346,14.758966827465,13.4826300553345,18.6951271602847,7.27616902094897,16.9043387820934,17.6652947133386
2022-01-07,14.7195856022851,13.6858780105743,13.3350124135737,15.3739961364327,8.93118990612481,14.6645351683808,18.025136226465
2022-01-10,15.2412174791982,13.4629497203925,13.8648742535123,15.5134300787207,9.70326425975068,14.0681601675647,18.3870373590388
2022-01-11,17.4175963389613,13.0434966663952,15.3703931962118,18.0824823171998,10.350258585949,14.6430520984056,20.9327790747384
2022-01-12,17.7446714405054,13.5198034952344,16.2768812483694,19.6596937217507,10.7438274693528,15.4206935730669,22.8670790234223
2022-01-13,16.4810738515999,14.5724056591505,16.0084493217371,19.1926327809326,11.0438871106627,15.0807534504423,22.0040513403436
2022-01-14,16.5431479171992,14.4075062462579,14.0251713778739,18.8560122953153,10.7824664925907,14.0971602779102,20.9314675530209
2022-01-18,16.9640107258292,15.5566753710874,14.766214803662,22.103652263271,10.2155845934441,18.5718246207641,23.0727114190918
2022-01-19,20.5869265198233,17.4660374320769,19.3693771591593,19.5783343433518,11.7756564730499,19.770117377631,23.9965656810286
2022-01-20,18.6209127716287,20.8553924812715,17.9722746411608,19.8060408774026,12.3009848068526,24.574849423012,23.4601221077075
2022-01-21,16.7341724293445,32.9271574861932,24.1681550081481,29.156705844004,12.1045164294417,34.8422424811498,19.6438972710397
2022-01-24,15.8798114516621,32.8664393422771,24.145589472056,28.374751073306,12.7235230890112,35.272202277648,18.2395641028119
2022-01-25,14.2946956030058,28.2971002671767,25.2577835729893,27.4167146731268,13.1324581098697,35.6350155429007,18.2420619600382
2022-01-26,20.0040938025248,27.9523707546162,25.0398799204756,22.6452414878903,12.3346725988745,34.8737244323344,22.4656725948127
2022-01-27,24.3639140565583,27.2243638699749,23.9028505913899,26.4831744035226,11.9216335555244,33.585942434225,26.6469180903048
2022-01-28,24.1626734204906,26.5928141207028,24.9604849891807,28.1578674119326,9.622875149979,35.7679444258052,26.928775852395
2022-01-31,22.9986338728183,26.1220591190452,20.8372659228647,26.0151677531513,9.58611230406223,35.1254499933099,26.6775406957683
2022-02-01,23.2790435236195,25.7818058841944,20.0784367546593,23.3824148188669,9.6864349911898,33.2500155698502,27.3192255395122
2022-02-02,23.2546128108842,27.9339823918099,22.0034008064944,23.5295920738996,11.1271783141198,32.6593924266693,26.5927880098306
2022-02-03,20.1274268606598,26.8256208855047,21.4659715121674,19.9432418530812,13.2998936548597,31.3012278923605,23.6528062228538
2022-02-04,19.7557636415225,23.4649051817636,16.5717345491864,21.9178782641259,13.1031996583211,29.0742495921512,22.8533382729941
2022-02-07,19.2736520609562,22.6141089114416,16.6305588632671,20.1747625433964,13.1640281367898,28.8915979233344,22.6824644785351
2022-02-08,18.2504934470982,23.2114132566644,16.5902870248681,18.9441158089187,12.8243523491713,29.3884393559236,21.770828623277
2022-02-09,18.6971505654469,22.8882607128828,16.8775185470532,19.5187388383445,12.6177567949427,29.9961028231848,22.5602556209159
2022-02-10,18.6802319583833,22.8025232614212,13.772735277746,19.5069397789474,13.333075143203,26.8825214322699,22.6291580461159
2022-02-11,16.6980162169975,23.8878991373918,17.0952709909642,16.9992396136428,15.558702728445,30.7053774826087,22.2662939981071
2022-02-14,13.9603829829068,23.5754859930135,17.3681018449808,15.4790603116234,16.2574404445147,30.8426617033803,21.8467389438571
2022-02-15,9.94336630123561,23.4883656148325,13.7902503979009,15.165475279306,14.4296482571383,30.8896640708662,18.1136757646674
2022-02-16,11.5882731037964,22.2083633058738,12.5791406241015,13.6949853493182,14.7474200404768,30.544229525996,19.4379324379932
2022-02-17,13.265717426575,33.7737884734628,20.5271319987561,23.1585477193198,17.4454517561238,40.4015964492803,18.1307398329681
2022-02-18,13.6675849181082,33.5381846962804,20.6287568307944,22.4709123637813,17.787387365365,40.2909294471556,18.4216809234917
2022-02-22,13.8978618689871,33.7903931625555,22.1224844037972,22.8552652649101,18.5532575418047,41.2576855335252,19.2792424421626
2022-02-23,14.1386383021078,33.5867274205974,23.8355122214824,15.4830769142583,21.3182008520724,41.4245219639671,20.2214866100509
2022-02-24,8.97955685946173,31.416306652438,21.9240453362898,15.898388726245,21.0202198512982,40.2714371672994,17.3243472859551
2022-02-25,11.9470451497921,32.2385313085496,22.9000801706876,15.0610495182419,21.2219011397017,41.3328953872609,17.5747750514525
2022-02-28,13.1217942156215,30.4141194372227,23.0573863691504,15.9487065847817,22.6705118469398,36.11641855702,17.0046403133425
2022-03-01,17.2434565806104,19.3226346751608,21.9081120720206,14.4138510229698,23.6525332951508,29.1955777360953,23.308259724139
2022-03-02,19.0719840866048,18.9413547817171,21.9132098555443,14.7796768263257,22.3496944418744,29.1104188493202,23.8812074046668
2022-03-03,19.0979436294647,16.1896929899189,21.6492233531442,14.3515345429542,20.8212144251906,28.7214924063593,24.4605393251323
2022-03-04,26.5498366715381,24.5554728943558,25.101941704019,25.2759992237647,20.1887998306405,34.0686456830037,31.4970931487284
2022-03-07,30.3322431544038,23.4922385515694,23.0327277928923,19.0399916871297,25.4595589420544,35.8573027233396,35.9851902763489
2022-03-08,23.352504576876,22.4913363869257,21.7999340227239,18.5391279614055,24.2133050895216,34.1583998530106,26.9214715748307
2022-03-09,34.9005637001891,34.4282417312842,29.9931700622161,27.8659645831756,23.7024443838665,36.3636083798287,38.4128898912437
2022-03-10,34.2771471238396,30.9098968096388,30.3678293305118,20.2332434222047,22.559868843465,32.6468247305891,38.5576692259919
2022-03-11,31.8006845522419,31.040155983011,30.1850876351408,21.4699420545811,21.0579953226286,33.0956918639971,38.5914016611146
2022-03-14,30.7243562152933,30.6825655199969,28.6433971020076,21.0728279756058,21.3975945400595,32.3746317551343,37.4320843035278
2022-03-15,32.6121277120111,31.0765435129439,27.8741780770016,22.7657703516413,21.6244687837567,33.0313950595275,38.1975059673194
2022-03-16,33.9262775359419,31.9748072868121,20.2281249156384,23.9724676103402,20.9147545547939,34.7670265193049,38.7823581408914
2022-03-17,37.2208512142463,34.8700591654787,19.8036379259723,32.3835236299269,12.4749616339498,34.5081167451641,38.2688017171476
2022-03-18,33.2115860932977,29.8584864280783,16.0181463001361,25.5602943304897,11.3650026694915,30.7628214775202,29.7660100155649
2022-03-21,33.0264614147765,29.3501759887759,16.0019942941013,25.0975969780987,11.2774340370949,30.5487373405804,29.6695583687172
2022-03-22,32.599201572938,29.4608421277593,16.0251060548953,23.6492341265005,10.931600220291,30.2389945437447,30.0790082851071
2022-03-23,32.218813531535,28.9164611147931,16.3030032134045,23.4478807139438,10.7952396035831,29.834364774761,29.5023355936244
2022-03-24,29.61479600522,29.209491270008,15.7800765532012,22.9264954556244,10.4930569309952,30.3063208212945,28.6246404034081
2022-03-25,29.8584277973207,29.1529862231692,15.5135708544502,23.2889488221051,10.4416659622881,30.3006905633795,28.5285529473785
2022-03-28,29.9285791957703,27.5475656255899,12.1589124761279,22.1579755619609,10.3792351207875,29.9580080740486,28.3825288466549
2022-03-29,33.8364292148308,28.5200208141999,9.95972215156776,27.7766888820858,9.8158833411728,29.9619560184544,30.9140341005136
2022-03-30,32.3115084704647,27.8463673937119,10.0110987279696,27.6247922762723,9.52098119978359,29.2433234634597,25.4308415145435
2022-03-31,33.0305952539475,30.3515579744614,11.192197431899,28.8521601262659,9.35883884898271,30.7878982939136,28.0668339963997
2022-04-01,31.9939785114783,30.7452218729528,11.6448169150159,28.3642824990606,9.03770556186568,30.8641021838449,26.0173036164822
2022-04-04,31.1242312203459,30.2730983719364,11.5363417954261,28.6235567832024,8.78726307973413,30.5106774942938,23.9620079253734
2022-04-05,30.4728233574527,30.5696936952942,14.0926897244161,26.5703140900475,8.75154470936456,31.1392916446756,25.338692662283
2022-04-06,29.5719067323662,32.5564737745875,15.0436063981879,27.8660485735393,8.63212593946315,32.8043253503745,24.51356461596
2022-04-07,28.099133562209,32.2847399984209,14.1020726414062,27.3867235126701,8.47232185009422,31.8780679890447,24.2852149508565
2022-04-08,28.3895733428219,32.1047029178303,13.4781586053767,28.5053376098458,8.38050663830449,31.2205298816603,24.1953736316712
2022-04-11,28.4179355624812,32.5124308561917,15.2285373064317,27.15752471242,8.30998053995621,32.1118615887562,23.8478237775045
2022-04-12,29.9371785835719,34.1447245196465,15.3969311044561,28.1088191694519,7.91011560710431,31.6671630644132,25.4203815691705
2022-04-13,28.0180965816709,34.2035573549579,12.4073633365864,27.9737127864242,7.74288682326783,30.958202109323,25.9258860672697
2022-04-14,25.2788324988499,35.3081348013417,14.4928612845101,27.4148436426046,7.62792089099335,31.9015935526449,27.1047609974818
2022-04-18,25.0112838914093,35.261223338136,14.6039598451668,27.4015462638733,7.60410799356101,31.2189473512517,26.7442125511427
2022-04-19,27.9470320218448,35.7776655418905,14.3346184413179,31.0132257369841,7.31459807719349,31.1014246470883,26.0679090469273
2022-04-20,26.7152628192296,34.4735284201934,11.453169836945,26.6845022919307,7.09145771515405,30.1944506685609,23.1447719967455
2022-04-21,22.6704798545525,36.2721888235226,13.1058836214964,25.8273455559766,6.90958422278337,33.2018970475399,24.3317944867918
2022-04-22,21.3820894002053,35.3331584078325,18.6980979876659,21.4098578688201,6.8218770274295,35.8122820172835,29.6718961185805
2022-04-25,20.9345363890744,34.7752223243176,18.9320820645678,20.075593665733,6.7328507976131,34.8363735216744,28.8092577643199
2022-04-26,23.2822098841113,39.7386159979742,22.2484815948568,21.533801461701,6.48044216866677,40.3854652022778,31.2421347516553
2022-04-27,24.2219423939736,38.1580562219964,20.8694880494838,21.3851159228416,6.36253313127552,38.8683540413363,29.1732701515136
2022-04-28,22.41585992208,37.7640261208714,20.6775397105421,19.8505365312413,6.23432767712791,38.094060778718,27.5931418619536
2022-04-29,24.8640552049254,38.8439897182106,20.4631013074351,25.3835331773908,5.82344430700337,37.1706497969095,14.8584524076661
2022-05-02,26.5902828926656,37.921189094989,21.1298654076815,28.1875114461509,5.65048265286424,36.4298964383192,15.9147524486464
2022-05-03,25.7817005486577,33.808184838244,21.3391431835911,24.2307435617275,5.57560859763208,35.8839584725957,15.0925030881755
2022-05-04,26.6421807435459,38.3487608120867,26.1074574949665,23.8180868087479,5.46382324963099,40.5488284384005,21.1566736096028
2022-05-05,58.6276032667571,55.0968269054917,46.4340749005965,25.8311642381419,45.9337879432598,51.5545970658811,48.2330802856402
2022-05-06,29.781496994402,55.1887761918131,49.0100974551363,32.9672128630024,44.9410950409986,54.6701125954259,37.6046954167529
2022-05-09,30.2979669622099,55.8604216597888,50.0723952671159,34.017055347971,42.6971286443659,56.0282173347109,35.0671672073908
2022-05-10,26.6583074188987,53.8293071086063,50.032541417221,34.5892935409291,41.7840367443638,54.0137007229009,35.2108383019942
2022-05-11,28.8044563966078,52.9500629742922,48.6615380251594,37.6555191897275,41.0952187744209,53.030604135336,34.6914481583561
2022-05-12,30.3541907342754,51.3640466336795,47.534319793385,36.7276532319528,39.7346725988514,52.0186264678579,36.0438782245224
2022-05-13,30.0753742844239,50.9445421852217,44.0674134008324,36.6630119682619,38.9550325474486,50.5147532467887,33.8334353828168
2022-05-16,30.2000468237827,50.9345104109961,43.7309857046443,36.3907296612211,38.6310032989912,50.6746813241013,33.4939541749834
2022-05-17,30.3457451142947,50.7026039308204,42.9439437068651,36.4431979087843,38.1170506748575,50.3988664814149,32.2558799529102
2022-05-18,28.0305198582744,48.2709500258018,26.21461084433,36.6667215371807,35.0531083535969,46.777217270166,31.4243102004082
2022-05-19,27.1199844556945,47.9644321959533,27.7867883681925,35.0990504300263,33.4855495663952,45.5050060607434,34.462719060025
2022-05-20,26.696294599343,47.724609868939,26.6887660356652,34.7863445061166,32.9022209486173,45.2932641442525,34.6455879255518
2022-05-23,26.5376553889378,47.2896204417556,26.7864085795938,34.8729124333725,32.7967380647937,45.1842197972988,34.2686088886439
2022-05-24,24.6445845171468,46.7483288527161,25.0369418900391,30.8287518002318,32.332559445743,44.5018875454279,33.5264285640275
2022-05-25,25.5702625010561,46.4991712629239,22.4909107254572,30.8987434137023,31.6665804604396,44.0614864855048,33.666920976237
2022-05-26,26.2308505485473,45.8914907962168,21.9504789354551,30.0876592396494,31.134413934399,43.6371316265904,34.2527838143267
2022-05-27,25.8201325954182,44.9642050011681,18.813613526616,29.3340409717665,30.3299142085033,42.7109612481523,33.6301064489608
2022-05-31,25.4589258768685,44.0277993113163,20.7823818415051,28.8913116603976,29.3210681522446,41.414532154028,34.2481238394304
2022-06-01,25.1241408240619,45.7112519230587,22.4719386665505,29.7573417923163,28.0467613004365,40.9265239623568,35.9877271708672
2022-06-02,25.9055290175188,46.2846599620531,24.4740830917707,28.6559678754565,27.3289030383761,40.5440467269271,38.7267841607472
2022-06-03,26.0999423923302,46.7481911911163,27.9129281817923,27.3456506280282,26.6710303226303,40.4672633007441,40.8897419750654
2022-06-06,27.4897785373556,45.7548911986047,27.6452887794441,27.3556082398559,26.4807729553745,40.4961272026341,40.8909934890953
2022-06-07,27.5983488185209,46.3262588083186,28.8780884246664,28.0116462733682,26.3040130821661,40.5783382438919,41.480345387531
2022-06-08,27.4717542129197,46.9179294330169,29.5567098335839,28.4473849884838,26.0480764660099,40.7457267135596,41.8320233974671
2022-06-09,27.2926319962407,46.0216560231124,30.2063895951749,30.0049711374064,25.3799743836501,42.2145528366293,42.8836452686772
2022-06-10,22.4352508127543,44.6466807863951,29.811612766302,20.2140586922098,24.4508571240155,42.1081248866289,39.8713753514641
2022-06-13,25.1480586193271,51.5672509407821,20.6944528013853,38.1557401120763,20.0151950561487,50.8301688215971,40.2541874615944
2022-06-14,18.731987722617,44.1229847360815,13.7364222249091,39.4450214624505,18.4287207116008,45.2909829153246,37.813564142063
2022-06-15,18.6664487108,43.4849059898868,13.7824582125628,38.5794818358935,18.0388378907878,44.0584148249359,39.0765381150985
2022-06-16,31.4852181123168,43.2131403645936,20.9023024879493,38.6083791287002,35.3969926156436,42.9105286183996,31.1861508386492
2022-06-17,31.4328398157041,42.2355400931565,10.9746751352065,31.4512303814084,34.1842139181165,41.7329851240199,30.0755454299466
2022-06-21,31.8140615605362,42.1731817411967,12.1195683675111,32.2792784716214,33.8077473791204,41.3656052432976,29.0183012969384
2022-06-22,31.80443404838,41.861125245587,13.0991426150108,32.2259461447685,33.5318348918404,40.4935689354464,28.8227942484741
2022-06-23,31.775432099994,39.8435320489638,12.802367207662,31.8047271630463,33.0885632934548,39.1979779728462,28.7988432925307
2022-06-24,31.623330932731,39.8086975332704,12.6576268639454,32.0528755600231,32.9904181573235,39.3232670940262,28.924045433025
2022-06-27,31.5827444078314,39.7714872363224,12.4388254572564,32.0357053957337,32.9608347549798,39.19861531719,28.7198620856792
2022-06-28,31.1808087398892,38.4394819035745,12.6598504305873,27.9294491247912,32.508616153796,38.2824287654222,29.6258087726857
2022-06-29,31.1259760409038,38.3533050730151,12.492968871469,28.187924633642,32.4245559831646,38.3906854854702,29.6241055686823
2022-06-30,29.9114130140017,38.1951518701042,12.1030198976608,27.3316455759849,32.1507460371551,38.161932143479,27.6821966719026
2022-07-01,29.8712161111053,36.655276044652,11.5496303901606,26.4478666234996,31.776433466578,35.4318885907155,27.0821894234411
2022-07-05,29.7921907749035,34.4274050132046,11.4820478245528,24.7250323030253,31.5399109275523,34.8996848833689,26.7979489994688
2022-07-06,30.6935892843946,34.3573002564923,11.4336775896216,24.2465249980552,30.9089013461244,34.5575155662741,27.3128269903126
2022-07-07,30.6230648000046,33.4416111525649,11.3518688881172,24.2170320584131,30.586543479908,34.5032858412997,27.5185980306659
2022-07-08,30.4751447420295,33.3186752345758,10.3391392460541,23.4434006040511,30.547332609783,34.4161773069786,27.2939695289714
2022-07-11,30.7361365186579,33.9698176170545,10.1554581732941,24.2570318195285,30.124796723164,35.3451656369564,27.0085511634489
2022-07-12,29.2672317965377,33.167341780055,10.4673792052123,24.6102742354421,29.3411008469725,35.1920246691377,26.8062040884427
2022-07-13,29.0137979574738,31.1570516986675,10.4311272822964,24.2369280801434,28.9289657826963,34.3347164982796,27.0278360426782
2022-07-14,28.6288251310522,30.6606954944958,6.97931983544501,23.4227756239723,28.0438199514001,34.2545126916006,27.5459803472259
2022-07-15,28.4039047002202,30.4931922694333,7.11077139323284,23.0812029343719,27.802764016863,35.0053308176559,27.6549884900073
2022-07-18,27.1697170717464,29.2100943336106,6.93201029621385,22.5718627567259,27.4042624823001,30.7242376601665,26.2774523211429
2022-07-19,26.5272385252681,27.6708456054549,7.40549421937195,20.4367318669275,26.4332300337454,29.8822323341342,26.715564610715
2022-07-20,27.7307104981059,27.4733085777541,8.50210674454373,17.5745203212677,26.2134108295081,29.1985560830032,27.0401057310369
2022-07-21,26.0296665592007,27.3106399340685,8.66699149919016,15.7113910619278,25.8851535290995,28.1281287703986,27.2363754626622
2022-07-22,25.7667272624273,27.0742027138083,7.28032527983822,15.295788622552,25.6326726267429,28.5395853464612,27.1694740471432
2022-07-25,26.1501011444502,27.148357716125,7.58601474836768,15.2848904267043,25.4242159497059,29.1487634577196,27.1773914626234
2022-07-26,25.8442654566237,28.8341224150021,9.40221950786656,19.0742712186438,24.9715735320757,31.5295075766908,28.950521387048
2022-07-27,24.9554665197458,30.718330356009,9.60219480465597,18.4866706919621,23.6727961049221,31.6453998955005,30.9359275212788
2022-07-28,31.4471868605179,26.070771419862,14.0460915480086,20.9344142484782,21.9886940781177,28.9681971385272,28.2919829239099
2022-07-29,32.9584391774129,25.8189803712755,6.85369368190858,22.056365164758,19.61240099377,27.1686116449819,24.4462427211968
2022-08-01,32.9613259780625,25.5664789492713,6.13133319391535,18.7634903777831,19.191867615394,27.4596367859488,23.9702115330606
2022-08-02,32.2272562220611,25.7575512861789,6.82904609512403,18.0632714203052,19.1191200640773,27.9791023015465,25.3475464193981
2022-08-03,32.4890493983727,24.8256386439634,6.84298060367282,17.1608720297848,18.7290923610464,27.1407289829744,24.9832714101057
2022-08-04,33.9375128605346,24.3334211725528,6.24430776340721,16.9269943854024,16.398754543569,28.3355490941518,26.1039041608781
2022-08-05,35.254242451825,23.8304956544399,6.67682757875459,16.9008365970677,15.730025375089,29.226185094841,26.2864194487062
2022-08-08,35.5758881750663,23.8612760920407,6.80547059145561,16.1962140459776,15.4018584418496,28.9221346880968,26.9799294078138
2022-08-09,35.4575396940839,23.8927653413656,7.61728925633934,13.8781990210739,15.1949367621502,28.3675335416054,26.9206715427476
2022-08-10,33.2876065700177,25.7245399998857,7.51022199067941,13.6113088655826,15.1257988806025,29.3348797738063,26.0924583125938
2022-08-11,32.9144451254441,25.7786854654637,7.69372561072039,13.2315294356326,15.0046251366742,29.2767244913574,25.9948464891042
2022-08-12,31.2986554496189,25.6192447678949,9.23156735942746,13.0987261651361,14.8181819316833,28.8140125228362,23.8759848675451
2022-08-15,29.9986284813829,25.6405095754077,9.48781085254647,12.9823567638201,14.6098850801903,28.916729804192,22.8803271442398
2022-08-16,29.3099910513619,25.3408251179331,9.48915273153074,12.4500609184628,14.4032176606794,28.6837638360229,22.2293838394731
2022-08-17,28.6985127149144,24.5563190375309,9.50250316224734,11.5638741714668,14.0169552722831,28.1582517466985,22.0875018657951
2022-08-18,28.7880572108601,24.6906580700707,9.24527219477986,10.4995770287857,13.8601610176701,27.7863481548536,21.556789449054
2022-08-19,28.1749149202436,27.5483371357233,8.20372912635391,9.14066745360493,13.6977610855886,29.6411403181162,26.3852919878708
2022-08-22,27.9747160296289,20.1934036952724,8.36021456909817,9.03473648606692,13.5241464621309,28.8624465929458,27.914091190303
2022-08-23,28.8836531881058,20.0781295315313,7.90308056352107,9.07470824441555,12.9529699113774,28.841769016861,28.1083093777484
2022-08-24,28.8383484619809,19.6385775648646,8.13884949340429,8.50861425765011,12.884517528559,27.5632163178328,27.8346136193462
2022-08-25,28.580214667291,20.2364022293402,8.51473543793856,8.28569654926513,12.5307566821214,28.0421493317417,29.125379012107
2022-08-26,30.061434758317,27.2402463368871,11.9195985875039,9.06516643610293,11.3526432530793,32.2013956714528,32.431942252584
2022-08-29,29.9857001772254,27.8004107454632,12.109945701066,8.9812571989295,10.630754807968,32.793462073373,32.4793570659238
2022-08-30,29.679331001604,28.0205616529556,12.0739953909812,8.89131768228685,10.4319635198547,32.9100526040858,31.5100304286829
2022-08-31,29.0672639094626,28.0187286274719,12.0829014996736,8.87322109944198,10.3099476160337,32.9264383248148,31.1381355360504
2022-09-01,30.7067851967786,27.6250399418926,10.4527454236316,9.53665345158442,9.89788189384918,32.6966043381309,31.4721327155413
2022-09-02,29.4586353622212,27.3481445759719,10.6925116394672,7.93107832640644,9.44838563219038,32.716450542066,31.104229277817
2022-09-06,28.2881116893387,28.4750833743059,12.2466157454189,8.64517687257969,9.17231671386732,34.3429018518657,29.9596209571504
2022-09-07,30.9600586086103,32.0390689477809,17.6595878285981,16.4632262729642,8.68208629849026,39.3020637547919,33.9794115443478
2022-09-08,30.8512404498192,31.4895828958802,15.4172670455469,16.4478162815814,8.63516216853345,39.5953182703409,33.714528938656
2022-09-09,31.9614211345149,31.1627577337607,13.2356011293437,13.1587282606564,8.39904352790002,37.8450700513447,35.9395318764439
2022-09-12,32.0554565499221,29.7281149821434,12.7838790104378,11.8071422377,8.31296231021308,33.4321045384212,35.0011722311976
2022-09-13,38.9022315413396,40.400555362348,16.4687805184192,9.49001599116909,7.38380606615154,38.7923327298944,45.2368932405083
2022-09-14,38.4783814384162,39.9683888900565,13.7225097586028,10.5841350439152,7.34554836580522,37.1481094446523,44.136543624873
2022-09-15,35.0582318639709,39.8881108800993,12.9040441552529,12.5038408456431,6.20547107329754,35.8984808779452,41.4004721674963
2022-09-16,33.7120412206049,39.5201550495234,10.8086434913629,12.2097306003086,6.05141460486069,34.2419061614951,40.9744730713525
2022-09-19,33.5780914667666,39.4816072917504,10.4116058649003,11.5446146230789,6.01481933582811,34.0787842974075,40.8100118571263
2022-09-20,34.6374977101259,41.0771559372166,9.55771836887057,15.6978609829246,5.9378685317218,33.2251368535878,41.8912373416209
2022-09-21,33.2031958566835,41.0745755111947,9.48004879239138,15.9407210140968,5.88796941445735,33.3793079045444,41.8389164452948
2022-09-22,31.595388321406,40.9344559302425,10.9547723197774,19.5695470333404,15.3530801992559,36.7941957623803,38.0551360471778
2022-09-23,40.3590046169196,39.0787580592844,11.1044913448588,20.560178056896,14.3898959155584,38.5214883448291,47.2700768776292
2022-09-26,44.6545401231922,39.6943379979059,13.2810144346166,22.3848308313772,13.8273716286471,43.3515760144074,50.6913627096919
2022-09-27,44.1022602062378,39.4406541170818,13.3878926513381,22.854137258724,13.7824113079421,42.7014019058477,50.1396436803751
2022-09-28,48.5991936312782,40.5588422148258,19.5061591167204,18.2861077393025,12.9824706067888,44.4284890615297,53.4137469950524
2022-09-29,48.2671411259559,39.190731499755,15.3712559296425,16.2886103654379,12.6854971931813,41.444565179367,52.5537530195545
2022-09-30,48.2578399930955,39.1669125139567,15.4905153666695,16.4555689453272,12.6611133698914,41.1829993594069,52.5239810650955
2022-10-03,48.3758830876252,38.9401104088879,15.310060430758,16.3185321595083,12.6294585608458,41.4041441540668,52.5442426321521
2022-10-04,50.1851591731775,43.2629880244302,6.71597575161146,15.7191190112458,11.7792744189201,40.8372126561727,53.8719490489819
2022-10-05,49.7621769361303,42.1478397192086,7.31330653885133,15.3591696411265,11.4683927817275,40.5756229053487,52.5763090146527
2022-10-06,48.0581676625776,42.0116568500614,6.99364024970108,16.3818097136337,11.3661564076604,41.8122217255866,52.2546111521039
2022-10-07,48.5054509254599,42.2892104167424,7.12362414110865,16.1485880037037,11.3074716112735,42.5734622872735,52.3858244577478
2022-10-10,48.9818781834635,42.522066948752,6.76953268521162,17.5322622019828,11.138335736137,43.3319106852213,52.6472164144738
2022-10-11,46.9222697704052,41.5204249072196,6.67992436168493,14.8756165036381,10.7402558053828,41.9396076222943,51.9433144644034
2022-10-12,45.9552085989097,40.9362918479767,6.4489288504935,13.8784107560506,10.5694262552017,41.7869704554775,51.6132801805854
2022-10-13,44.7774779956557,41.366959377861,5.97101392914067,14.0528992857036,10.4286873610862,42.690362545037,51.4892922436629
2022-10-14,45.2645328955431,41.5721692579417,6.61126580607275,13.3948958952225,10.164935300037,42.9229126047746,52.3382780755167
2022-10-17,44.4602980247292,40.7925654134396,7.35772593438578,12.3569236626606,9.96355069063421,40.8552104905682,52.0394087123873
2022-10-18,44.3208384062592,40.5454816216248,7.39820617017085,12.6643940568559,9.83631062736523,40.028509540233,51.9619846107879
2022-10-19,45.4386788205232,41.1935505469954,8.19371249589012,13.4472082608092,9.58015224470028,40.5528610613696,52.8616526828302
2022-10-20,45.3666135633337,40.5365196681335,7.85295695018147,13.0613863527607,9.48314190143926,40.5996999907375,52.7902397202197
2022-10-21,46.0962334354285,40.631450226896,6.4890383231357,14.8996433194278,9.2417732786728,38.7608826958612,52.794054290728
2022-10-24,46.6401654136346,40.9258881140748,6.5362867217287,13.5261778631175,9.09900281729154,36.3681570274879,52.8486909587681
2022-10-25,46.0963626342505,43.4670921248919,7.16866666444535,14.1617525525865,8.73438538145157,41.0365926293387,54.0624542757909
2022-10-26,47.1391143282423,45.8133605892251,7.52861179115084,19.5207791811503,8.10292450347932,41.6408822089336,55.4501850353659
2022-10-27,46.6101690353927,46.7696039602414,9.62394023475285,19.8786116256115,7.89255913753747,42.1274385768191,55.6155923121235
2022-10-28,42.1513721763497,46.2156831472614,9.02658327744707,19.7135623100777,7.69274652301328,39.8330387720239,54.4080134998526
2022-10-31,41.168753118641,46.1505885613589,9.21524049835277,18.4710280362926,7.58946617757279,40.1535005440602,53.8759669981503
2022-11-01,40.5818396627386,44.1717051765935,7.83979277654383,17.3552431133245,7.43253656622986,39.7803381751555,53.5188997381663
2022-11-02,40.5344879562474,44.3067494735833,7.98988018442932,17.7612671287357,7.32754602722755,39.21964798336,53.0257515314183
2022-11-03,42.7889384031132,42.1186109074708,22.1750431566965,17.8581460201254,26.1823915778804,36.3628698549691,55.341193335278
2022-11-04,47.1870482802915,44.7610217064492,16.0981122526883,19.9468102039991,22.2385290275652,33.8915119247619,55.2208672409946
2022-11-07,46.8991349868148,42.1035900810707,15.6766056617156,18.4610024876193,21.4251458143861,32.7509252280626,54.2747603077055
2022-11-08,42.6424612369808,43.9927534316376,22.0479136401152,31.6156274098562,19.1887325344523,33.5655363155421,50.7016691771814
2022-11-09,42.3972805395421,44.2198273374923,17.1237411359287,38.6219458504037,18.0525910069019,23.3666882652374,51.4561890414848
2022-11-10,47.8125325185597,48.1952678523724,16.7074169810118,34.0248211452562,16.517777465826,28.6517084291998,56.8918823606951
2022-11-11,47.0231009994863,46.2488192059872,14.5444498322666,33.8132959989757,16.0660846890097,30.8671069186007,55.8166227848594
2022-11-14,45.8818661800788,45.7972328116579,14.372039729162,35.0453798309667,15.7543781428116,22.9926886961709,52.6526829213255
2022-11-15,45.794069478641,45.0913857711379,14.1430751416646,33.8034449307436,15.4871229112346,20.3419219867864,52.4303543254411
2022-11-16,45.7681174338505,44.3542313877741,14.1477173607582,31.2944147060803,15.1366436957274,20.142795000025,52.3157146510687
2022-11-17,45.6504046852597,44.2074324837032,13.3526576149277,31.2923319415621,14.9732406522705,20.0631508185595,52.3148511787113
2022-11-18,45.3829382953701,43.7264911714539,12.5726354022457,30.1410353478163,14.4484781313837,18.6676213860779,52.260211645467
2022-11-21,45.3767899875127,43.520589398596,12.5866043369826,30.3158547018066,14.4072086702637,16.7292796318159,52.2102181334211
2022-11-22,45.1569861994902,43.0804577165831,12.3317103205271,30.141535468813,14.1904061518513,16.8764119654166,52.1116966802462
2022-11-23,45.1438884735407,43.2505015946036,12.1816527543728,29.0540254239838,13.216035706986,17.4610231860021,52.3076924388304
2022-11-25,45.1365769197872,43.3200925494365,12.5081633651884,29.0109398642927,12.8690898100607,17.2292001491489,52.2041132793824
2022-11-28,44.6411040838246,43.2208867674916,12.7501932799068,29.4650469889044,12.6966437968146,15.2601180071011,50.786070529241
2022-11-29,44.3005511111405,43.1320756541717,12.9718417995769,29.1345954542637,12.5697314730485,14.5932693937603,49.7121768822277
2022-11-30,42.5597606530851,40.5443823944061,13.3313856366443,21.9564748754584,12.1572025962939,18.009450106387,49.7093869551443
2022-12-01,39.376989536324,39.5036197473631,9.71735101960003,22.6622527451645,11.6299909184757,18.8597649178362,48.0402576074652
2022-12-02,38.4264038475879,38.8834438642631,11.7047342149657,22.2096081192846,10.4845339516753,18.7860806529276,47.4783114566052
2022-12-05,38.4342343232137,38.4979507839136,11.6741341824604,22.1589835440779,10.467720181641,18.8218759362895,47.1678683937153
2022-12-06,38.025355521954,37.6535390632932,11.532197988429,21.6069463037217,10.3911330718442,17.5767193629918,47.0644582241353
2022-12-07,37.5841565644229,37.5602770071987,11.357702707316,22.4882664307301,10.3206414146653,16.9618172032641,46.4592058716601
2022-12-08,37.552856340961,38.1430546224515,11.7625506600065,22.5217724298116,10.1596009775318,16.8962100420598,46.5431605460939
2022-12-09,37.1243923024928,38.1396572103202,11.7831227606036,22.506477826902,10.1160051758131,16.8163806075129,46.3123918961691
2022-12-12,36.2136293096797,36.790779340295,11.1715062368102,23.0733005680099,9.95975707609252,14.8992425705516,45.5137300374805
2022-12-13,39.998816725748,40.0974667075046,11.4537835863229,22.1523077109922,9.6499001800789,20.3436611539548,48.7730188422378
2022-12-14,38.9309503839958,38.5430200071925,9.55557538706674,20.3085816106712,9.40573290227343,23.1257517803343,48.2679110518101
2022-12-15,43.5533517624577,40.9294569907858,7.63284059163775,20.0676497676988,20.0674940019827,30.3881449221985,51.3766362652998
2022-12-16,42.8675799236473,37.5754216772954,7.17284310614139,24.6231343397025,19.9933770576846,28.6980261250141,50.5021110228276
2022-12-19,42.2623430196213,37.5282928600588,7.19018460522109,24.506318526511,19.8937971316957,28.6090248396422,49.9895746033716
2022-12-20,43.6116925020455,37.942389550701,8.45186877381244,24.1857344962867,19.2627583363486,29.5397060473054,50.9950806749024
2022-12-21,43.0913390396025,37.3452367869202,8.76343957338773,24.2690045720528,18.9615160626629,27.9369155866449,49.8564104454471
2022-12-22,43.4504720961603,36.5570255762148,8.98456041565179,24.1468807038365,18.297221508265,29.1607488255186,49.419977356147
2022-12-23,43.5290594884285,35.2504218022623,8.53524342011013,23.5983994700613,18.1192488143483,28.0976563455925,49.2284521732364
2022-12-27,43.209502237818,35.098076577792,8.25755719736435,23.367320480815,18.0034255878017,27.7218907938618,49.0451189797514
2022-12-28,43.2550621071736,35.1179937955727,8.08562544389103,22.2967672634926,17.7694827654742,27.6030032233641,49.1204562081651
2022-12-29,43.7883203456889,35.2397450206893,8.96688053253797,22.7260463598289,17.4843028439383,27.540604279308,49.4842055756218
2022-12-30,43.6973567422301,35.3014792859956,9.08184322016093,22.637873439653,17.4459679374875,27.4409878708805,49.4490487105362
2023-01-03,43.4790438215408,34.4138195719598,9.16380655410238,21.5953266062173,17.2614886034525,25.4354106504637,49.0543851529778
2023-01-04,43.7344288622988,34.6809003503304,9.24735234951189,21.4856426275614,17.1581579482663,26.3243168433649,49.0505234209806
2023-01-05,44.3869240021071,34.2685094669786,7.56686853603058,21.6670685126075,16.4967881678649,27.6717272462429,49.1966270226101
2023-01-06,47.6284317794095,33.8175849783866,9.00752793907403,25.4735224554666,15.0537530035449,30.8149921588464,51.5897952534007
2023-01-09,46.8121383893566,34.5995307981618,11.255372494476,23.4527699135427,14.4666194436977,24.3678386568209,51.0219810156514
2023-01-10,45.7783149154043,30.5638316852726,10.3400907222011,22.8515834071061,14.1002886030441,27.0720235214561,48.8464624961759
2023-01-11,45.6219600564228,29.7952731268476,10.6551576412422,23.7495532404373,13.9685252849303,26.2784975860922,48.6694046912389
2023-01-12,47.5870545984791,34.6941661839219,11.5822212736623,22.4255158164684,13.2922560623686,30.4070285724111,51.1455891794777
2023-01-13,47.2746222963854,31.3958279327884,9.46323968630333,21.5585101652565,13.0833231180031,33.007748619765,49.2861645360741
2023-01-17,45.1270906832329,30.9640277302154,8.29610833410469,21.2992514332658,12.8708333976238,29.3885180854748,48.4930447198038
2023-01-18,45.323478959401,31.1142681178534,8.5225395188192,21.2797810692197,12.7015580456521,30.7814070482065,48.0230866724785
2023-01-19,45.7788668894786,31.8933560277083,9.56848594215226,21.3781010643371,12.4642011385326,30.1746778631706,48.4573095828557
2023-01-20,45.2182808826614,30.9354782044051,9.59758097628205,23.5317661297505,12.271371741777,29.6208237245567,47.5328904767598
2023-01-23,45.1720488405378,31.1212144472598,9.69284172398807,22.7122508247868,12.2101865728208,29.4694047580719,47.4839165941329
2023-01-24,45.071647571364,29.7731326800703,10.439801236687,20.3492616389969,12.0117367031464,28.9756106463299,47.4538645738537
2023-01-25,45.1320771532143,31.1969985411335,11.5245608302942,18.9301494841935,11.7972875744918,28.5260843697824,47.6589374836312
2023-01-26,45.1375792402778,30.2607034417482,11.5662732602873,16.5868804683425,11.5231961067237,26.9692163218578,47.6376426827024
2023-01-27,45.1665331185659,30.0543160904597,10.4479504098167,16.4100008794419,11.4802746961024,26.7846427898807,47.683310648252
2023-01-30,45.016991456886,29.280413360216,10.5182900523456,17.0629033141688,11.2791053122536,27.2212987105676,47.453804566821
2023-01-31,45.2277446124435,28.4095153656246,9.96545685777692,17.1058290276997,11.1689348151419,26.4561056337699,47.6578939321608
2023-02-01,42.5438583034594,30.6037388079673,7.89310102750679,16.892829967669,10.5699573370583,30.878944506152,46.5672449790794
2023-02-02,43.4125304095912,32.0218484074616,11.9508813750996,16.9021960483487,19.3889193700586,33.8763705342023,48.7088317509977
2023-02-03,45.0162822261444,31.2500677956615,16.0824038748099,21.6787980558364,16.6135559243171,28.7432959254426,48.3144794316849
2023-02-06,47.0106196310955,35.2163807236159,14.8295200957421,19.8534515523678,15.398808889571,34.6133587396217,50.6816865610565
2023-02-07,47.8402199805399,34.7076916735511,12.169773020633,20.3411346845529,14.731305178879,31.9554786614054,51.0637538507481
2023-02-08,47.5352464739015,35.311308538586,13.5719107265119,21.1179148417803,14.4232614505935,33.3532452354276,50.9194544609544
2023-02-09,47.4056051348873,35.7502771769306,14.5210389889215,21.9039755031155,13.8120503643677,35.6696012445277,49.3872499005595
2023-02-10,46.9812128520382,35.598692528997,14.0264375355812,21.1759584759311,13.7919043131872,34.2321788477491,48.7911396244453
2023-02-13,46.7953262748702,35.2225545743759,12.6370944917382,20.9427322432074,13.5294842482442,33.5867822098937,48.4546619663375
2023-02-14,46.7947854020282,34.9481216914804,11.2662260083328,20.6956212539414,13.2903194519686,31.5052466138804,48.6475374259785
2023-02-15,44.61791203745,27.667046105148,8.66899921515472,28.0885213880852,12.5879618093303,28.9444248527759,45.7197731623705
2023-02-16,43.4551513458131,30.2629665674807,14.3879518588342,28.7934569554025,11.7669472742739,34.1731456521726,44.6385092204568
2023-02-17,42.9589829882257,31.6788569493623,13.2779783916366,26.2589644516642,11.6939045886535,33.3697100325771,44.3907062585238
2023-02-21,42.884757567191,30.4138544170645,12.5784141540126,26.3141043769449,11.3261240157575,30.4639019221728,43.7679337674426
2023-02-22,42.550575810734,29.7297893373797,12.6090409359574,26.1309998496684,11.228787633585,29.5076766752451,43.3400376782926
2023-02-23,41.737008867614,28.2100108437725,12.8523501210935,25.7575159850028,11.1292291242081,28.2776457084721,42.375773857844
2023-02-24,41.0098367715382,30.6808261246856,14.8200438877519,25.6470919816857,10.7374839791408,28.7756832837926,42.5243280015811
2023-02-27,40.9459931379385,30.6470832287743,13.8049074078227,26.0721811892176,10.3765711834025,27.353665993707,42.1352075902736
2023-02-28,40.6495836433921,30.8635103922428,14.7827267546758,27.2315688887557,10.1693648998393,26.2896441243283,41.2801274159898
2023-03-01,40.4394949536345,30.6958008003966,12.7145228994144,25.9619778132958,9.87211648192631,25.7819440742835,41.1574066134703
2023-03-02,40.16409172388,28.8546502235552,13.0061242573343,26.0337133309439,9.37706732415332,22.7239959068466,39.9136766332157
2023-03-03,41.6241611513001,26.8947430598293,12.3828374012924,31.8809723913771,9.04474071158337,19.4848354192088,41.172392064226
2023-03-06,40.5984869176505,26.379755470277,12.3273173533914,26.9454685503362,8.94334713297847,19.5601175310006,40.7197442684886
2023-03-07,43.4956379813373,26.9257893566993,12.0867127600731,26.0842749116161,7.79640058091578,20.3254329964105,43.453215971181
2023-03-08,43.2694636955295,25.8577087466074,9.96654159329954,27.4160374158245,7.54165473503478,19.9955145754741,43.4823540973897
2023-03-09,42.8070471353583,31.3044920978869,15.6403390696333,28.4400461674388,6.78791415384922,25.1737701060976,42.1420415186642
2023-03-10,45.7259789950693,28.1790911629101,21.2904072361538,32.3953229345463,6.28116459512425,27.9964120202918,43.3963415449528
2023-03-13,46.5078712743568,17.9887955758741,22.7802858894577,28.6612633113354,5.95990461373195,22.7344996894137,43.786929105225
2023-03-14,47.0399247977251,22.4943141107812,24.116703087364,33.9676276675953,5.70684070663282,28.5233354800167,44.0295433696332
2023-03-15,40.8157600008282,25.9449196440106,20.8864975678588,35.5382638911481,5.21450890501495,28.2000172890571,35.1122296427592
2023-03-16,40.3322712769502,27.3746874635715,20.0684532132374,37.1909331189306,5.12511738547564,29.9880778049602,34.146503104307
2023-03-17,42.3214528525226,28.4852496917549,23.150516214267,32.1816479233186,4.69752789671352,27.0226758535139,36.0332795860389
2023-03-20,39.981249677419,27.3479879102747,21.5833038296797,32.1184397297963,4.48973624353063,22.8475771774276,36.690767787298
2023-03-21,39.2511186953406,27.1631623322802,20.7486039032191,33.88937439694,4.29827824642564,25.6342949222846,34.4854582252541
2023-03-22,38.9152117031549,21.9524008881803,21.8774561415963,31.0634969811255,4.03934350028073,26.5176829330031,33.8059891943918
2023-03-23,37.4824321599461,22.2063323521815,21.1654242417818,29.7006696349301,11.4202835897263,24.3959706599898,29.7207632204383
2023-03-24,38.4950238967078,23.3974412667175,21.6403207821665,29.75663542943,11.2895898320861,23.8275206216395,30.8867352710178
2023-03-27,38.8649396671653,23.2712722380008,22.2656185055278,29.6159083508288,11.2139776778281,24.7386519298934,30.9565965090295
2023-03-28,38.2632054061699,22.0376460239104,21.8259218146112,29.070161121876,11.0085213652734,24.3088719851327,31.4644883647427
2023-03-29,38.4214350538595,22.1954036602157,22.1175347185309,29.9380909162848,10.8206193070329,25.556737302897,31.3466635698112
2023-03-30,38.2321166651611,19.0008406777356,23.4257835821047,28.3617901586316,10.5652009569831,25.3265999391885,32.9257989476455
2023-03-31,37.8900418917568,16.3769799105788,21.9854819830936,25.2141870498097,10.2806181773534,24.8076029204799,33.4220954103228
2023-04-03,38.1820198027804,14.9195489250771,21.036210606697,23.3449588174167,10.1411964868946,24.5579872353152,32.5198891586091
2023-04-04,38.2576393778167,14.7304558296575,17.966630132697,23.6018982193191,9.62813379352252,24.0696587823927,32.8491814977211
2023-04-05,38.4784827241914,14.4196048702371,16.1559194214511,20.4084241196721,9.54739542655269,23.4441009084767,32.7041511118836
2023-04-06,38.2824247154733,14.3827592972789,16.8554229891146,19.9088743753726,9.49647885298627,23.5564533441288,31.7861951961279
2023-04-10,37.8511954169243,14.2130693473148,16.9832455350999,20.6969401550231,9.38919529101535,22.4942909007093,31.6551409829254
2023-04-11,38.1750762347852,17.4375158291625,17.1309638380894,22.8421367619753,8.9977533320281,22.1001429352561,32.781089578897
2023-04-12,37.2432605223499,17.1602816584079,17.6979237986251,22.4088572403144,8.90990094495401,22.7611573110254,32.070271731548
2023-04-13,36.1080785397523,17.6645382046843,17.9872048644754,23.6190255261231,8.57422040413902,16.5090825262041,33.5367678802249
2023-04-14,37.6482325621097,17.035685240255,18.125254009666,22.7910718915722,8.0561712580199,17.5736461584801,34.3046402407282
2023-04-17,38.1112078503505,17.5023927393245,17.315735144702,22.619233579912,7.79392881054674,17.1831259505509,34.914480280927
2023-04-18,38.7410724536495,18.5373353739791,18.1724940522464,23.7431590078378,7.63194841583981,16.4601264792029,36.4045184277763
2023-04-19,38.8328474586791,18.0516248231725,13.2286261050075,22.5362893779904,7.34428333097474,14.4184183631149,35.7854832862587
2023-04-20,39.051228403369,16.8081213845369,15.3381858529339,21.6085355778631,7.24953741891082,15.3710383377297,36.0986876277623
2023-04-21,39.196484927546,15.7243702842819,14.9157630096367,19.6929575169462,7.0707193049971,15.3516047148214,34.818124158396
2023-04-24,37.2406415002087,14.5674589838252,13.1207067152321,20.2763953696562,6.94543452663058,15.13726011995,33.6395503119156
2023-04-25,35.9198278685739,13.7797463760539,12.6713471179327,19.3862548078043,6.80279830518417,12.839207785674,31.7229594515304
2023-04-26,33.8885382090631,13.3685567233713,15.2076503460236,20.3890185993269,6.72310131871666,12.4033997639673,31.4277562623432
2023-04-27,32.6937761167704,15.5815944604798,18.7030346547148,19.6475674400155,6.58001033246869,17.9034969759679,30.8176032239788
2023-04-28,32.6710283161364,15.480250490181,16.051609370037,19.2120257216622,6.5593974483011,16.3158466184314,30.4921801196585
2023-05-01,32.6018041342876,15.7976381938336,15.8604256889782,18.9551680925025,6.53524656633258,16.4439301042088,30.0244907756986
2023-05-02,35.0752466458695,15.0148608387449,15.2019624651059,20.9355412735925,6.04418726258359,21.3871186073612,29.5703530531475
2023-05-03,35.2509685206159,14.9609250335716,16.8430175178223,20.7365046590152,5.98100386236673,22.3242135480214,30.968234051731
2023-05-04,35.4512726522546,13.4423410340041,17.0808717915793,26.2543323187881,14.8922450005423,24.3975145926816,30.6256003580325
2023-05-05,36.5134445465165,15.2390162059478,19.6699120285121,37.2250630564555,14.1574956593692,29.0942703734372,29.205717964845
2023-05-08,34.301613936416,17.5930165370414,18.5848890582919,32.8828872752249,13.770842664188,27.9043685766039,25.7588225994837
2023-05-09,32.8630902048463,17.453778807234,18.1853056044419,32.5161461134395,13.6657431317759,27.6594231982972,24.6985220179872
2023-05-10,32.8615906204496,17.329872469772,19.0478379689152,32.9999279288771,13.550321338901,27.6544716078437,24.8456124449607
2023-05-11,33.8155863691627,18.839524955048,17.4589196232973,32.5947831555403,13.3535161193499,27.2217665250832,25.4295470056507
2023-05-12,33.182524764063,18.9951615744026,14.6823679522723,32.3535542455362,13.1450057732924,27.1550774635246,22.8131890169445
2023-05-15,32.8198470481286,18.8593468835644,15.3601921440456,32.3364843009055,13.0190569417667,27.2529610964691,22.5115089242663
2023-05-16,29.3159108055905,18.1316222609841,11.5382279589056,27.6943445696704,11.9193875235254,28.2593662323563,20.8568806950809
2023-05-17,29.0425390964845,18.1648363602532,12.3333165509965,27.6190614156057,11.5896651310612,26.500030342973,21.0222519250478
2023-05-18,32.0037778857798,20.4110516193292,11.8948553977414,26.8855924230599,11.2348517988273,24.9556259355985,24.0796188541452
2023-05-19,31.8040978043658,19.8383932134741,11.655706002694,26.5712883269952,10.7478049791467,25.6834474255261,27.5990306462965
2023-05-22,32.2160849512729,19.1036110951024,11.7181633294847,25.7561330737512,10.5668386086027,25.456098168318,28.8339387889816
2023-05-23,31.440622839898,17.3869937954799,10.3043197653258,25.0708497800356,10.1955235686793,24.5483029421549,26.5605715374279
2023-05-24,30.7650404023089,21.2771298397321,9.79013132311071,27.6502682093503,9.87881238296854,24.8997358967389,27.9047279330798
2023-05-25,31.4718947016692,20.4731982187068,9.67431126253461,27.0351336394419,9.72935130413253,24.8781692964573,28.3457940185561
2023-05-26,31.0568306886474,20.6726623098324,8.97594510837945,28.3913984302271,9.56263739268978,24.3662336812292,28.4553442945715
2023-05-30,30.9560037144011,20.5624930229662,8.63939757408106,27.9682688877195,9.53710146966627,23.9261542923073,28.4103119360379
2023-05-31,30.6262595234056,19.6659168895372,8.52214412296382,26.5605047708938,9.47937259425746,23.8355874819696,28.1346176585384
2023-06-01,28.276104225953,16.4327474625296,8.11464320639515,24.1814886435173,8.93927618678903,18.4486800674218,27.4856593863503
2023-06-02,31.2526946366188,16.1661814383109,7.52921603716932,25.6950985821536,8.65501872442814,20.580040211383,26.9134385720227
2023-06-05,32.7336931694267,19.3253297970904,7.08299054273288,25.4203205389196,8.32815808891569,19.5407821724996,28.3319618499047
2023-06-06,32.3241714271096,17.5783326465525,9.68627999963105,20.65936575069,8.03117190233773,17.4447763835677,28.1130248306881
2023-06-07,33.3065300009014,18.4681998478052,11.6728712564406,19.6705370347654,7.96821282987874,16.8986127570374,27.1293133799888
2023-06-08,34.4439327373274,18.8167338795396,11.8494394609155,17.7531316168622,7.70547641023783,15.5003014022981,28.0890444794742
2023-06-09,34.7078421037749,18.9704863567061,11.6487344859535,17.6415453520342,7.68880454711293,15.1374113307392,27.9427794299861
2023-06-12,34.2922820494278,20.2942313649422,10.1459016785174,20.6951782747774,7.38125884028674,15.449962201932,28.4630447153331
2023-06-13,33.5127590172778,17.0760522913407,9.25050113581528,14.8568407198648,6.89392765580924,14.9666728265653,28.2270406272018
2023-06-14,33.1142467908442,15.5936255092271,10.4563494827448,14.4760749634681,6.71526080882358,15.2514822077051,27.7785804187094
2023-06-15,30.9784035949411,14.8428724305714,10.4649159921138,12.7595664541014,6.83157163335071,13.9416909409312,25.4197496369121
2023-06-16,30.669271477227,15.6634422028398,9.58122757555139,14.9333680189048,6.2370542281185,13.8713470216873,24.1199668621743
2023-06-20,30.0200737294092,9.49829073987978,9.43760541010938,12.210093338391,6.10115644054926,12.9347071227154,23.749109013419
2023-06-21,28.3503288870853,14.1230959150371,11.7999995739783,17.2177281909502,5.97483124027279,14.2159590426193,24.5157256362816
2023-06-22,29.4843944429735,14.6118281245902,11.5487245748275,16.9638501495227,5.85515332409887,14.7981424187364,25.7427931314731
2023-06-23,27.9554244339583,13.8573395806075,11.117933443261,16.9024940788221,5.75668696804682,14.4454010339433,23.1572723318879
2023-06-26,26.3840839071513,13.4671826696729,10.2692459669286,16.0427325778797,5.62279608258178,15.240706794341,22.1014913590178
2023-06-27,25.6345799297039,13.9281575199477,11.3309623183478,17.6466454032685,5.57368173224535,16.1325230236718,21.2833259901192
2023-06-28,25.4941109031836,13.9285893791224,9.44168523252911,16.8697873195089,5.51471829564567,14.7795486528623,21.4862827990161
2023-06-29,25.6380372526297,14.004326737688,9.83139455424934,16.7685332961152,5.50650598284954,14.805451182765,20.5957344671384
2023-06-30,24.5646898440371,13.8647669755108,10.6291277232959,18.993575637149,4.68812630382298,14.1991163518895,22.4443635334696
2023-07-03,25.1898615294851,14.0729624235533,10.250516061693,17.2872078778286,4.64940543955752,14.1430373020073,23.1234644408503
2023-07-05,25.2656159949324,12.5546886737456,10.6901801099487,17.0923546023818,4.57480831828258,14.2275005174665,23.6271498069464
2023-07-06,23.8100142433317,13.7693781133571,10.597032782359,16.2575093812087,4.43624666554113,14.4436407327042,22.3044405020115
2023-07-07,26.138075482243,16.0748338784043,9.89508455404368,16.7169574743772,4.24529332773758,14.7063231858642,25.5799307731872
2023-07-10,27.108752102145,15.3376852590466,9.78872913656268,16.7427700419567,4.15150668197562,14.5126591016857,26.4681893558413
2023-07-11,27.1371999205463,14.9673907433461,10.130191165643,14.4932196061918,4.13725152269041,13.7731584661346,26.3224157274777
2023-07-12,27.7478147724437,9.08326474489324,9.51497193126126,15.9037141836195,3.96369060567291,12.5745426481173,32.2679970270731
2023-07-13,26.1436899180003,11.1826480461029,8.88758608236342,18.8192061733579,4.10246921124962,12.7178274923156,32.5490675760053
2023-07-14,26.2684622083869,12.2520681499836,7.5845266891027,18.0363328655568,4.09196075130479,10.8397440024036,32.264146075387
2023-07-17,26.2296417086455,12.2072083901409,7.93001065073315,18.0142622147255,4.10720546579221,10.8046006321201,31.9508830793653
2023-07-18,23.8797701342739,9.93986862378558,7.29466701491989,16.0322396324247,3.92712162236342,10.8032471869709,29.586946422139
2023-07-19,24.0264935546248,9.20552620527779,7.51464670814506,15.9078598927055,3.8929604480361,10.8460094925088,29.3194247325115
2023-07-20,24.4583190018794,9.11689644070153,5.63686452144128,10.2128218213904,3.83818521515984,10.4214065735701,28.8113447473399
2023-07-21,24.4347791400127,8.87521281444565,6.26257452388182,11.2674189107469,3.80645451389924,11.1630367343742,28.7769240459507
2023-07-24,24.7250279677458,9.24147689351081,7.07193635181368,11.2204548196271,3.79918066581538,11.1990536218002,28.8042863135329
2023-07-25,24.6650995936846,8.61771512273092,8.19956182586363,11.248926550381,3.82551421925328,11.2087479376855,28.8389444604438
2023-07-26,24.9616798078003,9.05389740425065,8.15662709233875,10.670232041987,3.7943026822138,13.3545212824496,30.075964571679
2023-07-27,34.4703499574681,9.96264671430635,9.24629047122962,9.17494164456834,28.1381468226562,18.0847679757891,42.577133702055
2023-07-28,35.5329778193635,10.1279624149757,9.4524311316634,9.3076830639601,28.4166690928724,17.9176197745702,43.6818933530884
2023-07-31,35.0177331122781,9.98937508595926,10.1135898580164,9.56590153416232,28.2486856954263,17.2147773964275,43.6050128384064
2023-08-01,35.6491377001382,7.43374995785569,11.1863508596593,9.80194948197781,26.7041781674603,17.2538102252339,43.2302520218228
2023-08-02,35.5675379874018,10.2441278421228,11.5128215513039,9.07109183982019,25.547696328169,19.9382913811519,42.655149002921
2023-08-03,34.5342891290005,10.2972716856673,6.43653039957789,7.46963762305158,25.3247329999183,20.5916651436395,42.3651284164264
2023-08-04,33.9129099575615,10.0854288837856,7.33093653923167,7.29014525444529,24.5408413027667,17.7816007392751,40.3235797008919
2023-08-07,34.0820133033728,9.28983586899096,6.8642818350146,7.91899768910042,24.0334949805313,18.2870233922556,41.0153723822529
2023-08-08,34.7479313201677,11.1438547139,9.9808050033665,10.7089774894549,22.7124773978436,16.8389415960487,41.9851066428311
2023-08-09,34.1922940307345,11.3680500023372,9.7467401945473,10.7636003750604,22.5416090453403,16.7637094723829,41.0096468716274
2023-08-10,34.1978270908385,11.3504087319469,9.21728758918554,9.96970805830512,22.4620380313838,16.8044814824527,40.9669102234924
2023-08-11,33.9120646391604,10.8224151733082,8.50979222499667,9.18905332967422,22.0919357422429,14.0304902637364,39.3940830583985
2023-08-14,33.9804800983395,10.7021248155033,8.60013085008829,9.27119546839704,21.9149753624915,13.7797865260041,39.2971590791946
2023-08-15,33.532582191017,11.3548755162676,7.70664517750181,10.625275578998,21.3500305078296,15.3311647656072,38.1227987534147
2023-08-16,34.1125037856759,11.9501410076572,7.51027202846405,8.62319766063634,20.9546457811839,15.5565061255629,38.3282188344895
2023-08-17,34.3916909888629,15.6021196113788,4.6011350009978,12.5183326426952,20.4949409014616,19.7240165322497,37.0057322593944
2023-08-18,34.3513283499619,14.1604879824202,4.55455770662831,12.6086911851266,20.4612661268141,18.2673347869656,36.8427880697788
2023-08-21,34.3529362919398,14.2957505843095,4.61998736724543,12.6965106932189,20.4678755808479,18.29251578796,36.8620998688066
2023-08-22,33.9721039420958,13.9337844878488,4.78876430620581,12.5730371247394,20.2490199533435,18.1871559737207,36.5239731808361
2023-08-23,37.8287321076974,17.6198843809107,4.46260166638662,12.0021773129267,19.2871561942006,18.890128830709,38.0586282730687
2023-08-24,38.4381738193088,19.9128286090649,3.67035870235237,14.7176616997738,17.6310427989502,20.809890583495,39.4374463161224
2023-08-25,37.4902794898172,18.9168716746125,3.29443233750895,14.6504996385082,17.3122552887782,17.1584366351068,38.9888230484049
2023-08-28,36.9049295665437,18.7460006652144,3.34887743923364,14.5874136452055,17.1575657915598,15.9094360442379,38.7489126327568
2023-08-29,40.5516778260967,26.7696694762721,4.07964418687706,12.8587345882842,16.3808969345348,19.9733062672528,41.6758198293505
2023-08-30,40.1901625432904,22.7996978463312,5.41790614775654,12.2049942466102,16.3079802951465,19.9098612555153,41.1832956523
2023-08-31,40.6844408480484,24.2272818395582,5.57924388877794,11.0633066665548,15.5075316902308,16.0361582613797,41.6011668230503
2023-09-01,39.393698514714,23.8199580366568,5.58097942955431,11.3027195157596,15.0497300149307,14.0765377680059,39.2600596534449
2023-09-05,38.3709836842034,23.7630068526318,5.28242844679781,11.612632686092,14.6207919460935,14.9287018157007,39.1312991359482
2023-09-06,37.9416873701999,23.4770971532905,5.49683335184209,11.6713209293487,14.4836019658203,14.9255224821774,38.170751124751
2023-09-07,37.7337251413543,21.7515230412533,5.19633680777557,13.0481175471476,14.3982364639417,15.1110630932049,37.8048786754287
2023-09-08,37.6149408471082,21.2295663112469,6.37760712043874,13.0353891568906,14.3432368615089,15.1351135562071,37.7705956335134
2023-09-11,37.5588848701625,21.0733947040968,6.36573891528724,13.0213964138697,14.3537318413535,15.1125791145399,37.6880036606392
2023-09-12,37.2829154497899,19.8668233086847,5.97751518315415,13.7667032533594,13.9353077439442,15.0016330871403,37.4285964931283
2023-09-13,36.863353565913,19.0231815596227,5.99087670987886,13.9483253698642,13.8630886002931,15.4604112096519,37.0921814226714
2023-09-14,35.4957083199703,18.2236715211761,5.90695906021175,13.2322796893829,13.1771129109907,13.307910210908,32.6905308373753
2023-09-15,33.8031086658854,17.5576707570249,5.71617594330345,10.6501750637613,12.7542364314657,11.1948384081517,32.4563640251575
2023-09-18,32.576462755443,17.4289137401653,5.23338902625298,9.64635878954884,12.5975723496599,10.9059839847629,32.2847597992681
2023-09-19,32.2895770071823,16.4635629626478,5.32888109749031,10.083092040014,12.5232276282498,10.5980923834359,32.1100284449071
2023-09-20,31.1879314197754,16.1862055249618,4.80096452452911,10.496031032422,12.2867910593562,9.00121037621714,31.5573752831809
2023-09-21,38.4111434462149,23.9608099971761,10.8863915379577,14.0664341447768,10.5446939750197,17.497126480757,31.6498605248285
2023-09-22,36.6491383512785,24.039027701325,11.1186417907183,11.1636771944789,10.4396162965439,18.1859862209418,30.6323504046485
2023-09-25,35.7716751749539,23.606900006318,11.0167549549828,10.5824596142043,10.3341836342015,18.4185337835416,30.0952519398581
2023-09-26,38.5487355658714,22.9899851871735,12.706537726865,10.3898222155616,9.70565280742214,22.2255773380858,30.9289131046813
2023-09-27,37.5496445436943,21.4745194214131,10.9978636630217,17.7595969024316,8.91521395829948,16.6326048115752,33.2243920165831
2023-09-28,33.9569110825057,21.6819118747246,10.1675300097865,16.7512964019608,8.28146710395159,19.8021404390516,29.647563566835
2023-09-29,35.5250861972017,22.2216550109015,10.7052286377619,17.8028062379293,8.08790974878914,19.5693028423094,30.0072963458242
2023-10-02,34.7324143118107,18.9806938883408,10.5023222601318,17.7665952345137,8.0244239856871,18.473854937198,29.5008582963689
2023-10-03,35.5384902947405,19.1792519515737,12.3372470412264,18.3894052849814,7.72507543681741,17.6122696870042,30.1849493518755
2023-10-04,33.7655499262019,21.205198495287,13.9445464872492,18.4422717104314,7.59141372004062,21.0159666113828,29.8724618539517
2023-10-05,32.9222859170707,17.9638821335171,11.6950985954796,18.3765026506653,7.41491891742009,20.4724333035687,28.207658523262
2023-10-06,31.7824630745708,20.0454776585316,8.22601892163957,15.8371366586983,7.51051408854187,22.5536734107229,28.1951481799665
2023-10-09,31.8413336342686,19.353612195956,8.33779411584436,15.8470061601652,7.49245050500831,21.5635118511181,28.6330000272146
2023-10-10,32.0654113073703,16.7316508661471,7.78744352807548,16.2797939592108,7.60342867699079,20.416369735814,28.8062967089382
2023-10-11,30.836216537307,14.5690640583735,7.72513475080661,14.5570356894181,7.68741653952001,18.244753398954,28.400837685979
2023-10-12,31.1854900619477,13.8772800346147,7.21105021090944,15.6592805785586,6.76007861101991,18.4729812193545,29.1237090194124
2023-10-13,17.9759347620916,13.1273676821734,12.173580711091,10.5172506313937,5.67145322911614,13.5213540925477,24.3304669516931
2023-10-16,17.5251120430452,21.0063486137195,12.5368139185273,10.4710222674944,5.5435112386485,14.8961231459965,22.8777820374395
2023-10-17,15.3755620478415,18.6751116511522,12.8876965913679,9.94774376481965,5.45077306678406,11.8251083071509,22.8044922387217
2023-10-18,8.97878990068669,18.7077346452765,11.6613389314528,9.37993217203508,5.05795058574291,12.75484711025,19.0355454138645
2023-10-19,8.97609979351238,18.3524816019081,9.09542781416626,8.2762694528075,4.81008421993726,6.36997883772746,18.2597693627086
2023-10-20,9.25874082297765,17.0881896150332,8.5371844087358,14.0491045581917,4.79792118758716,5.53528791939303,16.9144123272119
2023-10-23,10.6433842709299,18.507963303135,6.85120958115078,13.813335158655,4.77872562176625,7.31841744706869,17.0307439071772
2023-10-24,8.06885977761117,15.7926394340396,6.86527841013521,12.5718313459642,4.03881874130088,8.71028414454842,15.0937608943061
2023-10-25,8.09636070106017,15.691074722536,7.19609386349407,13.7466723165765,4.03732514017798,8.10305170248961,15.1209558439165
2023-10-26,8.03438637967464,16.2264928024335,7.25310897842428,14.0510013595545,4.01615237550021,8.45166041248823,15.4517478465341
2023-10-27,8.04985020201795,16.4688476999831,7.34136003801867,14.2917497733298,3.96575744613266,8.89845669540746,15.1875494899988
2023-10-30,8.04428895873836,17.4629603422486,8.38486601773599,14.8954513706212,4.01147338704769,9.93605676010165,15.7064760688032
2023-10-31,9.0054269848205,17.2021204955287,8.52702200658456,15.5820591422396,3.64685950688935,11.6249067787536,17.8587616550452
2023-11-01,9.17841631983722,17.7494381758051,7.02321365060468,15.1359856134103,3.60641159466922,13.2887983651403,17.8449106473691
2023-11-02,9.26312254921264,16.3398500830478,7.21525980708671,14.7313174888929,3.42189090684056,10.0922505131377,17.77181813106
2023-11-03,8.83557663325814,15.2425909038367,5.39375374546487,11.7049969924583,3.393986085246,12.678464771223,15.1947351533978
2023-11-06,9.08579501249164,13.4949783373091,5.56622909765856,11.4402313131299,3.55248607467692,11.8350750236256,13.6075637899184
2023-11-07,10.4120277945008,13.6448994522803,6.29041353122355,11.9694727222648,2.79675368721932,11.4719556112672,16.5933430804393
2023-11-08,9.67542490884525,13.7011260834021,7.74252087456184,14.7975421560194,2.83657292438865,13.3638296348661,15.4957738156898
2023-11-09,10.851264120408,12.7067632044829,8.20392830525739,14.0761635665417,2.76531181616632,12.6254455912562,14.6038763616242
2023-11-10,12.4383016453736,11.8929689140348,9.73193220381075,12.3709510815362,2.66888036269849,14.3174617709813,13.4893952007836
2023-11-13,8.9311424602033,12.5073174475675,6.72466069082947,12.2726705599298,2.55203329304701,13.994668896672,13.2984768133559
2023-11-14,10.9575525464803,15.4831415911241,12.2989997800864,12.0742833720294,2.31777594412603,15.1268598904748,20.881416553758
2023-11-15,10.9833611211408,18.2095582840893,9.66958761916395,15.5139517302799,2.38407424563898,11.0761611686023,25.4252970455925
2023-11-16,12.8764983577653,24.6218521959933,12.2372938967191,15.6114765464074,2.60871374331605,9.94746563414053,28.4412779137854
2023-11-17,11.3874694987109,22.3443159497594,9.02702938339203,15.1340257475281,2.61230375799618,10.093006689535,27.13119643056
2023-11-20,11.2853768778038,22.3274347859119,10.276382916299,15.6699176359829,2.76567950820525,11.2625740099756,26.5751714575714
2023-11-21,11.3653635757436,21.1858919471542,10.5603615686505,15.3460710702812,2.67972327920278,10.6555174849972,24.0677881012914
2023-11-22,14.0910334983466,24.8089747243742,13.7105166304997,13.9428304690339,2.76799434944871,10.5498521370715,26.4394962557516
2023-11-24,14.5917423264228,24.5563355213353,13.6498352491971,10.5583662896526,2.7881269349262,10.4996667764903,26.2824684162432
2023-11-27,15.0541677286431,24.3291309398207,13.4249510629098,9.19987036623476,2.81826604531501,10.6040254906753,26.536132611677
2023-11-28,15.2733789913909,22.0272631344776,13.1599800997993,9.19552708588973,2.9514137431841,10.4643925685506,26.2179400751237
2023-11-29,15.2678120535711,21.1615496141922,13.3876331010685,9.79878188500477,3.00545033948255,10.5272973495877,26.3118730891419
2023-11-30,16.2306897007206,20.426142236239,13.7332413385421,10.5657904284467,2.91789236595233,10.2505309617615,26.0127195755377
2023-12-01,17.929989835685,16.7707507064669,9.84895894706754,11.5013305800538,3.0270008266573,8.97306468606333,27.0910747776834
2023-12-04,16.4863444860272,15.9313565119956,9.97730784033719,10.647570492735,3.17591006759287,8.51902277009196,26.9743872403376
2023-12-05,18.5791277097015,16.8431853063682,8.38149805156136,9.6605460804577,3.13610184245969,8.50420180574939,28.5082481405899
2023-12-06,18.2952465580212,16.2635686823432,6.71081283796763,8.7117174253571,3.20815211496469,8.26102514210789,28.5720929347571
2023-12-07,16.1445424153583,16.1229302415339,7.52901130384659,8.58655672694696,3.23779569520439,8.69682268025436,26.3828414924416
2023-12-08,19.1752695388704,18.0782192336835,6.07656215574068,8.20377304775988,3.01219994955406,9.00672782575629,28.4949074861276
2023-12-11,19.1295259358598,15.3483880636517,5.32968668766824,7.72267748848825,2.93318328949746,8.58297294050758,27.843522520146
2023-12-12,19.1396847708783,16.0787241844467,5.23982231980108,8.53377469981466,3.10059106033998,8.38812206367833,28.72610730414
2023-12-13,17.9857232429202,11.4165059802633,3.74174377638169,7.90432990041693,3.30427287186453,7.52145395437285,25.3446110491535
2023-12-14,21.6625504796192,12.1128462788064,6.27317891994284,8.69946813218562,3.45823844186287,7.05396479219491,27.2965278608887
2023-12-15,23.2517427345118,7.36324502337584,6.42209472694029,8.622874757538,2.97703245734196,5.77145117149232,27.0005697654972
2023-12-18,23.6469746834525,7.47376344048861,6.14108726515745,8.56601332254532,2.93017769673067,5.99588654811791,27.2152731640897
2023-12-19,24.0197953574001,7.1345060563954,6.37333313185016,6.69717036894714,2.9699507528379,6.0438585839876,27.9338602690818
2023-12-20,23.9388923685496,5.72744530218476,6.12789828296396,4.83434432984826,2.8949438732687,5.82545845814727,28.7911031158178
2023-12-21,22.5828720763036,5.55475855642902,5.32916566452659,5.1416853881486,3.06095835652374,6.65243043071498,27.6558008343209
2023-12-22,21.9539669739598,5.61988694412775,4.73348698293727,5.32915527212641,2.899994072393,7.91434982190125,26.5399682444466
2023-12-26,22.5805980632711,5.19445201202305,4.88608414140674,5.65572751765514,2.9502971434959,8.47090500010336,26.3757903772386
2023-12-27,24.1311344681978,5.62522164834221,4.78913669686902,6.89960451308893,2.98214527724948,10.7738477042235,27.252062540284
2023-12-28,26.1600732061678,5.61623722645375,4.65137704556025,9.08207720756815,2.88142912331112,11.4417467791824,27.8653746460463
2023-12-29,26.229219253492,5.759146275804,4.80667539529261,9.43019260010137,2.78833213570683,10.4905003719248,27.6694697049617
2024-01-02,25.7575194835778,5.58771626103735,5.3329712892274,9.18102735547182,2.78236661311087,11.6856672858365,28.6306241508232
2024-01-03,27.0408782269715,9.48174556383463,8.21840555120847,11.3911155155436,2.97965766665502,11.4969993192177,28.9720325236857
2024-01-04,26.4257023563733,9.89440913463157,9.90613286909706,10.1507545579633,2.89322947472798,13.268160805578,28.7818424853829
2024-01-05,25.9710350920745,9.38589715643005,9.64635673374409,10.8054699030941,3.14307270789505,11.7278271734822,28.6237497711321
2024-01-08,25.9477919892385,9.93513478293386,10.3000388071768,10.5635720088722,3.12783795402347,11.5936598603815,28.712521795669
2024-01-09,25.4406292755796,10.6733031102778,11.7655602989313,8.55237260899225,3.06317139661657,10.4256309811895,29.7407174807658
2024-01-10,23.9341048640775,10.858631425612,12.3108598944816,8.25376064716421,3.08223879861719,10.0627268082168,26.9583673729998
2024-01-11,22.8549479296463,10.5451691817748,12.3554508161941,7.67872370824469,3.22782151367194,11.7033516616092,26.7595646847593
2024-01-12,19.380411759402,8.10778100264106,9.67615481245846,7.15423098351186,3.16327269675307,11.6190344257638,23.792506474102
2024-01-16,22.7121129305709,7.7787980347546,12.2227111239322,10.6176707737604,3.26215068165436,11.1545483315156,24.080535376911
2024-01-17,17.7682730431262,7.27701727740651,10.5909956472734,9.95152170387681,3.26385070594127,10.7916099834247,21.0249110308182
2024-01-18,16.6708347393781,7.45010316037809,10.3900024463855,9.02471840670574,3.16213781321351,10.0226635888715,20.5233305865389
2024-01-19,16.0679547355256,6.974323366419,10.8624327254596,9.48428588950085,3.31212007893864,11.6832920107611,20.8667903445709
2024-01-22,16.69336112212,6.24988109423701,11.3462430332059,8.89492799664106,3.38333591560508,12.2597791787985,21.1131261040638
2024-01-23,15.9303790756077,5.15413230774002,10.7516023047817,11.0078858722252,3.68632754653918,11.4122475384347,21.6255840561384
2024-01-24,13.7539841718008,5.4672365043347,10.1776117541325,11.4683354798277,3.2159881807069,9.96600994936906,14.912408831137
2024-01-25,13.204651530978,5.41684756464999,10.2394025861538,11.5157308054508,3.2263055190479,10.2297175876734,15.0439885026675
2024-01-26,13.0739624696521,6.73777790637236,10.2656818096528,11.4756255513103,3.3082390813312,9.89978765348277,15.6590462910661
2024-01-29,12.9091639163186,6.69750693401421,10.242825019444,11.2230524092103,3.26732636341645,9.34526609061661,15.0013306355212
2024-01-30,13.6884771977001,7.27070017786029,11.0808873868725,11.1227248348345,3.53514883038346,9.31790325155647,15.7266360109867
2024-01-31,12.420725597798,8.04135939243469,10.8280546438133,7.91883437268278,3.65701864529616,7.10952095528602,14.9725313750621
2024-02-01,12.3081495939173,8.36462242044637,10.9814627706049,7.68198675201901,3.80232626602306,6.92260959676824,15.2704292448797
2024-02-02,15.5573892748219,8.00807613974003,12.4491271542018,6.04024633648825,3.52809109854039,5.76192285102708,16.3241500970124
2024-02-05,17.4868943988125,8.26294494488651,11.5806040794717,6.81896233066038,3.47407333533058,5.14104099880181,17.2947705048877
2024-02-06,17.2947626911734,8.04016774659175,9.47206332682264,6.94871442860002,3.600189396165,4.96602452203109,19.0562851713241
2024-02-07,17.4245750361724,7.40039041187594,9.87559562596649,5.91260619002088,3.47982750469075,5.49540106574384,18.8905590821246
2024-02-08,17.585705306157,7.86799519874962,10.5166970706118,5.89384648404009,3.72883088532385,5.64550717789183,19.2347160136053
2024-02-09,17.2360714399818,9.27122903710196,10.4330319645713,8.58523080994105,3.66491869899209,5.64045586913743,18.7635356618357
2024-02-12,16.9629009222455,10.5336103379024,8.29950755352261,8.64920579200822,3.64699715516932,5.17947752066058,19.3125661919716
2024-02-13,23.7525335915359,7.95680857455109,11.343807885185,6.79605915400155,4.08649783736386,8.77938197651646,24.942003925321
2024-02-14,22.9227058049964,10.255522055915,12.7936022197803,11.0806161823537,4.96765009264724,6.53412033203996,27.0379523260088
2024-02-15,24.3068321947075,9.96608861837232,11.0844605491336,13.4270471628345,5.14660944886358,8.34504242160922,28.8069511524129
2024-02-16,24.314343083154,9.87013535948647,11.223902226514,13.2287101055391,5.3989500484705,7.67507904461477,28.5873003303414
2024-02-20,23.0681268026479,9.14686571706112,11.219802153985,12.6085793978001,5.5094807098263,6.88633855455002,27.4054635772238
2024-02-21,22.1854100026903,8.40754520389218,10.2443642357481,12.5616627939907,5.62856360984207,6.73647600420343,26.8304278638712
2024-02-22,22.1582521073736,7.74006461791326,11.3667674702712,13.5251597453741,6.1742632050865,8.26879607186625,27.1485356171224
2024-02-23,22.9687080629304,8.86702571974531,7.731238337193,13.2209131201532,6.25002289141072,9.3459863200554,27.9469906669499
2024-02-26,22.1164087659717,9.87150597476731,8.27809815870566,14.295712991686,6.44434713185037,9.12289297270468,26.2442832494074
2024-02-27,21.3847131344783,6.42392267970449,6.95043910335306,11.4654942335756,6.1139015709356,8.89699598906805,26.1592051797633
2024-02-28,22.4026494193513,4.60067241539786,6.98391040821223,10.723728164653,6.18912357725763,9.84890524867919,26.9194670091926
2024-02-29,23.8402618218023,5.75860118348012,7.2122392950983,13.5108001427381,6.33343093067496,10.9978070017877,26.1046806702026
2024-03-01,25.2084035794454,4.55866310936232,8.38879392655143,14.4491594204366,6.33463791714402,11.3530304768085,28.4206103531724
2024-03-04,25.1608158046524,4.65328459528182,8.55541339844157,14.5666213816377,6.29563257927788,9.26929319977416,29.4610927837484
2024-03-05,25.1532089417301,5.73623102880358,7.82505940017175,14.3167885420253,6.70188918376219,7.88162981668253,30.2918046665073
2024-03-06,25.5155143690234,6.61836133294409,9.20884993001103,15.4939988458159,6.93352665323276,6.96102227640588,31.7860907531977
2024-03-07,24.2219270528803,6.79824506026637,9.54125824355489,9.94443714970696,7.07712668637585,7.27216888086732,28.5759234206017
2024-03-08,23.3964000290293,6.58347781570443,8.72496093537371,10.4922867117493,7.07193577692645,6.73863901639835,27.6949231770262
2024-03-11,23.1322147237127,6.64887394602072,8.48221172425066,10.553196552385,7.17917590589869,6.57039429835655,27.5638240150728
2024-03-12,20.4451015822931,7.44507850621405,9.60896719621839,9.76191555547908,7.92690531554892,7.24892363448611,25.6159341585823
2024-03-13,23.244985713662,7.61309902168522,8.91768714522072,12.9295926023244,8.19582326637814,6.82817832600207,26.7319389891538
2024-03-14,25.1665937725987,9.45915573502084,7.90729356940534,11.2947866646899,8.07292845260684,6.42449272336713,30.0057383188254
2024-03-15,24.8354140107717,9.72733239819494,8.01566106983555,10.7671728753387,8.14983935447103,6.50127567099032,30.0095619916179
2024-03-18,25.2263024697509,9.98072592863332,7.80217147813288,10.5033765159557,7.64550589305649,6.45656124676557,30.4091970316312
2024-03-19,25.7689577970291,12.1591513308151,8.07335981506581,11.5507313624087,7.62233390739655,6.71814855794105,31.3997761937269
2024-03-20,24.6882647677433,14.9270668267798,9.62558947965719,11.5938003545985,8.04187228936724,6.85936428922488,33.1458582606736
2024-03-21,15.1346045401679,16.2651284242932,9.09359798707362,10.1430012119666,8.01211019042691,4.64546018636176,29.4198774588173
2024-03-22,18.6704221966869,18.5887024900726,9.30011806596885,9.7477742795015,8.01862924373369,5.22272507217738,31.4229395300686
2024-03-25,20.2267985594481,12.3643043018094,9.28065768234006,9.49306992249296,7.96353464596484,5.0493530800052,29.5419490906498
2024-03-26,19.7753198742553,11.863441490588,9.45314488072779,6.67280568137605,7.92497466074806,5.10692661904356,29.3403758808624
2024-03-27,19.9570210260938,11.4165965950081,9.69763435618946,7.28558352314153,8.18872936956391,4.6440387101981,29.0192577797449
2024-03-28,15.8659653084809,11.1983665596214,9.33819835785544,6.15058007965024,8.40310428406327,5.06088611133792,27.2863342875022
2024-04-01,14.4428792745954,11.6597131839384,9.68850025733551,4.99903700405601,8.20489230197904,7.43017131482658,25.4649721850462
2024-04-02,15.075147044524,10.1469651080059,11.5760218358068,4.73088333418057,8.98541764668926,8.78645777694457,24.1831107929621
2024-04-03,20.5681841832501,10.2688597388282,12.1608549486965,4.81826041036313,8.45534917359607,6.70637886397089,30.2807297001485
2024-04-04,25.1700491101269,10.2767058860536,17.4574665804637,5.75593381141878,8.35834534488021,4.03840890891881,33.2250721130785
2024-04-05,28.6070773110061,10.918092927457,20.6299379687611,5.2790140833261,8.77333335386856,4.59999946524631,33.655609689076
2024-04-08,27.7588993903279,11.0517671805452,20.7781085987875,5.54966388026643,10.1567509974454,2.58142468238057,25.5536243569109
2024-04-09,26.9990132978853,11.550886140833,21.7984894685572,5.55875070427513,10.5783098884237,4.1034571978589,26.4563203032373
2024-04-10,25.8754280194,9.68390135938513,15.5262346119619,6.73131872121383,10.4463243135201,6.12413903682966,24.7182376815377
2024-04-11,26.2905588656828,9.08425107781815,12.4104625147762,6.81424921890337,11.0361939489667,6.35341710072488,25.495624594165
2024-04-12,25.2502970895253,13.6320667173869,14.9083166797635,6.34966488765568,14.0065768984946,12.3577756646132,30.4081698976782
2024-04-15,23.7169774946931,18.7383991773098,15.8849206304344,8.40680130314744,16.9749671896779,21.4535281170051,33.3574537735426
2024-04-16,22.9697211808398,18.2309862556627,13.1039462225898,8.55415241530417,15.8120156067249,21.3068685405762,33.0546197934538
2024-04-17,18.4458797931847,14.5287857871742,12.5462339530217,8.00917023984243,15.2701906199731,20.3391052466608,29.7153932164214
2024-04-18,17.0309949871991,12.7639730375046,12.1087859132478,7.00110146223589,14.7998630862802,19.9458253252547,27.4094740906515
2024-04-19,16.0391220298751,12.5766158736363,11.6325295717122,7.29517899206253,14.978938769885,18.5085766984079,26.8266370865588
2024-04-22,17.3056749583611,14.0707818580715,13.1581575199424,7.42182336431002,18.7311135247852,19.5845852970737,25.5533407001925
2024-04-23,15.0978381920795,14.1719581169398,14.8787439991365,8.90317018824599,20.5646462374852,22.0595964855133,26.5430490777093
2024-04-24,15.3456830792404,14.121576629602,14.4966132070085,8.7631924332594,21.0391915161679,22.0768435112558,26.9061610646622
2024-04-25,15.3033751346189,14.5051574311494,15.2455967437222,9.09910537363694,21.8206194014151,23.2001379896084,27.9045175483549
2024-04-26,14.8658779674826,14.1385110542811,15.1894824085601,8.53266026115923,22.2627023414875,22.0702771239118,26.3117352795311
2024-04-29,14.7519288430245,14.095417056593,15.1111263752543,8.46230124226431,22.1927632635111,20.6076352691094,25.281527411153
2024-04-30,23.8400301958861,21.2794267279249,14.533485115539,10.6064392677467,22.8525385416033,22.4898460987928,31.334921401509
2024-05-01,23.3853632352161,18.1949025734698,13.7473365915497,10.5282277743146,22.3377118578202,21.4043514121399,29.8868344034745
2024-05-02,22.4015741158888,18.2123573425822,11.86506454365,8.55781101051726,23.2316857954076,21.1986490370061,29.8277521707145
2024-05-03,21.0235011379486,21.3694200716161,14.1058058942465,10.13039825824,26.2043783767609,23.7355277023768,29.9994740318729
2024-05-06,20.3973279980174,21.3591756862754,13.7786980586319,9.38984304391905,26.9074528462926,23.7906353375121,29.1231123367649
2024-05-07,21.1104201811738,21.2640386338027,12.627337001667,9.12235773083481,26.675278547431,21.359679064074,28.5589260870971
2024-05-08,21.0798167667334,21.5406781929949,12.9480570086871,9.70271375072194,25.253003338118,20.5770107020271,28.6367896917538
2024-05-09,22.4042992017132,22.5559173581076,12.9948030699803,8.84923477562647,24.8872333975566,20.8759936895569,29.9776554543451
2024-05-10,20.9720962908563,23.0478298105716,15.2141143736239,12.3439390834543,24.2026064878571,19.6146629469736,29.1262876740689
2024-05-13,16.6116793360209,22.5388864842552,13.3629578635073,12.6284153736763,23.6358433935464,19.4179139434839,28.1392672526978
2024-05-14,17.135270092274,21.7920746450202,13.5088039569763,12.4245406746491,23.3732381719776,19.5452931025891,28.3507510571466
2024-05-15,23.7561357547838,27.9330878494615,14.3071821117507,11.1143532125813,24.6565234235722,24.035095978413,34.9623591176001
2024-05-16,22.9326605569644,28.3225412589803,14.5713468075817,10.2125489891227,25.362614155742,22.7654925132305,35.0826666587731
2024-05-17,26.0449704012243,29.4637137355089,13.2743324598568,9.59851657229524,24.4896823440213,22.8373128077605,34.3597005190192
2024-05-20,26.0546128566035,29.1863833690837,13.4368813287989,9.61944897732603,24.480082997968,22.8350447355931,34.0128174688801
2024-05-21,21.0413100854959,28.1842974416507,8.95167912500995,9.13371805194209,24.6590721277501,22.1842806457764,33.4343275431201
2024-05-22,25.1056049470162,29.2703431774332,10.1418589715238,8.37106344776824,24.6789516312466,22.7112685337612,35.452412042226
2024-05-23,24.4640982536378,29.8233450949283,9.29934626801946,8.03109360102733,25.475081830787,23.7131528595758,34.8561291185324
2024-05-24,25.5553396833433,30.7891077618161,10.7762021073544,8.40880867944223,25.7674614541436,24.9377024819334,36.3182261158225
2024-05-28,25.9146890534193,31.392019036605,13.4458067011674,8.27257456725383,25.5967928244799,24.3677169225085,32.9144817360029
2024-05-29,27.4689034773209,30.840790536308,13.7867060982153,9.25681364978407,28.2416719939612,28.213154148304,36.1344251847676
2024-05-30,26.8691122690385,31.1217523266253,14.0513849592408,9.12510845328791,28.102444448114,26.6669291627444,34.148714627975
2024-05-31,25.0311661160637,29.3875065714771,13.4696843735211,9.38439660687449,32.6336825578552,19.0275320304435,32.552137021393
2024-06-03,23.517917091883,27.9857294821227,13.5104169071231,8.56920988895958,32.3540204187004,18.5334258882421,31.8056343280317
2024-06-04,23.5304845425248,25.6267019689521,13.766032688789,9.53157349508913,32.391386565679,18.3942907552484,31.7976434856077
2024-06-05,21.2500028258971,25.8695942877961,13.0265509762042,10.610650274946,32.1346923796676,18.6681390619582,31.2916936873724
2024-06-06,21.758383796041,25.6713891613783,13.9911543106355,11.909232547502,31.34336527805,18.74505579872,31.0731811616702
2024-06-07,29.0550097133014,29.2059372474366,15.9509837933496,13.8271497843122,30.2559748393167,9.46759791654031,37.1750965884693
2024-06-10,34.6486848622215,27.8706842348491,19.0350959422957,14.3683370136653,31.0906945534332,11.3176850416335,40.8132716767577
2024-06-11,33.0852923811009,28.5018060125419,18.8029044156345,15.7130483731515,31.4261459543107,12.0568276446822,40.2866094992403
2024-06-12,34.936353235404,28.5848511218281,19.9424218851647,16.088139157602,32.442904191867,13.6279945827436,42.3860768561769
2024-06-13,38.3270566066615,32.3762275535002,17.7355853879779,19.6300336754807,31.8272034609954,10.4798169608189,44.1463419991438
2024-06-14,31.9445537220641,32.6491019800999,19.0286581012719,20.7035542785274,33.5825972792441,13.5185764538083,42.496506712027
2024-06-17,30.0879928306995,32.0626953189368,18.8284103134891,20.2779847296098,33.1804962502863,13.2454735155333,40.7277306285918
2024-06-18,29.493052816989,31.6480437556528,19.2801875216187,22.5016796183297,33.2690527386853,12.4200432182564,39.3917037823919
2024-06-20,28.8998482668848,31.210645781517,17.6844989186427,22.0251042466309,34.059734163247,13.4484244961698,38.967399705128
2024-06-21,28.6254223311907,31.5380357081506,17.0605668275096,21.3445785206741,33.9640845085431,12.6995030446939,38.5949476053413
2024-06-24,29.8293250530154,33.2436674473644,14.1211154783008,21.7706569148365,33.8585649832295,12.8430851067296,38.8746944267074
2024-06-25,29.6411310223822,32.1052417020496,14.265165168801,19.90198203778,34.3071734671006,12.0092701901399,38.5104178491827
2024-06-26,30.374626256965,32.8426258109341,10.2433510991288,19.329452099229,33.7447951812301,10.2008980854629,38.3107062832148
2024-06-27,31.5395874724473,33.140923158807,10.5135434564532,17.3607040347969,33.2193260764579,10.1300027207757,39.1501057273607
2024-06-28,31.5719835083345,31.885070939905,9.56678464319899,17.0556554647841,32.8009344840647,9.96168012430578,38.4114457420088
2024-07-01,31.3520408286387,32.151453797737,9.56408618699974,18.1948328637715,32.4033332857984,10.2708982438513,38.4852607785143
2024-07-02,30.3341478793693,30.8732872767811,9.51816971887172,17.8053212350816,32.2405823414967,11.0446093319541,37.8770105781377
2024-07-03,28.6406271030356,28.0955417401752,9.46997834902063,18.4297360313528,32.1055136884626,10.8667411416413,36.4172594744765
2024-07-05,29.1219417704,27.80510182212,10.0753540324548,19.7043809051053,32.8475432329365,11.6630717028941,35.7671147225863
2024-07-08,29.5132289557363,26.2496836390797,10.1317270782516,19.6714251811245,32.7573885742667,10.9918381831892,36.3553758539518
2024-07-09,29.3603770790034,25.762571263395,9.63871687260864,19.5217254448984,32.8421990704118,11.0294824105596,36.3353057321824
2024-07-10,29.3210307437971,25.5537045259802,9.57851171068284,19.9059390241641,32.9720886422837,11.3846637295734,36.1569222742822
2024-07-11,30.7607855740082,22.7477740874896,9.21982594613008,18.854205421617,32.7347621905829,10.4291635070152,36.57340363824
2024-07-12,29.2794173107662,22.9002283195534,9.86387299048356,19.3695450549613,35.1635436594473,12.7577162504852,35.9814825143376
2024-07-15,28.2449025138758,23.4361425937404,9.80140845221993,21.762945190256,34.4325498929101,6.63682584506285,35.4226276216979
2024-07-16,27.7846061096624,19.6464562400625,9.61622051621006,16.5001217101996,35.0105673562341,7.12252812518474,32.9433298532827
2024-07-17,22.280094082925,19.1491986788693,9.54874977504528,16.3654661466409,37.2181281994167,3.68028195480453,21.3747931380407
2024-07-18,21.0638071350999,19.158255043902,12.8416621074102,21.2589098616948,41.9076078105222,11.0875940271237,24.481485304976
2024-07-19,19.9279462033297,10.0897967789383,10.9101735370786,16.888284606011,39.7035145505948,11.4910673645694,25.1200123231603
2024-07-22,18.7635094981988,10.157241487463,12.8913971450723,16.4146174662033,45.1491651843779,12.5462576677318,23.7544322479016
2024-07-23,16.8959204514905,10.362766615323,11.3490477270519,16.2124985344047,45.3462556491926,12.3688352300878,23.3873345686443
2024-07-24,16.9716604604875,9.84926165194028,13.5785233985143,10.5947294088397,58.5688510178931,5.55779163749376,22.0459208222766
2024-07-25,17.5532440591109,10.0922964562554,14.4650308605425,10.8719230505422,50.6653355055362,5.31657739927445,20.2252654156698
2024-07-26,17.2056822267045,14.9250311430521,17.0110479601732,16.2676359057312,46.9194567717374,8.22422276411372,20.7044451319442
2024-07-29,16.2676484721831,14.7515813782092,16.6814153125515,15.0243282885816,44.752447736677,8.15212097699003,20.5653343670816
2024-07-30,14.5285357817034,16.5070964720697,16.2569346921035,17.2815422330964,42.2259975351113,10.4111507826259,20.2288235104081
2024-07-31,14.9939034737549,9.79360621282441,18.3148681833866,17.5175570988536,37.5615978078157,10.341830047137,23.0161277295454
2024-08-01,13.6457624036836,9.04542909839588,20.7668556780498,14.3069021020287,38.5587947356647,11.8959729385995,24.0279445888857
2024-08-02,8.48451257140681,23.1877943074728,25.5216022811891,11.046977259475,48.5945592560499,26.7361366961739,20.7224255042522
2024-08-05,9.37080732555593,39.1017943107279,59.3216613193703,26.6742387017359,89.024773142538,44.0186470423269,34.2314999337208
2024-08-06,10.2735533350935,31.9472641808223,51.6552539610947,27.2312772033807,70.565606452011,41.7975291339535,33.8881498271582
2024-08-07,10.1268617767889,32.0804499551946,48.9400663864285,26.1492774882791,68.2524432613708,40.9485100680554,33.7956075110132
2024-08-08,13.1151200652248,27.5827626703143,47.5439525831199,19.5319368353894,68.8696965441331,42.1562700857948,30.2758101189556
2024-08-09,12.9916794921613,26.0411907757903,46.1933613131898,19.3017151478364,69.1162725265709,40.8933991804029,28.7028851955201
2024-08-12,12.7956773095574,25.7194578873375,45.7745309552132,19.2409874058014,68.8145323855824,40.7391347348761,28.7466105583
2024-08-13,12.350664369172,24.0089491310246,43.9974419090368,18.8075819387087,67.5431358712017,36.7815899434522,25.9852987833229
2024-08-14,13.4520179767634,22.8324879083901,43.7568258319381,18.7552427826926,66.9898380866017,35.6508923740385,25.7583702775235
2024-08-15,12.0054838641278,21.2809261851917,43.7570465722293,17.6867350492148,67.045595935288,35.4538534820283,24.6784365773396
2024-08-16,14.9665811865243,21.347722677357,43.6657259013914,17.6803867890357,66.882739272116,34.7052916303996,23.441155453096
2024-08-19,15.7109023723738,21.009192052157,43.3648790185913,17.5748727744791,66.5740556528354,34.2901307277108,24.0743963013565
2024-08-20,15.729600065783,21.5384797845006,42.0691567094885,18.2777912103675,66.2735040976694,34.5616040571443,25.0892616207225
2024-08-21,14.6076450790168,22.0135679470217,42.4369331579894,18.9457275927046,66.1407549639014,33.4535330574245,23.3758388455196
2024-08-22,16.1368053958874,21.8393316441506,42.0165769700641,18.2094561105032,66.0438685091186,32.2592135057636,23.2778792720771
2024-08-23,21.8004631566386,25.8315015668607,41.9091636079386,20.2529707885453,65.6571353073821,30.6993172929298,21.2085555152648
2024-08-26,22.8078836592051,24.7828381492317,41.2806525966218,19.2577475615244,65.3975955278881,29.7909191726824,20.9945986431579
2024-08-27,22.5931969775382,21.155399269841,39.6643384050817,14.6835852950458,64.608715286098,27.3878915885561,20.4921215697782
2024-08-28,23.3017527270742,21.0061035725881,39.0191398994667,15.4388801652038,64.1971299656526,25.8463138812639,21.2738351305716
2024-08-29,23.2537841947365,21.1625762617637,39.3203312073175,15.2023510149559,64.4866995635947,26.2888102763751,20.536725076734
2024-08-30,23.0900069364621,20.9169207528892,39.3273196805119,15.2646026236417,64.640946172414,26.1945625956283,21.9210701344259
2024-09-03,25.5014076518898,22.7548438393368,41.1421449299517,17.5371836392144,67.1460425781092,26.4497239305513,21.3761192044351
2024-09-04,25.7126425150602,22.6252352675018,40.578828050669,17.0507393443428,66.7266126981025,26.1118488138105,20.7813119869333
2024-09-05,25.0337841334162,20.3202878185002,40.2395920002686,17.1651697344158,65.8822229755228,25.3930040662541,20.8374404948616
2024-09-06,26.8224377844472,23.5570169913682,39.2135573258833,22.7544653226814,65.0492977392101,26.0579018168418,21.1491967342778
2024-09-09,25.268236746081,24.5781665097287,39.3863210185579,23.7245285398574,65.5472819618075,28.1402129909756,21.1772542033246
2024-09-10,25.7952607185478,24.1156416227006,39.9860396031778,22.288801213941,65.3751674025484,27.6074989257972,20.8603155490707
2024-09-11,25.686713712988,23.1500371566844,39.7782377750036,20.7382581889305,65.3479533708811,27.5240921626592,20.7924776361005
2024-09-12,27.4975514717797,23.7702100656042,40.1028139082958,20.7634227865321,65.3841655222284,27.6461172467877,21.9366451844981
2024-09-13,28.9218625296876,25.9019541396552,40.6641694121163,21.522192316401,65.5958285872867,27.917960115824,22.4433693268651
2024-09-16,28.289642969652,24.6447873079509,40.7159676577919,22.0413279795397,65.5143210009107,27.7456253264289,22.7435288857328
2024-09-17,27.2333858044905,23.6602634673698,40.3757330942694,22.1137884080361,65.3156083846778,27.3093407081119,23.4792639219945
2024-09-18,27.5066558574981,23.0377817979246,40.5566426940545,21.3602890722494,65.1801723236297,26.814949742731,23.4029429120726
2024-09-19,30.6231088063791,25.4677676587604,33.2232512999479,27.7754672714978,13.5156341008181,29.271683599443,59.0135686888754
2024-09-20,34.0507302245206,24.896305943522,47.3901834796106,39.7628492774655,11.8712107170408,27.6626723977838,29.8758072037737
2024-09-23,33.9461625887152,24.0887561890249,46.7460314338347,39.6038730367769,11.755298576923,27.8557285255884,29.0672846478126
2024-09-24,34.4067218794426,24.5000838848769,46.7747576486101,39.4836269968067,11.3107001307095,27.853244532771,28.2880536542948
2024-09-25,33.4899620812441,26.1849443515006,43.7894347620643,36.4637881831145,10.3885374578426,26.5077997482254,26.7444573652126
2024-09-26,33.2075496784075,27.2586572794303,40.2576778076971,35.9209076233981,9.63841133445125,25.7333921592214,27.8050636265766
2024-09-27,31.3547134988824,26.4056769455448,40.326839790569,33.7524973974499,9.57418626580465,23.7058478108986,27.2293389624239
2024-09-30,30.365005443331,26.4414769752303,40.2310262548236,33.8097928561028,9.51038163897742,23.3972585718198,26.279075040548
2024-10-01,23.4485751174873,22.1385070255565,34.3751930618121,35.1067780684456,8.95163739622901,22.231382992999,22.889585877308
2024-10-02,25.1293160911363,21.5777355873269,33.5594988572147,35.3940077389004,8.55962061267278,21.32754765885,23.7239496476693
2024-10-03,23.6083327229357,20.5849699463232,33.9599319096903,35.250905548717,8.4393942208408,21.8280055478604,23.3401726912143
2024-10-04,24.233568702707,20.6727973989417,33.9076320662155,34.4865851318572,8.10996495398431,22.9141222184546,22.5144913162989
2024-10-07,24.7819743378878,19.4906971490829,33.2610293620564,30.1813115999346,7.77823304873521,17.8837769838274,22.1765116631826
2024-10-08,24.7220748297986,19.2237457516298,32.309539363465,27.7780304203847,7.67323890724117,15.5306519279326,21.5151956549293
2024-10-09,24.5400831526059,18.7888436001694,31.5886941517151,27.6322046043611,7.46529213725775,14.7056712413722,21.6081791826511
2024-10-10,24.5417212132625,18.7233945825808,30.554861599779,27.9740507886311,7.35799567251162,14.6782717979046,21.4758863212005
2024-10-11,25.700089846135,20.1587021452851,31.1516939464694,27.5104638259406,7.22265627831224,14.6152387791203,21.6661638445163
2024-10-14,27.2032168218216,22.0350799838822,31.6024552413574,27.4385499129054,7.13370447276934,15.2875261423224,21.743279566885
2024-10-15,27.0651596799138,23.9459329249073,31.4315525245538,26.9933727788348,7.0394530421318,11.9796699498898,21.5747259788861
2024-10-16,26.6334527018907,23.9472281786657,31.3338861485266,27.1362846324941,6.88999643332589,12.335941831602,20.7849917199388
2024-10-17,26.3996805361171,23.6246600437259,31.0060031516751,27.1549427500326,6.79721865687694,12.1517390148624,20.32432256363
2024-10-18,27.2023797424297,24.4298927549334,31.2944342059867,27.372729525918,6.62952771258059,12.6676827283501,20.7108665001528
2024-10-21,27.9554121070064,23.7290967912948,31.039270254414,27.3534952054565,6.49891221073443,12.6367483777763,21.0436723539077
2024-10-22,25.3869622011181,24.0533013684645,29.0853455910933,27.4710239256423,6.41920414708863,12.4616618159108,20.8766731653012
2024-10-23,29.4610784281584,26.8813243514307,30.641348467137,29.2369246963549,6.15370903414112,13.5262048166261,23.0389612391791
2024-10-24,31.2878894526691,28.1938809981186,31.8253356852348,28.3314892968343,5.91438186538938,13.1062360292699,25.1417181787465
2024-10-25,30.8885433240622,30.7357245824156,32.5511140988113,29.776605104156,5.7856904466948,14.6469493374638,25.915874103193
2024-10-28,30.8527019557432,30.9640754042869,32.4919887304449,29.8796947397964,5.70276715636029,15.0605933096151,24.3864474544877
2024-10-29,32.9433948830137,32.1228285067681,34.6113958030865,28.3639558347678,5.6277211637641,14.7892837185265,24.4300056111644
2024-10-30,32.8282865201062,29.6137572441706,34.4460582611571,24.024055542129,5.50057282500004,12.7790909198375,24.4864125772618
2024-10-31,34.2154733581983,32.9111370218877,32.4738934051391,27.0789244815592,5.42258142122879,17.487760014512,23.8392513207764
2024-11-01,33.3721601866897,32.5179334214899,32.5318828313562,27.0412215737106,5.33695868401999,17.5244560893542,22.9379389947626
2024-11-04,32.8981098449689,31.6790219822939,28.6316454064335,27.5285088006943,5.17614491076538,17.3773440464663,22.9021664763973
2024-11-05,32.7636015184697,32.304959051799,28.7745958412757,28.8455455062488,4.80818678730813,18.3395964611382,23.6630176787797
2024-11-06,35.4013776295563,31.2982040235782,30.5715668654439,26.1576546838846,3.00010181951464,31.0424669444129,37.6344062496671
2024-11-07,37.3815226298623,30.8124393578446,28.7388745242664,28.2748920624855,2.82579458056941,30.5617590418204,37.9084769127325
2024-11-08,38.759667061576,31.535451211648,30.8721490948439,31.8562784309535,4.69864106184859,32.024085554475,37.5335214914442
2024-11-11,38.0822414702532,33.4376777775391,28.3453506213456,29.5961369090512,4.96303253641598,29.2881791872649,38.806650595585
2024-11-12,37.6640323867723,36.6155651341478,27.5165768954861,32.3831806712743,4.60087507090129,27.6685935107902,39.4887498717076
2024-11-13,38.8294632847108,36.7795309124672,27.9654866436836,30.7043730003084,4.51574400582541,28.7129389433238,40.7644803678215
2024-11-14,36.5933951262246,33.3705156936206,23.8254626457557,30.4518954253668,4.34732723825761,28.1611813669706,39.6126317642346
2024-11-15,36.2767912974936,27.9768538516615,22.6848081968818,29.6144335042112,4.2106475573166,24.6025639013454,38.9362099447475
2024-11-18,36.1953554055744,27.6565567810863,22.8067098799856,28.8839241273593,4.17592905382102,24.2034908552591,38.8626767734252
2024-11-19,36.5271656818071,27.1361621892296,23.5644069226041,28.8823835130131,4.08410711187063,23.3266551095263,38.7295287530948
2024-11-20,34.1223750085806,27.1670917907226,22.4993383734342,28.4626481730566,4.0116299537918,21.3075131677361,36.5322074415424
2024-11-21,32.7857482167637,27.1023842536932,22.4785882440829,27.75267078409,3.94718247453125,21.5396068993373,36.0014332592621
2024-11-22,28.7268006587312,25.5990599970303,20.5385495025078,28.305499206135,3.75900103556754,22.6330152476307,33.821698075851
2024-11-25,27.7978466545153,20.0844688684563,18.7834355941006,27.7041653454489,3.63601926468462,21.7676284867274,28.574747537511
2024-11-26,27.0815232817618,15.7798361440206,19.0058134177615,27.2806260443057,3.54237883429018,20.3712449488294,27.9584628151183
2024-11-27,28.502959008267,13.7013624991398,20.2527155492748,28.3932319556856,3.36017827603147,18.3918883196778,26.3962732645212
2024-11-29,29.6155462645267,13.3732766078456,21.280335742739,29.1847259041323,3.30232943639417,15.6578057946144,26.084707260629
2024-12-02,31.1392307277768,13.2170362884576,23.531697028283,29.6443385827659,3.25442560037152,14.1351236525667,28.1676460431088
2024-12-03,30.8862844962336,11.912952027583,23.3399852348512,26.4679715850745,3.04911398898938,13.9338134558109,27.7726388122955
2024-12-04,30.9814222212496,13.2613385452177,24.0498138449249,27.4925676358154,2.94276386770711,13.7053813706312,27.7612438834972
2024-12-05,24.4279200165009,13.1634499633287,23.8658549905626,26.8265180683427,2.90907357291108,13.0848516405833,22.5263769437402
2024-12-06,21.7546848919227,13.3803846185482,23.4584918947184,24.7217028119106,2.84291142340888,13.3049991786975,21.830251628733
2024-12-09,21.5764436612089,13.4518764689389,23.4380765594805,24.7425106833956,2.7980023530801,12.3204480869198,20.6193360044396
2024-12-10,17.1934534726265,14.173338400876,23.3277801506915,22.9690938741041,2.69178532743978,11.7456729250815,19.299619412602
2024-12-11,17.0483791845998,17.6576582872477,22.1776578618124,24.3388022849736,2.57964749774109,13.2092924898017,18.8252109751693
2024-12-12,12.3101393493038,16.2076146066763,21.7575325078279,19.8936089031195,2.53404974767871,13.1716586466811,18.5549754039594
2024-12-13,12.2391949062575,15.2722098199376,21.600295991626,19.2577549683364,2.49680095974649,13.2155382635744,17.9436865592123
2024-12-16,11.0591733757961,14.0864247182711,20.8056837357315,19.2274364160646,2.440477856436,12.5483201295277,17.2225215115525
2024-12-17,11.0106877481787,13.9942900175407,18.9644677362279,16.581320550641,2.31755468533946,8.4535224931961,16.9453289089457
2024-12-18,11.0085911556602,24.4563762705267,41.4821980110116,33.5350038344465,1.61025842902959,24.8428142739232,22.5371298790683
2024-12-19,17.3469907719843,25.3895506477263,39.682446863174,37.2543785584297,12.2858500180834,23.3279674553129,21.6921493562401
2024-12-20,25.1226241034242,21.1934044493292,43.7733222363324,32.3774792363166,16.8951464650372,22.3030546520821,30.0444182945288
2024-12-23,26.212127109704,18.0136682097051,44.2328745047249,30.983968836295,16.3373905226817,22.5199000160515,32.1533749892457
2024-12-24,26.0360221952714,18.8838471454222,43.2910589548095,31.7170021753321,16.1791419865184,23.7877352946339,28.3659492752796
2024-12-26,25.7988855725387,17.8269112417466,41.0426089201979,31.5570500567766,16.014344584757,23.6364054121016,28.4108192613312
2024-12-27,23.7957290740038,18.0363209797424,39.3134134849737,31.9417411333432,15.4208018498191,22.2932917555901,27.2995573593752
2024-12-30,23.2257396677718,18.0146666823386,39.6166469599921,32.0453293128762,15.158881380286,21.9736693955831,26.7386587311481
2024-12-31,20.8830079960605,17.7608481402531,39.1699941092096,32.103215326007,14.6661063368058,21.7604016451471,24.0803814358786
2025-01-02,20.2322432319738,17.410227062008,38.6703724333817,31.8519309856068,14.483895623174,21.165921815428,22.7245771710989
2025-01-03,17.2899024953389,17.6228856222615,38.771235924184,32.412780304689,14.0200463725275,22.5292551712774,22.8530330517653
2025-01-06,16.5700991820892,18.0488402938375,39.02688488485,33.4448050947142,13.8646780929759,22.412572813465,23.1744933603157
2025-01-07,15.306198170705,18.6539836485795,38.6839239145741,34.5068145459817,13.4965663105107,22.6260994875643,22.1527863441959
2025-01-08,15.2569964899517,19.7128547281635,37.8901023811803,34.4014391236773,13.0575693149016,21.5197823210537,22.1908630262419
2025-01-09,15.0805224295049,16.5591897018221,37.2958777565255,30.9175221466578,12.8496072059966,21.2654866435183,21.6932603377303
2025-01-10,14.1967437768498,15.3547874487018,36.6093269921952,30.2440203540708,12.5417270655967,19.7317266240975,20.0363318444935
2025-01-13,14.2096141365906,15.3714461058243,35.0721518908047,30.4946110441393,12.3368897333118,19.2794822649896,18.5247930160309
2025-01-14,13.997482020265,15.6109348927779,34.7234685407746,30.8067786624156,12.1290067084053,19.16862752632,17.38293755971
2025-01-15,16.085128350808,17.5551952398818,36.7444311854926,31.1555573102221,11.479582052031,21.7927182665816,17.2326086013442
2025-01-16,16.9669236069085,16.6552643037475,34.9664610263906,30.5783245570459,11.1973402604552,20.7802524884091,17.2506303989686
2025-01-17,16.4137055924432,19.1293956268637,34.4717388608719,30.8186203302122,10.8624621025176,20.6684647554049,14.6094943998098
2025-01-21,16.2935217343412,19.9344722597047,34.4398967130858,31.3460411085248,10.8179667237016,20.947500094761,13.7796677772334
2025-01-22,16.1159347929593,19.2549747346902,34.2339361766489,31.3043364378512,10.7422443640616,20.5948143278563,13.7751565505944
2025-01-23,15.4894384923638,19.2512035147034,34.6055604176584,31.4957761808985,10.6940585455093,20.6931874230259,13.875051968663
2025-01-24,16.1828585497948,19.1233407525445,35.358915356563,32.1208614190241,10.3329216005632,20.2574480586793,16.1402244981895
2025-01-27,15.3683942297007,21.8356087097692,33.4421785953093,31.504517932644,10.0361781258289,21.0222936212404,9.43423107619066
2025-01-28,13.8028062665381,21.590634854668,31.4141545286311,32.3331147362669,9.55128926590043,16.496563913684,8.51644875440483
2025-01-29,13.0866066432918,23.4298696168992,29.5505635615441,33.9699059319429,9.38282666124236,15.554103874646,7.50347931774426
2025-01-30,11.9664125681718,23.2876533901223,27.7231766861058,34.0901311473342,8.3231920939096,15.4475159064276,7.79387568148369
2025-01-31,12.5392456075851,22.8054418148906,27.6717580493491,33.5891794878711,8.04773785413053,15.3089646919623,8.78914356700465
2025-02-03,12.8614255235958,24.2940086414385,25.3825733154009,34.4102538283649,7.90478333028609,16.9108955507108,10.8521401477653
2025-02-04,14.7909323643991,20.8705271957291,24.0328329114984,33.0215934567703,7.45523657573499,15.8218301697459,16.7601070835945
2025-02-05,15.3272239824634,19.519766538535,24.1901325831477,33.2074709753144,7.24876460289186,16.201350905168,16.7048784346972
2025-02-06,14.5741144347911,19.3995072619188,23.9527263548878,32.0681133842904,7.00477841490199,15.5052614494601,17.4111646639212
2025-02-07,13.8473657365573,19.4423690800298,24.240462527763,32.4005905210696,6.93026376593439,16.0100410594687,18.2002415839984
2025-02-10,13.6886262908545,19.322280733301,24.0382745295808,32.2982300161929,6.90842001004948,15.353667087455,17.6361939402415
2025-02-11,13.0013575272667,20.5027604383208,23.9715157460178,29.3842658544399,6.74859850666658,14.9367902776427,14.8255439175549
2025-02-12,13.1570104419529,18.4625828665464,23.8689781895255,27.3238590665216,6.6654886550083,14.6533489550472,15.0714736856289
2025-02-13,14.0277788570658,19.3711366676796,24.518605053537,26.5481100642097,6.54748983932567,13.7952508789133,16.6281514036613
2025-02-14,9.41328345107781,18.9978187294182,23.8170799955657,26.691098501003,5.84073296524363,13.8101526586285,15.4031585484651
2025-02-18,10.0751179367326,19.7320377538336,23.4866566256353,23.0742982654488,5.26351171869764,13.460930965756,11.130039841968
2025-02-19,10.0936354642563,19.7633384540542,23.0381255505313,23.0162680362493,5.22058621838653,13.4593966320718,10.6871944518123
2025-02-20,10.6190449337776,18.8710574485679,22.9738235178988,23.4278440951442,5.04819427889119,11.9380204784096,11.6083395687781
2025-02-21,11.0341427878482,22.802750822186,23.3676808568925,27.429275910841,4.93591622713206,16.3109370617795,13.0237753588181
2025-02-24,11.2924798495025,23.9613797424657,23.5202449664624,28.6458467068633,4.90687401935421,17.8420359593031,13.2010801353639
2025-02-25,17.7960458196613,29.4592597819643,22.0903483954978,34.6376005450472,4.32535349762215,16.2427229765394,11.4627025272254
2025-02-26,14.0929568727636,30.3604425816177,22.0075606459271,36.1473350729834,4.13181278654225,15.392986486716,9.29768027354759
2025-02-27,16.4632816050428,29.1189329536016,23.6822674733821,35.4994192235036,3.89309866758928,17.8023525778344,12.5835288419939
2025-02-28,23.0776440360118,25.1327394030161,25.4654274779429,34.7583493881331,3.44508722491974,14.2246059954251,13.7517098024544
2025-03-03,24.4301926074189,23.2732182774927,28.8732700631559,32.3514106467757,3.08654389219264,12.5969505001463,17.2209409435436
2025-03-04,25.686869320449,25.7392415602725,31.1760628850424,32.0965257942267,2.92385672776354,9.22667473871382,18.3241779215297
2025-03-05,25.6867094452421,26.8820257542653,31.6475121249329,32.8787778255579,2.87423064088999,10.6670194521937,18.0806722429603
2025-03-06,24.3260329265679,26.4189717136721,24.6590979144776,32.448184605024,2.72988918971792,6.13258051124314,7.34119866295455
2025-03-07,24.5972474310689,24.1091523155452,21.424088749304,34.2889587094259,2.67258449341543,4.74060098574819,6.9555802883753
2025-03-10,25.4868064675248,26.5726291722981,22.6561489918865,33.8622447809179,2.6259706109224,11.8346251774603,7.06745948722862
2025-03-11,26.0874524123546,24.5182982616709,24.1912157588566,31.3020234642473,2.50670543346193,12.5463750254977,7.35587486220546
2025-03-12,23.1101177280608,23.8280764673923,20.6230000089685,30.957412808823,2.36898936994722,13.6339189001334,7.76245650823035
2025-03-13,19.9478818772211,21.7047040278231,17.7386733448007,28.9027538784493,2.23491997930119,13.0459427657618,6.58043048278013
2025-03-14,18.7137707573612,22.3255481609899,19.2893184037266,26.8494968679707,2.21024130379965,16.0447982776076,6.176535975619
2025-03-17,18.5537976390216,22.167954499855,18.8443657126252,26.9670912978911,2.1902914548573,15.7518974559525,6.16514200202115
2025-03-18,19.1435290688683,21.8406792998927,19.3353236246695,27.7673945874522,2.09729358133241,14.4936252209639,6.51810643327327
2025-03-19,19.2495112052288,19.9602795898969,19.4887160871357,26.4006525299168,2.04868471154232,16.7319184653838,7.26310429307446
2025-03-20,19.2980616686092,20.8540454541131,19.0262374277193,26.6025623951379,2.01289915581243,15.912386079952,7.01154324375885
2025-03-21,19.1091293410725,20.7887111477086,18.2440626374077,26.8024251002585,1.97703085271387,15.5672225303391,7.21992531906022
2025-03-24,18.8434777759569,21.7618941257181,18.3724398782013,26.9892487221905,1.96452995294105,15.4331270281905,8.04030886158232
2025-03-25,17.9119439349636,20.8050072971123,17.579450900439,26.050861470498,1.9289791864252,15.5551386488769,7.66746803570503
2025-03-26,19.3646736974079,21.1962219308625,19.6578023852686,26.6705704991572,1.90232030370294,15.6333748288585,9.21747697360552
2025-03-27,21.0409413612489,20.9773730808336,18.6269867141115,27.9466200198917,1.75301550578148,15.3580754922698,11.5209112129121
2025-03-28,20.4302762755657,24.9014094490562,17.9858181533445,29.6183942894399,1.72477081721655,17.1784658963634,11.0032039598254
2025-03-31,18.2375464614411,25.5931275792784,17.0238127534064,29.7817614274432,1.61974822481644,17.593886646049,11.0313927441491
2025-04-01,17.2837353144432,25.8232892855376,16.1343049035461,29.4850036178126,1.6114657953972,17.4709080430812,10.8922551163709
2025-04-02,17.1904413261796,26.0640509346535,13.6255124046734,28.8076633585885,1.52518977632898,16.707534695636,11.2583293110567
2025-04-03,22.6952986637252,17.6853552892801,18.7585112852749,36.3142738696007,1.31743012787655,31.9542282328672,22.3165799341679
2025-04-04,36.9995353235807,14.8986957329003,41.7105817580736,42.873237401278,1.130711706471,33.9156882452075,8.47966299099383
2025-04-07,39.4281937873716,20.7589200800847,39.0701811591662,45.5772610939167,1.14369154823484,33.1561561495768,13.3434360537091
2025-04-08,33.5377591624648,21.6821520027646,33.1802951647621,36.4924761806371,1.02898842480737,21.0524032769405,13.0297680971683
2025-04-09,43.7705919265405,31.8726360578376,45.27404813191,51.6563787999876,1.12005724798198,44.8690025858812,11.0457148284749
2025-04-10,40.2609678499847,32.9386099786501,44.3890586515637,52.6720612366253,1.02085546244768,41.7137031969009,18.6679622345981
2025-04-11,40.9405777686223,30.8607356633252,45.9216517133108,52.8176732863011,1.00813073165297,41.0038625165076,19.925403421711
2025-04-14,42.938211356104,31.453634899612,46.6506550696709,50.7709791355738,1.06100606592472,42.5833986809359,21.6541011649088
2025-04-15,42.9101073135097,31.4315513763385,43.688696416711,51.3843656315606,1.02908341055602,41.9417600241891,21.9961598960238
2025-04-16,41.1083499139076,30.8144697273868,40.6878255166698,49.7852370525984,0.944578732911541,38.0818644789275,24.2106695190908
2025-04-17,37.9043880198457,30.4665169210887,40.6677071039076,48.8267087503438,0.951804164870365,36.0803464181108,24.0013395273031
2025-04-21,37.8728447627049,27.8776655778937,41.1291988246398,47.4120183430267,0.96969248491264,34.8096774891949,23.9542386623658
2025-04-22,36.5654851158104,30.0519276721666,41.5433446033353,45.027893300418,1.02194323199189,32.9831093016323,23.7605296641307
2025-04-23,36.1733114985742,29.8553076179526,40.5740362850101,45.1353220012668,1.03154872924665,30.2588869521446,26.9003531458013
2025-04-24,36.3126814615637,30.0926599920486,41.2199716506475,45.5646296940434,0.980702830772946,30.1037810794726,28.0739633656509
2025-04-25,32.9513051468538,29.5266787961781,37.2024268941854,41.0315998799924,1.01270369577173,29.9128227954603,28.2415369633155
2025-04-28,32.8620450093009,29.6133863039232,36.836479188684,41.3567292110557,1.00761388020901,29.8887519824076,28.1845238030487
2025-04-29,32.7167892405667,29.3915325031553,36.3620437696191,39.9535689511594,1.02475247027035,29.9626822398359,28.1736609183873
2025-04-30,32.8134379008858,29.3876203912566,34.7974893433459,39.9666499657332,1.021072015037,29.7459552150532,28.2668677710007
2025-05-01,33.0265305557375,30.0155632546225,35.3508014387889,38.527643686296,1.02833545416709,28.8869666701899,30.2608567032393
2025-05-02,33.4385004068329,29.5029416768239,35.1467779974377,38.2734618787654,0.989870925400562,28.9380866418909,30.5476290812296
2025-05-05,33.5529315290172,29.5093233302485,34.4947361265683,37.3630133136542,0.98243617412722,28.5082567813547,30.7200799936399
2025-05-06,32.1040579856089,27.418273449588,33.5249910945981,34.9899048264451,0.91778914495505,27.7224487301003,31.6350497316298
2025-05-07,32.7506424691764,27.0388266664566,33.5130512579561,34.044748662268,0.952322149004497,27.5960764858072,32.6428756580046
2025-05-08,34.3420388377384,26.9083680692191,31.552096494762,37.0934321963845,0.986367100171947,26.6559958754656,36.5414419298524
2025-05-09,34.7495318909268,26.9868815707992,31.6113895944234,37.1139574155503,0.957620988223081,26.576266698357,36.9128947023224
2025-05-12,34.877630333601,26.8290791038296,32.4162031574089,36.5360869891823,1.00711104259394,27.527104275027,36.6523442941426
2025-05-13,34.2233542054579,26.7924528096783,32.4861933212476,36.5604236597117,1.0003357444652,27.5056030616904,36.0130935119259
2025-05-14,33.6962110163303,26.3889248349055,32.2830643059392,36.4693055933917,1.00199458484602,27.4333766706593,35.5287066123835
2025-05-15,33.2939423257804,26.2846919799372,32.3321985965005,35.7163536785945,1.01488120496147,27.6050696394275,35.0720337722512
2025-05-16,33.6310352405449,24.852027341653,30.6612305941957,34.060678162519,1.00376107030061,27.0873117016853,35.2751367442918
2025-05-19,33.6731190179632,24.3409020785051,30.715251182726,33.757454538376,1.00063920001378,26.8582076484829,35.2638567703921
2025-05-20,34.6818412492751,22.4819826823356,29.0259993173515,32.5231405672771,0.966863413809696,26.2640410467577,35.5352504107929
2025-05-21,34.3786539168745,20.1364218257868,28.8279482642011,32.4942251989122,0.958217175521422,24.0207036708005,34.97008645194
2025-05-22,34.8421187733498,20.9306291808426,28.7691529027665,32.9893070899224,0.973371579808331,24.0767944840663,35.7374726879795
2025-05-23,36.5053283494253,25.2313464676479,28.9561921669962,37.073924934712,0.907855279035298,25.7182807153547,39.502767389638
2025-05-27,30.4424134554782,23.7702778424088,32.2065112381342,35.950165360542,0.998739786991235,29.2801908181832,37.0611142150246
2025-05-28,30.5110655786384,22.9599846850543,32.1350644524594,35.1235101205459,0.993581957829613,29.0466488533735,36.4447592216661
2025-05-29,30.889905499495,23.5237712881304,31.2669269772465,34.3220236562856,0.997160949709084,28.5959334746344,36.2105202091598
2025-05-30,29.9728209190226,23.692160395373,28.6076449306103,30.4330597245588,0.947403455235123,26.8009905904103,35.2026736257688
2025-06-02,29.8507919735244,22.9842146383231,28.4321581110333,29.1483017356697,0.936536616562935,26.4619236957427,34.9456117065338
2025-06-03,29.9311102833058,22.7639098378377,28.0634821718875,27.6693640925239,0.925183876022579,25.8230352489099,33.9461506105597
2025-06-04,30.673319434989,22.9822961843005,27.3566702742876,27.3997978110795,0.941999565838191,25.408504168026,34.0543433642909
2025-06-05,29.753249590497,22.8041531441643,26.4910373186493,26.7671394664104,0.939803231502584,24.7176123699161,33.5777688866081
2025-06-06,29.9392059481314,25.3737181443155,26.5817248166479,28.2461390144495,0.955555905914216,26.0056265630776,35.1210050198494
2025-06-09,30.3922844512143,25.4957393776754,26.4681277647423,28.332321558194,0.951480124834963,25.2729857995543,35.8047125025531
2025-06-10,30.3870169654836,24.2745236416149,22.8631278910212,29.8729189569144,0.999639220414348,24.583676456969,35.8256959862699
2025-06-11,29.5858783261437,24.8581070781394,21.48061497464,29.2935449338422,1.02695852560824,23.8922853048915,35.5562155004589
2025-06-12,31.748592944444,27.8322281927792,22.1207440953429,29.2686771071972,1.03048461020603,23.6769473192752,38.3041529732632
2025-06-13,29.6451493912727,26.9972247088145,23.4216679901384,29.1087060092009,1.07977634787671,24.4458003565957,35.4008208366194
2025-06-16,28.3250182899889,26.3462194050848,24.0286655208926,29.3845476065177,1.12825199221387,25.3541432197701,34.2859727430276
2025-06-17,28.97341255202,23.6584214546849,24.7475652389153,28.1351371908809,1.15128446432585,24.2817599707023,33.4073358402135
2025-06-18,29.2386274269699,23.1524281607895,22.5244906997827,26.1939985992939,1.18382025884105,23.7226901213925,33.3895470144526
2025-06-20,29.1891561033611,23.3487161745218,22.6012117699534,26.1729541755825,1.16831169150143,23.8224810347135,33.0157037015125
2025-06-23,29.1729838627721,23.2769006091254,22.513038534919,26.1502878023807,1.17614244679191,23.666837834949,32.9283671663237
2025-06-24,22.4756731517133,21.8036962103328,22.4416937121305,23.8160793602712,1.2266667494163,22.437811157747,26.2248804170076
2025-06-25,22.7105963814543,21.7749147961215,23.0706417352201,24.994702097698,1.25498504866839,22.7200842850304,25.7292646878109
2025-06-26,22.1476522055831,22.2765887309221,23.100072530873,23.3948352892781,1.29624975438204,21.9089727521778,27.5820074548964
2025-06-27,23.6054311086342,21.9385924339126,23.5821935911267,23.4963075237238,1.28036866866307,21.3385759689835,29.354070654799
2025-06-30,23.8658066381211,21.887483764343,23.2921973980556,23.4722068870114,1.28137833104494,21.1627391127464,29.6374950856389
2025-07-01,24.1700636412192,23.4736385235874,23.1303877647851,23.9365951509889,1.25721618909737,20.8944474265781,29.3235250606551
2025-07-02,23.889234230162,24.9947779099674,22.2065232086427,24.4972808266327,1.21759495948297,19.9526624244321,28.2453741554011
2025-07-03,23.7449268688172,24.7955555847101,19.8867416258738,24.1547111196277,1.27437797771403,19.8647836157106,27.1142476577787
2025-07-04,23.309565786965,24.0468979937579,19.5478252827688,23.7752951451026,1.28745213313584,19.5132480067226,25.933475411522
2025-07-07,23.0944861273687,23.5684730041246,17.6658798323243,23.6539797564101,1.27096851142809,17.7141151268879,25.8306206078252
2025-07-08,21.9499123799467,23.3653073323078,17.0968651594239,23.8697753120976,1.36966325021826,18.1750897449062,25.4068778539
2025-07-09,21.8272444912059,21.4704339810779,17.0341500497022,20.5581696465808,1.3990665008333,18.0964988003374,25.1687251849663
2025-07-10,21.4592682812937,18.4182086659199,14.9227631112519,19.9828231675177,1.42566169879717,16.9316463015322,24.9181222388897
2025-07-11,20.4445592078338,17.67006507413,14.9132323937806,18.1479801017705,1.42396631615689,16.3965373654074,22.6013463936191
2025-07-14,19.6656617001342,17.4443086582935,14.1315040630199,18.3016899846114,1.41333003963045,15.3927207963379,22.0528371094622
2025-07-15,20.6009710245682,15.9523852751442,14.1447635245809,16.9776500110686,1.41552789849972,15.088317697068,21.9884231079366
2025-07-16,20.4175588267191,15.6604502467815,12.6884331701212,16.7075681836958,1.33271100349405,14.9154759382383,22.0532174378286
2025-07-17,20.6209834913902,15.574842753939,12.4037099793679,17.3229718353223,1.42431052634537,15.4201187035088,23.7515784002107
2025-07-18,20.9023538397374,15.3962839182557,12.5352399896801,15.8263625371048,1.45131163615121,15.2091016326044,23.2660278226117
2025-07-21,21.022202494811,15.3900569550281,12.5357815431221,14.948810635848,1.45183844717403,15.1708004126592,22.9713214689551
2025-07-22,21.787529250991,15.4171032447124,12.6182883405202,13.5208875258621,1.45954844322351,14.7387923617229,21.4467141889071
2025-07-23,18.9383227185876,14.0938866225525,13.6204819713823,13.2918166886656,1.63263785107808,13.7846026342857,19.3341025507612
2025-07-24,19.0822753032911,13.7229186916489,13.6655738449983,13.1001411997823,1.63430208630406,13.7527004713743,19.7411446208071
2025-07-25,20.1258164700631,13.5868123544735,13.6436210481252,12.6771130514595,1.65315053384498,13.1172520006482,20.0451786661088
2025-07-28,20.2473077354946,13.7597155675344,13.6484270229819,12.4103262151663,1.67664210286925,12.9599405220475,20.8428703377909
2025-07-29,18.8564967677728,14.3235744451685,13.5791483487683,11.9182718703487,1.6611973318413,13.3758289071562,19.360967528526
2025-07-30,21.4034706576449,13.4737233455247,12.6324349769115,11.8720488879343,1.63559778608361,12.9614850361273,21.2108455618118
2025-07-31,21.4595267737903,13.3623087197971,12.4253065994603,8.2303191693867,1.61082305750274,12.9063972441268,21.411967432123
2025-08-01,28.1680718992767,19.6126298924908,13.9951656404927,10.0360330668952,1.65503314917417,23.3041125486652,31.2694547118652
2025-08-04,28.6769256879969,18.5324051358329,13.0281531751648,9.85483784367921,1.6939126026836,12.9626998106733,29.4830208972818
2025-08-05,28.5832135480458,18.596011394916,12.6706114303965,9.90105745437246,1.70390331973283,13.4054645059331,29.0609674874712
2025-08-06,26.5338526962666,18.0715627076607,12.9252889560323,10.1086716772197,2.02672209078512,13.8924359738685,26.6853325125524
2025-08-07,25.7285863995046,20.8695365916963,14.6180133720057,13.9720176332433,2.08053676067428,13.4836957272509,26.8584213972266
2025-08-08,25.4970539031465,20.6062402308172,16.2414247215966,13.846188077032,2.52214161857497,13.0493848019525,27.4568473308895
2025-08-11,25.9483995594116,20.0874473640699,15.5910308761852,13.7349916611376,2.47834053933353,11.6947529430855,27.4338263349209
2025-08-12,24.5548118679762,20.5875852503662,16.7548222474423,14.3683548274897,2.86410900719659,14.6688159465427,25.847123441663
2025-08-13,24.6045717969149,21.5319071835633,16.991121870548,15.9199285065794,2.91552326018258,15.01893744019,25.6772624797638
2025-08-14,25.7313348535318,19.3929298461945,17.2042316392074,18.224117526978,2.90985115191196,13.3109832432022,26.0641370826402
2025-08-15,25.4145846192563,19.5009674567299,16.3890429792828,18.4304874652482,2.87469109788421,12.952314698869,25.1909495625758
2025-08-18,25.3998393712775,19.3331813550645,16.9106641125403,18.2047665604155,3.06183522584435,12.8479730545442,25.5711069034837
2025-08-19,26.1462525221064,21.973044921872,17.3142378115815,21.6111364915484,3.04125894960336,12.76140014178,25.6968387055909
2025-08-20,26.9701777412064,22.6437205198462,16.4808360833022,22.3120894918752,3.1114086866132,12.4189573370214,25.6146587628055
2025-08-21,28.1531534206959,24.6651600671881,17.2938285000656,23.7073663801789,3.13560872472932,13.3101205289763,26.6071439184854
2025-08-22,33.5285044822694,35.1401164579607,26.5060737309635,33.2487903362531,4.35008986764048,23.414640504258,34.8248346835168
2025-08-25,32.7090231542998,32.9159530243347,25.3800455735803,32.3417693673491,4.34655759215587,22.4398210417973,32.9642986414483
2025-08-26,32.803953754603,31.4112277661475,25.659794475723,31.5722735844406,4.36039558494411,22.2782831232623,32.8868010942074
2025-08-27,32.7093406130354,30.6577460910654,24.5306428388854,30.6743890334093,4.34306801221322,22.158026661536,32.7079778333633
2025-08-28,32.4090756831831,28.6194454818683,23.6193070960153,25.7385904046115,4.36708550742234,21.7866918204441,32.895387811361
2025-08-29,29.5261918411724,31.4161425363659,23.37106650751,28.3234826304634,4.42126947837771,22.912334299139,31.7844992216687
2025-09-02,28.9190733198099,29.3377878076752,23.1196469815395,27.7471186215647,4.51360781320168,21.6897122519408,31.0707186422124
2025-09-03,28.6970077075665,29.2172543360808,19.6474395420349,28.175649937005,4.22171270832517,21.2796437629268,31.1095788789833
2025-09-04,29.308855211902,27.9039520609526,19.7004695695041,27.0051167222183,4.16542536924276,20.8246878213344,31.1235152394888
2025-09-05,30.9589448209804,27.4483807805995,17.0312520043189,26.2223844815124,4.05150478500814,19.9054185928321,31.8513663718579
2025-09-08,32.3402171351703,27.4498885477729,15.6410439141912,26.1801246406314,3.95421946036998,19.7070917863809,32.4374372864169
2025-09-09,31.8082491240641,26.3058006546123,15.2141023905742,26.1634800336232,3.8678593646789,18.7810359587488,32.7269546820472
2025-09-10,31.914778301563,26.1459025519683,15.0175644047962,26.1642463743753,3.37621268497522,18.339121161248,32.7995190893572
2025-09-11,31.3513096997435,26.805246106052,15.6612300471608,26.903880229703,3.52893305441681,19.3523014521724,32.6445982417157
2025-09-12,31.1135535915172,26.6476425503371,15.7938841247456,26.9169572916288,3.60281095217928,18.9670507778305,32.1841056573789
2025-09-15,31.0489735771921,25.9712653714177,15.4540643184556,25.3755665262145,3.53973729323684,17.2888552816483,32.0606732158065
2025-09-16,29.4241137857236,23.5063465088465,15.3355430168766,23.4961572276398,3.43034294298375,16.2564019277853,30.1980719369733
2025-09-17,29.8832280228221,23.6904650513814,14.1147970858025,24.7342006563504,3.3787448499515,14.1248208976736,31.2058745920972
2025-09-18,33.9150392864751,25.4713253934588,14.4804175388849,25.8937870520624,8.08811617113216,21.8506809195596,33.9297533640112
2025-09-19,33.9060165542361,27.96579430325,13.3443155526352,28.5311927691739,15.1137226596227,19.2921446845134,30.4172913801207
2025-09-22,32.7972681863743,28.9779883480801,13.017437864545,29.2520337625562,14.9930860125082,20.463072393021,29.7829967148166
2025-09-23,32.595572177557,23.2349546172348,11.7439601176101,23.377656806789,14.4133870286869,19.968971946483,29.1442769953489
2025-09-24,35.8669922538883,23.8616352720775,12.397532376326,25.3434942809854,13.5456330181917,19.7717375176464,30.405512233534
2025-09-25,32.8046767772746,29.6284736213456,10.8362107337971,26.4654602949289,12.5147895064943,23.8682236590174,27.5213914647529
2025-09-26,33.2481474655102,29.3284411701321,10.6742752802929,25.4323470217493,12.3524104793968,17.1807518517664,29.7468212404312
2025-09-29,33.3864878143111,29.4920591062253,12.2597948879362,24.994233456267,12.0347242761402,14.4223267884055,30.7177789004231
2025-09-30,33.8616740084321,24.7591378489521,10.7573419862256,20.4576863835541,11.3483398504062,14.0423587456834,30.653801858807
2025-10-01,33.8040668135916,27.1771121279288,12.6612495945559,22.3208373376323,10.9195276073219,13.4692244163515,30.5150674603378
2025-10-02,34.9565845203752,27.9216016156087,12.8854296665339,23.9251730350204,10.5916404424668,12.276110788351,30.1240425742199
2025-10-03,31.0852751074282,28.547998290587,13.6682324878258,23.3562135949677,9.99722286203402,12.0562607560563,29.6093202562613
2025-10-06,30.1953162004292,28.7126770488726,13.2040789834138,23.3360927167241,9.81756429947847,12.6211336772752,29.5689127381006
2025-10-07,28.0678880137779,28.0824398890017,11.3513549631746,22.7560506332475,9.63138737915605,14.1997954646995,28.4248233418318
2025-10-08,24.0590226820812,27.3392466828677,11.1791499571563,21.8130764252697,9.55512139423294,12.2253445129586,23.844368051686
2025-10-09,27.4241511473737,30.1042202272547,9.22438100119854,21.637472891303,8.40643737572478,11.4083609835256,29.1178881540723
2025-10-10,29.0092766945507,39.9624937368497,16.4691267761242,32.1333482016227,7.28561079669478,38.0084056805522,25.9346637815271
2025-10-13,28.759853920412,38.5221317314239,15.5513857219251,31.6543025963749,7.22583497476398,31.3392455267686,25.5062511368048
2025-10-14,29.3922180862885,38.8652788335852,16.8637004760802,33.3884946806574,6.96590929115196,33.4347441876781,25.8012826352575
2025-10-15,30.0914636619112,39.6273485500034,18.8377173301289,35.0463683611163,6.57547594625108,30.5143371360539,26.6475969869946
2025-10-16,40.1693899856448,43.9800106639237,34.6657449077104,47.6642630154948,6.63682633853038,45.8459555131768,29.8679444094581
2025-10-17,40.2383749291056,34.0370395450322,33.3435817210157,46.2956652881074,6.50929706520215,40.3425632588222,26.9299137068632
2025-10-20,41.3274608211641,35.1775807311111,34.4151930179056,46.190204110613,6.43132707946541,41.7275888417454,26.8093492070298
2025-10-21,36.1748472011485,34.6077266604212,29.94942530808,43.9330204736515,5.43242826352856,38.2513627843041,24.6684295425476
2025-10-22,35.0603910129838,34.5999725037347,25.7628308061916,43.5918807364458,5.371600074358,37.5203495212112,24.4910714397923
2025-10-23,29.0619695023232,35.4145109236701,22.1218211716203,42.1600393366607,5.0027560823277,36.6036747398468,22.9146636492362
2025-10-24,29.0645509640407,34.0967989858788,23.7023486000206,39.9350684718294,4.70114774342627,36.0449190128444,22.0474261972292
2025-10-27,29.1049684013416,33.5830071959515,22.3026617782335,39.6510501069228,4.58970982036683,36.4967146209972,22.1333545869271
2025-10-28,28.6854487330763,33.7756533692359,21.4794719539778,39.6969195938083,4.42422555445918,36.3752012573119,21.5158562296649
2025-10-29,26.3899676361169,35.1928045248871,22.3201649024771,40.3987131529988,3.98396858306718,35.1968240956985,17.1202803291258
2025-10-30,27.1590260131966,35.9548404867323,22.4489085450638,41.1774302846305,5.04780721363854,32.8698750221131,17.6107084595006
2025-10-31,24.2721496679547,34.6431083028771,22.1003809415861,40.7821289669041,4.00311791040704,31.7285495953067,17.7461087028321
2025-11-03,24.3181343478979,34.455241339284,21.5775334989268,39.8198176017419,3.85496171575819,30.5116002763396,18.1695968481567
2025-11-04,24.0879521655977,39.2148883644213,28.2530092426292,43.1135324171428,3.11579136283094,32.3521931363248,19.4132381111973
2025-11-05,24.697144884364,40.451319330875,28.6402253519948,43.5479815789577,2.91472022010337,31.9480431039875,19.4821881842983
2025-11-06,23.1532415125539,41.9195150663039,29.9220092892235,44.2148299582576,2.77965376320054,33.5626947558479,17.4020718859853
2025-11-07,23.1683719572276,40.1886749027358,29.9170874021117,42.4901046958313,2.7498766419085,32.6242472614585,17.4014510904881
2025-11-10,22.9615993186698,40.1365283917431,29.9673260765604,41.7731845004426,2.73056329945844,30.6891145460372,17.2491351391362
2025-11-11,22.9073131834537,39.1356510799144,29.7820161841154,40.8788853809949,2.70431108945115,30.1488044486638,16.7178749908431
2025-11-12,18.8449252414034,39.724677148136,29.8381593204652,42.0834603103801,2.6157396120755,28.2140846767061,14.9962513690271
2025-11-13,14.2113709460823,39.8353928418252,22.1906437706186,42.89418838257,2.64488936859899,32.8945533446253,15.6439976945239
2025-11-14,17.3506919980455,39.861278568845,20.7704558068341,43.1129266767002,2.61898539743974,30.1849954508681,16.4166990210059
2025-11-17,15.8087507669186,38.615955247408,19.510613241112,43.6129068128363,2.51648944801236,31.8879400914997,15.777234594269
2025-11-18,15.8304479599145,38.1211837885063,17.1029519890288,42.6359130787643,2.4374776469202,32.477297314464,15.9785030797735
2025-11-19,12.8421000295671,37.9338592153308,15.2155841653688,40.9264104212235,2.34026130346824,29.1993879116764,14.4106172534734
2025-11-20,13.135387667663,43.3899073609451,22.7592176144337,44.8337076807476,2.200258523534,35.1572435103858,13.3865257517691
2025-11-21,12.4590377986882,40.5624062705556,16.591953820171,42.7889541198956,2.1298608490665,27.5887330822307,13.2356900509447
2025-11-24,12.6641677416798,41.7163758170477,17.7918493586298,43.5083117966338,2.07904843841092,28.5667337720053,13.1251941823111
2025-11-25,14.2293422768443,39.5907796356106,17.6118610030903,37.1700096918692,1.99597689818,24.1247090180472,12.2657176733861
2025-11-26,14.2265353205249,38.1641197961588,17.111333055643,35.1364695013505,1.96445350492067,24.414552991579,12.0311221228922
2025-11-28,14.3194430534286,37.4121608994602,16.9884096060199,34.6193229089102,1.91029964529146,23.7714195915017,12.0541391141234
2025-12-01,13.7992815395653,37.3150634781225,17.334449665848,34.477232865342,1.93244030436638,24.0392726077976,12.0968331438267
2025-12-02,11.0372347845792,34.2485711653711,17.2950916677463,29.7396048713942,1.85746639643335,23.2272302614457,11.4096754393622
2025-12-03,12.344901451519,35.8585395513261,17.9498834836326,31.4580806993083,1.78488966697649,23.8061995234247,11.7537709876452
2025-12-04,11.6756716325777,36.4662500051018,18.1972111299167,31.0851684790188,1.76053660590577,22.1277478125668,12.283599894251
2025-12-05,11.5905192402717,34.637586444481,13.8763896509064,31.2312458826502,1.68472589507031,20.0206409457642,12.102968927211
2025-12-08,11.5205120561439,33.4320684297699,13.3592352718745,30.8759478760505,1.67361023281316,19.7005160706055,12.0206242230142
2025-12-09,11.6456680026479,33.1125096884936,14.4652265362588,30.1468489737102,1.5462919193011,18.2015981102109,10.928208771662
2025-12-10,9.73679134445643,31.1951930204715,14.6663458226139,30.6036298618071,1.49224082180373,18.7125644795165,9.86538500961753
2025-12-11,21.2502195601322,29.6397763328733,14.3681622119106,31.6896136109625,20.5843887749765,21.5816213438165,12.9237280134012
2025-12-12,23.4973003920419,26.0099934117827,13.6480195091029,28.9539105276545,25.4141363645093,20.9514477050935,13.1029859610103
2025-12-15,23.3800645894128,26.7796765296739,13.7329563489341,29.3453803428902,25.2969371730756,21.3137811439097,13.0899265611318
2025-12-16,23.4495686915712,26.3697055356794,13.7504290438288,28.7601963509263,25.0682994825704,21.298607839593,13.0612559880401
2025-12-17,21.4951506154502,27.0645082233807,11.7506838444822,29.5903082121606,24.3947529045771,21.6936911437677,12.2407601374325
2025-12-18,20.9343763073969,26.9110427280961,11.730731853817,28.5787370330043,24.1000831871199,20.6145239153025,12.3105031655464
2025-12-19,21.1201246517459,27.6257726697412,13.364912871442,27.3393249587145,23.7757024760946,22.1362153298745,11.29307187011
2025-12-22,20.991452574025,27.2957686031276,13.3300105651169,26.391337021797,23.5587034865238,22.1924860569823,10.8236333432213
2025-12-23,21.6209032391461,26.889501115307,13.3188181093936,26.4217775380525,23.2552632133848,21.6811015084523,10.9575957284902
2025-12-24,21.6801727702699,26.7916686648328,13.6150277438098,26.4129635387382,23.1536739934677,21.494779022298,11.2169747973558
2025-12-26,21.7143850984973,26.6926548672152,13.7538207233807,26.5019155826431,22.9839232654346,21.45929142928,11.2487945743447
2025-12-29,21.253955674319,25.5801140334423,12.8645570093236,25.0309575787217,22.1992352191461,21.4643656994488,11.1084069436138
2025-12-30,19.2460967204522,25.9498542290712,13.350914896243,24.7260225822425,21.6885989578673,21.2318004536961,9.62360644103573
2025-12-31,18.6898474008352,27.3160523846071,14.2606893201561,24.9708190769981,20.9645824967764,21.633609330161,9.28054951224848
