"date","GOLD","BTC","SENT_G","SENT_C","FED","VIX","DXY"
2017-01-03,16.7407259640177,12.744606736451,0.978831883244875,5.54072705561659,0.361920677668016,9.83080865402753,17.4846315997303
2017-01-04,17.1551327051506,11.8306841372432,3.44341360936234,5.08874426369344,2.45163710666793,10.1368238819612,17.9016810721883
2017-01-05,20.9142557101553,12.976292233269,2.74123689642613,3.29886077080951,3.78635225704175,7.99392865451464,24.6498465101508
2017-01-06,24.3788243003976,4.88260385020283,2.82516728417891,2.26285632914556,4.60357321324075,7.78112000512378,24.1657413681566
2017-01-09,28.6779200503785,5.81020102018812,3.23794149248674,2.36504899992577,3.79739409775125,6.11382434265128,29.8787336367604
2017-01-10,29.5128570914576,5.75127003435521,4.18687428306172,2.58262806444617,3.52862803999372,6.04323517222854,32.2277102004644
2017-01-11,31.8052015926233,7.10815812249959,5.08382285487315,3.40910629614177,3.29614664950661,5.24229934151972,32.0440416176258
2017-01-12,38.8792533025773,5.11959792973452,5.39880010499827,3.47679363826609,2.28654550512691,5.1472874616313,32.2797660618975
2017-01-13,33.7777500682973,6.88208324597521,15.8857226896729,4.67601355121896,1.63193380550077,12.1584492537312,35.9124738376428
2017-01-17,36.9774574125063,9.57470141555418,17.4739910504164,7.9732486871452,0.664749330647532,7.00214582969353,33.4234815548319
2017-01-18,33.1860401356662,7.96515620975181,30.9264290386437,4.08962326459208,1.81591350804936,5.87993414489167,30.640048014609
2017-01-19,37.4417871658511,3.79886793081984,67.7632070002972,5.5840410308464,1.10254795001253,3.4158838494934,23.4631445433323
2017-01-20,36.1603954436741,3.60060316935078,12.7454155490144,13.0621106658424,0.499398019727932,8.51453104594194,26.5019921174441
2017-01-23,36.6778607038231,3.66368110596512,12.3718832885015,12.5535612056365,0.463985638765807,8.34525232170625,25.8573240722162
2017-01-24,37.9841880995088,3.3889353057746,11.0537334041282,12.0456122784724,0.452513969153074,5.10766243345959,27.1309494992892
2017-01-25,31.6350934914834,3.518080328096,15.9582421754002,13.2053080150879,0.454408925603054,5.11463463611739,24.7445310519982
2017-01-26,32.3238598371831,3.65317667898428,16.2104520053196,12.8697992864139,0.425975862450388,5.04377267268448,23.2090035432825
2017-01-27,32.8690217311145,3.61174668277171,16.7794357323407,13.1782563204107,0.416479514046361,4.43738980052676,23.5490988914159
2017-01-30,32.5830073219937,3.57024401129295,17.3693064682429,12.6023141466683,0.407249532153444,4.42913216904266,23.5929336021235
2017-01-31,33.4359868627789,5.31419907674721,17.2703251255585,10.995269831467,7.74249410911665,4.94746159470373,33.9616304303893
2017-02-01,37.2474118409489,5.20387952982107,16.9402535026889,11.8714975009,10.533729763865,3.98299204797726,39.7886240677132
2017-02-02,34.8600515059165,4.85126907631299,17.4538558978789,11.7532588975122,10.245115483951,4.0184431035187,37.287621734577
2017-02-03,28.0646753000259,5.39818799500702,17.1620727865676,7.98634684023235,10.1704820362618,2.34336459255585,37.2822478095435
2017-02-06,27.9185834903482,5.2458995204902,17.0959858338081,6.78712544351927,10.0368810400275,2.35332293392577,37.3320591444907
2017-02-07,26.9688154160653,4.59266523006282,17.3933450470244,6.30286551583585,9.83636740949769,2.37278243280067,35.3262433983829
2017-02-08,28.1883135864928,4.59764335890724,17.2227708481667,5.664949764408,9.80186902239283,2.44539105132867,34.5772844705728
2017-02-09,27.3513203835208,6.40805699755222,16.0686246899745,6.21518849572623,9.72287959910332,0.943968532821141,37.3615086298751
2017-02-10,27.3354574035769,6.31341807848457,15.969073443254,6.40836741408176,9.76997933410934,0.933523334201902,37.2663616328458
2017-02-13,27.4341245881733,6.25058125118458,15.4529361048551,6.1861039555672,9.81819756430643,0.979999469474935,36.93664690509
2017-02-14,27.4197311179188,6.08587576402993,15.4015756880568,6.06725819126442,10.0382057849742,1.03313260789689,36.8296504017816
2017-02-15,26.8609954523362,6.11473909328584,15.2385334027826,5.48743102348142,9.50831822682116,1.11214714058875,36.5637494922989
2017-02-16,30.6249679850708,4.74005384217312,16.1269723780023,5.05077257011258,8.84438056386784,1.11101878597624,36.0693521092472
2017-02-17,31.3512666842998,3.88014189160675,12.7838222584666,6.08974747406628,7.34498583592645,0.787718204235583,34.5557615654437
2017-02-21,31.8364114385885,3.73463892980068,14.5104172015008,6.00053760500392,7.22207309833193,0.805873945402986,34.4898555565143
2017-02-22,30.9019502044494,3.82208716289922,15.0413458313719,6.16147153160108,7.22392110866523,0.760705604348437,34.0673531548267
2017-02-23,31.0823665112142,4.85098122804934,14.0713724972773,6.25249008991882,6.88014198463383,0.876199197865937,34.6816648673729
2017-02-24,30.3653197678697,4.45031401863608,13.9303798052322,6.35510970703578,6.57155120822419,0.968287346411446,33.2979552320393
2017-02-27,27.3220118235529,3.65395422059689,11.6049752386429,5.65584108458285,6.42010911857705,1.26848729966474,33.2748330226341
2017-02-28,23.4808604716331,3.37790413303524,13.8504801564697,3.7103308827428,7.24449878735709,1.47195487975674,30.0538437152905
2017-03-01,24.5915787082839,1.89648209283873,13.9453660469045,5.23693006558515,10.4615475418264,2.07935111847364,35.0259526336846
2017-03-02,25.5003809208404,1.49108983917447,9.92597095583597,3.55720843808912,12.7610423262507,3.74575863955399,35.1108779586004
2017-03-03,20.5246314036432,1.92981630567962,9.09767519154887,4.01879563891389,12.7924182641693,3.71504754637362,29.6720017850973
2017-03-06,17.64766102096,1.77467707830604,9.17121538953487,4.04474054221622,13.0105622942312,3.774125914486,26.4353959253259
2017-03-07,19.4539565379718,2.17021264901921,8.91639654911344,4.57904539158631,12.0068667005253,3.54889518853977,27.2055149496118
2017-03-08,19.8420769355303,3.07632214471873,8.8216263377726,3.88837268149822,11.850254650994,3.51687188930739,28.0440028563602
2017-03-09,19.0025295769656,2.82606597701014,8.98911828741245,3.53334508050693,11.6118358176255,3.13828970220521,26.0255908924474
2017-03-10,18.3256842957258,2.12703963323519,9.04252275751962,3.22827524353537,11.6662814600615,2.47096799218432,23.2707177527803
2017-03-13,16.416979813093,3.1351085560727,8.94275630288009,3.48925848285545,11.3048411456935,3.27470829769332,23.3932510703038
2017-03-14,16.3496854600439,2.11364745411185,9.23723199705715,4.41719346952695,10.3072072833996,3.68492385761176,22.3048758421112
2017-03-15,13.4066002496991,2.18750830285796,9.02358054319847,4.53460108952752,9.52494955388245,5.74358333943335,18.7984925467433
2017-03-16,37.4557709152907,7.06446785249395,5.6940746418761,10.7597884443241,44.6743716746596,6.63081037883123,12.3158367186643
2017-03-17,27.5547868707626,11.4277386033526,7.73608264060539,17.2942639014901,42.7825506976542,6.06091136671779,14.2456757731464
2017-03-20,27.3180829782284,14.5947658184955,7.7859158391482,20.188663748911,41.1742832573583,6.08687636455783,14.0025563813545
2017-03-21,28.5800683415599,17.0427797894613,10.774058640185,17.6175348962168,38.1059527855107,4.86002643417136,16.8868904055734
2017-03-22,26.9496015036314,18.9206083658762,11.9503377791864,20.359267562407,35.7545565500762,4.84056614970611,16.8191347975605
2017-03-23,26.9477366865003,18.9365214309395,11.9253988507094,20.3544431078864,35.4851285852056,4.92201936054995,17.2914445842287
2017-03-24,26.5680313274711,28.0698117988095,17.4714334981865,19.6409640955663,32.4675985011392,5.73176599327612,15.1692252777727
2017-03-27,26.805069283765,22.5108246701275,13.1325130043702,13.6569791998123,32.2631448851241,5.53735260070782,15.1201843904941
2017-03-28,26.916245619452,19.0983723914522,12.7451806586618,13.8644779752836,31.5911672179572,3.63468298656581,11.7344683315621
2017-03-29,25.518725576368,18.6191985029712,11.9641615716,13.0884234330951,31.1460826172854,3.29852694612686,12.8729736060344
2017-03-30,27.2882081601539,18.60810630903,12.272575979431,12.517229962008,30.1020450786777,3.32494487073337,14.3265337125341
2017-03-31,24.0055209892896,23.483867067698,12.2362859525633,15.7232390922589,31.4325626027938,5.13983285847652,15.9803296730183
2017-04-03,24.1696466271464,23.1580692068731,12.472761186571,15.5951378280646,31.0759181990905,4.86820237733809,15.9237606072836
2017-04-04,24.5302271168542,22.0264280145077,12.6445460878973,14.8937566372197,32.5815164270279,5.29600918814953,15.6317050549803
2017-04-05,23.9179707003018,22.0569632213548,12.6134680411172,15.050887523953,29.7552792216499,4.50805888821574,15.6317804451809
2017-04-06,23.3525070434827,17.125968882091,10.7135716863669,14.4556782536825,29.1523851383187,5.34940293212487,14.9325649074029
2017-04-07,21.8636732220194,15.3428926451974,9.72482408898456,15.8857986676589,27.9941172159248,5.69900253432865,14.9883230656373
2017-04-10,19.2807966702978,15.319411754338,10.3892286489278,14.7578894530031,27.2206778954242,6.34271158653911,12.6029456960244
2017-04-11,23.6512975124234,15.9854591300854,13.1083620009613,14.4156162681883,25.3976292224852,7.04823166601864,14.3056089012947
2017-04-12,25.0338896623016,15.2802226144442,12.7621450535828,13.4150348390992,24.2978123010874,7.14628935826436,14.0581896464463
2017-04-13,27.5964633861356,14.2407641303661,13.3737090220813,16.2295419365659,23.9914461621135,7.01930379789777,13.938938087064
2017-04-17,29.522636596001,14.6383035341573,12.1220727320496,15.6854679607532,22.9185670312194,3.96269675895197,14.0849264509529
2017-04-18,26.6320089192443,15.2369984480339,13.8018507754406,15.6019244061394,22.8407788558407,4.13546097887776,14.6051544684305
2017-04-19,25.7565327516092,14.9089395071546,10.1488395926223,15.0081737884006,22.6235042783045,4.44614174916408,15.6122255919002
2017-04-20,26.2274070382054,14.21055681552,9.84014761759022,15.0703114473318,22.1604811482218,4.77225108408517,15.5157469715325
2017-04-21,25.251679842111,14.4192855506959,9.68775177976943,14.973828711969,21.8062556248106,4.77425654779119,14.8744082056142
2017-04-24,25.6907016832611,14.1722746266853,9.102189779387,15.6338635878295,19.8869992959229,3.8000972560885,14.1664067530324
2017-04-25,19.8008373830199,12.8382335218433,8.82683209746249,12.88835484984,19.1453680567908,4.15259041629114,11.6331319774705
2017-04-26,19.9943070253122,12.7836322076903,8.6353859434135,12.8449593397543,19.1677352966581,4.00359823347099,11.5903315619996
2017-04-27,20.1968754448453,12.0096270764372,10.7083621820528,13.5660554636737,18.7745027789691,5.03858588706159,11.3374992930197
2017-04-28,18.8882005820773,10.5111961861457,9.63686795478202,13.0911781347867,16.8740783478427,5.2381616045459,11.3516364312864
2017-05-01,19.2448746467703,10.6327364170608,10.1074543227916,12.8363033063524,16.3472448261555,6.37388872650997,11.1655528570727
2017-05-02,18.8065486869858,5.94391003712578,7.9787450469122,12.2260454024626,14.2663821919449,5.79048037445963,11.5933938786268
2017-05-03,20.1977707386594,4.94277509723495,8.13109989726037,11.6952744378411,13.4117927647851,5.99904385497186,12.6138453004906
2017-05-04,16.0711218714343,7.74193746660805,8.97856452602172,17.4304417275638,11.6066776515806,4.799914450856,7.97765383967759
2017-05-05,15.5677523138847,7.65504549029472,8.54467261538929,17.0221765493383,11.0134932739652,4.74777247290237,7.66331457894537
2017-05-08,15.7564799184043,8.33919417668504,8.31075915547896,16.5897260700645,10.8243612761091,6.39478860527578,7.68986554795549
2017-05-09,20.2484421912791,6.93986776358064,8.10652155346805,14.232226616307,10.6642945969968,6.89806516418096,7.66485316633714
2017-05-10,18.7247789808335,6.74453030734847,7.94709212442097,14.0914646489861,10.6734422982356,6.76767206431566,7.65012994572514
2017-05-11,18.131673997409,6.1761078135053,7.96446230783929,14.1178852222152,10.6426303861194,6.56685403022954,7.81830490694879
2017-05-12,18.3661581482562,6.70053011257629,8.74334647721994,16.1708597716066,10.3574050117394,5.11804446235552,6.82771307818526
2017-05-15,17.8249030859894,6.99955395763505,8.86378007507025,16.9717709470095,10.2596436553218,5.0556147621139,7.36277780973168
2017-05-16,17.076883068407,7.34562441529078,8.06142527155083,16.3380603652498,9.69276284650842,4.90705997378834,11.3027078334135
2017-05-17,24.8067440030503,7.54431509480922,7.23271747675868,15.3581769647373,8.1574867355869,21.2717311800621,20.8195137646045
2017-05-18,28.3666378816486,6.27649039044759,5.38044723507759,14.1398894054984,7.61946057357221,23.0696350958201,24.5594073343061
2017-05-19,25.5127677401776,6.31884525792978,6.35614885880944,16.4428692536394,7.33858408484007,13.9939588681544,22.2537744932406
2017-05-22,24.0005912259679,8.77596852034708,6.35710189143192,18.692209943843,7.39826953886523,13.8641238071322,23.6843305354065
2017-05-23,26.1968571718985,8.87639137655033,8.72473126455006,16.5180456608629,8.14216837079049,14.6646309265321,24.3753678144763
2017-05-24,26.2405785040697,8.43910301497139,8.16453445542456,14.849199150027,7.93187478620997,17.04115460627,22.9082753961176
2017-05-25,25.8733367010761,4.49819003329851,8.7942296072122,13.3295386524666,7.68065931522889,16.0388026498708,22.9283656948044
2017-05-26,23.3477157363085,4.85637323427387,8.65581011525508,9.95469370821817,7.50219731916779,14.1250396694857,20.0334903135402
2017-05-30,23.1026355106722,4.69794076785343,8.68663802517916,9.50616998773608,7.32341327791545,14.3807331396313,18.5640033727541
2017-05-31,21.5658967720306,6.4073790453612,10.4547422619167,8.11427821506016,11.4577815570414,13.7246646831112,19.5063820272217
2017-06-01,24.9910384430951,6.40237335846825,7.45403885700488,5.63586271345228,7.51193663484142,15.6948929179073,20.6871506235397
2017-06-02,24.1819376322615,6.6433768790833,6.72311278676713,8.78359860676533,7.07044925776098,14.1044650859345,22.6655720578751
2017-06-05,25.4034481920669,7.36852294156138,6.34591452504242,11.4561282493563,6.85425272366571,13.4013838960823,25.1083825034569
2017-06-06,24.4633060345756,6.57076256970237,6.70843873504352,10.5941656126377,6.88847168303302,12.6505692599917,24.6427732717421
2017-06-07,26.2405039115126,7.50442423389129,6.6699328577755,10.9875782396236,6.89296132847039,12.4759551429907,25.4387817445467
2017-06-08,27.3795943717202,7.12355417377659,8.26432370146292,11.067151815248,6.93191072832395,13.311741659693,24.3837785139118
2017-06-09,27.8981006964304,7.01675260130173,8.02727865739587,11.2041261452712,6.87708905391239,12.9760437089138,25.5190047395083
2017-06-12,27.9465768233072,6.82318340104398,7.97853399872592,11.0477843416255,6.89834253564311,11.8257596808749,26.1912627751915
2017-06-13,26.571611438547,3.6038400037244,7.2699601393302,9.83879684725079,6.93151240392926,11.7431523058485,26.7648819262484
2017-06-14,26.0918808803004,3.26130581549525,7.2068947861262,9.18749777505503,6.96822113427209,11.5194370096989,26.3857776733876
2017-06-15,38.1306143140719,3.31104281964294,11.8480498898101,15.7384276838629,29.6591806336709,7.47731234216893,35.5458338464807
2017-06-16,36.9596221491625,2.74434628705667,12.0481565313618,13.6987134271161,26.6821280290222,6.87827128056789,34.5849205636286
2017-06-19,36.3555627002193,3.58427737294679,11.8562936079968,15.1985861306257,26.445668283437,7.2036243143476,35.6155030378533
2017-06-20,36.3507555019672,4.01650458148254,11.9113584432158,14.3362542864794,26.2290336782571,6.81863265314585,33.8147318124037
2017-06-21,36.343208888927,4.58630773910423,11.4501361577895,12.1452959156129,26.0389166082103,6.33972085008064,32.5134812642802
2017-06-22,36.1398418904538,4.64074658774081,11.7218685519908,12.5088352170237,26.0704726511012,6.42055920611561,32.0538242326943
2017-06-23,35.4977598873258,4.51096538770931,11.9158037248542,11.107949396984,25.5218180247278,6.02613836064715,32.7572258708929
2017-06-26,35.1044694029096,5.44668922043393,11.7662234528892,11.3029964630265,25.2007583550525,5.39871890533381,32.7548353762139
2017-06-27,29.497536354098,5.38070883009542,11.5518192320183,10.8700139356298,25.3524336508051,4.87037608181048,22.7092809773475
2017-06-28,29.29976460506,5.31270278657028,9.85133028512886,11.1751398270184,25.0175408227927,4.03251676590253,22.3940946997287
2017-06-29,26.9367058956899,5.34738023653394,9.71111653785968,11.6335155173938,24.950571535545,4.0926607970255,20.6864799324645
2017-06-30,23.8974411123842,4.62965910303694,10.0504360870431,12.2156999997078,19.6545897744269,4.46153290322014,19.0524795723826
2017-07-03,24.0782533374049,4.76710044580212,10.1173119844348,11.470473501719,20.2752937687138,4.48362239073296,18.9618203418605
2017-07-05,24.9051323841962,4.77012603299196,10.3721215941089,11.2940030928204,21.2995627348785,4.42170790389925,19.091864032766
2017-07-06,24.7690151248832,4.61385391549373,11.1969502253123,12.0559763963911,21.0419013370179,6.62638474513894,18.8464040718515
2017-07-07,29.0086325976379,2.92920631242884,10.2957321062147,13.785608652895,18.3609396301023,14.9134922766489,21.9822047118304
2017-07-10,29.7508721683821,3.21023063972194,10.2496952987516,13.9376618113926,17.4989307842905,15.5937497611267,22.6567700017287
2017-07-11,30.3961337447219,8.64872446796252,15.3380775194771,20.8950745229539,15.1499301684972,9.70293873719285,23.2431515960925
2017-07-12,29.1253710521325,6.10849063799586,15.8803970709474,18.4974279231688,14.5745460454737,7.560501498305,21.2803306408554
2017-07-13,29.3002031083607,6.59757830326986,16.0740828577666,18.3567783894868,14.5562332597745,7.79689384398892,20.979552759851
2017-07-14,29.543150471335,8.21899634676689,16.4588253717845,16.6915872327573,13.8537692316142,6.01133075226209,23.3254602226559
2017-07-17,31.3764316391336,9.50749166704633,15.4401462791827,16.2354783527394,13.7252758496367,5.72015401877128,27.5653235531798
2017-07-18,32.4204700173973,5.07285755746466,14.404987327897,13.3550127069799,13.4769530786833,5.21036446286225,25.6436763918632
2017-07-19,31.438052230216,5.66338596255277,13.3285085560352,9.15388457450703,13.1918367901286,4.74151879869599,25.2469498606857
2017-07-20,31.4680380728613,6.03573652748449,12.1247166787541,9.4600000591167,12.8571836936799,3.52993302616163,27.2012171427985
2017-07-21,30.2584133506464,7.26483866765515,15.9362589716623,12.1561975193919,12.3138981332214,3.81671705887331,26.5551815630255
2017-07-24,30.9540115284433,7.04649620547013,16.6821286700027,12.1341627146248,11.8602559146497,3.70371073585566,27.5625063500803
2017-07-25,31.7031279709989,8.6027855935298,16.7192451192609,12.5417308746695,11.609427676708,4.17005624996431,28.5763405020931
2017-07-26,29.6052733092803,8.01440962795307,15.0906904030733,11.0409710296987,11.62795964051,4.22522016459556,26.4358404687114
2017-07-27,25.4963366130386,8.86956650722428,15.9671921103191,12.2422035682363,11.2518172369097,4.62802229824747,19.9451221486643
2017-07-28,27.2746401654021,10.564933930289,17.272306484698,14.8066050384642,10.5414097066631,4.35791373283998,22.2302156323945
2017-07-31,28.5974263167678,10.1525885476781,18.9422882929741,15.3865206131494,13.5974004534505,4.54919605718395,23.4318744414938
2017-08-01,26.0046445162818,10.1588499660456,19.6680586021449,15.6669792710486,14.4760501638835,3.75760121358507,23.5611855352632
2017-08-02,26.0769696396638,10.1841822461945,19.2838413034217,14.5656751445029,13.5069825351359,3.15357433527971,22.9648380214095
2017-08-03,26.2957742861364,9.87594452363632,15.6508304518734,11.2686808173375,13.1787160562675,3.25856558250043,22.7473035045678
2017-08-04,30.1138978929276,7.62297789231088,16.8261508791628,10.8829879991246,11.7468410630197,4.50069609403682,27.8656046155591
2017-08-07,32.7909303509422,5.89188021945174,14.8992405578938,12.2739046508645,11.6223289681942,5.57549475625954,29.9373310060864
2017-08-08,32.678247275775,6.55182183004517,14.6424453112012,11.2056253169791,11.7237406177015,4.87409397658652,29.8488564013108
2017-08-09,31.3637738967194,6.91163700715362,14.2470250234163,13.1100026722052,10.8339285410083,3.99736395547263,28.394849572616
2017-08-10,32.8239746421751,5.8379646867452,14.5525987603651,12.4434434716788,10.6753287111055,4.70273171037743,26.4759866729637
2017-08-11,31.9910761327829,5.28592540616643,15.7373358466697,13.9808034057418,10.3382820367162,4.49424986557096,26.080508041593
2017-08-14,30.5633277566483,4.78381823254516,15.2297990372122,13.7235121395593,10.575215336125,5.89325378207449,26.1119748856534
2017-08-15,34.0806805271043,4.98672835990744,14.8983905784671,15.0027416386757,9.62809026047174,6.60211212327853,28.2567021419934
2017-08-16,34.2784640871769,5.0652980761674,13.8142326791433,14.9185869924146,9.22413149010816,6.76637384775396,29.6032974959698
2017-08-17,33.9928240681855,5.36292678732314,13.6983005906515,14.8418038544167,9.23809324228528,9.26381459694761,27.1269941424076
2017-08-18,34.1649348588282,4.75968667717131,14.2557567889976,15.0488954113083,9.041136581854,9.01248804604935,25.8054316589065
2017-08-21,34.1324964460996,5.05095482700158,12.0433809435566,13.2087304501987,9.05624824809885,9.10082113807764,24.8123249405603
2017-08-22,35.4286844170619,4.70959082471881,10.2629950378367,7.85028295208935,8.69197534428996,9.36393028630904,23.613308787121
2017-08-23,36.1334305469199,4.66936337026945,10.2279807568413,7.93667681638645,8.41489844908025,9.56294644755015,23.8803263084949
2017-08-24,36.4154875829001,4.87241592789696,10.4232598063796,7.79274438117789,8.08199180101208,9.7423340154115,24.0520915221024
2017-08-25,33.6286886545144,4.64436394582537,14.3572654690275,8.96018557210795,7.36662888874126,8.82910978429164,26.9121612204865
2017-08-28,33.6577679776871,4.60232350576505,13.2692184942089,9.09004248864465,7.31534252824622,8.67555409694598,26.4399310508436
2017-08-29,32.7723791975787,4.68235866272661,12.7809324643703,8.0134846619497,7.23519622379709,8.52205993676111,25.3432197617215
2017-08-30,34.1937009536877,4.90860193249393,11.4883040973323,7.12994169264248,7.20631595560819,8.69313073294156,27.1145704061499
2017-08-31,36.0918403906676,5.28542425642678,12.2772627694657,10.7943776149729,15.5974140704539,8.47553846625483,30.5298533680659
2017-09-01,30.8764834759989,5.7155275711574,11.2120080131852,8.24570512914458,6.64472028240706,7.992054709315,30.1849661665693
2017-09-05,29.2985365926777,7.00658256257942,8.729634681837,11.57306228962,7.38790352440745,12.9439387419058,29.2782257173015
2017-09-06,30.4962318016305,8.09587547998551,8.58818298401177,14.0453975686706,7.17541741643213,14.5650523118459,28.3231559445849
2017-09-07,33.0217282777443,8.07143357626626,9.50825305949605,13.2096109553975,6.82727973699363,13.4885929086899,32.3974228606416
2017-09-08,31.8559014264094,10.3236639987603,9.83444263695173,15.643016071959,6.42377159733403,13.6841211260688,31.935117996394
2017-09-11,31.5420642860414,11.7569152620832,5.77849873976428,13.4735696747418,6.28119483898686,12.6206226075618,31.6287052327944
2017-09-12,31.4020529708471,11.7038233862683,5.15330496584517,11.9403160993547,6.05519256149135,11.8074828358563,31.9999330588186
2017-09-13,32.3459430107563,13.9765429853264,4.377720763039,14.403469327459,5.99620366809595,10.1432630279342,35.3029217784852
2017-09-14,31.1068216515022,16.3722177584769,5.74946669593305,11.2996761584342,4.93591353185147,8.89799169129564,34.3434450664127
2017-09-15,30.8455720724295,9.09550164314612,3.28140410876161,5.9463476688582,4.78890319444219,7.85990600451269,32.4399804815885
2017-09-18,29.4115312638082,7.61296541913225,3.22127713160545,6.20135038042867,4.8339599320415,8.68090567891043,30.373518865095
2017-09-19,28.9521993803563,7.61743287850387,3.38529573078859,6.25258454280889,4.94742975106865,9.06043815414828,30.4088207316575
2017-09-20,22.2475972699219,8.06116257120162,2.76975793364872,5.90485379399715,4.88810358214053,8.98106420158441,20.2228191802804
2017-09-21,16.349103462361,9.79664523237258,2.7119099372142,8.89663066382933,5.03984419666175,7.78365444608568,10.5956951240788
2017-09-22,14.4771971488821,7.67929942485086,2.36165665790445,9.15258854582716,4.86881100696735,7.6903943872005,10.2461294428671
2017-09-25,14.5543524698851,7.66545964446815,2.31681286089781,9.0912686628855,4.80480055284345,7.57806050315127,10.1587533402301
2017-09-26,13.8677890990345,5.8310226255062,9.1403401605744,9.6121403966142,3.94661416443406,7.98515973687066,14.1296127545784
2017-09-27,13.6123022695701,7.36668695510229,7.43754323844418,10.2922216024527,3.65664096840099,10.3013026120207,17.6345048260881
2017-09-28,13.5938852678866,7.2612157968717,7.95121892560014,10.2280932775783,3.48343294790753,8.87112014079708,18.3834858489089
2017-09-29,12.3697045667334,6.98042189947793,8.5232024903201,9.83341007231517,2.65473340605711,9.43906663903703,15.6749961853615
2017-10-02,12.6760639075908,7.05947375572266,8.60982748107424,9.69395311236463,2.53377623687396,9.79976885232249,15.4996688991126
2017-10-03,12.7137680795041,7.01383868733934,8.89151185102215,10.6166401043617,3.68925627279482,9.70388231582098,15.4141621546107
2017-10-04,12.6849381297287,7.06448888839891,8.88139490530668,10.7012323528663,3.7609252099471,9.61459328031149,15.4073518593888
2017-10-05,14.3843616836767,7.187888791628,7.62314864187355,10.0880166521836,3.73995986741555,10.3917891168522,16.1796396061537
2017-10-06,14.5005197733028,6.89554670696363,7.3602315083809,10.052796468662,3.7813603250835,10.538203239435,15.8812959768473
2017-10-09,14.5665126455769,6.87923148826864,7.25362181293506,9.71883472986728,3.77322233458094,9.83031629741735,15.5658948428603
2017-10-10,15.2064521025964,6.33904812550891,6.90545519558771,10.0335378265044,3.72304907665146,9.07888936682933,15.7009808513055
2017-10-11,13.3935011394818,6.33809176939581,6.91337247666283,9.95152493322633,3.79189261524147,9.92093177633736,13.3571770397067
2017-10-12,11.6554358528258,8.7879620404843,6.99804322800126,9.89113489639293,3.80710460615231,9.82070432079366,12.4544436102474
2017-10-13,10.3266026281041,7.39995779004727,6.13174501071587,10.4761553392775,3.77945637631362,9.12706245749878,12.246014691115
2017-10-16,10.1049342032981,7.55201701998476,6.02916595797058,10.5277056883686,3.77572426920333,9.0781279600895,11.9494806176312
2017-10-17,12.0595922507289,7.72236067869775,6.05155648221627,10.28529425859,3.78671781349629,7.88212656098852,13.5797722915291
2017-10-18,11.7126842109374,7.55569589223855,6.05286216996689,10.6415319214377,3.78000762298822,8.38862813115145,13.3346464589287
2017-10-19,12.1585308603415,8.01337987729638,5.06531842692584,10.5148245019026,3.63764499290944,8.70739063632318,12.9686654368489
2017-10-20,14.1952586107064,7.99992012606645,4.563537642223,10.5235818371242,3.64062257620051,9.44670123970263,17.2046927540878
2017-10-23,15.9666571984609,7.7824133495412,4.4335211427045,11.1448345529492,3.62317023170057,9.11631585850271,18.8509792525585
2017-10-24,15.8990633102841,6.78935938421418,3.67306345870248,9.77686801734157,3.66461561015419,8.70019806752458,18.7498839072159
2017-10-25,15.8315175921819,7.35559005548645,3.59156673177576,9.44764182357178,3.61426486235503,8.72559380390741,18.0876656676729
2017-10-26,19.7340647547959,7.45658170946793,3.68016951872406,9.21503730238027,3.57644933961748,8.74835481489806,23.3639392907137
2017-10-27,18.4621412788947,6.45964838116058,3.77142972223987,8.12490068701038,3.85730764244774,5.86506411501154,22.3609209618757
2017-10-30,17.6408646544616,6.85845770733623,3.26836816012133,7.15683239940725,3.72115306485014,4.39570552299025,21.9443621806055
2017-10-31,19.7854091075294,9.80199568218197,4.8726411205448,9.2285085480774,13.7942782668139,4.86036273990312,20.5486785392252
2017-11-01,20.3168536606607,6.86956933666571,9.30918307776307,4.91940523691121,16.0061674064555,4.23578862177528,19.0151467958849
2017-11-02,19.5258680165101,6.25082176832639,11.3427131654239,3.3600712998433,15.5440418780323,4.2660122673227,18.2350171034688
2017-11-03,19.9963482783601,6.60669747772882,11.5347157244684,3.9250452643218,15.0815220640463,7.95705485034509,20.7141429838903
2017-11-06,20.7079951787961,6.61699557982157,11.5185744081475,3.87223629257593,14.9066695028945,7.98974664511315,21.5705107017811
2017-11-07,21.7649385858536,6.46457255329043,11.7705713761923,4.36435443757518,14.5446839421956,8.19253947312459,21.0875505359955
2017-11-08,20.1899210757486,6.29309012391839,10.9840107610532,3.35285976819922,14.0599819988723,7.16420154359472,20.3933990579815
2017-11-09,19.9322187265012,7.62704402477547,10.6598361847681,4.56838782800653,12.3562563579214,7.22505119871217,22.8343108835373
2017-11-10,22.0132041564548,9.75703791747891,10.9178561251217,7.26495091064656,12.112699650591,8.85603985361229,20.734715028171
2017-11-13,21.5192378190038,10.7504100453107,10.9699943095429,6.30487775590372,11.8876740289184,8.62678088315063,19.5344662142426
2017-11-14,24.3879511315951,10.7711361349066,10.6265047903685,6.02600478942494,11.3916386744382,8.40109446127355,18.1179892449322
2017-11-15,22.4657925009646,6.8736642547277,12.3732715558478,6.01980886268083,11.9196324138519,4.17689289909205,18.5929980546226
2017-11-16,21.7701531180801,7.06287007802508,16.8018672288195,10.7383154330392,8.47900996894817,15.3868115295263,18.87862995879
2017-11-17,22.7320907136939,6.06394653737426,16.9975065605602,8.78193106057203,7.67943470153286,13.2487956156411,21.4467452425087
2017-11-20,26.1198358360521,6.71433104901657,14.8053807252572,8.2168306170115,7.24523681435778,12.334099238466,20.7460418219959
2017-11-21,26.6063145431734,6.71251233137764,13.1792324262153,7.95053339371086,7.12793478458164,9.74232451173578,20.9195900741797
2017-11-22,28.7887186558963,5.9362165386466,12.7944496264564,8.37925520456175,6.94913585347927,9.70112058598868,22.6377156789115
2017-11-24,30.7873960900186,6.36208107283355,12.112923319555,6.9054252657122,6.78108632102972,10.9030980818684,23.3619939785713
2017-11-27,32.9082717410491,9.7628731250135,11.8295962619436,8.29313096604635,6.54708288391666,10.8346811075794,25.79033929871
2017-11-28,31.6881620459962,12.4165873922147,13.4748675608541,13.5325617220554,6.02366107787384,11.3962476468814,24.7404344990665
2017-11-29,30.0462066090024,13.0165978095281,13.3969095661059,13.2648241239883,5.73514768000416,12.4419291039401,21.5102060272558
2017-11-30,30.0816594124613,14.2835485246206,11.2730600614451,14.4354344284153,9.05453306758247,11.907495205391,20.2097572649789
2017-12-01,33.5090022977639,12.5106659970345,13.1368200281175,12.0450357027565,11.4613205093719,12.8313499686083,19.0733509060157
2017-12-04,33.9882050316374,13.4639015660965,14.9378157569131,12.4745765713316,11.670588970798,12.0402730587346,18.8014376602534
2017-12-05,30.1003324357042,9.56970540407277,14.3499354354827,6.79849331522258,11.2401053536228,10.1371815266209,20.0000225528258
2017-12-06,29.4215494103088,10.1243825005896,12.8158600715883,5.18722463206651,11.2289295148851,12.191073742944,19.3161230515462
2017-12-07,24.8873700015751,18.9212131504833,16.9161666567873,4.91316534080222,10.3928751212297,19.0445519498669,19.1374912237434
2017-12-08,24.07826033341,16.1811624139556,17.2753312686968,4.87293818712746,9.77654622048096,14.244579545682,19.1066073179861
2017-12-11,24.1246143449825,13.6181831803926,17.6211420559395,4.8258048989877,9.7052877061385,13.4987782994421,19.6843459867941
2017-12-12,24.1582634643669,13.6314731445504,16.9473993692026,5.18128135137091,8.82447263966186,11.396126548395,21.1400357220901
2017-12-13,26.1732017396655,13.749760995505,16.0482738515424,5.14262265603837,8.43095266500623,10.9479766335169,24.3258304656616
2017-12-14,23.3573953889945,13.0221990900237,16.2422491658275,8.93104917464346,20.6900612327643,10.6566200530745,24.741881540776
2017-12-15,20.3597440719526,17.1502125488859,17.0027653614151,5.95096937782735,24.2813418614801,14.3666889929491,30.2451653584709
2017-12-18,19.4301499363399,18.1424217566597,15.1942579094948,5.80638794779659,24.0639621854132,14.0859934025551,30.6556401281672
2017-12-19,18.0951737704355,19.7792820998527,15.4138335649916,4.44540325025781,21.9606430959216,15.1263265947215,31.7571850213407
2017-12-20,19.0456519828985,19.6978020000208,15.703894614815,8.71641807620901,20.4507012431082,11.1520121423875,31.0689801231634
2017-12-21,18.9301120883482,18.4466507075928,15.337056614996,9.35650405448226,20.5008890723157,10.7780427297515,30.8593095014256
2017-12-22,19.341030467288,16.2063449471137,11.8182234454725,10.35406229941,20.3481863093698,10.3467030525249,27.3420740279299
2017-12-26,15.7482142312578,16.1985485214592,11.5021559855268,11.06043157191,20.2562039957408,8.51062732244106,26.6282390457411
2017-12-27,15.8217853436023,16.2281051703025,11.5206829084249,11.0034356510749,20.1828298253598,8.521431203659,27.0885542150129
2017-12-28,17.334608471809,15.4673066296918,11.1350731754045,8.3260134602112,19.6006800595378,5.41616766828064,29.7525767321252
2017-12-29,14.7626875522215,14.5844615622043,5.53637473161762,9.31582945966794,17.2878694390212,5.92577859403093,34.7416960605131
2018-01-02,19.5054435639464,16.1155296184545,2.40090015977875,10.8894748080404,15.2813595317874,12.4584867496349,29.9681097719589
2018-01-03,17.9142304442066,17.8281421833414,6.3974998360775,9.57059775217183,16.5230691633255,14.6189422524209,31.5595177565879
2018-01-04,18.4317855544139,17.4086529002312,5.95259075303682,10.804423905941,16.3558013534695,14.6642468982075,31.1907921946707
2018-01-05,18.1789524192765,22.214784520944,4.63358552083327,12.2604335727762,15.9010741812995,15.1498687326418,29.1655922899372
2018-01-08,18.1764160571037,21.6076203236799,4.70686717690774,12.2135024975086,15.9177060823156,15.0361591205357,28.1102104243163
2018-01-09,21.1737525053287,23.4151767240877,8.31164112741472,12.7700374636061,14.795818984821,16.4777487402623,26.2789675215488
2018-01-10,22.5000208690426,23.4081170570786,8.38853193650902,13.3488120130131,14.8202330614428,17.5884486175383,26.0523972800262
2018-01-11,22.1068540593819,21.0427517917493,6.51753965329443,12.4201707417084,14.5863962005951,16.8952364605438,27.8066055080475
2018-01-12,26.7951806969814,20.5212206126648,9.11914809191024,11.2670967646001,13.7703420972246,16.4400090744917,30.7831247300133
2018-01-16,25.0722456539747,31.7619388676555,7.52281276412252,8.92766110883307,12.9257257510809,24.119718183138,41.6183978985611
2018-01-17,25.5793871467864,27.7297282990917,6.68081698991519,8.50874888549617,12.5836068269273,23.8202946944553,38.5971790113484
2018-01-18,22.3780763727869,27.875430992091,6.12148672316649,7.99092000609936,12.5080671729507,22.9446611440064,36.5015790336845
2018-01-19,21.1987463983311,26.5805944993086,3.5476136687391,10.3136608649888,11.170534632505,23.451348528841,35.2521200927625
2018-01-22,21.0231788694466,26.460098014204,3.48708607555385,11.3235777638713,11.0486160156447,24.6507769766625,34.7176252544952
2018-01-23,21.3526843402708,27.4918076189916,3.55340069671134,11.4677811494508,10.9148191190298,23.5522956143664,35.4998723157585
2018-01-24,28.6481934885799,24.7580390270643,8.17891283054004,11.7234590541585,10.104988726194,22.6024245524152,41.273250165825
2018-01-25,27.3577119664025,24.5717544541207,8.01046044461728,11.6501059126384,9.35133486982237,22.3829888696114,39.1926758150748
2018-01-26,18.4069264897361,22.3827424532813,8.70839458724814,13.2258971020812,9.25031854836629,22.9360156800786,36.9073183986752
2018-01-30,21.752845550453,26.9451772291656,8.63852076723318,7.49522864287587,7.4364180504252,25.3759174915261,33.3145743316613
2018-01-31,21.4543160972497,25.5701095348565,8.04941185163842,10.3436828083196,3.89390471556589,22.6193558331258,31.1114093939024
2018-02-01,22.2318439938888,26.4848768496204,8.50829405066072,12.4082506538277,3.76681435281616,19.6370544100038,29.7538308968699
2018-02-02,32.8048193376723,22.3980377408638,7.74808532998782,13.9333158541652,4.06960576937849,26.0704449691352,30.607336358272
2018-02-05,30.6739080811295,18.4200455700188,6.63281630313355,19.8437943890084,3.86448524968505,33.6945264739485,35.8618595134854
2018-02-06,28.1910492010193,17.6203275033847,9.07453427555323,19.1625535046777,3.8285317141301,31.5104233493104,35.7021003841998
2018-02-07,29.7444785782072,17.0114170649664,9.60625905591868,18.501781437871,3.84806706742465,28.5522644343601,36.8775124332228
2018-02-08,29.4348027165223,15.539651978219,11.5811741872147,18.3123810374155,3.70486661391755,23.441772132205,35.8813179747945
2018-02-09,28.5777357350251,15.0732948894414,10.8139945109085,15.9117276242455,3.69237357677182,22.1901576476888,35.7737631049196
2018-02-12,28.6783383790115,14.8522392306801,10.0955646670273,15.3162708149199,3.62069901942245,20.7059190426468,35.517590091963
2018-02-13,29.4354272576599,13.656558495582,11.6975237965011,15.4129268029363,3.21972454175833,19.8464002155753,32.7985129441282
2018-02-14,40.1892984173168,16.7231299676337,10.3357300257195,11.6087610968294,3.11181349370483,24.6994729356914,36.6707128152558
2018-02-15,35.0851762487925,15.804610559575,4.16321326537094,8.82877007153322,3.15633764017955,22.8054804558331,32.1455515775696
2018-02-16,34.3750718969662,16.0022452306829,4.64574685320765,8.90516165855506,3.05428626630598,22.4714255535264,31.144839981009
2018-02-20,32.9143033614978,15.3685531767083,4.42626667140369,8.75123267913662,3.06234115611585,22.473625737896,29.7583492895682
2018-02-21,31.9198565324634,15.6216894249622,4.9446713335181,9.20707964496309,3.07930422189057,21.5964034540827,29.6735482168682
2018-02-22,31.3751318042522,15.1720206940615,5.06333720821837,9.58482393211007,3.04122674109361,21.2066663000281,29.5543895973081
2018-02-23,31.1698708508306,15.3683644729482,5.34323273893139,9.73582444821884,3.03064081850894,20.8191381067033,28.8620066844786
2018-02-26,31.5628209526146,15.0535150114412,5.36399895575364,9.58619079081058,3.02648984150174,20.4588866696498,28.7174042243169
2018-02-27,33.3236644933866,9.97573768354633,5.01047325173691,7.50490944386553,3.00392687844174,20.6997923838733,33.1055885335458
2018-02-28,33.8534733573177,9.75752872130166,4.42057522626033,6.9530409929991,0.691681791848796,20.512446339856,33.3648216839752
2018-03-01,34.7528634860063,9.91555022433892,4.74448854826708,10.5979243892842,3.8972870409261,19.5213211412423,26.7203905753107
2018-03-02,38.9064134173258,9.67348642163876,4.07204395770019,10.0005061240821,2.43320736945597,21.4912969926223,30.6149909573052
2018-03-05,40.362952026368,10.6640517725124,4.1480384564795,9.67010699767288,2.16519652617256,21.5266819757054,32.4826388869484
2018-03-06,40.6250412549285,12.3739004293067,3.7862518388071,12.9643158149878,2.72531217337151,20.3885528212507,32.4740401422856
2018-03-07,38.1541409265692,16.8723600263127,5.14493404314639,17.5098146780294,2.45079978269849,18.0544775786817,32.6322723560572
2018-03-08,39.2687698507134,16.0796887911249,5.7098996104488,16.4140538928145,2.2860043012655,16.1150096183499,31.3322307181213
2018-03-09,39.8948199376513,15.5104088757802,4.43674693706547,13.8190347699015,1.85032750221306,15.968658134592,30.7736843814108
2018-03-12,39.7240997448887,15.602414801875,4.74299758425371,14.2097036621501,1.870802181723,16.1978124261338,30.7163674765353
2018-03-13,39.1868580445219,15.2011264780087,4.50193245809136,13.6684142621366,1.97135624224339,15.6253071351131,30.7623541332879
2018-03-14,38.91253367816,21.0483861190607,4.10017660619288,18.6442100729447,1.91324534346349,15.9952884249184,31.2627201460113
2018-03-15,39.6072243977267,20.6255730556371,3.98556890479178,18.8810286156695,1.89028888237897,14.6409193827579,31.9634023537768
2018-03-16,39.4058441075856,20.2410408985195,4.3831006749219,18.4964017409884,2.02779466900542,14.4841354541313,31.8268043038083
2018-03-19,40.419735834638,19.9044310574501,4.27627192981184,18.7184943904378,1.95163499831367,15.9858502846335,31.8991951818408
2018-03-20,40.0607139677741,22.3078617273544,4.41333232206627,20.7864552034518,2.53810540369908,15.3337754247654,30.9880716160733
2018-03-21,40.8056862831802,21.567086291345,3.98919814697949,21.7748845880525,2.31161375942113,14.6906462144647,33.3856327276058
2018-03-22,33.699181328564,20.5008456737038,16.1080617171967,26.0585822522419,27.0573692828122,23.8946705099198,33.911964576051
2018-03-23,35.1068668432628,20.5561447819116,18.2038365172029,24.38126014638,30.4326632630288,20.1614084440147,35.1812995085712
2018-03-26,36.4844538024792,19.8556539503241,17.9897473472982,23.6890577264216,29.5647482737595,20.7664324129306,36.3152674536706
2018-03-27,41.7226596401972,23.3741246850558,19.5911782479055,25.7562494361095,27.1757055795243,21.3942826038864,39.6652307631531
2018-03-28,43.1048977556031,23.1747037757499,20.8188476507803,25.4444051987002,25.9586833950476,20.7257293370322,41.5509533221318
2018-03-29,43.0637552066417,23.867884273017,20.7101950573722,27.1087407669361,25.5381305793463,18.7609065199422,41.5583242501971
2018-04-02,42.9610179465695,23.326179693092,20.8048635126349,26.9497643738421,24.7154970036286,18.3442079249714,41.7417700949228
2018-04-03,41.0343841526239,19.2704259239409,20.7893700196421,23.063901816694,24.5642599924589,16.3975045254648,41.7655519313941
2018-04-04,41.1941159820789,21.8145026268086,20.8909671312739,25.4469827599884,24.3265740386486,16.0965143121079,41.8755758503828
2018-04-05,41.3062663217432,21.8869941470067,21.002682215153,25.9600197924678,24.1846285788751,14.8787878842689,42.3043663498104
2018-04-06,39.5710314115756,22.7020689115978,16.1379697829461,25.7133043892085,23.1420265828929,13.0848835838353,39.570876121695
2018-04-09,39.8149536121539,22.5325056895732,16.1055691825362,25.6115860296088,22.7801011042042,12.7893308165924,39.8073483561089
2018-04-10,39.8225431409875,22.6790614113316,15.7703752737303,25.2772654822486,22.8263825407259,12.7847566492377,39.7034635133115
2018-04-11,37.5847132236765,21.6388655213118,12.5733709225785,24.3768778837735,20.5760583302758,12.5082503072238,38.5318704142789
2018-04-12,37.9143086618872,23.8787472999445,13.0292537945541,23.7133750184398,20.6483517227582,12.0081444192018,37.7109482360523
2018-04-13,38.5252494834169,23.4515108925529,12.0625311660626,22.9568284474143,19.2994539202365,12.1248507666144,36.8641972390573
2018-04-16,37.4447200327195,22.5451921805086,12.0111613343633,21.8691253635788,19.2041837248588,12.2015310468664,36.1484145317863
2018-04-17,36.6930082737653,22.6347627062353,11.1366298737335,21.4107997602751,16.9510697611057,12.0778639015971,36.4134354825817
2018-04-18,35.3830618556455,23.2415117946534,10.5124312853638,22.1038791243147,16.7840443099628,11.8992114013595,35.3558663767362
2018-04-19,35.3502839954751,22.7666194223408,10.2858098794662,21.7309945995711,16.5012827600061,11.814928582224,36.8492442437995
2018-04-20,36.8800691936218,22.6855946857891,10.5800359238405,20.3809721655926,16.633075122771,12.0090463913088,38.1753508288618
2018-04-23,37.6212795182216,22.4973952770231,10.3984499320768,20.5171004712997,16.6222126611362,11.3910893638852,38.3371914469173
2018-04-24,37.008792634257,21.7679037063323,10.1200102429873,23.0983175100483,16.5625941407551,10.1516825119715,37.9375890992362
2018-04-25,38.5356287287914,17.5436715011907,9.41104864107061,18.8021175252665,16.5791561515131,9.91595693528641,38.1760348166465
2018-04-26,38.4300701465244,18.1880157294163,9.55951807838532,18.9734037469742,16.1173496768014,9.13283775285064,37.4174934379862
2018-04-27,38.2865250300941,18.3008962908215,9.28167664151837,19.3930264418719,16.0714391147868,8.9372006877394,37.5309243350431
2018-04-30,38.3464371141284,18.6813485884022,9.14785364652124,20.4185512677735,16.0393760766307,8.83354811506373,37.3863119944265
2018-05-01,40.1947558649055,17.3010128380525,8.96396178221273,18.5418008462862,15.9371626499096,8.36970856805269,38.7471288218415
2018-05-02,39.9252837601093,17.0962769015305,9.14854391110468,18.1629650076939,15.8364048851382,8.48115123150892,38.6059633008607
2018-05-03,39.9461563579913,18.3678309782283,9.16203217411487,19.0682259599403,15.7369914127022,8.47498756775661,38.5164899311937
2018-05-04,39.6924386006739,17.066988563593,9.23364780872312,18.008417679105,15.7695944205693,8.6280474880845,38.5873278953381
2018-05-07,39.3127986986168,17.0272685774738,9.16665248313508,18.1743388861109,15.732536056352,8.52590228918662,38.2828528778499
2018-05-08,38.4059436447466,14.0623154733797,9.08551123007683,15.8487122362805,15.6579789603653,8.4394531485815,38.4943592555762
2018-05-09,37.8072669256272,12.1412855115065,9.09353730599415,14.292954683146,15.0475373458763,7.98830256468775,38.3601674053166
2018-05-10,41.0692267242751,10.9584213785828,11.4560801972158,12.6132856962805,13.4150539328617,8.38800971386198,38.7627349039976
2018-05-11,40.0371771293252,17.5163450232105,15.4256872633681,17.2197007668079,13.3419401689188,8.82357646837653,38.2763611356853
2018-05-14,39.8649008339787,18.222205599535,15.8286932076879,18.2097063470487,12.9072697268871,8.78538882120734,38.0221164524736
2018-05-15,45.4421532287104,18.3828459523745,16.139736596,17.7026403865657,12.0599252895561,10.0524491161669,41.7137736393264
2018-05-16,44.8198272028394,18.224822438404,15.3491629956367,17.8160073597902,11.7280923175042,9.61117764610035,41.1001426252841
2018-05-17,44.8783841376296,19.0740221101637,15.4648649048863,18.3604291263225,11.6420184717525,9.60930412168831,41.0597801561619
2018-05-18,44.3571743231205,18.2167695624191,15.5123330815637,17.2782174927679,11.6277584021208,9.4603864426686,40.1520627530476
2018-05-21,44.0604548301682,18.2670649680306,14.8006178840862,17.352786572061,11.5841803453803,9.44860037552281,39.0856936418182
2018-05-22,44.036500945979,15.8667504992987,14.2177252115176,16.0612072437236,11.5572768173621,9.47318898182554,38.9227306142307
2018-05-23,43.3628457244335,19.2112955571184,14.9570496243759,17.1475647521927,11.4318875334158,9.28677494309222,38.6501323690392
2018-05-24,43.9121245718598,19.0805091200331,15.4227786420602,16.8337491526545,11.2557427134058,9.24852509195404,39.1525915525307
2018-05-25,41.8058481976009,20.0315808392288,15.190354957936,17.6829504784047,11.0868395958362,8.75401503476799,39.0199650293522
2018-05-29,39.4103927780225,20.6269648533727,15.6631203420279,19.5664769513309,9.7936206990789,11.0418920161584,39.0927177972908
2018-05-30,35.6252902419939,19.6958543158248,16.9687623282889,23.0238686698072,8.96092540506291,15.4665629512409,39.9395275066299
2018-05-31,35.5882510157418,19.9990625909014,16.4944388491352,22.9993265328952,7.72010545686426,15.0487762789426,38.3181738463778
2018-06-01,35.0256827473505,19.1579158004317,16.8492887412564,23.663854789101,7.69531055363214,14.5250700150986,37.4201365184545
2018-06-04,34.8919734218799,18.5512376918008,17.0253867838972,23.8933953657824,7.63135469856221,14.4412041222468,37.1136446430423
2018-06-05,34.7041152274218,17.8139488606489,14.045431539556,23.1118232788365,7.21537800836041,13.1060354659657,38.0692431282054
2018-06-06,33.5443704352495,17.3629498831612,11.734446167665,22.3300673807063,6.67201990300735,11.9698988806196,37.9244230320121
2018-06-07,32.9430555104714,16.6442342374801,8.69574548992653,18.3659000755827,6.32200535313042,11.2135678824042,38.367626339273
2018-06-08,33.1326353481557,16.0320333370406,8.4162337383214,18.2062356863445,6.29631900458717,10.9605940334908,38.1961435919143
2018-06-11,33.2169049305044,22.3133247677324,10.7436677883475,22.6363990792843,6.12237863203229,10.3065372437404,37.9270710209656
2018-06-12,34.5681875506732,27.9072480748188,7.24889418052591,26.3139729945997,6.08577464674113,9.6946782908877,37.2254646579663
2018-06-13,34.0977426208394,26.8919109103877,6.72747932386855,26.0105615642902,6.52672011454088,9.32948187134089,37.3685623435818
2018-06-14,19.0459827909508,29.7285523586902,5.76118516010366,23.693885321371,29.8205608483167,3.11718746621012,37.2070275402727
2018-06-15,13.6007188086442,28.4251935829025,6.06413886099188,20.3760026846579,24.8160179948528,3.07169597405691,27.1697979020002
2018-06-18,10.8707495821816,25.937018924278,6.40713052276904,21.4891499804242,25.0831073127833,2.88788768473242,24.5143136630997
2018-06-19,10.4424582830846,26.9545110922901,6.64737090824047,22.358044440032,25.3401364932953,3.32481632903929,24.571425973852
2018-06-20,10.0377741087271,26.5536939120001,6.60412917231212,22.3865871401841,24.8223680690389,3.74950819021086,24.0792905058
2018-06-21,10.2100646598267,26.2045884963632,7.00722326345643,22.4349443258653,24.6693899233665,4.12180813429002,23.4953456028841
2018-06-22,9.50404853729071,26.1481041040747,4.2719815600375,23.0978145238269,23.0848410313818,4.69324792884539,25.7272045887919
2018-06-25,9.16597312367131,25.7255994191017,3.9965480788427,19.857634258556,22.9899896982882,2.94301519949912,25.0443407882424
2018-06-26,9.99676847112395,26.0566189716949,4.16609649684457,20.4309694810858,21.4674949171802,3.91380828585853,24.58741718597
2018-06-27,10.8133980871374,25.7534109817428,3.00030155480522,17.8219800669534,19.1809277071532,2.97799192191998,21.718257044751
2018-06-28,11.0484022784686,25.7126665604272,3.03531667635213,16.7488291919728,18.991593119746,3.7368824359722,21.7687786688655
2018-06-29,12.1566016243754,24.0821897834973,2.94706667075628,16.483405628973,16.8357341309129,3.17409758105367,19.0478874305713
2018-07-02,11.8616961917461,23.6248216992741,2.99413686242525,16.1561672005434,15.9780291433323,3.05632783506275,19.247717844603
2018-07-03,12.3318996215095,22.9769497002766,2.82899234825603,15.5082949012659,16.0805817606478,2.92561286363949,20.2205476266047
2018-07-05,13.1867229935844,21.9235828264972,2.60300256486223,15.8540862848568,15.9157109167999,3.62243587398374,21.1504380143308
2018-07-06,11.1163623801309,21.5416795777106,2.72994373530861,15.9957311351298,15.6807319192582,4.3269063914686,20.9965695112158
2018-07-09,10.0070833590027,21.9132881864905,3.69482096994552,15.8974909578274,15.0317540810097,4.13041552735431,20.9717722318069
2018-07-10,11.0720573025017,24.0913025733088,5.00131369798868,14.2011405891229,14.7985481819911,4.12491410136323,21.2022717312214
2018-07-11,13.6758564969984,22.1505358045664,11.2457542604076,14.2086164854648,12.6898400888888,5.3221033976295,27.955656006681
2018-07-12,13.774896001802,21.7752610235842,11.045605257638,15.3817926391686,12.4775895045456,6.65716036551774,27.7163533596954
2018-07-13,13.0378292134632,20.3949531184452,11.0241221305116,13.9910321218168,12.4020319489738,7.01093007851778,27.0569568812716
2018-07-16,12.263288344733,21.1873414722135,10.9730966332623,15.6288174249943,12.2197754831923,7.30325615155713,26.7676891208027
2018-07-17,15.5658106806241,17.5020924064586,21.58724824624,11.837126859951,10.5752689423694,3.76526732070774,31.1841935054415
2018-07-18,15.9326444939056,17.1384594781081,21.624853663375,11.8480109274885,10.5581088136481,3.77958378244624,30.9904784920326
2018-07-19,15.0581657290116,16.6035246587927,19.0796673165506,11.0189574884605,10.5389703377612,3.71997440989903,30.765588527517
2018-07-20,16.7004686973795,16.6291763998902,17.1645978448451,10.4458813049356,9.41553673450157,3.65945820913366,30.6271536925339
2018-07-23,17.1755990051694,16.045424859169,15.7972590333702,10.387054674593,9.5170619404785,4.13631804922649,30.3486777684617
2018-07-24,17.6179266356367,15.1631936892713,16.8632465025248,8.06124598177252,8.8816569425225,3.97782663041169,30.7093818811874
2018-07-25,18.2246744759825,14.3829009671879,14.1556436294643,11.2759890428131,8.86602281267275,4.257547802252,30.6063001999753
2018-07-26,18.1885881214685,14.5971927236716,13.7464424557921,12.7876881252466,8.14213905905683,4.04189032030103,30.1886540784028
2018-07-27,18.1248764732323,13.2751418412282,13.5483640772012,10.3826545582688,8.08538767280936,3.52699461764979,29.7199664103698
2018-07-30,18.171748245725,13.1986826374576,13.5631347275187,10.7029973169125,8.07048489925144,3.86840856778919,29.4031909400615
2018-07-31,18.4477916715024,15.3836627623141,13.1917561958917,13.5553467482179,7.97073099335003,5.1775851368102,28.0737815470034
2018-08-01,19.5182828405681,14.5828098270987,13.8004503195334,13.8710627605562,7.87035334595221,5.1054336229329,28.51105676405
2018-08-02,21.4046157323145,13.2808686797772,16.8185662910917,10.9014110055479,7.17803829484626,3.38025261735373,31.0435048672651
2018-08-03,21.4361655970031,13.1529675021631,15.2615643361566,10.3019397693346,7.06834055023849,3.64004521215579,30.8211947063138
2018-08-06,21.7031926201552,15.9762243747902,14.6608990049853,13.5929663711508,7.10363232436844,4.70124531692826,30.6386534067833
2018-08-07,21.7232397868873,14.7129066363162,15.260322413393,11.2840772659032,7.02329411095733,4.40473739026065,31.1493366597897
2018-08-08,21.4783263154317,16.8648342989616,13.4306347621607,15.2524177350115,7.13874019790678,5.21552195141977,30.399966437758
2018-08-09,20.2845996873298,13.5818719944881,17.4153969811611,12.6044988174796,6.61558969024289,5.07883553752769,32.2210216500746
2018-08-10,16.8994362087381,11.4505219107025,17.2211952770667,13.0753237320966,5.87104985343009,4.66398765402398,30.6943046470573
2018-08-13,14.9585203003777,9.87817421290154,13.3780096102892,12.3382595692683,5.51457624820729,7.32993874244623,31.9785347324766
2018-08-14,15.3656515446428,10.641375923513,13.4745809155231,14.2049133993809,5.30785245775448,7.38918417187406,29.1862303029731
2018-08-15,17.9722332977566,11.3914837561097,14.0196112906957,14.9327539452,5.39725224651644,8.03108947206787,24.5216418086617
2018-08-16,13.4451390005864,10.3033938255874,13.0301682018508,17.1787103866523,5.21545661212789,11.8900662903777,21.8023169275056
2018-08-17,12.3888517335478,10.5693480158784,12.9425276885051,17.7768595975106,4.73824963126796,15.0270706608551,22.0425452973618
2018-08-20,11.669577512078,9.98345841053608,12.9279031712552,17.4609130429573,4.97234763697511,15.9212713713943,21.3048334008923
2018-08-21,12.4429195303702,9.66742050070604,12.6561187471577,16.3328215747969,5.16149460540775,15.4857451347662,21.9036273878678
2018-08-22,12.6319395919076,9.85984845373566,11.8300653956561,15.698002887741,4.9806574383102,14.3336047067876,21.4291514325454
2018-08-23,14.7464111279342,9.59880130414428,11.3982863131947,15.3417123538235,4.34325325387657,13.4784395512005,24.1556605152689
2018-08-24,22.8228283079626,8.77793647051477,10.3159891541117,15.4572732541445,3.75959990650413,13.1158022507354,31.3505364301246
2018-08-27,23.2214667965778,8.54704320389085,10.7987204485359,14.456682905648,4.23037608737652,12.4154556764925,32.0425130730146
2018-08-28,23.0364726225867,7.51827438438427,10.4184173779212,13.9658791759151,4.051649253294,13.0003804864233,31.867290249848
2018-08-29,22.1332898698335,7.48614336905126,9.95251808932874,14.0500163050294,4.11568393435984,12.6802586272421,31.4189064809682
2018-08-30,26.4020688931761,7.73634651691164,9.21492854194354,12.6415178507101,4.00852854327188,9.80537026530082,32.1520551742112
2018-08-31,25.9813610850617,7.7376592519375,8.95996729427937,11.8906097814991,2.73003803903445,9.27801615283004,25.1922488655425
2018-09-04,24.9949901744268,8.04151234850421,8.92838219723289,11.5057840752182,3.33658661537558,9.26546895846627,23.5031354712387
2018-09-05,24.9642789158513,14.5036217638444,8.90736187603723,17.3870571315545,2.97687087862322,8.430377667452,20.4920400967779
2018-09-06,24.5154212169655,17.2435915099119,13.7663030725054,24.3708951286342,2.93878829536418,8.78385663851056,20.3616823029724
2018-09-07,25.8398326979264,17.4447566530458,12.0714861305447,24.0392589024829,2.73176439453662,8.2112938535915,21.3781875318618
2018-09-10,25.3803364374625,16.625366510969,12.2811934830358,23.440262626186,2.74232848830854,7.1694771487125,20.8427101480571
2018-09-11,26.5738359058683,15.6314925142114,11.5203556024507,24.8515319075422,2.62317878545724,9.58701146178953,22.0314427202236
2018-09-12,26.4696743027277,15.4758708855836,10.5731921898499,23.8937149171603,2.80637226046431,9.82260244846899,22.6027629994459
2018-09-13,25.786037854201,12.3709199386573,10.6247279126841,17.477143642786,3.0743597955408,7.8897737356202,21.5099581036589
2018-09-14,26.6001701890792,12.1560454053253,10.5286022737312,17.2116216102459,2.86356715079528,6.52377616974696,21.4726285451951
2018-09-17,29.574396715787,12.2986914409693,10.040474095264,17.764377269473,2.74937282985543,9.37846400474574,24.6376539084271
2018-09-18,27.5802427069424,11.342804266172,8.2241728690419,16.6065695389335,2.75507808010021,10.3041153777578,24.9020663917844
2018-09-19,28.2782103305656,10.2140085507222,8.78761618679548,12.8406343714084,3.06466144130512,8.47700570531102,24.5212336867053
2018-09-20,28.3934694752004,10.9937322609598,7.82125602269754,15.1515149709039,2.72621734237038,7.88889327291132,25.9392278154927
2018-09-21,35.6273708208302,12.0889760721624,14.5584086208938,13.0675799040488,2.16276279248432,5.37567066682946,28.6632225292245
2018-09-24,37.0596331604383,11.5962292206258,15.5458331967028,12.9462254555905,2.26776508491239,6.03851192371207,29.4588112236371
2018-09-25,36.5501475972252,10.1269417635348,13.2554384684311,12.4853920917986,2.12302779868833,5.92940333391571,28.8631843997512
2018-09-26,39.0835786576593,10.2923548693938,15.7626947418309,12.1444879084798,2.09130029363582,6.36731938137808,28.6567061297102
2018-09-27,43.2397625344788,14.4994224056445,12.5493671006113,10.062799963037,23.5053666147053,5.31228035836191,40.7577388892908
2018-09-28,37.8887379333161,14.601847834845,13.070525587943,9.96518569446625,22.3669874127802,6.1010186616443,37.0732804129405
2018-10-01,35.0904739278103,14.0490681537592,12.4823214342021,9.7812587626532,22.4473661147308,6.14881688143965,34.6118371281625
2018-10-02,27.3114490072902,13.8389254813035,9.62847650975922,10.1787756680629,22.7021950055441,6.13543894470607,31.0707086415094
2018-10-03,23.8524888224921,13.5111592317593,7.20854974316092,9.61210169232266,22.466561974188,5.8693183087887,30.8224498777761
2018-10-04,24.3583392668524,12.7941029267806,6.63648131299987,10.1257857102044,21.5707465400644,4.9957675455775,30.6746032250862
2018-10-05,24.683666559937,12.3034861074257,6.56064365064713,9.99698021508515,21.0087180649538,3.8501547019034,30.9043584670899
2018-10-08,24.4626408001648,12.4018889050906,7.02064922498505,10.3350774052472,20.9641558991102,3.87675548890828,30.930115912823
2018-10-09,24.1628308534754,12.3870388740996,6.69301617553126,10.1862928172474,21.0054246094155,3.93629829692317,30.8381640872216
2018-10-10,21.0153019227288,11.8533931335692,23.8672806363102,9.39320327741752,19.2505920419544,25.6169391775156,30.7125410772232
2018-10-11,39.7525824342652,26.5731485540097,19.6279685833884,17.0111536489635,14.350583075217,31.9319205160994,37.6238195961075
2018-10-12,41.464588227942,24.3782623937221,17.9389533283733,20.5734319996164,13.4374565451273,35.7905738062902,38.9237987797161
2018-10-15,39.990676026116,22.3425612868393,17.9400186664754,15.1407421302022,13.2059809881709,34.8305939103163,38.83423287035
2018-10-16,37.0961836688868,24.103125967275,16.239041160144,17.4860564920602,13.0725833158737,35.5403196443981,37.046055987878
2018-10-17,37.7587961482653,21.1294521170355,16.2659178725697,17.530715055908,12.7786685698373,35.5228378651317,36.6988498388995
2018-10-18,37.5644094295153,21.8193126507365,15.8080815577209,18.0570912845233,12.692933414906,35.5534031218722,34.3608235817296
2018-10-19,36.8951516342772,21.7954790541155,15.754471107625,17.8123781234182,12.6095594428933,35.5418118700139,33.111862304223
2018-10-22,36.0471659263914,21.6194768164165,15.7680654305138,17.1091733587009,12.6309431046219,35.03799693152,33.0052070323021
2018-10-23,33.0174395082564,21.371759650969,16.0168906654088,12.9782102777477,12.4904793027923,35.1030376212663,32.2422496484634
2018-10-24,32.5261760585883,20.3591748455348,12.5225861889067,11.8278661547431,11.5452425410617,23.4315226657661,33.6779111510237
2018-10-25,32.4064928187117,20.394625975443,12.5229016382139,11.0351476220133,11.4565975306007,22.0252295855388,32.3333579311881
2018-10-26,32.7934851880658,20.4738499668234,12.4130700152827,11.1169970803828,11.0237502218535,21.942480851711,31.9530337204281
2018-10-29,32.9092926673236,21.0410587745132,12.8386740337457,11.8356540645623,10.9057690795558,22.3318240326742,32.3129144277314
2018-10-30,32.327945027011,19.5603890709417,13.3515411307025,11.4520677616812,10.3319521787036,21.5028755820941,29.8014601987594
2018-10-31,29.0945462239113,17.8713169214435,12.9987921377853,7.78511746947915,10.0816735698247,19.5825036633959,28.8283671765757
2018-11-01,33.3143774707202,14.9412878784589,12.3708120728824,8.90702989458262,7.7092885973519,18.3229417575297,36.2322330974608
2018-11-02,33.8867523996485,14.7698695886692,12.4666716408638,8.11127243738462,6.43412440552291,18.1112405935023,35.9985386316305
2018-11-05,33.742026663526,14.6737864176554,12.0782836324332,8.04504581753028,6.38553046606349,18.2874816552647,35.9719485790961
2018-11-06,32.9959530230086,15.0544393893358,11.2129335625499,7.95430363018676,6.41450892091919,17.5013479198862,35.1625209776042
2018-11-07,32.3680307016179,15.917268851795,10.7743902725941,8.99483041264148,6.18550383071511,20.2070329190441,36.2954065097144
2018-11-08,31.3194073715828,16.6146463102027,10.8110411699899,12.0239806570874,5.52791518895725,19.8624992560195,36.9964013698451
2018-11-09,28.3294053960444,14.6244723948509,11.3035657117248,9.11572151072874,5.45642241557281,20.4375610471487,36.2362163551099
2018-11-12,29.7928398244583,13.8415108120083,10.39523476482,9.11009472858249,5.39210378316138,20.2400938174023,36.7453925581004
2018-11-13,29.2827356454725,13.833253666193,10.5438300385421,8.98351500188146,4.95583494251692,20.179103782118,35.179670687977
2018-11-14,31.0917691452935,33.198993568383,10.1960665945782,24.1103399321999,3.57679142881168,19.227492478961,34.3519680384443
2018-11-15,30.3558771349358,30.6691931874982,10.5959584224249,22.4961411744655,3.60691022411831,19.5798127260625,32.5183387988008
2018-11-16,32.0260267053854,30.1522768990215,10.7145841926702,22.0525516409527,3.42406146933423,20.3927296218412,34.541319304047
2018-11-19,32.215422413542,33.5933864432756,10.2471540562939,21.7454892298779,3.42341044470534,20.3599900932608,34.5686357309155
2018-11-20,28.2342534746031,25.9035988153822,8.23953474701587,10.3972450009436,2.79463341106356,27.6720339594494,38.0562798400869
2018-11-21,29.8808486995178,25.5366418792066,8.32949405357026,7.72425937577655,2.67495651574375,29.2478583036741,40.0441611870667
2018-11-23,29.857872597442,25.0287983477736,8.23698416272829,8.474543803993,2.65692314661023,28.5854327708149,39.6942576928998
2018-11-26,31.9546595776956,19.7177498072948,10.6500665831039,10.9116696419082,2.59494447810923,20.5324710904385,38.8452484165522
2018-11-27,33.5725460431328,18.4482667033423,10.9571859205374,11.4060778678502,2.519186883663,20.4337472426326,39.8763368513589
2018-11-28,37.7011031233243,19.365832596594,14.0078697017278,9.67048251752711,2.17636220497752,20.205899467954,47.3597788531953
2018-11-29,37.8793710838079,18.8015308682119,14.0737267722143,9.39819920759264,2.16324821878493,20.3953807581273,47.5479947245009
2018-11-30,36.2054972037662,22.9999674590681,14.0102718496797,11.1996969490244,2.0171096402963,17.821665189153,46.4520245061966
2018-12-03,35.6319893640706,22.4629537585663,14.5004937460433,11.4087934657098,1.86693894840832,17.3787325152494,43.2806678933638
2018-12-04,34.0194358693659,23.4722700154614,11.6691229206774,11.6190870853333,1.63292886127468,12.8799096960499,41.6803902370361
2018-12-06,34.0758328577756,24.8191297431435,11.1720393113819,13.5989243101941,1.61297756123706,13.2988739128817,40.5340918361179
2018-12-07,34.1164204321907,25.6710475850177,10.6740656562451,14.3646463966355,2.48762793580925,16.5174265157039,39.3299355928831
2018-12-10,34.9812738546573,25.9226416938229,11.4003029185354,13.7560620123382,2.4041066071988,16.4556883134261,40.3618673653101
2018-12-11,34.1622390444507,26.7817838182629,11.2792623747715,13.7903700066342,2.38984878504253,14.9921673059263,40.7754971447464
2018-12-12,33.9089473544941,27.6780814375822,11.5748014762301,13.024799272396,2.30829838866035,14.3175141253266,41.9025417949793
2018-12-13,33.3620113136531,27.748144861361,11.2762460709435,14.2417517889396,2.28531786962704,13.3540388192471,42.1252828662618
2018-12-14,34.1020947841771,28.9342812712238,12.5076869697621,14.0895588446856,2.21054866482488,14.1850293227358,43.6994567822867
2018-12-17,34.3478474219894,24.7305531779414,10.0329343140493,13.2370048992942,2.18499340946485,11.6698942788404,44.6869268918796
2018-12-18,34.9009621762321,14.540846359061,9.53245922849715,5.97874079153523,2.30553000984617,11.2696786125032,44.3347774967737
2018-12-19,34.743628018143,14.1215726609098,8.81671270065753,6.00182832957015,2.29008214977593,11.4420397957406,44.1282367353434
2018-12-20,39.4212863632071,26.0081753453619,8.35265375819304,10.6943244084768,35.8100633547548,17.7341056103493,52.9252467897994
2018-12-21,45.5652587129857,28.5517895997112,14.0946318020767,11.2155720490771,28.6806478041049,21.349354126573,59.6963210430609
2018-12-24,48.3896305704657,25.6773636031994,13.9892825174273,8.72605108941694,25.5702491777542,18.7129497005388,62.0548921606667
2018-12-26,47.2277971527187,24.3212378209846,12.4758255258222,6.54074491203024,25.0051744807709,6.43327004048952,59.7182157160363
2018-12-27,47.5728022054573,18.6945668077839,12.3826691495342,6.46322199634215,24.9591882303499,6.20965518258872,55.1432377658591
2018-12-28,47.3631551119466,15.8003658463908,10.3536625135699,6.41356875835459,24.1045855603763,5.21820833124512,54.8923947626821
2018-12-31,47.4008521571112,15.6721455184648,10.5560791777149,6.51085423466614,23.9923399867875,5.71476853599232,54.8350667395004
2019-01-02,47.477460954217,15.6859489806015,10.3947589169594,6.48793426067534,23.7219404734939,5.34736503388172,54.9079152115149
2019-01-03,47.4584425344642,14.5025586171548,11.038759357102,6.43210261950911,23.2619769777174,4.36690673054872,53.738466934317
2019-01-04,44.5247970573397,14.5426358315954,10.7219519194753,6.8625381792422,22.4478806533312,4.55684035660961,51.5170438526331
2019-01-07,43.3562260009444,14.0062759925597,11.1166815163273,7.20431346201985,22.0207187839184,4.51884924596698,50.0329790277135
2019-01-08,43.1085279272797,13.9890827491662,11.9897634147166,7.29835991125993,22.0456945187206,4.4705726437445,50.4985749164764
2019-01-09,42.8882322868686,13.6424902856293,12.277070276373,6.65077522563049,21.4032171223216,4.55398299415499,49.7524970166863
2019-01-10,41.4155235907713,18.1759959391546,10.6573350432733,10.3036604345905,19.3804668065669,4.46726599505064,49.1515936403007
2019-01-11,41.0304736993297,18.2378284057446,10.7593724880025,10.4921881386984,19.3003262508105,4.34907957348691,48.8865650222892
2019-01-14,40.8541517903669,18.4269939726648,10.8447996323284,10.482014402394,19.2270075582773,4.36896605169668,48.6234246989296
2019-01-15,41.2736772707184,18.2680610286235,11.6235829489956,10.409665063313,19.11722550655,4.40298672542973,48.955682685879
2019-01-16,40.3658718693958,18.2901539926033,11.2457215479243,10.3534656009724,19.0778573067944,4.46273715113612,48.4641810955782
2019-01-17,40.7897772276989,18.2315938264445,10.2319742264571,9.0519259504973,19.0493924323443,4.54939606120929,47.6894401843842
2019-01-18,39.9671790021253,18.3160509683823,7.12457573846779,7.78020305463127,18.8543028619322,4.62409489952847,47.1238388481715
2019-01-22,39.006545410758,18.9267350628397,5.96284260715794,6.62198936170891,18.2695934216383,4.97275139433176,47.2202413068855
2019-01-23,38.9146118339931,18.5960196939788,5.89215786882634,6.71188348752183,18.167379141093,5.08589114781895,47.2044513405973
2019-01-24,38.7462058094021,17.7797684624188,8.38812027891778,6.45403149516524,18.0812668928718,5.18151005003294,48.8287778539569
2019-01-25,41.9747160637824,16.5796128170507,8.29468189707576,6.46924213439172,17.2698952019356,5.63125832942462,52.0783664989168
2019-01-28,42.4214289298314,15.4563659441632,8.81024150126972,6.32780044354101,16.5473195249155,4.78268987762321,52.3344635145043
2019-01-29,41.6648179170447,15.7296104856712,8.99923132124719,5.03305140565003,16.2058166477853,4.90594450482674,50.5189913546575
2019-01-30,40.4972531796443,16.1646498978212,8.70760045502796,5.5652507446589,15.9707264557468,5.58961772395647,49.0360010991774
2019-01-31,37.6422509464305,16.2739050108115,8.43806032175396,5.36215628894625,15.9574358357972,5.10756094327296,43.9857446335697
2019-02-01,36.049902846415,16.1123442683974,7.53722831201504,5.40646191385098,15.9742864099047,4.92861355440226,44.0776775783904
2019-02-04,35.7358610249416,16.0402391503683,7.38051542206954,5.35756695707092,15.8891512569508,4.88253588039129,43.9649139102311
2019-02-05,35.5823276426647,16.0180230903461,7.29803589798301,4.9144789740382,15.7245752464004,4.88547339091804,42.6606983901841
2019-02-06,35.8025524802982,16.5615499129795,6.74937353886285,5.22180867039654,15.4321470626177,4.66203229669651,43.4807401364715
2019-02-07,35.8042343872169,16.3628470610601,8.17453982481423,4.50352776186369,14.7627329123603,4.76106904758872,42.9620182787637
2019-02-08,36.1637362712624,14.6607965779059,5.61250537026151,3.73778624812139,13.3929925904871,4.89591349467764,40.6856685762005
2019-02-11,35.6082008224491,14.4306247943087,5.61450239813527,3.56377355428559,13.3107423397156,4.94140794579078,40.0030560734062
2019-02-12,35.1894175407204,14.0525139861939,5.67644498449493,2.99554557972407,13.2750396001512,4.94822393191071,39.2449912218732
2019-02-13,33.6681459482557,14.0364806757361,6.11542183938109,3.10257326826243,13.3756913852833,4.90575082658898,38.9896212291516
2019-02-14,32.9915181195207,14.1118705643027,6.41748106674159,3.31313100150911,13.3467939602877,4.99618143345328,38.5691285382982
2019-02-15,33.1580908974033,14.0305333258411,6.38124312014184,3.282105741157,13.2301611914831,4.79047253780719,37.9121565874145
2019-02-19,33.7105324336429,16.891081424716,6.47016338776745,5.34757814842562,12.2347582369251,4.82284601241522,36.9986876600014
2019-02-20,33.5666774711156,16.1725929053105,6.34675103083815,5.35758365133026,12.1205568378543,4.63167237722923,37.1018062093154
2019-02-21,30.6966424968584,17.3313845206388,5.42859263326517,5.65950364842882,11.9721040482405,4.86356715366073,34.3249205038156
2019-02-22,32.0159064115877,17.5402614613852,5.07751600446575,5.73180421527462,11.8208626526094,5.54563114377951,34.5987020576345
2019-02-25,31.3548674622252,17.2850572215922,5.19225377825452,5.6618079224217,11.6832863128928,5.33928416794261,34.4386532097055
2019-02-26,29.9573051055806,16.5820564236685,5.10940578391345,5.60419775884337,11.5933255402056,5.35080401139149,31.0439343342076
2019-02-27,31.9434979010482,15.6945349477166,5.11213417297395,7.65055890979906,11.251931936511,4.80783523940652,30.3148522828583
2019-02-28,31.7677271855683,15.7094842678933,4.60600494476755,7.18297220642517,11.2346928840619,4.88858843907874,30.2309074459087
2019-03-01,30.3408807881479,14.597091645592,3.15603813683616,3.714149275686,11.3448786389956,4.89663796320026,32.5700591036516
2019-03-04,32.7719665086043,15.5114769266574,3.08486232646547,3.45197387634475,11.2216303154658,4.8103616356767,34.3849889969495
2019-03-05,33.094219464796,15.2683865741285,2.86788102123874,3.57897691639152,11.1368144210794,4.91962363237643,34.4340612576407
2019-03-06,32.5972215173195,15.0725593240477,3.07245754339025,3.94626581228856,11.0147365191677,4.39235698483931,34.0298877807641
2019-03-07,30.202983585273,14.8605546872484,2.64772330193346,3.74518395727743,10.8156852549531,4.78231947252246,30.6071879595908
2019-03-08,32.027656561926,13.5515371488059,2.74410690184067,3.75767655144055,10.8016620042325,4.83840143402104,32.7493772658417
2019-03-11,35.4138493675022,14.3533656358526,3.09545889901807,3.65638401077627,10.3043293163638,6.22462861602971,34.452531688389
2019-03-12,37.1495973022678,13.8300851439335,2.51264582413359,3.51553129593923,10.1654269004492,6.3214440436564,35.6300311617832
2019-03-13,38.6189237019343,13.5256114210616,2.85417866608948,3.33925755597286,10.0262090677006,6.76808075518529,36.820146687028
2019-03-14,39.9126373043458,12.8737876608405,2.98445622634026,4.67520469912559,10.0656687735496,6.48169596078902,38.4968389394123
2019-03-15,41.5349883535881,13.0741531771551,2.68309796704665,4.18148539043962,9.89151473631042,7.77795450510648,39.8700672039318
2019-03-18,42.2624598054422,12.3033745164732,2.78613050113248,4.12953484690752,9.60651934378551,7.66974141309942,40.1782463199944
2019-03-19,41.4784700513248,11.9340169687216,2.94335912374976,4.2044879433219,9.5228912946805,7.59931512745761,39.6645145514261
2019-03-20,34.6903332961622,11.8345563576249,3.06274208200776,4.77975345076259,10.6705606102252,7.60854735520578,34.4265908848737
2019-03-21,27.8232238118964,13.1898811686768,4.57172207362035,4.97665390059437,10.9216343799853,6.79608717294753,25.7618542498118
2019-03-22,24.2644284741281,13.1309030178217,4.69136811697631,4.83815224716965,10.4407329003739,6.12220634700113,27.2237004180406
2019-03-25,24.0240523595587,13.0182255204373,4.00194755974107,4.66058346679591,10.64634997502,6.15962530834288,25.9172941687557
2019-03-26,23.3134929271866,13.4185120256678,3.97075227091087,4.89029901884621,12.0580407720748,5.38554112979366,26.4471321189103
2019-03-27,22.1435248348642,15.2579087239423,5.94911059142051,6.2098896472913,12.6439307120481,5.26221002746453,25.7220636664528
2019-03-28,27.9043955310273,15.0457348147693,5.62470903309534,4.62842023180216,12.852304673045,5.62246316791219,26.6920513877339
2019-03-29,30.4602985031358,14.3327702421828,6.28121504379749,7.16358561382453,12.7740732529181,4.46249931633069,25.5760602369405
2019-04-01,30.3761255130794,13.9428957691381,6.32216088797662,7.3511588939868,12.5935299405068,4.61709204067279,25.3873011274227
2019-04-02,29.6636696146227,5.62803827337376,5.39615906278277,5.72365456644193,7.18815241182702,5.0673472275323,23.5261611138551
2019-04-03,28.9019863215222,4.78213150676382,5.78357651306219,4.26687479249412,6.24781565577159,3.99157927702794,22.4373073357934
2019-04-04,28.727604259363,5.07384842161932,4.7733474167071,4.36219013665125,6.60443147178577,3.79206185943767,23.4105898470548
2019-04-05,28.579778948841,5.02948552807465,4.90686790649488,2.5570037669908,6.76326861467868,3.58812746314028,23.1782408520029
2019-04-08,28.5035645672729,4.98660520313498,4.90893479522986,2.64172502758032,6.76639314845472,3.54362420567984,23.1044927794259
2019-04-09,29.0464182558671,4.75488534014922,5.94808564491127,3.52449201919723,6.56581062198008,3.9930676042012,22.7422154682739
2019-04-10,29.4383625001606,5.3487291361004,5.71183260856208,1.88791736492994,6.3427013714702,3.85526198943445,22.7080886185087
2019-04-11,36.1092872681713,10.0607589434759,5.22303337751601,1.97278451813725,5.9948133715192,3.49561283437874,24.0612826200206
2019-04-12,31.543397732693,7.8646388078292,5.83502575780297,1.36808103888304,6.2245549994291,5.45943587639192,24.3383152661163
2019-04-15,31.4756423310508,7.86065613532317,5.7704320146327,1.44659726482118,5.94042708035744,5.42948919405445,24.5414408819874
2019-04-16,32.3612242954747,5.91151986080637,8.80486727939622,1.38719356750279,6.07445709405693,5.72709866141439,23.8636567112137
2019-04-17,33.7936692764016,5.69252040119005,9.48579408578079,1.82578002365909,6.84242232168965,5.98094450381413,24.0073652013886
2019-04-18,31.8834796599053,5.36507728181749,10.4930694410881,3.57776512155932,3.52244310917185,6.24322290127439,22.9559305750632
2019-04-22,30.6812645332399,5.17738542594337,10.7770514267183,3.27152549135648,3.15081425724597,6.31081224417844,21.6385466415525
2019-04-23,30.9141525268471,5.51170188355802,13.7564180210797,2.9336237772337,3.21266378726797,7.31210328250355,21.3393944958239
2019-04-24,23.9902779316626,5.11097731782929,11.401184302647,2.50151043847451,2.76992634497732,7.1634966444861,18.327573602673
2019-04-25,23.2706928310125,6.23434884058764,12.3612684512453,2.82723587548033,2.83486338972315,6.58604085239836,18.0826523978747
2019-04-26,21.0217178530711,5.8182688685304,12.7136561997359,8.5739151871208,2.61900947287708,7.6796980402251,20.0131756043964
2019-04-29,21.6637898443518,5.53802209589649,14.4186662650916,8.30566369037578,2.84047152331139,8.29914999498808,19.8084626247279
2019-04-30,21.2016746509719,5.35920852267878,15.4380169449824,7.33509044245189,3.10017016706728,7.84240404202946,19.1733445523747
2019-05-01,21.2453167142632,4.80297672104821,15.7569698033908,6.57448979554599,2.73705088801904,7.50759772809997,19.2834732344954
2019-05-02,25.6496038582703,4.92956873341088,15.5248362564828,7.69979747480993,10.8096106330147,8.95427261259681,19.0533760717573
2019-05-03,25.9875161914964,9.55315133070792,12.7727704581505,7.37779320706186,11.4147062523586,13.0617219575326,22.961640202715
2019-05-06,28.1904751550408,8.70214862272928,16.1700170091894,7.2425367912195,10.643787051525,10.8637781754501,21.6967661399893
2019-05-07,28.0747324219251,7.73858869316261,16.8578784162253,8.29982235666381,9.28553269388079,9.59101007923828,21.8724201954677
2019-05-08,27.0842943013115,7.42684638657742,14.5194481529204,5.9905586749879,9.57793771343601,9.49942416423123,21.7825093909845
2019-05-09,26.6871847940264,9.56802322967058,14.4928352908453,6.17356955790667,10.0263112603382,9.65567297714609,22.4580096411649
2019-05-10,26.3375020156994,11.4956293292021,13.8596651614949,5.71935127480435,9.41515798927793,10.9188571993103,22.0121176520991
2019-05-13,26.1493904590453,15.5922958123502,10.8885249618079,5.52379763318611,7.26707733773984,9.78155818133339,21.2887704206872
2019-05-14,26.8231118347074,4.61834857133104,6.67594360632857,5.13331832871989,7.27794526519794,4.33118249746611,20.8716188905566
2019-05-15,27.5571054757138,3.49017209983549,6.33924028548131,4.08152508258895,8.76534704308395,2.62101869574859,20.6483770979049
2019-05-16,32.6461169018543,5.09475059691142,5.90877956500504,7.44096909057871,9.22065356918898,4.62718021822962,22.6229502232416
2019-05-17,33.9832596281178,6.67349882553635,5.77672838376531,6.42345664855707,8.80888983177229,3.61186014824777,22.8724623822755
2019-05-20,33.1429493660539,6.31162086353143,4.98135166458463,6.35382250570729,8.55367568792168,3.72089699954049,23.1849636915852
2019-05-21,33.5248342810535,5.92628313657593,5.33589049489609,6.10422968528839,9.60443520141125,3.55420428757073,23.1295101183066
2019-05-22,32.8782132630574,7.80084042901338,4.95313350927255,5.72115407594509,6.03679012349893,3.67775486557376,23.0875759791942
2019-05-23,37.2915621672942,9.21761443942888,10.2954883597782,6.95273273166422,5.27240477858343,9.43515580280273,25.1229015872052
2019-05-24,35.9666290195125,8.32412993945221,10.1758431814741,6.70293059929209,5.51986925202488,10.1738552284871,22.0885802708897
2019-05-28,31.9285834691894,8.37764006982892,11.96071425262,7.48559388001429,6.29408994847625,12.6506270512605,23.7248996825116
2019-05-29,29.3142698919955,8.68651972175778,11.416497400206,6.82060258668695,6.09089516319695,10.887308322919,23.3505956196662
2019-05-30,28.7433374359404,6.79833434967679,9.22966228096166,6.5609739011228,6.11589896753469,9.92414850086012,23.0054219923892
2019-05-31,38.2583469708081,7.59356584396174,6.02747419531086,8.19588298567876,9.85417049579194,13.0270430658024,29.1306379250163
2019-06-03,38.1384530195158,7.16844033753924,5.3794493136537,7.60763612479471,7.07266807167774,12.5856085349796,29.3611206916303
2019-06-04,39.876644448765,12.7731039940167,4.78486744539248,7.13749445160603,10.3710529858525,18.368670645685,29.6433399335768
2019-06-05,36.0933827680507,12.8636815788317,4.40664879935436,7.58521221203524,10.3955501057262,17.944086840913,26.8614188907329
2019-06-06,36.2367749811419,12.8157250206284,4.31592795121344,6.09133527921977,9.12207679046911,17.575951140179,25.4762290153069
2019-06-07,35.5035313329872,13.3904447527841,4.25808712493213,5.74080049074391,9.24793546916161,17.515788467674,25.0459379178345
2019-06-10,34.7932117131334,12.9353120003898,4.11878624526155,6.09516230968976,9.18931473543282,17.085526358827,23.8621970268081
2019-06-11,34.7803760139893,12.6213855795757,4.27764843211022,6.49257979721708,9.29834037809238,17.0074517891322,23.737159681382
2019-06-12,31.7939349277723,12.1020419424199,4.54958966702342,6.93823982250165,9.30070932034461,16.9772294316215,20.8871926745964
2019-06-13,31.2837353517966,12.3191055752252,4.4598829485799,6.37919668276943,9.26623883025371,16.6815300979143,20.5887927843096
2019-06-14,28.2202271338047,9.47882008947108,5.20439380553413,9.51989782707801,10.7714869382734,17.1726915507414,23.9822807420743
2019-06-17,26.2908254172334,9.77797472779049,4.86118087967284,8.42286682050332,10.0961878541814,16.5868085067251,20.6332961268575
2019-06-18,25.4849814275185,9.71514111536585,4.12052323894712,5.25199496043932,9.43172576308643,16.185750333683,20.5738793381144
2019-06-19,22.8653904070926,8.5568269385354,4.53069814734777,8.13351945266258,8.7437830502511,16.8264035538623,11.4096452074042
2019-06-20,36.2491254040886,9.75822195148419,3.99161443172113,8.62498534248006,6.05082219876276,14.4845926695245,18.8793701164654
2019-06-21,25.1870348350474,11.4067201338233,3.89072363515407,8.50557104419005,10.5224164214562,15.0961118665229,17.1455149621258
2019-06-24,24.4442696155921,9.5987761025728,3.87472713196677,8.75430773337074,9.38354454448923,14.3705976203941,16.7185397713835
2019-06-25,23.9026062855408,12.5669928259024,3.85707266352207,8.73603886431766,8.47930456700841,13.7929474480968,15.3818505994839
2019-06-26,23.37368226812,11.6042407993183,3.8126187106942,10.0571876998424,7.84244921442629,12.844630369049,15.5270938369744
2019-06-27,23.4679798624855,11.6344942674556,4.38006070846772,6.6955273134252,7.54110776687683,12.8462870975143,15.4671915635703
2019-06-28,23.3130477553134,17.6815142896737,3.80423232935442,6.82412710514848,9.83728429978473,7.86483036296517,15.4742141754789
2019-07-01,23.0115808113124,19.7819916614148,3.65011396353303,6.39024169373795,10.9643046389676,10.6729106431562,15.4525288030873
2019-07-02,23.6078925776679,19.6058833258269,3.29722945675819,9.33301125565464,10.7716991098117,11.9669621788149,15.6458086824622
2019-07-03,21.4572091325705,22.657962555734,3.9881892326351,9.66075607359256,12.2626051790936,10.1956346915925,14.7131438806304
2019-07-05,19.2143095730937,17.8020856827749,6.25663759034085,11.5345682520722,12.2585647182292,11.0358662904849,13.5363361655473
2019-07-08,20.2655479222873,17.3327278248024,4.71816624658827,11.7732030453223,10.6435417816356,10.2376607127149,12.3365147725718
2019-07-09,20.284704067222,13.320396273962,2.10751193626471,11.5110496013054,8.3444139303909,9.84045965872992,13.2337912515901
2019-07-10,20.6812222757837,14.2715370817317,2.38265812222143,8.76051495768247,8.1086514920712,9.96663885152068,16.2992596983623
2019-07-11,21.3159907445315,14.0431880075033,4.22996446304011,9.75789715367553,12.6321804717991,10.986275928897,15.6370767285441
2019-07-12,20.3389345312305,10.283321241788,5.28581992731096,8.42641900687361,9.94584529687314,11.3902687960057,15.8420094308296
2019-07-15,20.1505769524551,8.5723525764766,5.70064482355404,9.00148252031854,8.5951492071696,10.7676572820885,16.1495446520824
2019-07-16,19.4985761239015,13.3464508254079,5.11262114829296,19.0493806061626,16.2526105592353,8.69912529233168,20.0592104441119
2019-07-17,22.7114253343702,13.412744169086,8.17962107552046,18.8615944329761,16.3729090394195,9.50257139288966,22.6247952265575
2019-07-18,21.7896566571137,15.82254504584,8.47893731309395,21.7552484268897,16.2276644487655,8.85814662010277,24.6783942196097
2019-07-19,21.4362616912909,16.871529437188,8.83566629405698,21.8471253299269,14.8557447335954,8.51509560764958,25.6964548503295
2019-07-22,21.5120427840447,17.0301182056449,8.53706860834918,21.1064731392835,14.5621727279844,7.61393394898531,23.8894991059898
2019-07-23,22.9579920889025,17.0414076585937,7.90325858638791,19.4277153244412,14.8337808577676,10.661607617442,23.7312589851689
2019-07-24,23.1131864012769,18.037018218813,8.08434984399647,18.7148056444363,14.6702018734431,9.97884961550931,23.8017512232762
2019-07-25,22.341805615745,17.9016630512897,7.2906624774907,18.4401845089698,14.69459394971,9.74897547761815,23.7147300938389
2019-07-26,21.7931489707395,17.6587881311838,6.92447480490013,14.2224878294684,12.8094245252822,8.24076512777714,23.9658596290448
2019-07-29,20.8844308960496,17.9762280650518,6.87712797137444,15.9955859447685,13.0076277935482,8.14066951114553,23.8881249006112
2019-07-30,22.0064095568131,17.6683920001724,8.40676745177021,15.9123071264049,11.4146641976312,7.86336124433826,23.3752340025218
2019-07-31,21.6714939744108,14.8731611875038,13.2384146444647,13.3902996455884,17.1408143151247,10.8506619879299,28.3512123052859
2019-08-01,16.2559372457681,14.9274511650437,24.1886338988368,8.74923314168565,32.673005167494,14.4382143328048,28.2432728294545
2019-08-02,13.561362089815,14.9664791384719,25.3347773777011,8.60030258284151,36.0843002508431,14.0887410452715,23.4895557415519
2019-08-05,25.9865974426051,17.4094809316479,27.2779445671616,11.5655464112814,30.2327158292599,25.9675912997394,24.0357325046126
2019-08-06,21.5674312719217,12.8437854531554,26.3685419876801,6.44744733703738,29.3452488428389,15.2300558104171,24.079747326967
2019-08-07,25.6583768821038,13.4250898689841,31.5764163688391,10.3248364529485,27.9061050008995,11.9675199895155,22.1565805549125
2019-08-08,28.6897932554014,12.7960726033724,32.3666063921698,9.07882524410405,25.8474798245143,15.2533621383857,25.5596028521181
2019-08-09,28.1699068902951,12.5023755507822,32.0499355685085,8.98625758713822,25.8184863064598,15.2389217881079,25.3203359377866
2019-08-12,26.6606030584207,10.4044825978539,32.1728289794189,9.42398307107935,25.6220876693323,13.9906771609617,25.6812428102763
2019-08-13,27.1420847312082,12.4160327306358,27.896477363518,8.87727989093249,23.9797721391445,19.8010722829899,28.1083141512785
2019-08-14,30.6032922767718,9.5080628790926,31.4220599505537,23.4206185368478,21.7045596963564,23.8693928419262,22.4991426203451
2019-08-15,29.9067657247367,8.80266039699062,31.1282786534476,21.2404932331834,21.6652788039014,23.4226162300112,22.5154690922697
2019-08-16,30.2233660996122,8.6333534808679,28.8008269224906,21.3524219966395,21.6768162931732,23.2574382418693,22.045894845336
2019-08-19,30.1389985156883,8.53851918401861,28.3090149779707,21.0003748080404,21.6831821284694,23.3538140318659,21.8097455484402
2019-08-20,30.6226225477641,8.73735388091004,29.2453003017101,20.9261116300102,21.1437848706771,23.8001080421892,22.9970190208435
2019-08-21,30.7108881196849,9.0673095362635,27.7626701077525,20.201097864798,20.5704263145539,24.8339541684492,23.7754429304277
2019-08-22,28.3082630666122,8.76378170537042,23.8236239023724,15.5754334719548,20.4742996904149,24.2539528848098,22.0142038018989
2019-08-23,42.7827784245647,9.28954422533061,28.0235507762384,19.1023135774305,16.6298455460184,31.9610395931836,32.9903769204547
2019-08-26,44.4635621944741,7.73991537090647,28.2190752799714,21.5777729320184,16.1636553560253,27.7688683230899,33.8862170974348
2019-08-27,42.7105481383687,7.64069295360788,24.4723243922394,20.8373854383882,15.8108206023382,27.9449747678865,34.054181156409
2019-08-28,42.16836436559,9.67383104160076,23.1627437442087,19.0585717095643,15.5805155705663,27.9567997455901,35.3212262961186
2019-08-29,42.2234665673626,11.5460612359931,22.5764046713827,16.0230836142308,15.215202208213,28.291658763017,37.4030952692932
2019-08-30,43.0793792383755,10.4764878042086,26.3713078682558,17.3732133955868,15.1297483439814,23.4742830043735,37.2706289108393
2019-09-03,42.7227143272293,9.84138619364199,29.4332394042005,19.5473645533179,14.0257713036571,21.7167990403391,35.6400863769708
2019-09-04,42.9168476875256,9.93181740252554,23.8634869642912,20.2111347787178,13.5125784696949,14.9350639814522,30.3390126421777
2019-09-05,48.2143633337024,8.71064249814771,18.5845064684744,28.6104218030078,12.8063585054004,16.9551236002016,26.5518560744432
2019-09-06,49.4582139191745,7.91650371837477,17.8232236965785,29.3911620591117,11.8221798084336,17.1523055734174,25.4419685194893
2019-09-09,47.4154569561806,7.92536691105133,17.8320998488705,27.9622072693572,11.8223579457251,17.0799488991761,25.4297895222429
2019-09-10,45.2896831336252,8.92944018633244,14.0543970293333,27.5398169982216,10.8746445563732,17.8308921009861,25.0993485311293
2019-09-11,44.5784073179183,8.66682495798447,13.0499353544705,24.7817775494184,10.2579142938689,16.9858755617685,23.4194864741995
2019-09-12,44.3359252860889,8.30455820348015,13.6689022352475,25.6501159738032,9.61234819866134,15.4140494294256,24.5328606105358
2019-09-13,42.4724857414828,8.54088658027938,11.316706765867,24.394533191276,8.6186340717462,16.5071210907347,23.7158331917724
2019-09-16,41.010378015457,8.50452670590428,11.0777545015165,24.6000431582818,8.24914966394706,15.5424455576681,22.968242130628
2019-09-17,40.9745970067574,8.33687855014912,9.6116586383217,26.6577162010859,9.08271724871153,14.9376297918363,22.7052912863929
2019-09-18,39.7511012401634,8.22155350748027,12.8386775701618,25.4528731007187,13.3326067995445,14.0160729048549,18.6295932617508
2019-09-19,29.7777156547335,7.14025243016134,20.8549571796572,29.9933178758212,39.84579811535,12.7812934148907,16.7508775401703
2019-09-20,32.1554279821665,8.1516819520655,11.6249566355307,31.6508437221149,20.9032192063435,10.6694912106154,17.6838697814726
2019-09-23,30.6606807764064,8.33198389007146,11.0977002676058,31.5704547890967,20.834055037851,10.5005470167656,17.2289729271155
2019-09-24,29.8269005668885,13.266397505694,12.9622869400598,46.2190772136372,18.7518143795807,11.0254167788583,17.5489982081019
2019-09-25,35.0810890105778,16.412415644847,13.9238192511102,35.1404987082166,16.6609638306633,12.9476537541749,22.3409215572376
2019-09-26,33.5114584926097,15.1980239743453,14.6032038321356,28.6533382808024,16.7917245002842,13.2601363476154,22.3660545677516
2019-09-27,28.1235135415371,14.037088946308,14.6354752524299,26.8218476451494,17.4449322614265,13.0049340007781,22.4163425712327
2019-09-30,27.7725299832632,13.9588223793517,14.5884988227059,25.1394234243543,17.3834950868167,13.3924126880092,21.275706644191
2019-10-01,31.2583989239395,14.5734452506483,17.2996241564905,21.4154050525437,17.1552411019615,15.0612463772184,21.7651913383179
2019-10-02,34.1907357783342,14.2953638387136,15.4967362063806,22.1091117275038,15.6327609875556,17.3878103344652,20.2976007359643
2019-10-03,32.8371038011342,13.4037397731793,15.3621536566226,21.0889370659738,15.0930366388085,16.8882224753039,19.4675371660744
2019-10-04,32.6828442884037,13.3543846266965,15.9773895568749,20.4019982407827,15.0717488513827,17.590602187783,19.0553457428089
2019-10-07,32.116109024251,13.1942008404035,15.7261138893695,20.5220941835096,15.0023060797508,17.4431704768921,19.1343168159533
2019-10-08,31.0144187845839,12.877994031735,15.5826254220765,20.481437281781,14.9932581311699,16.6158315245128,17.9763015847061
2019-10-09,28.9579224978588,11.0253757722572,14.9294015981388,19.5646082842569,15.0320744744957,14.6253963709669,18.0372509540293
2019-10-10,26.7992488530013,11.0272711541481,15.250453176343,19.1168748618309,14.8215709790526,15.9433795495558,11.6689974244089
2019-10-11,25.657893276832,9.91450011849119,11.685578581458,19.0249489221464,14.4442352125202,16.4240890302871,8.59200752366395
2019-10-14,24.2625530028811,9.64679042279349,11.6617452945018,19.1020192761919,14.3484116950347,17.5718589585527,6.34835588011447
2019-10-15,25.3278206630241,9.38247353323327,10.571560989149,20.737429650232,14.4718627068461,19.8306881173722,5.24289554869423
2019-10-16,26.8689475701456,9.97582428179041,13.0561937473205,27.1464720390716,11.4171600088277,18.9461271125178,7.85707265949508
2019-10-17,26.4863369447963,9.81435421068202,11.9914657710791,25.5195623002445,9.91591615785629,17.8156989705354,8.31966961877398
2019-10-18,25.1007026122239,9.78055104551277,11.0814120033614,24.7448215190346,9.86211307141959,17.2124811183561,8.09994721052661
2019-10-21,24.2722108295858,8.56799610195858,10.7088436986104,24.4653043970085,9.80703643737969,17.772235698403,7.46943416857343
2019-10-22,24.3433372019655,8.25621113440945,10.4114171428361,23.8943031572397,9.5797491098059,17.711311949209,8.08203801478922
2019-10-23,23.374535398049,8.47893244242148,10.8142586981137,23.1722778923777,9.48751781599627,17.3580317431698,8.48605823351897
2019-10-24,21.3929518236034,7.78512417471727,9.27658336267308,22.81688740522,9.08966560116304,15.1305200965407,7.50374585892975
2019-10-25,21.2759846803089,9.16803078417467,8.45928804583018,21.2610387106062,9.21550715189821,15.4657980008512,8.42627617957054
2019-10-28,21.2088134075153,7.78197010152037,8.33273796719175,18.7732514868965,9.06929591134794,15.1602428537747,9.23980913113298
2019-10-29,20.8592717716446,7.81252330162808,8.09856471915899,18.6603083895403,8.98355549577903,14.9752988100519,9.17268193294313
2019-10-30,19.5603978867741,7.33467003205915,7.87895098134341,18.9183138007329,8.92473791569409,13.2396757468153,9.20653523596057
2019-10-31,23.9533601806352,6.44392713326756,7.15913266816912,11.1998093783794,17.2031586674739,12.9352141511271,13.4626494934132
2019-11-01,25.2438554291847,6.47895197720066,7.40907641900189,10.8225471793299,12.6368015359371,15.0407647930638,13.7545700122343
2019-11-04,24.6273738003183,6.50103548318631,7.63629427791458,10.9806698167292,12.6204695848475,14.5161693947486,13.4579286715321
2019-11-05,27.6874219565771,5.91581953710694,7.58601755727791,11.0071163064218,9.86851942448906,11.6074445976952,18.2837392451543
2019-11-06,27.7780105764933,5.86131468534121,7.75646051408096,10.9950905517371,9.92241011887021,9.85049857344258,19.4287604883806
2019-11-07,27.8714353057312,5.38797735466367,7.56651667034013,11.0512841772792,9.22979277432316,9.1412208312867,20.515429693287
2019-11-08,28.6930150605628,4.66228316531097,6.56085396728198,10.0124231452168,8.97423221011462,8.26799038675188,19.8653600136067
2019-11-11,28.5680201373007,4.85719220087052,6.51610717210346,9.91407582374127,8.94089888400691,8.31140642237173,19.8889715730149
2019-11-12,28.9268771853913,4.67382488566417,7.86198239836237,11.2423046216576,8.81701910285637,8.08561029652304,20.1461900969762
2019-11-13,28.8399220851229,4.69559085957449,8.03648757202399,11.6133684105321,8.76396012615171,8.21888782398252,19.6127253911411
2019-11-14,30.632743584786,5.04703097877059,7.08165106658611,13.0434768836147,8.3508076589712,7.5276205492985,21.5027458964556
2019-11-15,30.3528958928611,4.46601964496488,11.0381416021733,16.3445275441764,8.10478182911363,10.3064517003255,19.2170609390035
2019-11-18,28.7644377933326,4.54179881327748,11.4497388604139,16.6169481937616,8.05137922083818,10.4023380297085,19.0191040552064
2019-11-19,28.4642760873422,7.01245908739671,4.33872101034617,9.8240788368642,7.83980987736288,9.82448195349639,17.930721544194
2019-11-20,28.2143609549192,8.30504719734243,6.00756285502589,8.19855165791997,7.86345480208879,9.63869398362434,17.8524776793184
2019-11-21,26.1061358927202,12.796740221163,8.79967848601609,10.3323363118985,7.84772466220388,9.18724572115895,17.522421705595
2019-11-22,25.7812299940414,13.1966558451012,7.90522132468004,10.3384670156514,7.84282267840627,8.62939423715514,15.7635439574858
2019-11-25,25.2186461788026,12.7781771281763,8.04197947470624,9.03986120580285,7.68503695963994,9.33844014351508,16.5027532597171
2019-11-26,25.326773293694,12.2349299870368,7.60941152028274,7.80933138185659,7.48022514522899,7.81955224810531,17.4405680543071
2019-11-27,25.9937478791541,14.248915641549,7.15564566500793,10.5567707359092,7.33723458806633,7.36697841783205,18.7296032134928
2019-11-29,24.5809454133219,8.76194259221368,7.78211074351573,8.98316681360074,7.65908550726444,7.22879470285631,19.8654096926838
2019-12-02,21.6165619807667,6.75862996300268,8.13816793556485,9.87639335008996,7.57784299342588,4.53507956749632,19.9689586990199
2019-12-03,24.7768740894832,6.52341463091598,6.54873549742046,9.21707007372963,7.74383368490362,5.61113321335884,21.0597645181023
2019-12-04,24.4107372044729,7.08276416025218,7.17409194912247,9.2170197418022,7.66236757168397,5.96272192599436,20.1006713405954
2019-12-05,23.9130171606253,9.53595965701188,13.0084743732371,16.0229802150824,7.14720838127873,5.8589520980222,21.2258500752679
2019-12-06,30.2704148553239,9.12541236015213,11.6693657343866,16.2778364353755,6.00655205978268,8.20591666792325,22.222871199074
2019-12-09,24.8066430245064,8.91184938741035,9.88997001759413,18.157647142761,5.6588556996683,6.76212413450099,24.7004781363201
2019-12-10,24.5411533225372,10.1172459711271,8.88762495388682,17.6362354487048,5.38229584651072,5.94889493878143,25.4461103516822
2019-12-11,24.639285554703,10.0784089856209,8.81158255054883,16.3366590701725,5.2147410931504,4.61124818700721,26.8907089172867
2019-12-12,24.8893474325044,10.3197585096647,8.74934109417002,15.4484761979056,5.02594555086889,4.49298974357678,25.5629146019311
2019-12-13,25.2096978364877,10.1633526331914,9.55988901699409,14.8523324186297,4.72285610501466,4.40594780288737,28.0684487378517
2019-12-16,25.8413928856336,12.7512560818224,10.4902904781423,17.1984183969361,4.47848467425471,3.56969109057239,29.8698896555564
2019-12-17,25.396769294437,15.7173655329154,13.7493719970585,18.7655932989606,4.27343506460387,3.60995967624285,28.8243747950078
2019-12-18,25.4435693043258,13.412186307956,14.2807478000908,12.6425867767437,4.22320952332851,3.64688501884011,29.4489669634639
2019-12-19,25.3253097526115,13.2726490333992,14.2694360154695,12.3630283436008,4.20643085976733,3.65534820945748,29.2109578165969
2019-12-20,25.3340439597658,12.8957689878196,15.0794710238823,12.7338061758166,4.07238633210432,3.52356123871118,29.4258877767988
2019-12-23,25.5410758110019,13.3934459109978,14.0998914421455,12.7792783323048,4.01526387346654,3.40379510459868,30.2300023665667
2019-12-24,27.2043794975112,12.8902311982674,11.0564370897268,10.9107535298522,3.78736784421849,3.36339202323706,30.2410050447569
2019-12-26,25.9662607704782,12.1339090309292,12.3400692336306,10.8215401182746,3.70833177344165,3.29505215506892,29.6157543545305
2019-12-27,21.3020478557874,11.2142045350595,11.8228219307831,13.7072377822685,3.21226099478463,2.94420457334069,23.4348245936126
2019-12-30,20.8595332048757,11.5374818708776,12.8608503406475,12.5620627176152,3.01222641700329,3.4232507227466,23.0067385362661
2019-12-31,21.1647811407981,11.6441403955233,12.6068077599635,11.7318680667617,3.01195728389805,3.38911582958888,21.6795532957608
2020-01-02,22.0373739130734,11.2785769876363,12.0483563340379,11.755393792246,2.9710782235807,5.48765395652871,21.8591916829843
2020-01-03,18.5582708850082,11.1637436342212,10.7750722138018,13.9228847119055,2.87582642773773,11.394084097452,16.7856070824315
2020-01-06,16.0430252329953,11.2423992890006,10.1027445140779,13.1159999353214,2.7280508485655,10.6392912147157,15.241038221569
2020-01-07,15.3586708038259,11.5154020194387,8.72089305473545,13.6659728187568,2.65302015773263,9.77571052026426,17.8851985063338
2020-01-08,19.5082435453094,10.6595085905924,8.09310962518786,16.2442043017527,2.56904796667622,11.61802906059,18.6432265556365
2020-01-09,20.452680948454,12.7195462221578,8.70740786880346,17.1983781848578,2.46947974004769,13.017018622989,18.3608483009571
2020-01-10,20.9822401581333,10.7068807304064,5.64622668717725,16.5866255314691,2.72448039662802,12.5355635237358,17.576931053279
2020-01-13,20.7413479083833,10.6883884838071,5.66152131064444,16.5516559800472,2.69131831687723,12.2724150938174,17.7659080241227
2020-01-14,19.6199653148267,7.74124480247785,3.72574409901879,16.5359888170135,2.66557135788841,11.6319313267198,17.9394989470867
2020-01-15,19.0950147480173,8.04067328384785,3.91005946592444,15.9141280104682,2.52026309143958,11.5950075561679,18.6353023303879
2020-01-16,18.9544688146175,8.04267517943478,1.39408926145388,12.7541530332047,2.46223039795328,11.3991724130149,17.9624059647105
2020-01-17,15.7161756482564,8.55775755946357,1.84770796895539,12.5127016290324,2.65019361834999,11.1435635760814,16.5356233872223
2020-01-21,14.0592492575572,8.09479925137715,2.06918345416337,11.1766632294739,2.66134169810691,9.8854054196312,15.3112074885271
2020-01-22,13.6673933105893,8.35288205054435,1.68361327849227,11.1802823773287,2.65622669381929,9.94949063699856,14.5964795655672
2020-01-23,11.028685131454,7.04187716520614,1.71245315968695,10.9662297964757,2.65010355507246,9.83050652287282,13.1150867544761
2020-01-24,11.557993605163,5.69962968389481,2.04532831984703,6.59817234450314,2.6341806064798,6.7275001680568,13.2372615143856
2020-01-27,12.2033364262759,6.33481997485454,2.79884376957745,5.93943809237512,2.6054321020545,9.75538588733439,13.696854273061
2020-01-28,14.1560901131169,4.20598807019469,2.44198221412765,6.33394542664384,2.56247834110546,9.24097016239303,12.787239627461
2020-01-29,14.1871204750808,4.3238908386316,2.45737221677859,6.30384844456681,2.56228836944949,9.22009061539175,12.7915574685767
2020-01-30,12.8183949279555,4.0352575747391,2.35880034508906,6.85838249696376,2.5361607682324,7.9267669381672,13.0695046106185
2020-01-31,8.99825275032674,5.56344902733193,2.76451924737119,5.95191155821121,4.44084530337072,9.39593916339311,11.2754262476001
2020-02-03,8.45424105305661,4.90344200748091,2.39315837310363,5.6959620250778,4.43998023407478,9.01218628154293,8.77545334850252
2020-02-04,23.4045799805613,4.29936292900791,17.2997422601536,4.68880138796539,3.45502584414738,16.7495173518467,15.8991595028871
2020-02-05,19.3216397709035,7.10721918596787,17.3087057225187,5.61328350076958,3.27998002593567,17.9447790491019,15.2211926863661
2020-02-06,18.892362408763,7.09023674339398,16.14034974455,5.65422539986005,3.2965979266474,17.2570422755482,14.2884246857547
2020-02-07,18.4470924047441,6.74133144770567,17.3472175243804,7.95037325713458,4.024077322091,16.6410869699393,13.6283022203697
2020-02-10,17.8493213538095,6.9358885906845,17.2098818419889,8.27861745050293,3.9719164409776,17.0689642856185,13.9565321488911
2020-02-11,16.9713922196916,6.67228765130452,15.9333258361071,7.11581441129062,3.79450819400925,16.9455376976733,10.3494957887159
2020-02-12,16.0002177652677,7.11841246602926,14.8585793280364,11.3729255673997,3.37360473484395,19.5000064104438,11.6834287149411
2020-02-13,16.8343523633009,7.45534346457092,15.0496125295985,10.6982549301185,3.32159347322066,19.3916939028715,12.9533332008874
2020-02-14,14.2409867120828,7.54764224789228,12.5103367022356,9.97602161366436,3.23722683742748,20.7953369701016,13.1492801810076
2020-02-18,14.6822541618919,6.30782022045612,10.9696171867406,11.2174618306277,3.94296528194173,19.9945743039683,12.729732858576
2020-02-19,11.7520581416711,4.19027700654638,10.8758993520136,10.3395229120518,3.78518636165397,21.3160138310938,12.4230705345476
2020-02-20,11.4018031354332,4.5865946636827,9.89016771569566,10.7247905527167,3.70906353440725,20.8374360660298,9.64521410593219
2020-02-21,21.8162550290949,4.12143840763706,9.27399106231349,10.1645172517227,4.17780038244578,25.7849517932465,20.4708224348389
2020-02-24,36.4867136301611,3.89050644917779,10.2924489944457,4.94531304454829,3.42061648413743,32.1384755528388,29.2214585804865
2020-02-25,23.9896991449504,7.44621085360736,8.4481183727768,5.91416122545556,3.62326571555492,28.3096159177738,28.8103468508084
2020-02-26,23.6557407178443,12.6888717943072,13.923646639126,14.8802861468003,3.16640168852137,28.5852326339061,25.4544865103637
2020-02-27,16.0946920386873,12.1468778903933,10.6443920422778,14.4370262026413,3.29525613160335,31.36096866443,33.6506594128787
2020-02-28,14.0562192706396,11.0520434849851,12.5033697083738,17.6689484770159,3.96047730733057,32.3294802053978,29.1037304176765
2020-03-02,20.3701851699991,7.42272902100428,13.9335508758005,20.3517734438582,3.96129780564667,31.1499512550609,18.9260312267352
2020-03-03,25.1231477539665,7.44457770978821,11.2434612722203,15.1287731997969,3.7871184686066,33.8657449293411,16.0855036031721
2020-03-04,21.9082640077604,7.04890085577636,12.1854710881014,14.9296699705336,17.9558751902561,41.2432908965598,22.0791651842784
2020-03-05,23.7153717190126,7.52770635594235,11.4340319285699,14.9662354576202,21.6652508106463,51.6648082131145,29.4232346744996
2020-03-06,24.066408934476,7.13393336646099,11.3346940491888,18.3984807158487,19.5605735938885,55.9235491482158,31.1589983708569
2020-03-09,19.1343775988895,14.6776394331371,12.1213446857047,29.2621069164784,15.4562228288776,73.8708774802369,40.8444511033029
2020-03-10,16.9231908532015,12.7761955442928,12.4978928845236,24.1454330489008,14.2401430279215,69.5807126683431,35.8107075418394
2020-03-11,14.4116804660275,13.3167251649243,15.191974821921,23.551500489541,13.4929282823228,74.3160217065433,37.4384883964451
2020-03-12,12.505002829312,95.8929983565008,10.3452869849862,61.2127878095365,6.45141729845802,83.2731864591552,14.4605213720122
2020-03-13,12.2339925792673,93.7147713996026,14.3328695173217,56.413094063466,5.9833543148938,96.5604277377916,14.6386827627813
2020-03-16,21.7900783542278,83.6576911865307,10.3420157370213,71.1536118830618,17.0023813882905,100.549013935921,24.2843035948789
2020-03-17,15.7359389825859,78.2657067009471,10.6837799469461,71.6685460688137,24.663306476575,89.4590101698764,25.9956518634064
2020-03-18,21.3127904007148,78.5401117679597,10.919545094295,71.8353984760819,17.4799448689532,88.8268604781982,20.7383335015924
2020-03-19,20.2724393808435,71.9379846651121,15.453569492872,45.8780332443429,17.2879233678218,91.1872739508662,20.1532165930127
2020-03-20,20.7213183332133,69.6497472197518,15.1363183664999,43.506336421944,16.9967812449325,91.022296251115,19.6317662824904
2020-03-23,19.0771953288628,70.2404533127381,14.841726148331,38.9712708920939,16.9918267614813,93.589091025759,18.951677165759
2020-03-24,23.2359437114133,70.6618380905697,14.5764945539726,31.3151265617109,14.5501867537552,87.951213223603,20.6186589438995
2020-03-25,23.0243337417245,69.7058248382656,13.3408805227786,29.3045217255049,14.2059412510869,88.757511804472,19.460984429863
2020-03-26,25.9252220362775,69.5112393686953,12.4027143040396,29.6158871927343,12.8130177614837,85.5020833433475,21.4571026007929
2020-03-27,25.7922366193924,68.6760386712747,12.5294863076752,30.2415625689228,12.6932357598353,86.6879463019425,20.6234868117719
2020-03-30,25.2376373669117,65.8755904562574,12.6024249048245,31.9822590227851,12.5504147539333,86.1521861841634,21.3103246226659
2020-03-31,24.3090541456388,65.1007179719434,12.8551069040113,32.4415055293908,12.5404086334192,84.8652811918976,20.9438414006876
2020-04-01,22.755311756068,63.5312325321974,13.6042144130529,32.0361724943481,12.5782852695583,81.0449126403997,20.6401738561129
2020-04-02,22.7517230911634,62.3186246449798,17.4821689333844,31.4414779071096,11.976420721011,79.077056393746,18.3345773157235
2020-04-03,22.9977106813812,61.1508375784093,18.0039054512437,31.4915993682702,11.8365714054099,78.6504686189241,17.925344371727
2020-04-06,22.9655498750438,61.1978732514364,18.337845024586,31.243971842759,11.7403629059847,78.5712105786485,17.5521462600957
2020-04-07,22.5368007691376,60.6867707471969,17.2445462844502,29.3688564122619,11.5847256522907,78.6765364517965,15.9015402700212
2020-04-08,22.3981373840505,60.4665905344521,18.5303180285457,28.7573844173978,11.4143653849941,78.5566898804033,15.0461264569463
2020-04-09,22.9295192009506,58.6805065800088,18.0711059996724,28.2761770318804,10.5080604522314,77.9212502937457,16.6432819642194
2020-04-13,19.0904140072612,58.4769996057993,14.7021299235961,28.6485779009033,10.0850108953193,78.4534233854168,17.4106526494649
2020-04-14,19.2508388605218,57.5440487673859,13.8159448670933,29.4552602183369,10.0127646298251,77.8631375933375,17.726418826062
2020-04-15,20.4582705674163,58.2118516672671,13.4664262212251,27.8811460418707,9.66265492996644,78.4164580935989,18.2195971576177
2020-04-16,20.9951290280983,56.0051365007251,13.1732348959443,25.8041035536224,9.62322639573629,79.0235373645459,18.1304122095178
2020-04-17,19.0319038825936,55.900382828704,11.5468823011787,24.8062303171874,9.74403880002794,78.5673334650072,16.5255669776194
2020-04-20,19.2606955592037,54.218519102499,12.4709821751326,24.0741367290702,9.65476293737112,78.6011597938435,16.1457107397267
2020-04-21,19.0625484370216,54.4704165116382,11.9670869834953,21.8839441748793,9.50883405542362,76.9554926728847,16.9067421074091
2020-04-22,20.5450790061068,54.9621521811869,13.9456232984214,18.4196740217345,8.96770734825394,75.2516835247557,16.3932315899356
2020-04-23,20.4184862183233,54.8402631726428,13.8801917376184,18.9210827557257,8.99067344165726,74.7979813279515,16.2176299751664
2020-04-24,19.8549492353266,54.817329941024,15.0446052097465,18.3463073798974,9.05021051984289,74.5221297733043,16.0735853511592
2020-04-27,19.9194316892888,54.2887088360927,13.112752671328,18.6206460127908,9.0654360660005,74.3949962312236,15.9506534270505
2020-04-28,19.9631454046719,54.2871556057533,13.0695451437347,18.6247440044255,9.02368350948155,73.9104125002526,15.984623502324
2020-04-29,18.9966468049989,53.4022544845942,11.6569430657443,18.5809932981155,8.87631611020297,74.147061862363,16.4276237062516
2020-04-30,19.0719317726518,53.6088485665595,12.3988401137208,18.5107908851104,8.9488003272458,74.7864252115906,15.6999042493872
2020-05-01,18.7048499205984,51.4514389424325,11.9631232077312,18.0850055251556,8.93949245564847,73.8515001639217,15.3354407168276
2020-05-04,19.3107518810779,51.4818063970046,12.000449217397,17.8794466892469,8.86498035854664,71.4906438885554,15.5465489076006
2020-05-05,18.9904287084419,51.1877956729891,10.9162187150664,15.9764820556095,8.85318730398656,71.0061176569106,14.8682867452938
2020-05-06,18.9248626547001,48.9938519533525,10.9052223153603,15.46082018983,8.7330073721119,70.8915764883522,15.3067199071582
2020-05-07,22.6927438077109,52.9121947193664,13.298465254775,16.3259077270794,8.15395762671456,68.7919693521088,15.9994482992287
2020-05-08,22.4069276021773,51.7905464749089,13.1140263073947,16.896521579637,8.13779531726919,67.7608401460072,16.0201682253378
2020-05-11,22.460318498753,49.0347082297744,13.0043028100735,16.6921956015214,8.15849745169156,66.9935328549146,15.4805535652519
2020-05-12,21.2190162317161,47.9175919021814,15.0276518213753,11.961833632762,8.06457988257726,64.183488980675,16.4100166039307
2020-05-13,20.4312667453045,42.661572513773,14.6048277667695,12.7976688085749,7.97387372493941,63.1897744779895,15.7772492042567
2020-05-14,21.2336948518773,44.4522207694399,17.1441493095872,12.4350837194456,7.73284545660311,62.766583516912,14.1256136751021
2020-05-15,19.8249413459319,42.7351703086887,17.3072025481551,11.6504602406788,7.74863795879337,60.7984633411198,13.814914630243
2020-05-18,20.8528964646911,43.1727972864607,18.3801940943929,12.8616804631879,7.64687786765485,60.5600042519669,13.7669887151256
2020-05-19,21.93665768437,43.6107660359279,16.7366767138379,13.3939140861221,7.56042575341483,58.1329811305766,13.4870543911539
2020-05-20,22.2891588450751,41.9151309321859,16.9432346342382,13.5824041495102,7.54184697049529,57.9125977639482,13.5845529506083
2020-05-21,24.5195897516768,43.6540834645074,16.4250684606507,12.4503512389953,7.23359803717462,58.2825100682106,14.5511961639922
2020-05-22,23.5997038394631,43.8024801906349,16.6100743605737,12.3651789341914,7.20983052836919,58.2485375489886,13.0046142629608
2020-05-26,21.1147800685258,44.180820159199,15.1028904509409,11.466267414205,7.13127391555071,57.643103528482,12.4417856205417
2020-05-27,21.3952858704561,44.3706776239332,15.815206969547,11.8003328889123,7.09959710700826,56.1141976409802,12.1953706452156
2020-05-28,20.9973973097458,44.9273975638964,15.4631354558945,12.5693242473895,6.6696502298942,53.8609746354558,13.7157980099727
2020-05-29,20.433339255016,42.8859537282063,16.4812415535757,12.6905365206235,6.56825052539457,50.7820640284698,14.5475161888572
2020-06-01,21.1129698938022,43.3540378256105,16.9443432060021,12.5007546728971,6.50471768639753,49.2350266947404,14.2323671637359
2020-06-02,21.4044419189966,43.1847884524193,17.170849575621,11.7639220019448,6.76757849021811,47.0977122014307,13.661473389391
2020-06-03,18.7382040804513,42.7576300869827,17.1469493936047,10.3558135367277,6.54766552516736,47.0603770659595,12.3004461846731
2020-06-04,19.6065497621737,41.4539476302568,16.2619568811664,8.78421951391102,6.16675087212133,46.053006173143,11.4712324553714
2020-06-05,23.3574455003697,39.829536668269,16.0507952709853,9.18178801031593,5.59728747338053,43.9467542787215,12.5081962577627
2020-06-08,24.6391406699937,38.3742354701818,17.2246169855842,8.7529010321449,5.37833175971416,43.6054990845202,12.722429067049
2020-06-09,26.0630570766917,37.4408296125367,16.9937877454699,9.92593701153208,5.1135085413531,42.1616716582211,13.4382407112157
2020-06-10,25.6330604457662,36.8549483885234,16.3797563285157,10.4794756551064,5.20402879117053,41.5907727966193,13.4218063997341
2020-06-11,17.535210595435,43.16605537461,14.1330543585421,13.0217763175568,4.78539604143409,58.4712707772589,19.6122526994661
2020-06-12,17.0012764647924,42.2496720548833,16.1511933275932,11.186939501316,4.72548484348458,55.9176207223212,17.3958513727745
2020-06-15,16.5126740357234,41.365511606321,16.9333580955611,11.9534769027155,4.52204439698167,52.9733786640704,17.9141504157024
2020-06-16,15.8363257186864,41.1227283586113,16.955312695994,11.7536595473347,4.3550617513772,52.0143867246147,17.2818279672382
2020-06-17,14.9622334684995,38.9532092148049,14.4789779104047,13.8784408053629,4.39485206424101,47.5947145884274,16.9848999638838
2020-06-18,15.0011779146644,37.755491482409,12.1994124069598,10.0070283673717,4.34214635892658,45.7092549105369,16.2668957624604
2020-06-19,15.1122988359444,36.8305360344482,11.995221982908,9.82959695539764,4.33725161695067,44.8585735449082,16.059260292296
2020-06-22,14.5282807287391,37.6336454152367,12.0849113811317,10.0540470332077,4.32898021399929,44.6756937586731,15.2045383029231
2020-06-23,15.6457527343674,38.5466272870012,11.8572183562658,10.4961520397992,4.12116437501252,43.4438517487819,16.1304026951156
2020-06-24,15.4066067853806,40.2231329881757,11.0510019474059,9.86268955673836,3.91976811553214,44.3513436819473,19.3516447243069
2020-06-25,15.4199175789138,40.0609012528094,10.9798058678676,9.78135606001802,3.9159044758935,44.184095247244,19.1843776594239
2020-06-26,15.6214603306594,39.9756822746942,10.9059915994975,10.9483704966659,3.89085711777054,44.7875563481299,18.6474500617536
2020-06-29,15.6005633277465,39.1148064577387,11.4672212057681,10.7546622952995,3.8606913696977,44.3069321929777,18.3742740108269
2020-06-30,15.9676336156173,38.8819833103635,11.4033836403032,10.6692892311196,3.79014289907425,44.3039267317657,18.812526498795
2020-07-01,13.9225559628435,38.9530521124049,10.3614654806167,10.496289194017,3.74210248100019,44.889161962266,18.5298053680064
2020-07-02,13.411302162227,38.1125833192805,11.7413407753622,9.76896475483444,3.3856643188417,44.022260741933,18.3010891169465
2020-07-06,13.4426904128621,37.8531511966879,11.5538841127053,9.71707306682045,3.39805832767731,43.9880669994826,18.293811593974
2020-07-07,11.3191792077941,36.6386555829065,8.71410603204448,10.0661156284906,3.39061523384308,44.9634550935206,18.0483068148003
2020-07-08,11.6056079027142,37.0290705413394,7.96351094685091,15.2581262335527,3.22949989427218,40.2880867844403,22.8006281148951
2020-07-09,11.5462211520107,37.3277573728878,7.40735006470341,16.1056059754996,3.20264026623334,39.9226211010583,24.5188995187838
2020-07-10,11.5863139354165,36.7369108670787,7.30730519860297,15.9556605283707,3.16554019093529,40.0991394653572,24.3772355728108
2020-07-13,11.4772640491526,36.0463232884265,4.7680173246192,15.111820730591,3.17582832282933,37.0601816921723,23.7385862028138
2020-07-14,11.4942611486516,35.2308327303414,4.83705074106008,16.6453883217277,3.12991976908499,37.5009388131986,24.5341346859754
2020-07-15,11.4501317987749,34.6287280659396,4.85953995183872,17.4331410093578,3.18640831640675,37.6845746621334,25.3653997170196
2020-07-16,11.2143712475313,34.2043451449068,5.27629867514055,17.2351182138761,3.2135709744256,36.8331409075721,25.4471169271605
2020-07-17,12.6517826714047,32.7877342219537,4.6057932637831,16.1509731131022,2.70288787239492,37.5968703212691,24.4902513704209
2020-07-20,13.2195520243995,33.1158776514913,4.66723748260273,16.1514564402219,2.65720314992774,38.0108106914481,25.5014655475141
2020-07-21,19.1342123296824,36.4259002063114,6.29626444718647,16.0485485923052,2.31167315754799,34.1857712366728,28.9489727264965
2020-07-22,15.8745498629076,34.9584750265629,2.36978296511732,13.7557090748223,3.01403950389493,33.2954665237312,25.3260317652301
2020-07-23,16.2694736502963,34.5351933888504,1.4554710556536,12.7870071402153,2.92932696492346,31.7540154263741,25.578517176315
2020-07-24,16.2920996325519,34.183245011591,1.54774532983199,12.5177876900397,2.91462320742004,31.7116023395787,25.0266577931763
2020-07-27,16.5990336324091,41.1508045116479,1.55127313794853,21.1033218327782,2.78059514367579,28.5854918201082,25.4180292797751
2020-07-28,17.3303562673939,27.365055773799,3.7049628799485,16.8409872308659,2.44415217023734,26.9870282453356,22.394201948121
2020-07-29,17.3644160850378,28.0395301202066,4.7242359923081,15.4966231241219,2.41549250649956,27.7891568870749,24.1565104430004
2020-07-30,16.9509549852552,27.8138869084735,4.57045350178394,15.5398343954646,2.35381488814912,27.5958151141969,24.0138219000427
2020-07-31,14.7992599506972,28.114054781345,6.3258373319542,12.0077023807034,2.53511346742365,25.7915356543026,16.2983863213134
2020-08-03,13.6687506571769,27.5864523082679,5.41081800678185,14.1895813640145,2.52117480639772,25.2648637504732,13.7756521789657
2020-08-04,13.8784972516181,23.1722853416173,8.92227660815672,14.8952523669562,2.37921571998728,24.4235612389196,16.7477906586852
2020-08-05,20.0450081677383,32.5316604864263,6.6829770951775,24.2894964072323,2.14409921532069,22.1053935899957,22.2831367247072
2020-08-06,18.370163920477,31.756849516944,6.95367625544386,21.9777500491635,2.32463008342911,21.5002058353607,22.1028399214209
2020-08-07,21.3615893362777,30.879089139227,7.63274929275511,15.3278493336564,1.9707789145703,19.9670280770681,25.217057526714
2020-08-10,20.3549345083913,28.0342471349486,7.39797882203343,15.7084992643545,1.81981224476683,19.8343249904354,26.1417584752781
2020-08-11,22.4549366510033,32.9067831005568,8.73200195835157,13.9218314597729,1.61229591480796,23.4786670187564,14.5213474800768
2020-08-12,23.6876590067245,34.5793958872276,6.64467336919328,13.3809731667996,1.57997714712368,24.5632766907779,15.3803128504864
2020-08-13,25.0418871946264,35.7083997741139,6.65664475641357,14.9573376093906,1.59128264756697,23.6647198364119,14.890152161672
2020-08-14,23.2959515121704,34.4971386282542,6.56958951828577,13.8796977620649,1.53233885656028,23.0295683224021,14.141214471977
2020-08-17,21.6675620382531,34.3456492360206,6.49664406780399,12.7222409824276,1.44001835662768,23.1836462924645,13.4373050516356
2020-08-18,22.7209030822983,33.2669918313775,7.23756545278413,12.3800923436187,1.16674995180987,22.6179367361082,12.850612361284
2020-08-19,30.0293000265214,34.6556510147764,9.51332338854496,12.5848604943076,1.02194433905473,23.886622849967,21.4815943869019
2020-08-20,28.5781692901087,33.7350937211788,10.7779476757327,15.4316981649609,0.996034220020255,21.1603567160568,20.3475077040553
2020-08-21,25.3401237433543,33.071667369614,10.7055241353204,12.594827855284,1.15851914206465,20.3938860517658,22.641240877573
2020-08-24,24.7471045746211,32.8123522416047,12.5040455230391,12.9567195609165,1.18548067467002,19.9927704483428,21.3539909601775
2020-08-25,23.849984015739,32.8624080433859,12.7029731466546,13.6684719816398,1.13359814281573,18.8699128399928,14.4172689828433
2020-08-26,25.1717675551608,32.2292994763362,12.7498264141679,12.4535533136168,1.14489395646802,16.3348898632869,12.4495033080227
2020-08-27,26.1991287797175,33.8403987692236,13.0042523907942,12.5718809866629,1.09661539920775,17.8606539625465,12.2980710541423
2020-08-28,32.1854241985192,35.9893592418662,14.5081433862814,12.364338484661,1.71733325310447,20.5947634658981,19.2843302879348
2020-08-31,32.8147556099519,32.9220148030221,13.6035436315616,12.4003712815825,1.71653074412503,14.5733040679787,17.5153774486664
2020-09-01,30.2642452007175,32.2175285552304,9.2401669861242,11.4181073081147,1.54929956376945,14.651621114419,13.2138891824888
2020-09-02,36.0501038589244,41.0910072558055,8.97353497489628,14.2335978960156,1.33872450067586,14.8071835074629,18.5048830659606
2020-09-03,28.9727798486012,53.2788831995368,12.893668170113,11.4175658190394,1.10860345369466,34.2328339954686,14.5122582078102
2020-09-04,28.4843887950944,53.3941199875536,14.5126858658305,10.0156906997255,0.783798227566338,35.5485612330921,14.5150302161501
2020-09-08,27.8954073507613,53.7372429538331,15.2083883710132,9.88826093060502,0.756595965412735,35.8697563570058,14.5362171745447
2020-09-09,28.7878923684566,52.9557924351724,18.079612203962,8.09048269232249,0.651152918846605,36.4026020241932,14.6353540331399
2020-09-10,28.8935888434996,53.147697407729,16.4031197227453,6.79671785997525,0.651312214155742,34.6821998748569,13.3372574382653
2020-09-11,28.6746466965809,52.2812346575666,15.725055285718,6.31080024776,0.646105985372048,32.9720330279386,12.8620166464086
2020-09-14,26.8950712932093,52.1683040576424,14.9995073785912,5.92083996679475,0.614545904015297,33.2839468682986,12.9177800888975
2020-09-15,27.0237882160601,53.1809482246967,14.4872449120454,7.91497686071909,0.614532110821545,31.77801799342,12.7694836832229
2020-09-16,26.6413226190212,51.6650039129088,14.2084486166323,8.123252807421,0.634072680757246,31.543188100843,12.5343602976814
2020-09-17,22.3376915872958,51.5446837531822,12.0139192406375,8.1468283470393,0.625794540119273,30.7728510273027,11.1713029797002
2020-09-18,21.7838939877319,51.2641295395574,12.1961017710616,8.06392104038255,0.635774764681709,30.8085710557117,10.7011449491857
2020-09-21,20.5704263259794,50.2612471343166,13.5815656485487,7.97215354014378,0.634490827282291,32.5239120160605,10.5781797935409
2020-09-22,20.3145440786367,47.7680165055734,12.7823169174927,7.49762713462086,0.648996697768798,31.0981280289836,10.6991564941554
2020-09-23,24.0190857637331,52.0597805102668,14.3533682027471,7.799394793265,0.621080623539073,33.3789793975614,11.9716704020426
2020-09-24,26.4278213663309,49.4728305243383,11.8222572110902,7.9263172953361,0.610703431333922,30.6622986380096,13.101140860211
2020-09-25,25.5786509734805,46.2248634611485,10.7684433766058,6.92372583432234,0.594430389489122,31.4089270117596,13.1756041042131
2020-09-28,25.8523697349122,45.5702290910705,10.6257903113285,6.86780567901722,0.582754736413965,30.945517022455,13.4155817981481
2020-09-29,30.4150004599053,45.4429886120647,11.5051367485391,8.16127969841454,0.532489452653608,28.3288826592217,16.5406352134903
2020-09-30,30.712216346426,45.4279027536062,10.7187064084232,8.5883769528295,0.531238456479498,28.2527029333978,16.7188740807229
2020-10-01,31.1032185430946,41.2130874465632,10.8712247791571,9.02632010906396,0.535642443075777,28.4413028978537,17.6567719747401
2020-10-02,31.5183326161847,40.3443625110183,7.76777389489431,10.3469499645905,0.533866749384801,26.8654290660756,18.0340442637047
2020-10-05,30.2781149749583,40.2919394204494,6.3730534543165,9.269852369588,0.535082424998773,25.7559370154127,17.5151284839623
2020-10-06,30.6678308162097,40.6383426534936,4.18373595454933,10.1095698000356,0.516058071049647,24.9833213940684,18.1977967566931
2020-10-07,26.2364067348398,40.2959771331064,5.60612055403962,9.90072699221652,0.543843785950143,26.3698661136496,16.837017779328
2020-10-08,26.5013552169118,41.811280395651,5.98816861077539,10.3704379749914,0.521063384409569,27.2634174500815,15.9704449332825
2020-10-09,32.6562675819996,43.0353783432382,6.1818808762225,14.2672815217465,0.470196346932193,28.540547992449,22.1031282754627
2020-10-12,37.9408999964644,46.1278392797656,5.43197240418829,18.8305173003044,0.456842360419129,25.9395697771322,26.4106496199145
2020-10-13,42.2520709355728,41.9591486376223,12.7668053452439,14.5629024303371,0.447000557911848,27.8539760576375,33.5789906303341
2020-10-14,44.1320838247945,41.3209631448966,13.1127783293124,15.8077648546017,0.453042532208598,25.8877394875821,35.4443020905426
2020-10-15,43.455640665482,41.0931602530924,9.18654707257439,15.2741657424782,0.468677226476873,25.0501972834318,28.9993348296525
2020-10-16,42.6336310986536,40.5070579586326,8.80775141492166,15.2081138329758,0.525942826434638,24.716349400893,26.9634130293464
2020-10-19,41.8001644014733,39.0972055769463,8.29356026141036,15.8862504668986,0.550566847427649,19.5767085800571,27.5254081839765
2020-10-20,40.8347326238198,41.462483355632,7.32119964448564,19.9899763160874,0.537267096720394,17.2345423677954,29.4788861829376
2020-10-21,41.7835625738049,46.7699711501346,4.76872634874307,25.5460259925515,0.521219987869091,15.046342652575,33.323275706531
2020-10-22,42.7683185717465,46.364898752188,4.89018124792171,22.4473711038705,0.506047588288801,14.5550483183116,33.9384975814843
2020-10-23,42.7105679178324,44.1350931036056,6.41456113466913,22.6598805264771,0.495786520938446,14.5483291754536,35.8006312210792
2020-10-26,42.6899478432219,38.436947764786,5.83747122630443,22.5672013073294,0.475404365363178,12.0125165399186,35.0534241486017
2020-10-27,43.8558253020876,37.4081274181663,6.68886416254586,23.7585818349132,0.458738898494065,8.730077188908,34.4907148364626
2020-10-28,46.3309732198504,40.7636485664589,5.23188097755135,12.6146796005668,0.253306693643182,21.2642869140672,37.1551813656666
2020-10-29,45.5767928376464,40.0490241488611,3.36434663223195,12.5860676414635,0.28498626015108,21.3422069140278,32.8544793606401
2020-10-30,46.8642129279439,39.8099272904354,5.55559366366688,14.5914281369987,0.291928281388192,19.8617765972698,32.2253641992727
2020-11-02,46.5195740980993,40.1460605583327,4.6078446565214,13.7183033628927,0.243999357987673,19.3375124028126,31.8311818778429
2020-11-03,48.569010509259,42.2518932772587,3.18463339209121,14.2554953600708,0.227118310076909,19.8403799758062,35.0034295342433
2020-11-04,44.470876896807,42.5142627534216,2.61101736531464,13.3270987316313,0.190099351027507,16.3807436360176,36.2909913536301
2020-11-05,59.8910625950106,62.2819625243221,4.9600119102545,20.124781758912,0.155607749374138,16.8969478616911,49.7604469132635
2020-11-06,61.0518219267873,60.7233944923234,4.97942878439449,19.5192503783734,0.16859323993789,14.848343039807,50.8990646701953
2020-11-09,61.1244764442695,56.2280979059893,4.97299722447087,19.4934758362384,0.146039557170463,14.889517338387,49.4661392859943
2020-11-10,63.2868337753897,52.8889447185692,6.63183606776093,20.9432071445427,0.163211930598609,15.1884656377319,45.7969885869042
2020-11-11,56.6033748462163,53.423951521148,6.59840522489419,18.5920728424014,0.160167373841195,15.5467969843583,43.7311838491863
2020-11-12,55.8844903109811,49.9798070142423,6.4446976750512,16.2936931699001,0.177227129919613,13.4439176742678,43.9562818664191
2020-11-13,57.0994046834435,48.5614359029165,6.76391789522124,17.9594570182448,0.175043841477543,14.7874622445867,44.6112404471993
2020-11-16,57.8696934737603,45.8067477352921,7.21168473575874,18.5046168548735,0.18678478460138,15.0272873046822,45.1568641414114
2020-11-17,51.1065348271036,44.503198378099,9.03578512422633,23.6701875190448,0.249572187685921,12.6854018058178,46.3689804060082
2020-11-18,51.915738953198,43.4803032664486,9.23816678989109,20.0653120982626,0.247720498029839,13.760064905244,45.2182103581911
2020-11-19,51.5446097501288,43.1412398174146,13.4658211865528,19.4323927349786,1.2792158304933,14.7294696515936,45.0579047703734
2020-11-20,53.1669061301532,44.8613329479568,16.4254875557753,22.3569152285447,1.51082374210212,11.4265589760806,39.6337180249308
2020-11-23,52.063438172119,43.2725648375202,16.2239291070527,22.1268036611181,1.57874967363715,11.1580066102682,39.2698969192871
2020-11-24,31.5945765111092,44.6789459097853,15.7514468470759,23.7754781309911,1.65074544999766,11.8372267133056,36.6400388665274
2020-11-25,31.3809284706789,40.8166183204026,15.3091857756847,23.4621568620303,1.67055682959687,11.7732955636286,35.7455489540066
2020-11-27,31.3135680578348,40.412659675351,14.9020625830073,22.9542306793739,1.64462017123828,11.678412299305,34.5906971446065
2020-11-30,28.6778270830202,45.3390746033138,15.6818104732284,29.5799361701563,1.81518135798923,10.964204529942,34.9095292397021
2020-12-01,28.9403797895955,44.4594247785312,9.72257462325656,28.6183715105769,2.05926116046047,10.8049859275403,38.822075735118
2020-12-02,29.228582257724,44.7447821102069,10.3502104924593,29.0688630037418,1.94786448896907,9.85109597553632,38.5745507868144
2020-12-03,29.6338354887129,44.0081727840642,10.3670112596132,30.5974540493322,1.68987202128055,9.38633971070202,39.4700037704528
2020-12-04,29.8823862558135,39.9621075541252,9.84733387890254,26.7593012254041,1.77040758274746,8.94959056691376,40.2405686187915
2020-12-07,29.8770572153295,38.9221871293596,9.69785719263055,25.6255787529807,1.71375149262215,8.69169630115666,40.2978294145645
2020-12-08,27.0867071275222,37.6269761983989,7.90248662544754,25.1990513785377,1.77965849501679,8.27755017707282,41.2628458670761
2020-12-09,24.0675744678969,37.2809086605206,7.6700218147264,22.9854055832529,2.14856329347764,8.76453072389395,38.8984920266922
2020-12-10,23.9440100985967,34.8896155291386,7.97897572958688,22.7539879394238,2.14558484771325,8.79213435438898,36.6771776371367
2020-12-11,22.2574821723161,35.1078368599483,8.80672174929999,21.7531091260055,2.14962950664774,8.24014668400264,36.4323042625536
2020-12-14,21.2543634088158,31.7561006285193,7.91617546365738,20.9583124140624,2.04265145244763,8.3993352104839,34.0401161281126
2020-12-15,24.336070311724,33.7202636753543,7.48475290176121,23.6497076993156,1.93695275930572,10.5116342884822,37.2411560788659
2020-12-16,24.6174999499354,29.8613902586361,7.49521063041211,21.7077736518941,1.94482488454727,10.7763731260448,35.3543025443383
2020-12-17,28.325684518424,37.0348136894364,7.37037400358578,16.2934072431774,1.23610165114725,10.8667619303682,41.9896944366211
2020-12-18,29.9984715623816,33.5875078464226,7.24347660775011,16.5162130364934,1.36487802456083,10.4285645656586,39.200535343264
2020-12-21,29.8175148268185,32.5539280128926,7.25387511151055,15.0733907874014,1.37607835561588,9.98004747667502,39.7110730347621
2020-12-22,29.2686160839508,27.720882079238,7.26425077969055,15.4580828493332,1.31156856502341,9.06810415314117,41.3856027877472
2020-12-23,29.5243396052702,24.4906710521179,6.13893981767989,15.0878162969553,1.14009367697296,9.98981373865585,40.0070647362762
2020-12-24,30.0057981123276,25.2701312974056,6.39204767878259,15.0898839999454,1.17315417227423,9.78554072240611,40.958924475423
2020-12-28,29.8810747080094,25.9897290213995,6.43179339958117,15.3205978399393,1.16220930935945,9.37502590852741,40.6881148943296
2020-12-29,28.4212630935558,27.2798802516403,6.28570080611407,17.2884020414582,1.16114136511197,8.9612361721737,39.845098819555
2020-12-30,29.493252903713,30.6954825881614,6.04966304089578,19.4021866505124,1.08484550162734,8.91535634144943,42.6893283542643
2020-12-31,29.672914484624,30.3698679165983,5.83191641838897,15.3661334513772,1.1253292068404,9.02903926180936,37.7035425671525
2021-01-04,27.5584621159253,33.2061688444691,5.73296012240799,18.9426900679595,1.15709805703844,14.5849965629948,34.5441000185725
2021-01-05,25.2616548169386,36.1026530257737,5.66922227608057,21.6994537208308,1.16063951383132,12.8660755334648,38.4462515307771
2021-01-06,19.8462323642133,29.0012466073007,6.39915196419677,20.8056147520651,0.924341683860212,12.2280674247671,38.8423387423716
2021-01-07,17.9888490829128,25.710602337549,6.07272833180445,19.9709842482969,1.16618647320081,8.96608558402306,25.7154815190836
2021-01-08,17.4978029743547,24.5414378556689,6.19510825920619,19.3652525406023,0.923088038261995,7.60322524520615,24.6497477061595
2021-01-11,30.5579127061116,28.8434627639022,9.27805568445912,16.3080806457869,1.13738974241824,14.6790894022714,31.4060172745941
2021-01-12,27.925276397626,28.8042521973971,9.70795675162662,14.8323341786843,0.961875504995617,15.1351142003846,26.621290465309
2021-01-13,27.5266112672291,33.6573049898909,10.0571342066014,16.7431363938303,0.85166984208147,16.5710953685133,23.7490737481503
2021-01-14,27.3500239359227,30.8786459243852,10.0015701669422,15.7554306125114,0.800143483466401,16.7949003112136,23.9166163158789
2021-01-15,32.0529546091007,32.8536413837731,14.1118400145811,14.2726272401218,0.824516574222663,20.1147433131704,27.4494243635279
2021-01-19,31.0643607763186,25.419192825983,15.4225632618021,12.5022223403422,0.923745259657618,18.044801510055,24.1701507579333
2021-01-20,31.2758445860822,25.2694802579455,12.8274874394264,14.0238173028501,0.788100514546672,19.0702073410747,24.6353602282682
2021-01-21,29.1024519702618,37.7074055282252,12.2519534591712,10.191869971696,12.2128414377077,15.1775198190703,24.1404390788902
2021-01-22,28.9169774559833,36.5874365015528,10.2382346477806,8.94936053242943,13.6751009777928,15.1089107107211,23.9902907493683
2021-01-25,30.4841625486607,36.1162017651713,11.3231805394403,8.76630482068434,13.7630953014601,16.4528279540997,24.7910886917985
2021-01-26,29.7364303111249,34.8595597018167,11.241319285668,8.67714896675398,13.6638053191886,16.3082659441625,24.1346017264835
2021-01-27,22.3207104667208,40.9616930680033,12.9542987497508,12.1357368748363,12.2101016423062,46.6261406885609,32.9558173157367
2021-01-28,19.7806399660083,40.1890186419858,9.41061346517695,21.2185205817312,10.2206658221739,69.7289149921042,39.1492741609076
2021-01-29,18.2084330942321,39.7388649769893,9.43847843491003,19.1292059528501,11.1514091035319,67.7473872894375,39.4940867321239
2021-02-01,18.3860548012649,36.9297763227786,9.65046175240776,18.8682605023459,8.64678647647894,57.8682648108305,37.2223222610758
2021-02-02,17.111546072114,37.2124932448131,9.00426903366271,26.6192455698631,6.9505697853695,50.3228077526178,33.0129997377009
2021-02-03,16.7313332002309,37.8225090745099,8.41561174062408,28.4083663709445,6.47225694509345,51.8886445668495,33.0637124765413
2021-02-04,19.7871964543638,36.4342662331156,6.14823567271133,27.331443874922,5.88627730350729,48.9106556392866,33.9267878997999
2021-02-05,21.5386214176249,37.5384472975165,6.43262892063256,26.6776832313663,5.46070818464099,48.1326994354081,38.0312875507557
2021-02-08,22.5548217898103,35.9316628224772,5.16543625939061,27.0570001538462,5.91726343232049,44.5665033238608,40.6411660906393
2021-02-09,20.9114158133569,40.6989523458106,4.31210772889669,31.8588681910674,5.6792426801363,41.2280939982846,41.4624307449988
2021-02-10,20.6050554096753,41.1351822232622,5.54865136757252,31.2825282855127,6.04295540889182,40.5992006252911,41.7035975444831
2021-02-11,19.7320154222182,41.7558248756167,5.35774921678234,32.0627343083926,5.81381891953137,40.0124188515917,40.7039002829815
2021-02-12,19.9781962724649,40.8849267841462,5.30122655580738,31.2372105564925,5.75612500599518,39.499168068481,39.9379861422591
2021-02-16,19.8982245420312,40.3683666606032,4.32795617144864,28.3362008352873,5.37171372530599,37.9743028622794,39.9449068055536
2021-02-17,24.0395024208343,37.2950586905724,4.99712791836113,30.7499245091705,4.8031207467064,36.5769278117494,37.2037857298567
2021-02-18,23.771637160191,35.3827752143146,4.2018806059507,28.310830904983,7.18829455594561,27.6947411847763,39.2171085264492
2021-02-19,23.4010795487343,38.7762141882504,6.07867904540985,26.9574847323285,7.27912669870898,27.4542050085277,39.5209169882919
2021-02-22,23.3271631947151,39.0582606506418,6.14458852220884,26.9203427659558,7.37163531425274,27.1606718099978,38.7920612321259
2021-02-23,22.9942612456218,37.1487441344912,6.13207104729501,23.4856516646679,6.85060170965113,25.3957245955074,40.1133275075993
2021-02-24,22.6870408136418,33.1782446823097,6.09120688758853,24.5156003911002,6.74294036862816,26.3146831481313,39.9677444517204
2021-02-25,23.265887335003,35.3775230272658,4.32874559809426,23.8996828761454,6.71756895216985,34.035489901931,35.9065351789357
2021-02-26,30.7384673243136,35.1766822391717,2.58861197571782,22.9800546167476,5.96089797089846,33.9194668567575,37.640277024126
2021-03-01,33.1932012481959,33.7542710453765,2.52476208707671,24.9351317486514,6.90471754230545,31.6161071204011,37.7703680701225
2021-03-02,32.8151247968814,34.25720118699,2.1077680599284,24.4421027169419,6.24993719715804,29.8920518110555,37.454194624401
2021-03-03,34.0934240237489,32.5781699958373,2.4715486669647,23.877295994022,5.97628724049458,28.8463677306437,37.1071489789505
2021-03-04,34.5313982283352,30.1474317781409,2.37002379899057,18.8695634717677,5.71634977265284,29.1760514306655,40.1492261867333
2021-03-05,34.1517219736847,29.1527441253184,1.99860521890223,18.3358091009542,6.37887577416128,27.8676782060029,39.2580573454278
2021-03-08,33.7767473991433,28.5769445765507,2.01035259164089,18.8485551143115,6.4412348377502,27.5439022159048,38.8884438845412
2021-03-09,33.4345578512318,36.3697652315983,1.76789743900858,16.2308128617683,5.9853709703471,28.2076367853423,40.7066943192182
2021-03-10,32.4936572851532,35.9842548107061,1.61891540187771,15.8097575183746,5.98189199544456,27.8059811430448,40.273571099568
2021-03-11,31.7371461718354,36.2548932575471,1.55654676728544,16.1460526202598,5.9543544501315,27.619912062029,40.4158550439174
2021-03-12,31.6266909245007,35.1347268137195,2.1387227766979,16.8679696013144,5.60296485767924,27.3514686009101,39.5863212383955
2021-03-15,31.6010644196368,34.8745686318634,2.12035770453349,16.7117260275339,5.60350279957621,26.7811297958843,39.1595335435591
2021-03-16,31.5527953624159,30.4071749285484,3.09726089189307,13.5845025747735,5.83343775411298,26.5594419334909,39.011860556815
2021-03-17,28.8511087870411,30.3191886526371,2.68002572790153,13.1681747051442,5.61828455990467,28.0989932406282,37.7061851223091
2021-03-18,25.8947170822242,30.7612970870288,3.17469987062592,13.4125325042144,4.97301117938815,30.1422278963263,34.7363241895574
2021-03-19,25.6422583933958,30.0283038395529,4.21889698846021,14.0202816558606,5.05814883392434,29.9868042998563,34.3949033292616
2021-03-22,25.1969587535782,27.264505901083,5.06892904820267,14.4976560085015,5.1027112465669,29.943440886127,34.1343523003209
2021-03-23,26.6790802311408,33.1348229145739,4.78565253239936,13.4802462214884,5.012343685514,30.5790534633384,35.7422825424145
2021-03-24,26.6338595967073,31.4285436919531,4.36414719442249,14.419961149595,4.78674956011138,31.3023801674317,35.8232040943007
2021-03-25,27.1364792157881,28.1645216826364,4.12800015029884,14.8970541778709,4.73339616374646,31.078135789623,36.6114113964337
2021-03-26,27.1029861409458,29.8771396038175,4.594476715609,17.0739302806997,4.4527361178338,31.641216114426,37.2975383276186
2021-03-29,26.9456428685353,29.8818639152741,4.333401009586,15.392905810322,4.50628245473999,29.6147528069508,37.1051098445887
2021-03-30,27.807024095489,27.0196954686853,4.19022904796166,18.4936886052502,4.33133777242739,28.8229514353294,37.3221901072205
2021-03-31,30.6777866020206,25.3976044181209,7.50540497633704,20.5507065518795,12.2479452112535,18.3002681188323,35.473354770147
2021-04-01,28.7982532577002,22.6636518968581,11.2102819387802,17.0414720357488,13.888320192628,19.2139078988357,35.0659194165238
2021-04-05,28.9926178583243,20.2079368323707,10.750406500962,14.271647559801,14.4256296813678,18.485461807126,34.0642342957228
2021-04-06,29.5980406698119,19.5188051793394,10.6352111714886,14.8931640499934,13.2864102537998,18.1784554557689,34.1895087896397
2021-04-07,29.3672020824698,17.5650175175755,11.8733099274475,15.4695691281469,13.6879821708185,17.3309004880496,35.1939077228008
2021-04-08,30.6245193598451,19.1000039962443,12.2686407375277,16.4834633517798,13.8179504524378,16.6651166459527,36.7775489356783
2021-04-09,31.2369792443662,19.2916878255711,8.89150652975794,14.9525193217006,11.7982904100478,15.3807817702401,37.2312362778031
2021-04-12,31.314439256602,18.8867091208496,8.39285424287997,15.0275602487935,11.7395231503749,14.8105760262607,36.9863768287611
2021-04-13,32.1528676079005,21.64812619872,7.34883726114509,15.5484203336078,11.3384717507314,14.8022598687482,38.9333919795773
2021-04-14,31.1430918280262,21.7905187982769,7.6912435106748,15.5315031787476,11.6018394638282,14.7020909878387,37.723681239918
2021-04-15,28.8373087567394,21.3856639288669,8.05957127820473,16.2548384869466,11.7955022593093,15.4007663953681,34.9650908077344
2021-04-16,28.6868271865698,21.9096069201367,7.82668457334263,16.6116812090266,12.2873504494732,14.736893316099,34.1539557262203
2021-04-19,28.3998494563635,21.2888724070815,7.82943642983362,16.1986403497045,13.7825901677273,15.5168050438833,32.3683096991975
2021-04-20,27.2929521184697,20.0129597446431,7.26022995416012,14.3550356439416,14.9968528184333,14.8457408993525,32.1057380225876
2021-04-21,28.6626754752944,11.8841586019016,6.17911248799971,15.249644621886,14.6555368455117,14.538215494761,31.0372199187165
2021-04-22,30.1813827886085,18.8941650495725,12.6676398060063,24.5305036366341,11.3998333430656,18.5240085167627,32.6743351152006
2021-04-23,25.4532290380763,17.4857473781782,12.8234114075295,22.6202166928808,11.5252506497595,17.7419319304915,27.5090646494674
2021-04-26,22.6744256595405,17.136025668711,12.445903188134,20.5142079944059,13.1809995582806,17.4624223362734,26.0024296536441
2021-04-27,22.9073421150056,14.3288449986296,9.65734190769886,20.2017157588189,12.8907028384414,17.7038232313818,23.2162698264183
2021-04-28,21.2526950197763,14.2445561529057,10.6378383684365,20.1192924572803,12.9979551750108,17.5964524187341,21.3986335088226
2021-04-29,20.32967848929,16.454231513809,8.64353671391335,18.5283083443896,8.52322665094631,15.5192888059205,21.1494673881576
2021-04-30,17.6858990606595,12.2889658868924,7.30010624099889,21.0347257198598,10.4071316285198,13.9137992966,20.7320671727881
2021-05-03,18.4691804565613,11.7823546800746,5.84526303469034,20.3270692875527,6.7802251734277,13.3242762535654,16.7204790533116
2021-05-04,21.4693165580152,15.5101180338589,5.2844196501319,16.1303247612132,7.5746476778273,14.9094101670898,18.3041332226416
2021-05-05,23.7286297935265,18.8718033707326,4.905469330455,19.1561323261798,7.81893141869166,14.2199179878469,18.4099803924184
2021-05-06,24.0519997208895,17.3873820804643,3.81298899583454,19.6294038432726,7.80995191322894,15.0210304134849,20.5696486688572
2021-05-07,26.0205863773798,17.2365086968113,3.84683687706782,20.156997287954,7.62432246293492,18.3774946484461,24.223482858968
2021-05-10,25.7360155427901,16.6070117919481,5.3054537063156,18.7785435611558,7.95692893295366,11.1951161015308,20.8481431753734
2021-05-11,25.4941341126231,16.9948835916863,5.07713548804351,17.5572192209304,7.84016172337377,12.6089905254933,21.2625216034525
2021-05-12,25.19836507892,33.1169870610403,11.4537620532295,13.132634410803,6.2814600946548,37.9831297598849,30.1535477384205
2021-05-13,25.6625171678533,29.1320486422018,9.40153543918801,14.609039630829,6.84386281428427,39.5679522025384,32.21906974698
2021-05-14,28.511422625564,27.0419061974445,9.87140936737526,13.4881605633343,6.96041323311283,41.1358950165073,35.4345607450076
2021-05-17,27.8364091127122,21.4621945950616,9.14139133490673,13.2756016702656,7.02656047757388,40.3233225436324,34.217923072327
2021-05-18,27.4844265966492,22.087175686094,9.00946294079615,13.475825971075,7.06267964264492,39.8016138005444,30.2392751823921
2021-05-19,20.62628421288,27.3716180524552,8.47849734921158,22.4393904175838,6.3234083720904,35.3223073209579,26.9936837267503
2021-05-20,19.1312357654315,33.1955405775948,10.610215234298,36.2384311518645,7.58070524497702,31.9512965045419,31.0066496483236
2021-05-21,18.7925331182085,34.4330287384017,12.1247315223211,35.6697103129032,7.04954588669494,28.1092579183683,33.32454502459
2021-05-24,18.5194889566262,34.1287489475715,12.0074624382096,35.8774496331168,6.96502045618047,26.6345581478851,33.4044176287923
2021-05-25,19.6027322920263,33.2334817109112,12.3549721236013,33.8769421230996,7.49049689928718,24.7726186345385,33.9849825977126
2021-05-26,19.8339843733092,33.7688911169618,11.6179617889804,30.5593405827379,8.1506829270969,22.8838504755373,27.6546323173143
2021-05-27,18.8391100192345,33.5372941324013,11.3460096792496,30.6144996305475,7.29661843861042,22.1980756389206,26.2438026469868
2021-05-28,19.311532991125,34.7896425859156,12.1481561672391,27.5553789023046,3.54713846002951,19.9663809568993,25.6477716266877
2021-06-01,18.0855649111912,33.2650717776401,5.58031654605396,23.6537064707429,4.47618477865058,18.3550554429561,24.8750956482153
2021-06-02,18.0810430520856,32.3073686455333,5.60122879621145,23.6448918765864,4.61488021149943,18.5800911069041,24.6977908571472
2021-06-03,22.108731639992,28.3945958234099,3.04187662834044,23.8539980827592,2.99351194110691,17.7286920896668,27.6720612935448
2021-06-04,25.8402091272337,26.9005771975441,3.13470971075827,26.5473424528819,3.00339134456208,18.412166291883,26.5038777982214
2021-06-07,27.2704852089626,23.7463178297415,3.14573875341784,22.4863332405111,2.85973341328225,18.1968134202338,27.1250642247132
2021-06-08,27.0997401721519,24.4238346041055,3.41595073366506,22.3744833847412,2.85577981546565,18.2044314223916,28.2523730835851
2021-06-09,26.8537728058375,24.4136381972268,2.25869569725946,27.3258060717001,1.94197184209011,16.3912110017352,27.5991992388677
2021-06-10,26.2083314399047,24.8173085444987,1.99135003215106,25.2495219040712,1.91752921337987,14.4377803174448,27.6243823519873
2021-06-11,27.9185248957284,23.4565098748487,3.17034069688842,24.8519542001576,1.89431298599772,12.6394494583142,29.6763635670181
2021-06-14,29.2790708507387,22.0022878463398,2.65479991810517,23.8735291719828,1.55441892349278,12.7447260586797,31.0147584119687
2021-06-15,29.7828945975703,23.4921115366041,2.42080215866923,25.298973177249,0.716892095129047,12.5512839197362,29.9591133852995
2021-06-16,26.0671103252755,23.2316917646466,2.69610699427443,22.283372353878,0.79180160289136,14.2454534166941,27.3536862533807
2021-06-17,59.7750429275162,20.1532864876186,3.7839843192472,18.6457948992826,37.2566624761931,9.7722280303837,28.3159598365472
2021-06-18,61.7238200947838,18.9233441407287,3.85294387234276,16.3243459483972,38.0716825788975,13.2452494596633,28.9759548915364
2021-06-21,61.0317635077669,17.9098605850978,3.77644345704094,16.6610294976598,37.9881364896969,10.1010556470711,27.8714861842319
2021-06-22,59.6466366157061,19.3845713811554,3.7152671782655,17.673963561824,37.8869929672309,10.621553341441,26.16792537878
2021-06-23,59.2702792533854,18.7654789026403,5.73432200493917,19.5570104896895,37.8111396974764,9.80810136869471,24.6539469369511
2021-06-24,59.326277840604,17.2353225893133,5.55402436592948,18.8057368309346,37.1557633308294,9.9742653089701,24.7015269878982
2021-06-25,58.9237008463259,18.2544250595498,6.01430476579812,18.8752894625656,37.1477381431568,9.63732414696899,24.507706625752
2021-06-28,58.8486779953747,18.9691777492426,5.99439053140149,20.097293303217,37.2081122925839,9.47750194275928,24.4094520381887
2021-06-29,58.0304924890121,18.7849106066386,5.90634096404088,20.1959073764245,35.5412340478497,9.28515054889739,24.3943463093247
2021-06-30,55.118120899185,18.8660373165535,4.87018640565503,21.1271874198441,27.7468200116376,9.00524313703544,20.8588139969361
2021-07-01,49.8517593748337,20.1601130895454,4.60220134702653,21.8779808304766,23.3632803309693,8.96650105572152,21.7076132082097
2021-07-02,49.5574882318388,19.7392835557036,4.99825152547945,23.0484726291559,23.812598651701,8.96280496086047,22.8313683465488
2021-07-06,49.429877732334,17.901726168138,6.15222594560241,25.1656708382476,23.7495427462404,8.44810620272774,23.9326726155123
2021-07-07,49.0989777651995,18.3713750707359,6.07451772316096,24.6840881125621,23.7530470057336,8.4213390203984,23.386503350769
2021-07-08,48.105464989111,18.2722226214124,8.8745204492441,23.7686016301707,22.6634359042364,8.38460308531648,20.9536324573365
2021-07-09,48.6585979241377,16.9570955574711,8.3141319727026,22.6414481971477,22.5060408345632,13.0069984099588,20.6646996693676
2021-07-12,49.2523060673677,16.2167709261748,8.3182368073936,22.4455750726068,22.8738748612687,12.6601729320935,21.2280061222732
2021-07-13,45.5126046025512,17.4627963844914,9.42603189111448,26.7815814605573,22.8086477233357,12.723664255781,23.1773439011855
2021-07-14,47.8285502245702,16.8071884540821,11.3603127575119,28.6410742158375,23.3313188525876,12.7731288203229,25.9327850820731
2021-07-15,46.7072777291558,17.7995707034098,12.1576405166519,30.1452156556298,23.077598028177,12.9382609062226,26.9598522431511
2021-07-16,45.1980913543042,18.0149784769634,10.7725984001251,29.5190849353562,21.3527491657649,12.6547974192949,26.8674270494246
2021-07-19,47.3843274747156,17.9967513130969,8.75855631501587,28.3283287145201,20.2695084395598,11.5973952267263,26.7342708823284
2021-07-20,46.4823465681822,19.1936209796102,8.06591517163057,28.9665673204547,20.145275942792,12.3947989071332,26.2938073201528
2021-07-21,43.9072095112245,22.2651345853137,7.3497383271869,28.7507268252718,20.1430380470884,11.1128649387393,26.5014683577123
2021-07-22,43.5578255964253,21.8853984507183,8.40576402908281,29.2108917785636,20.2284236145173,11.2102205626208,25.1800926890578
2021-07-23,43.6979189512907,21.0464158648107,8.85073809774111,28.5034400839343,20.123803914373,10.9534786708691,25.1439110284879
2021-07-26,43.16609412926,19.6488328211558,7.0006199393012,28.4928645690948,20.0579767728721,10.2115211891724,24.2661960016128
2021-07-27,41.9112327783749,25.0658409683624,5.97018113085001,35.3122758518282,20.050768623539,9.3256562525344,25.7525213619775
2021-07-28,41.572264171891,25.2099530152266,5.80288575810503,32.984129271293,20.103612818181,8.67965331477448,25.9808291564963
2021-07-29,45.5400775628935,21.7626361421519,6.2375963970785,34.3634131735731,16.2266733492303,8.87356467265214,32.968397425668
2021-07-30,31.3648740208711,25.1129577989618,6.41796878263182,37.0864124912647,10.9690097459101,9.79404294705201,30.329380899063
2021-08-02,33.229966029053,23.5888822348546,6.969068989415,29.6533933589083,11.973003705085,12.2638884841699,30.3694024403059
2021-08-03,31.2400384844226,21.714683107775,13.7731724344037,23.5428628847725,11.7795130976142,12.9815216719832,31.320561121447
2021-08-04,30.9207538999162,19.9923230397638,11.9592102077597,22.2313199717736,11.5712717350143,13.1528069374628,30.3599827633043
2021-08-05,30.3149134810911,21.3125600162467,9.91376380535671,19.6728547390211,11.6490369538423,11.6793485910399,29.8586937488097
2021-08-06,31.1476614825654,19.9192273152646,9.43581695226507,19.5538181759742,10.9454866680443,7.63404704514349,33.4728049288297
2021-08-09,36.8809373975542,23.0437351298059,10.0482600343766,17.9354219560238,10.3625690376289,7.43788370728744,33.9587220679892
2021-08-10,35.9827240386185,23.8594302530735,8.3466775495121,17.43940161079,10.559051185471,7.20461705418936,34.3631958139087
2021-08-11,37.7236339906006,22.6001155882247,8.79464295197642,18.6532902713884,10.5323571239889,7.42445670470739,36.4264031406046
2021-08-12,37.5750570970409,18.5646050309464,6.88470027507276,15.2157846998549,10.748249889798,6.58910797812788,35.1232746340047
2021-08-13,35.8805331995873,17.5381133190402,7.54509351187708,11.5756466146498,9.85377214937737,5.7748641356904,39.7166261458616
2021-08-16,37.4045091956493,16.6483375089743,7.65141827138516,11.22220981967,9.46420443914313,5.21903751375482,40.1107362363941
2021-08-17,33.7581364956643,19.0214865894285,9.74613906601415,10.1396036856342,8.47171031545096,5.01654734662231,42.6590509506986
2021-08-18,33.5840099887635,17.1066385182609,11.6296134068381,11.0195659557987,12.27686441076,10.8619875968748,42.6198483182594
2021-08-19,32.8601366125632,17.8678692367099,11.2017732658865,11.8800735287953,12.2585446417997,11.4483697283762,38.0901770167338
2021-08-20,32.5995777371362,20.5487072176774,11.0220538964702,11.3692116445564,11.4764824771728,11.8365327298328,39.3426313496047
2021-08-23,32.6961762692703,20.6244234044879,10.9320976674467,11.4693868273254,10.9963621753883,12.8810494324665,38.6306046294786
2021-08-24,32.881016454595,17.262716814917,12.8439275562476,10.5309327764559,10.5981146666464,12.452538721478,38.2603520745698
2021-08-25,31.3194593669998,16.5452795673838,13.1482245526173,12.787256916131,10.324962639139,12.5190162780808,35.9915642584128
2021-08-26,30.4374730467726,17.3178816072914,12.4062589176929,13.9047007864444,9.59801448106452,15.5275946164454,34.8722913982955
2021-08-27,33.7493634300578,20.1693037086811,11.4459485345023,16.5942497869521,11.041023249895,19.5416320658863,39.174177470556
2021-08-30,35.8824703411013,18.9777456097293,11.9188804885747,16.8014069206794,11.0140460054802,20.0700062917668,40.3256176925383
2021-08-31,35.6558402050348,15.1264053218653,12.2612138720072,17.3957279483008,7.80648015369827,19.9709264746228,40.2780384259862
2021-09-01,34.17090586509,16.0659727404523,8.97701624227314,16.3735280627687,3.84525935815742,20.0960350593435,42.336537800562
2021-09-02,33.7935257637411,15.4688453354457,8.34725812922565,14.1935107552749,3.71367480274711,19.4841810921102,39.2255483387018
2021-09-03,35.7778327528337,16.3192884080389,5.28532660844831,15.327743476626,3.41909047387539,17.7522782748297,40.4583184993687
2021-09-07,35.9588852924003,20.2856427655864,5.34024804146724,12.3256650361772,3.28929543727598,17.9310126957747,36.9070780393115
2021-09-08,36.0325391478484,20.7781325593832,5.5807848392289,12.9517789918174,3.24642942486895,17.6677994438213,37.6645736598462
2021-09-09,36.2645673081782,19.5605907646117,6.11943298283598,14.5839849395583,3.26819948597171,15.7887532891027,38.7865112989671
2021-09-10,36.2001684187811,22.1460710482751,5.25235793166555,14.8549619187479,3.18951113044533,17.0635113903089,39.1475542362977
2021-09-13,35.7079320532537,21.623800614128,5.54791115692207,15.2197168421999,3.16758986602933,16.7688590135575,38.6732951231346
2021-09-14,35.1638166044406,21.7965984765334,6.7060855132017,14.7079304562269,3.07109678482868,16.2636231373773,38.2021225912393
2021-09-15,33.3011921215043,21.930882085862,7.65713694921201,15.3320778050009,2.98899802305999,17.7978413618751,36.2444978632376
2021-09-16,35.7790626346118,21.6329036064499,7.83829540488814,16.4149385512173,2.61635035126721,17.2456117082834,39.4286643194089
2021-09-17,35.8600867158168,21.4106432511451,8.04446555575729,14.0189389226401,2.64607773577631,17.4864200710495,38.5352080924442
2021-09-20,34.9480143028354,22.5873460650274,7.94058214403676,13.7586255391409,2.61118929497639,19.2999320405588,41.4443645736875
2021-09-21,37.334414887186,20.2935874333039,7.27951391403717,14.5589770125318,2.46565649128217,13.7804018318415,38.3985853271655
2021-09-22,37.3330183580037,23.1595074813852,7.27670660004795,14.0958102766195,2.45359120610309,14.0662506789181,33.2868839311311
2021-09-23,26.2088682063799,26.172632009807,7.87419418989173,15.7331538032203,2.07170179817387,16.53839216992,26.358117545711
2021-09-24,25.1201049405268,25.0276486623861,9.33214076081215,15.5149211134068,1.94773856121693,13.6917644950962,25.1109434434386
2021-09-27,24.5057617081855,24.8818175666239,9.51904905675987,14.9971965440228,1.96745700422626,13.9740877690395,24.3946614346836
2021-09-28,24.4124947694221,27.32560287232,8.97828576229885,16.8137686876892,1.86027654877793,20.4358058776686,31.4645127893089
2021-09-29,24.5683848510685,26.9122300668173,8.39212891363377,17.0751949171678,1.57568517887624,19.5986350293977,32.9289116566891
2021-09-30,33.0580157006334,28.5500052159862,10.40201888664,16.9752614374187,11.820772393292,17.0147441779084,31.8855708126083
2021-10-01,33.6613728621248,25.8577001755179,10.0631419055725,17.3609402498448,10.3553552674408,19.4532032365075,31.7211322197369
2021-10-04,33.5533086696205,25.3548503022769,10.1394980702712,17.5457127416153,10.0129750604562,17.658610128001,31.407098305426
2021-10-05,34.2829297483353,27.308609386924,10.3193977619333,19.7278235380237,10.0054540618256,19.0389638157417,28.6825221020484
2021-10-06,32.2546997107262,18.4992325709099,7.48951128808271,15.9543331794312,10.1837532282903,19.1884929369853,29.2483176891361
2021-10-07,32.0688767374682,16.0865387768132,8.60540131610638,14.8994814432744,9.72261342222022,18.0613404098047,28.3049851869097
2021-10-08,31.6353065253218,15.9420944382992,7.96119237117334,13.0611866844976,9.689561387899,18.4744856334433,26.5847900143072
2021-10-11,31.1539840248781,15.362791986098,8.07806665379354,14.4565336200191,9.47872938390961,15.6874942206877,26.7686773114043
2021-10-12,30.5520136243799,15.1897017754427,9.14049400317121,14.4683336569632,9.45789539482041,15.0203494330882,25.8877100525099
2021-10-13,35.266632386724,15.3823506579684,8.33122940061535,16.7992773308677,8.79507634187226,15.6036606684562,34.4051201398541
2021-10-14,35.940307374342,15.0737754364315,8.73990343053506,17.4211129760687,8.31463754638571,15.7952035448519,34.7503307345574
2021-10-15,30.7326699841701,19.9374243175332,6.79185266018141,17.9443539685721,7.65720970540025,16.0705300352731,32.3323538221321
2021-10-18,27.5672626237237,19.8793978526124,7.42795771340538,18.3509165539207,7.01387407011079,16.5204755224235,29.5715742770614
2021-10-19,26.6644950410783,22.0369509997694,7.0398828044618,19.698200891254,6.85038686378607,18.4330845924905,33.3758418755548
2021-10-20,27.9483929165689,23.6661871854016,7.29149895935131,20.8915874310906,6.97377650652082,18.4688486139258,35.3216881569769
2021-10-21,27.7240052538463,25.2444498935794,9.06373492539027,21.7252462091418,6.47477141646233,15.7833717874747,36.2881239748736
2021-10-22,30.4833548619462,20.8449970330064,8.73346076722229,23.2490304934437,6.46776744424601,15.5307242163948,39.2357609040376
2021-10-25,31.4221874195262,20.9438121978062,8.72456578325534,23.7597780914335,6.46327319222699,15.6362883183802,40.8095158643498
2021-10-26,32.247401923047,21.8441822556536,9.17789407808218,25.4533104155982,5.80129820520579,15.8510457940124,43.0400920149392
2021-10-27,30.8396863122602,22.5050310909024,9.46109819215239,24.5077272003732,5.79141127331647,14.9688009389472,41.9638559627375
2021-10-28,28.8114319985547,23.295510036336,8.51326658073881,29.4311370736434,5.84236345334403,16.6758309599333,46.8645998356348
2021-10-29,29.1396072627555,21.3975511416658,8.38841418762468,27.9423274516369,3.41847068562911,14.4916594688836,42.212333573583
2021-11-01,30.7646278326908,21.5652837905311,10.8816240235082,22.13727902783,3.04091124743242,14.3945371869248,37.2664401055244
2021-11-02,30.2910863842304,21.6836475106632,10.9646501914573,23.0626123645165,2.98345851654291,15.5097101065951,35.9672695215996
2021-11-03,25.3025443672961,20.4645865941193,14.6243143468141,25.4269509606138,2.897857517174,18.1648940729233,31.0875846780381
2021-11-04,20.4018894578994,18.9899031954925,15.0366195740484,24.3858639463617,2.16386311197856,17.2147469951402,20.3226397867167
2021-11-05,19.8584646189155,19.940979452127,12.3425840506506,23.9562545565975,2.48041250780322,16.7362440264687,19.4817049809868
2021-11-08,21.3174429546599,19.8847866704994,11.394066427525,29.289259489047,2.70053763079745,13.8405900810537,17.7440180288551
2021-11-09,21.2889452384702,19.156919889513,11.9812155110074,27.9355117460316,2.71558720264677,13.0739222954083,17.7797418427149
2021-11-10,12.8213860340671,24.1629306164074,11.8753495240384,28.811148619033,2.74527189876392,15.0005090953131,18.878501015848
2021-11-11,13.4916729576771,21.4736007678729,12.2719428780673,29.5362134410902,3.31589568307102,13.6457953819781,14.3577418156819
2021-11-12,14.0379160536236,19.5500741104185,12.900247120443,31.5564549962198,3.31795102786978,13.5827595769373,13.6054980033983
2021-11-15,14.4188453044517,19.0878358527104,11.7714991000143,30.8644852493181,3.28757288922728,13.3269237108577,14.1680668053724
2021-11-16,14.3333853617661,19.5454104843228,11.2681756842612,28.8505989585709,3.14429121113275,12.1947395966958,17.8332257371948
2021-11-17,12.9389287360015,19.5889675217453,7.84528112756346,26.7041159892455,3.14700088780736,12.5086582030374,16.1581960090472
2021-11-18,12.120350876527,16.2403199043443,7.08382275600319,26.5038672315601,2.86431272299086,12.5579104758933,12.8373879204502
2021-11-19,11.317245384138,14.4993355223994,8.49690983404982,24.2122081719099,2.83269586065117,11.9024033145934,11.459707522852
2021-11-22,11.647143416016,14.058440123274,9.79812342085746,24.5000172683755,2.82380824797596,12.7459854767647,13.6581596170728
2021-11-23,10.372424399482,13.6319039377335,13.4454079447851,22.7959037472946,2.58779987428288,11.8890363581009,11.723054498536
2021-11-24,11.2411362356375,11.5915849053719,14.3197416903904,21.2322364823295,2.58345469097513,9.94466907852302,10.0973605293076
2021-11-26,10.7811009117261,23.5850272249988,14.7361174793352,15.3728021376005,3.69652927409157,23.7340671512026,14.1658313905445
2021-11-29,10.8745022187158,25.2246809000178,13.9623085309111,16.136720064025,3.65492935805858,23.8308054255177,10.5592032235253
2021-11-30,10.1814038442168,22.5287217192755,13.5727709464375,16.2308069549685,7.38820816630684,29.2564088006654,6.31893225690059
2021-12-01,8.55351192328744,20.5955730352993,19.4969932404086,21.949036744291,4.46521271146353,23.0649178808799,6.05877338410162
2021-12-02,9.8083034746809,19.8445970334089,19.3110681518185,22.3628684359415,4.6093898614345,20.543082122055,6.04848277575276
2021-12-03,10.8567519491721,20.7487286147491,17.5229058613394,21.3508234407905,4.45014752699626,23.0156614819318,5.49508472344394
2021-12-06,12.8506043784694,15.7145130718559,17.3256686392687,21.0593542059623,4.42887388450403,15.1206092220783,5.05446789093888
2021-12-07,12.5698027864165,15.5350131677577,17.0121786096344,20.8433621286303,4.10907257490854,17.1328964646589,4.79290410533238
2021-12-08,12.2503095322068,14.4764454414032,16.8428312627419,20.7295227009534,3.93257209537032,17.4936840107674,5.18569561094188
2021-12-09,13.08006949418,18.8204867748029,17.6478642152202,25.9770125016388,3.48394977124393,19.2085857069676,9.10232276384068
2021-12-10,13.9915802383752,16.6651693035633,19.6857834535227,26.1269533213525,3.37346890488506,19.6170657321669,10.7480431269124
2021-12-13,14.0719961934196,16.6216809926098,19.6970959991099,25.7971584281778,3.68690356497309,16.6558316715342,11.7969846320874
2021-12-14,12.2452471668233,15.9495363571552,15.3323050460698,20.5526519506436,3.25364813364391,17.3002543572964,13.0941163892144
2021-12-15,11.5841471847249,18.4171154926155,18.478308853084,18.6704749393965,3.21676955444925,19.7531009646322,14.0457726275058
2021-12-16,17.7973611815581,18.4757056423743,17.0630805103693,17.8510003206786,3.21737548811884,20.5317247945057,14.3685930760511
2021-12-17,15.0623953327444,20.930656678652,17.4045826746902,17.7182415630179,3.06895257018897,21.9440330763461,14.2137963175853
2021-12-20,12.5368465757631,19.7947628994581,16.8013251611168,19.6801223206832,3.25122180716461,22.843617904908,14.3917586965022
2021-12-21,12.3803207276406,19.9984102761242,15.2490661443444,18.6163296387577,2.53358528060934,23.2033128751304,13.9575338597816
2021-12-22,15.3245469417082,18.7141603244111,14.7448210298624,21.8865400921737,2.09868056298714,21.4054358312251,17.4163242106586
2021-12-23,14.7684164727876,18.9027611785253,15.0761665243332,21.6391390655304,2.0804617057076,21.656282821832,17.623006878433
2021-12-27,15.6150331597303,18.9012098944671,15.3628958538033,22.087801854828,2.06314574241919,21.2275069574631,17.6565163615062
2021-12-28,15.1881006597217,14.8116894258415,12.2278743147388,20.8567700010209,2.06478504106241,20.2758033589899,17.661792307636
2021-12-29,13.823247672573,12.7602077283793,12.5992908074107,20.2939140551931,2.16231191645995,20.4122216703365,15.8287786599849
2021-12-30,11.8099103175833,12.6820362130465,16.2898350921231,20.9533853099721,2.87734388385838,19.5708112235803,15.0497709794199
2021-12-31,15.2758853336906,13.0955482833917,16.2693107019629,20.3111837288739,6.43076219276288,17.8390398634595,16.8910779829671
2022-01-03,16.6985757915505,13.0975682696853,16.0004771966577,21.2891455509821,5.76827469586939,18.2016213424778,19.0058770142766
2022-01-04,17.3435005379448,12.5541933784647,12.1843945467967,20.4357510495999,4.02799598966408,17.9124535939704,17.3633000470216
2022-01-05,15.2551581893717,14.5357561376668,11.9857638926461,18.0498069747018,3.92832208979933,20.4807809713878,14.594960608812
2022-01-06,17.4502880313343,13.9272144019808,12.4340730445952,20.4962556753709,3.1555642230127,20.245440827046,14.0334202864712
2022-01-07,17.9097891827847,13.2912406449451,13.841957355245,15.3092377158231,4.90870719325443,17.7176559445605,15.7567454272237
2022-01-10,18.3726685599954,12.9610164019014,14.5758438453278,15.3070953054845,5.76843898471315,16.8943124502489,16.3615577705067
2022-01-11,21.1976638998212,12.5275826782511,16.3715819797315,16.0215552098196,6.40761990873106,17.4036578772538,19.910396724253
2022-01-12,21.8459844162125,13.0601978580876,17.2468855899711,16.3592958298487,6.74428442435254,18.1394956340074,22.8365062192221
2022-01-13,20.8320796705985,14.2181428506063,17.5040985402694,15.0003864054861,6.95577793400078,18.6649620412503,21.2078060726573
2022-01-14,21.0942496811593,14.1921531424484,14.6254886308352,15.7291564102996,6.684971421043,17.7472112184514,19.5697016559312
2022-01-18,21.1951821535356,14.6754253869083,13.9222182210697,19.7087569781425,6.04079140124951,22.6783691791111,23.0299304771329
2022-01-19,25.1207636027982,16.5139672725715,20.4414884363587,15.6585190492062,7.56454330418276,23.733566312472,23.5101670085315
2022-01-20,23.1242339091838,20.3453959646112,19.9491523929846,14.6697522800042,7.80847948193186,28.8100882630628,22.8834748172572
2022-01-21,20.5362172451438,36.7236549042285,22.0001598563044,25.6224003532862,7.44700617232222,39.716557705628,17.5308507124078
2022-01-24,19.4736437395189,36.9125643178038,22.6650648061489,25.2128434568351,7.78719161721512,39.3902825889333,16.0602902823171
2022-01-25,17.3611098332202,30.0142726768753,23.8257830495648,25.6899642469341,8.14236678578236,41.7888111782055,15.4535219585248
2022-01-26,21.8586501809318,30.1114011971294,24.2477878715909,19.977981394307,6.52753520069962,42.8433340181106,19.7489657287591
2022-01-27,27.4379831616966,29.1209307586,20.6492523502528,24.1126675237167,6.26979613006243,40.8289454852934,25.7092215918778
2022-01-28,27.544562478318,27.4585053999637,20.9449042011955,25.6190008851861,3.94813132941626,43.8882138396852,26.7901172367213
2022-01-31,25.1069426827405,27.4631024136608,17.2449680228727,24.143080674583,4.02893087615879,42.8241160548309,26.5510889361731
2022-02-01,25.404267790026,27.7755369729208,16.0219441317078,21.404339064558,3.99272090271607,40.7994902277644,27.3790779921994
2022-02-02,24.2605674762464,31.5225391287377,17.9006756284714,24.8117658054575,5.08219396303345,37.9132953044103,25.609909527351
2022-02-03,20.9045374210864,30.4744463757541,19.4427056530884,21.0004888282089,6.69130386548624,35.7002701954213,22.4024365424418
2022-02-04,20.9853640844611,27.2052150071768,14.527450224726,21.9497233955967,6.452722107176,33.6690224382605,21.9515719026677
2022-02-07,20.4336715806566,25.4468476484524,14.4796827817755,21.2692126727713,6.44287623715438,33.6089435572554,21.749938439655
2022-02-08,19.2260403631838,26.1283918030563,15.0857854166065,19.7438179400674,5.51823060744944,34.4874628926583,20.7902008428995
2022-02-09,19.9827324789722,25.829064243682,14.7624670303408,20.5257070050715,5.42435143622222,35.0724299345151,21.559031773967
2022-02-10,19.762862093715,26.5578343393701,11.2262880914574,19.2812595444599,5.58646524030427,33.7503919813262,21.4420836074539
2022-02-11,16.4864602416909,27.4340605667725,16.3976175327468,16.4345377939075,5.31057149325608,42.0303505210392,19.1172020187443
2022-02-14,14.4019086003087,26.9338589190335,17.371554140379,15.5238681071531,5.12769312235567,42.5652810171028,17.405708317944
2022-02-15,9.95450499782063,26.6772470844259,13.373907151251,14.7050586762483,4.58416509944381,43.1802062392127,13.3453564375446
2022-02-16,11.0368877589651,25.1981315256911,13.3332188482042,13.4374435282352,4.3803347481952,42.201802523441,15.2125254548241
2022-02-17,11.5500554436727,39.2954630060105,19.233567932737,23.3549690328882,5.37967069072416,55.2539830233443,12.6352645271091
2022-02-18,11.4808734471318,39.2912113723206,19.8702670143208,21.7547059308168,5.2682815644358,56.3410367528696,12.7990604630811
2022-02-22,11.2287508791259,39.4942792374057,21.7148435193669,21.8472765931173,5.20685544805771,58.8425140755727,13.4216704650962
2022-02-23,11.6314118594497,39.324277979582,24.9197769403376,15.5085737525318,4.82613151110841,60.6551461890145,13.1428460525126
2022-02-24,6.87983963214248,36.1078604136506,23.965118756175,16.3084538379864,5.85218753301845,58.8640702411473,8.8567714648671
2022-02-25,8.45713580926351,36.782239815779,24.5873052096936,14.8276847495985,5.5757505587603,61.1539341760293,10.8922274065621
2022-02-28,10.5267706008813,34.954220029812,26.8457928230545,16.4240267656903,5.89409155852104,53.3143522498145,10.374323296305
2022-03-01,15.6448167132383,21.2488080647466,27.2051259611011,14.334451608324,6.12814422676375,46.0448949016719,18.438183630301
2022-03-02,17.7117853227286,21.001188003885,26.8505659587663,14.8647218112168,5.73436796284632,44.8444196787732,19.0404975078373
2022-03-03,17.7058089619467,18.3758306870831,26.0586849715248,14.0585090956537,5.67389716063551,43.8292252495416,19.5896845457787
2022-03-04,24.5330922021085,26.063094544931,26.7190079869523,25.2618636290664,4.76512828349873,51.9984929358866,27.8971095736068
2022-03-07,31.4570890475961,24.7662314231914,21.983990585204,18.9011182482958,4.30823011327606,57.7103419307494,34.0722517794253
2022-03-08,24.1071231673126,24.1953997909818,23.5483793745869,19.1576456644389,4.83783005799199,53.8215381581188,21.808163251863
2022-03-09,35.0486354025107,36.5679276018879,31.549493641091,29.2500567606673,4.00115657596457,51.1147179279199,38.1348948217626
2022-03-10,35.2793020559462,33.817984273603,33.6729959911022,21.4474605865458,3.56192247222874,41.4511714989334,40.3216426078815
2022-03-11,31.4708104201444,35.0574531202268,33.3310439088074,21.08385038638,3.46478503142537,41.7812981856045,41.0517180201268
2022-03-14,30.2266466204525,35.19876004659,31.5773409670275,20.8016643801607,3.43369227780055,41.5424155405866,39.5469375790075
2022-03-15,32.5929164733245,35.3933269397707,30.3676520065397,23.2675606437022,3.417731288987,42.0139463617497,40.1288557501279
2022-03-16,34.2089942474137,36.971452386836,20.7156422060385,23.1389977533617,3.18806769001661,44.1725472200228,42.1701150600334
2022-03-17,40.110774766966,36.4748607298689,16.1200681412893,25.0675651192755,27.0607257696225,30.5443969127581,34.1515605921054
2022-03-18,33.0356096626525,35.4817715711557,13.675463587571,23.9967796999131,12.2766197429432,30.4636434559317,27.6124595944112
2022-03-21,32.6491879334475,34.7641711134769,13.909687501629,23.698949377036,12.1981663133451,30.3386485774605,27.4131476057497
2022-03-22,32.108426984957,34.3411701450985,13.4588792166861,23.660615210136,11.9652585089367,29.6301017766732,27.8195350887482
2022-03-23,31.5145477799592,33.6587647758576,13.5622358044993,23.3801230255759,11.9193713404144,29.6465557630262,27.3365000563124
2022-03-24,27.4606347137788,34.7940506253969,14.7565700003684,22.4901791055895,11.7250321012455,29.9201692142691,25.8082416791032
2022-03-25,27.7733127784157,34.7518125039963,14.3184644223712,23.1672620399606,11.6212609829827,29.8727608093542,25.5799696330106
2022-03-28,28.1707196683433,32.6722003525501,10.644868146043,22.197465963154,11.508379131111,29.6829755245174,25.6361961152213
2022-03-29,33.2312882213283,32.7067153058736,9.20010113203711,27.2661918221298,10.4145737006736,29.3118584377796,28.6540059030031
2022-03-30,30.8522798493788,32.8290624243531,8.9530582809121,27.7993128300083,10.4352987642731,29.2553029072652,21.8645979900147
2022-03-31,31.3097242139128,36.0970702270842,9.51426846691182,29.1377150293183,10.1043229931021,30.8839420742896,24.593038921251
2022-04-01,29.3705495794447,37.2164557285862,9.8565965253539,28.5470769487368,9.82490921729919,31.7609613749302,22.0908617863493
2022-04-04,28.1843530929023,36.6706445894762,9.94317041181259,29.0407202296108,9.56249602514464,31.3260130837597,20.089779237606
2022-04-05,26.9199866426806,37.0169093384648,13.4192217802562,26.0887309427401,9.43963494105882,32.6070074520082,21.4435587863249
2022-04-06,25.314275884796,40.5099636078461,13.5914381938391,27.3130042350512,9.33968184166183,34.1131188513042,20.80656876998
2022-04-07,23.7211592611909,39.4789263404032,13.0122577481955,26.7507784576501,9.32227417971019,33.407461786566,20.8154167309856
2022-04-08,24.1745134550238,38.929171471594,12.5493171067896,27.9568954402779,9.22935457882433,32.6125238849669,20.8224066900341
2022-04-11,24.5246565352994,39.9077850365884,14.163509290201,26.4702453844944,9.05773091021889,33.2042706227133,20.2578965642263
2022-04-12,26.66497669605,42.0873379711654,14.0576475535305,27.1901706152535,8.52094671402479,31.9548878856319,22.1093461821582
2022-04-13,23.9506437152082,42.3203144434405,11.1193452632909,26.348496926346,8.45475939243673,32.6436668557359,22.3924784630417
2022-04-14,20.5063732161811,44.3150858071356,13.0645809815342,25.7654720625934,8.46009061413801,33.6485319100528,23.3688130767914
2022-04-18,20.022171303719,44.5361410346106,13.1298293733496,25.7051440828151,8.45342553260443,33.001870802051,22.996699105391
2022-04-19,23.4397420677754,43.9982224006354,13.3745198745541,31.0746012372434,7.88592629801522,32.6080361889163,21.1754254461065
2022-04-20,22.57698295323,43.50823622541,8.85702957621445,27.7224155662688,7.89921126233965,31.7360405863787,17.4572275789175
2022-04-21,17.474191840864,46.6175996384436,9.70807206301836,28.3417354240002,7.89418932603439,35.0315377364043,17.2518475838982
2022-04-22,16.8216391419207,44.9175609228337,15.6952690588763,23.2158611705232,7.52901032999082,38.5466824507794,22.4032357528934
2022-04-25,15.8432724925267,45.0133537163404,15.7073399458447,21.7958860345213,7.46556389315047,37.6923011544756,21.578199290441
2022-04-26,17.2013742050243,51.7133398081312,17.721388047245,21.8741742678684,6.67098105718106,45.6333180017703,24.0965756740229
2022-04-27,17.7854355286891,49.6520584516577,16.7829509445318,21.2330291458429,6.48864073016892,45.3230333562055,21.773611755325
2022-04-28,16.4426816027655,49.501429818422,16.7610999134618,20.3859225189079,6.51088369930498,43.9776284305007,19.0498466191716
2022-04-29,19.3661867190125,50.5801011440692,15.7063076705505,26.4512477298679,5.99117893180489,41.3525228266025,7.95968089763337
2022-05-02,21.6806060977197,47.8319162777393,17.2618292609699,29.9408326771234,5.69575244526712,38.4969736134808,10.9160700090166
2022-05-03,21.0272749489254,40.5857733707098,18.0932726259773,26.9868186363615,5.73257028999651,38.5342797207547,10.7518526978984
2022-05-04,20.2858534799642,46.8539005264772,23.8654253727127,24.6608844605697,5.42749543178368,43.8777145896115,17.1145372958624
2022-05-05,12.5704306751313,71.8745752148344,48.3515133416495,19.5156990060575,63.9446330826897,67.4882657167531,47.9660175686527
2022-05-06,19.7482158820147,71.8709216226637,40.4871966712895,27.0214238247922,46.837665631275,65.2108657969554,32.9871971285406
2022-05-09,20.4001076878255,72.6648800720021,43.2297546249568,27.6371995244787,42.8908838065362,67.9378342253509,29.279692482403
2022-05-10,16.4603849757297,71.0720498022519,45.5956612628282,27.3217443975216,41.9933427993193,63.9004670430363,29.774374974227
2022-05-11,18.9298512157098,70.2151652807325,43.8546985986757,31.1489960568291,41.3962587790049,61.6448795512354,29.6989981717123
2022-05-12,20.6283913824944,68.5225866383624,44.4402716703528,28.5103190850234,39.2025156051473,60.6005436623919,31.8727596407522
2022-05-13,20.9075746668706,69.0310686332092,37.4069121699826,28.4002773976487,39.2885594581472,59.8464145354118,30.172756154524
2022-05-16,21.0170408797247,69.3895183900589,36.7135143870181,27.7631477040865,38.9168147087697,60.6561948274094,29.5996805016528
2022-05-17,21.3999022791132,69.0954513453068,35.495059645722,28.2155621793008,38.4342265283118,60.1615818296328,28.4055039625596
2022-05-18,20.1505169139509,67.6152042793845,13.2334970793112,28.5838600319879,37.3197669069924,56.6895387208078,28.8450541573234
2022-05-19,19.2594604361463,66.7412622823637,17.4695712092774,27.2293302902003,34.5814703976387,52.0090017536667,34.1334337677371
2022-05-20,19.0684235330388,66.0424660649635,15.4452670270879,26.9420871602116,34.1563215217308,52.0706979552733,35.0118247661795
2022-05-23,18.9808095949087,65.3008037332698,15.5848283367396,26.7174476966799,34.0860177786944,52.3707160983491,34.6955403557547
2022-05-24,17.7554933614512,65.0943000658547,13.8336111091436,21.4927169450585,33.6183502880877,51.5369764829451,34.2880343627914
2022-05-25,18.8598332577192,64.413899292905,13.5207164785518,21.4156907262641,32.0092521123474,51.1230457385472,33.5116382189863
2022-05-26,19.5613098701953,63.118476456779,14.0239981107254,20.5746880189259,31.081648877527,50.36048754007,34.4642000209621
2022-05-27,19.3022832542082,62.1824716010231,12.4044327855404,19.9916184658805,29.9057884076291,48.5889302643693,33.2274492219346
2022-05-31,18.616460541897,62.7559332476494,14.560880886994,19.9818491318382,28.4157583895423,45.2500352830607,34.563225354809
2022-06-01,17.347111760986,66.1949744643114,16.2947353257112,20.750337874897,26.3645505383085,43.4173204507092,37.6566552247246
2022-06-02,18.7647161510509,65.6084734085959,18.7381318244077,19.948493111846,24.9603778402344,41.7683643310366,42.131417205678
2022-06-03,19.1507055795512,64.8443541645379,23.1655136434753,20.3308440432862,23.1028335384956,40.9633462913284,44.5771507310322
2022-06-06,20.5234077569743,62.6289346523349,23.652460241127,20.4143974849663,22.9655151207914,40.8786540712112,45.050091074959
2022-06-07,20.9718806111932,63.440614148647,25.0344880803033,21.0636373942123,22.3962850488643,40.8573636467396,45.4127701085034
2022-06-08,20.5545501127575,64.3000191491255,25.8317280866921,21.5701727200802,21.8891737595087,40.9941024413258,45.8798587755512
2022-06-09,19.7762651726624,61.608172292534,26.7974858988368,23.8132160430054,20.8880716677724,43.1905360838452,47.9300740822348
2022-06-10,15.9658168362402,59.1652149366842,26.2889531513546,15.4806559554384,20.5030363368029,44.7487399736787,41.3855432295709
2022-06-13,20.11224236727,69.3022279407899,16.1165470396122,23.9980243040398,15.2470795505383,63.5669566278361,38.3219759828246
2022-06-14,12.8210823486675,57.0548412248094,12.5637822094075,24.5029288735742,14.7316884109658,57.9486222784998,37.9467385691222
2022-06-15,13.2319015643536,55.1037925934785,14.7924169366951,20.6474972546177,14.5088858084692,56.5669126152448,40.8356788071066
2022-06-16,29.7237198785289,56.3453722258184,11.8157067988221,16.7237278794478,41.2287314306371,57.6495662336342,30.2158877193638
2022-06-17,28.2659808340599,54.7930244563644,8.08270510160384,15.3382580664691,34.8975247365997,56.5832076596282,24.1263290428334
2022-06-21,29.1496355609887,54.848522200849,10.1291710215762,15.7946945023206,33.9227097912523,55.5387186057236,23.1942923775113
2022-06-22,29.5101460771686,54.7650322058617,10.7279529448857,16.4783619880114,33.5631573525328,53.6859138436104,23.1082817174365
2022-06-23,29.8745168521485,52.2923871692231,10.4732786179075,16.1468534059677,33.3268505180307,52.0074456515026,23.1901108637177
2022-06-24,29.712517082394,52.5614576592973,10.3379352949618,16.2473825084012,33.2500761232607,52.0195456175787,23.2513472884509
2022-06-27,29.7791716547714,52.4600559809211,10.1269444024158,16.2578988242825,33.1841134891009,52.0222715909918,22.8776187125094
2022-06-28,29.4078645241194,50.3910510522073,10.5596057909086,12.1259273968862,32.6825648368059,51.6641629671284,23.7952673226904
2022-06-29,29.2905503197748,50.5135970199737,10.3074926469849,11.990872598403,32.5189872473618,52.2082924107101,23.7697294131387
2022-06-30,27.1729795473425,49.5124420043245,9.12614964273073,13.7050361878988,32.2312108938237,52.0026046243996,21.7856823097685
2022-07-01,27.5423991514161,47.5890402086531,8.6432616714396,11.8041347738605,32.3992730269947,48.6002312260954,22.2361605916928
2022-07-05,27.6283980692038,43.9084178307231,8.25641769441469,10.8342011592461,32.4310020643321,48.517804431481,22.0879794766753
2022-07-06,29.0087736372817,43.6500223187441,8.10610505202847,10.6237849472906,31.2080257822566,47.8685080820892,23.0451162115842
2022-07-07,29.6310831596581,42.8735933723378,7.61914372620918,11.2281387378043,30.8393727405516,47.0026675307666,23.0480049836458
2022-07-08,29.1288925265068,42.3280799512861,7.21324548232155,11.0828578841105,30.4993139679846,46.8906060004558,22.690843459778
2022-07-11,29.7544657839085,43.3281094124111,6.65389672758666,12.1696081264202,29.780584440955,47.7486998612712,22.1615932995516
2022-07-12,27.7992773850324,43.2966889353658,7.06837524040599,10.9516782401199,28.8608117797326,48.8119838630355,22.0627411781079
2022-07-13,27.6137495841747,40.7862185257245,7.35597831564232,10.4893190622252,28.5519549619941,47.7856996287347,22.5475032637397
2022-07-14,28.3644368475141,39.6593223553363,4.60358157678995,9.82406623038754,27.2231147186413,46.5742434332973,23.2871639132255
2022-07-15,28.1412534425003,39.0681510142927,4.57706917001182,10.566971225206,26.9734091938017,46.7944798107208,23.4308207652511
2022-07-18,27.495544174698,38.0243176420681,4.33496840852396,9.93292218603185,26.8832534203853,42.0066291354652,21.6120019547339
2022-07-19,26.5743964463224,36.1471565524864,4.67575148885516,7.66319302490086,25.7193404910658,42.1918703470759,22.0996288449107
2022-07-20,27.8212754181029,34.5463248415866,4.6519138919619,8.35873145912051,25.2882151001371,39.9589322751293,23.1073257991813
2022-07-21,26.5823860256821,34.3183528265898,3.89609813715834,7.17070084689798,25.017686373787,38.4050170713824,23.5781055350498
2022-07-22,27.7706663312401,33.8414339812762,3.35915751519505,5.76748436967596,24.4331337476926,38.1017901686028,23.4851097852903
2022-07-25,29.515922080654,33.9066871203282,3.55721218761258,5.78957760853042,23.9292826928717,37.8109893721424,23.4100638435569
2022-07-26,28.4715252083366,35.645532634869,5.91052102795096,11.5517502407895,22.5964721824832,38.5930149109731,25.8376648885483
2022-07-27,26.878194543244,37.9675086085046,5.15905021116353,9.61076358854375,20.8807786474956,41.0836585691646,28.4368317259583
2022-07-28,35.1414378587115,35.767440154101,4.31292620556484,7.66873877174089,35.5468911972893,31.7681295355288,21.541774494485
2022-07-29,40.0565025415336,32.4812846035299,2.59503140438937,8.96350140591142,21.0110162432617,33.0180218373109,20.7893757193668
2022-08-01,41.1163824891728,31.8990419006103,2.39025384335386,6.65317364192327,20.5267237914781,31.293042439308,20.1657263275893
2022-08-02,39.8561142170214,31.6277167840313,4.49525573727566,6.08416101237643,20.408821904299,30.8945273202895,21.9562968333979
2022-08-03,40.5424554700541,30.2332940927339,4.1112282876068,5.92872275720127,19.9660206078795,29.6479209081257,21.741991306319
2022-08-04,45.1475063491716,29.3368945570256,3.71727467146497,5.88892084440029,17.2913182276298,28.644894109271,22.2536352215326
2022-08-05,47.1806475490892,29.4147268199155,3.52084460121904,5.03186760961855,16.3545986705403,29.3836541396628,23.0186928106781
2022-08-08,47.3979205490217,29.1948873771109,3.41831646761046,4.71977615241287,16.035579410201,29.3889419568135,23.58734952913
2022-08-09,47.2835368035682,28.9792817932048,3.17895671039794,3.52916271683848,15.6994340449547,28.9042515927391,23.7543114976628
2022-08-10,43.7815366096264,30.8500812383571,3.05927439862617,3.57174631175761,15.9324198951435,31.3565400787941,22.135215860863
2022-08-11,43.485966329031,30.5475303936921,3.03559601928738,3.61714680960596,15.8471152099233,31.1653308456839,22.195896147173
2022-08-12,41.2279413696782,30.4572155698052,4.42209603377982,3.40821448765571,15.809253125516,30.8879148272188,20.5437376504883
2022-08-15,39.6511875170445,30.4463346276537,5.16000126079409,3.0781521215453,15.7714600132406,30.9459821917566,19.4631299697445
2022-08-16,38.4245054087863,30.2647226064135,4.89938030229891,3.47242501114276,15.5759042655779,30.5975973529117,18.6718602083328
2022-08-17,37.7017417125168,28.4397469705794,5.15466309789939,3.1179749754353,15.3000879473929,30.272638127269,18.5970651398433
2022-08-18,38.2577875936359,28.7427590338707,4.43802490818476,2.56925193971497,14.8030341129273,29.4271706789005,18.1888348588399
2022-08-19,33.4820459218108,33.8015571173515,6.80583086671312,1.40914944451821,14.4860961674403,29.6442153736643,23.1629471360032
2022-08-22,31.0963188330757,28.8690989267804,10.5005114330432,1.36367925565287,14.2239790751781,24.051434218015,25.7587332837008
2022-08-23,32.9490302712932,27.4992240373505,10.4543658450447,1.79347319750295,13.495562085806,23.6334150013549,26.0175493952081
2022-08-24,33.1366591774887,27.3490469203046,9.72587881708635,2.22768189542833,13.1336335116676,21.6680916385816,26.1657452830808
2022-08-25,31.9140474376069,27.3301347141338,10.4338926896717,2.60228688256042,12.7486109203413,22.3412641785755,27.9450970869152
2022-08-26,31.9357622203606,34.5662286714391,12.0169626061655,2.37221503388774,11.2997304384417,31.0953628609408,30.9861654646914
2022-08-29,31.0191515149925,35.9529093947657,12.2088963209641,1.92904789727039,10.6142558349534,32.110385273376,30.9462415336268
2022-08-30,30.6991384285431,36.0355917823897,12.3570305317807,2.14588525170799,10.4774070803994,32.2883147255085,29.5138844801216
2022-08-31,29.9154951983601,36.0890477793395,12.5064626249374,2.15500184836128,10.4692270750488,32.0757529890635,29.2056490978383
2022-09-01,32.3688336849766,35.4401767905119,11.0476865550672,2.91662237608577,9.94607176817257,31.7406653291931,28.9277864574015
2022-09-02,31.0736795720457,34.729291056283,10.9264989056283,2.19025678594003,9.66264734463872,31.0844243813066,29.0326373102978
2022-09-06,30.3293019599183,36.1586592734851,11.9459359117724,2.86265511295224,9.4870496483041,33.203689919736,27.1425353783585
2022-09-07,32.8411970905131,37.4584235225651,17.2308714414732,11.1955574793518,8.06538023996121,40.659615266955,31.634458214764
2022-09-08,33.0642947756476,36.8144102022114,15.5486347867174,11.6381038307359,8.05877049361163,39.5143863168512,31.5123156445831
2022-09-09,33.1447917386464,38.2398920349919,13.0616014295415,7.50710740857913,7.76533825371472,37.152029277502,34.8313935709888
2022-09-12,33.9234951110094,33.8770557743514,13.5619658143919,7.44310598696067,7.73207194395166,33.1842522756467,33.3988849537236
2022-09-13,37.5627486748738,45.7921824097719,15.324423400756,3.36595749191236,6.3047268388506,42.440314323639,45.8842623100265
2022-09-14,36.4223679987131,43.9886473852383,15.5933587055091,6.10579246075356,6.15436560938011,40.4818778496297,42.6372065570974
2022-09-15,32.2507460167928,43.9516025910393,15.8341533641656,8.05067068129182,5.51536769838703,39.3666400181035,38.8894714939251
2022-09-16,31.6960445380969,44.7628479414121,12.1302313908562,7.48024459193153,5.53713859592507,37.0619299823779,38.8499271589084
2022-09-19,31.5525036619892,44.7218770771797,11.4892815959563,7.24717796986587,5.52506637550082,36.7990917649416,38.5845362914247
2022-09-20,32.2449834720349,47.1113300956296,10.0384808315836,10.6383152173647,5.33106899556459,37.0044847461548,39.6558123677361
2022-09-21,30.8018090070009,48.3301807037773,8.49810462269852,10.2870661957664,5.39417494051504,37.2492170539785,40.2441824149262
2022-09-22,28.3804834021445,54.5107157769482,7.85385039392369,15.935710223258,18.4951140609144,35.5108368497214,32.5698649066702
2022-09-23,36.8704390490015,43.0019048569634,7.103056903787,16.7966595121981,14.2769434739171,45.3356170638633,47.8992723562451
2022-09-26,42.4230590378817,41.5450113894602,7.38562697520104,17.6773146563448,12.977481559177,51.0981574541348,54.7783826676388
2022-09-27,42.8810159663164,41.2097805094651,7.45752630175334,17.6546066959089,12.9540467732222,48.724897560367,55.5265273205136
2022-09-28,50.6842034342164,41.043413514992,9.08419665754125,11.835308829551,11.8714089464916,51.5944639158057,61.6620140669
2022-09-29,48.574755152026,40.408057336796,6.62702090249672,10.2338653674344,11.9024002187978,49.4042086582209,58.6512466771223
2022-09-30,48.6310626636077,40.3710265787321,6.64746676061458,10.1330259531428,11.8999205200577,49.5215830535347,58.5348450837532
2022-10-03,49.0399021539228,39.8654092166746,6.62114326008864,10.0476079916942,11.888807571607,49.2135349758256,58.8460262640314
2022-10-04,49.3989082808229,45.3082075286199,2.47169270693301,9.4687510726643,10.7461796014959,44.7862075134193,60.1917313805842
2022-10-05,50.0663221575245,45.4268919036948,2.66102282731001,9.396377259773,10.2494668922243,42.7141308990668,58.6886055974521
2022-10-06,47.542396521372,45.2467620281608,2.47640408264319,9.28427494767162,10.1175254927063,43.8247428064077,60.3861578823631
2022-10-07,48.2793194314843,45.2913621310547,2.39175228812272,9.10384683210949,10.0536914006569,44.6245590028524,60.589100757029
2022-10-10,49.0905131105882,45.728426218275,2.17425577012104,8.90645012957255,9.78218641737159,46.0370815500673,61.2042896592462
2022-10-11,45.9882664003661,44.2560778989391,1.81267471171465,8.09667925959644,9.74200317209405,43.5786158402798,61.1470961520382
2022-10-12,44.3193797174099,43.9089154474651,1.71042733459656,7.76600484927652,9.62898934863952,42.8838239332545,60.9709763140529
2022-10-13,41.9626146462971,44.7768034596951,2.15713955430643,7.39632164318536,9.42974386883103,42.9821074843693,62.0719620814627
2022-10-14,42.6318231985762,44.9112483705507,2.3820015355496,7.12223010273304,9.02947745288611,42.0183665960913,64.1738425787215
2022-10-17,41.0752780740684,43.8555356206532,3.07585899595933,7.16151324561948,8.8935905597026,39.7066237095828,64.0572827232191
2022-10-18,40.448306466546,43.8907261731404,3.20577369442706,7.22203158122332,8.77385138777712,39.4167449682106,63.7982907619724
2022-10-19,41.9369400728223,44.6735092839077,3.67682465411175,7.07382913375524,8.35417253174251,39.8565120551405,65.6960283816379
2022-10-20,41.6130943313616,43.5195203886658,3.55203712698381,7.13609265316619,8.33312744823051,40.1010204360674,65.4356657623306
2022-10-21,42.7384793719924,43.6307299150042,2.76623308384102,8.84815082559205,7.98133210091872,39.1189739146265,63.8291763581751
2022-10-24,43.6206908794961,43.7602521757731,2.23558779160968,8.04344044730314,7.84765575878665,37.8876563117265,62.5490855514081
2022-10-25,41.0391961348769,48.0499596013636,4.13671256755937,7.72915850073814,7.36087932241883,39.6124833888578,66.7989167469408
2022-10-26,41.8492386029992,52.2070498123566,4.43333713292929,9.91186352626217,6.46517242894401,39.5948804982058,70.7343156358504
2022-10-27,40.8949631916673,54.7262931111938,5.80122243540021,9.99087364145397,6.18770188477065,38.6990703990347,72.2177902189578
2022-10-28,33.8263763852714,54.7726199464089,4.93169415068183,10.4492438444286,6.11912262292709,38.073763299696,70.8681794566119
2022-10-31,32.8454715869215,54.6322884259825,5.32357602856186,9.6672744509215,6.09324631579621,38.2027530731161,69.8599340531289
2022-11-01,32.8175592138267,50.0839050582573,4.72584182328098,8.97548516056816,6.03269880362807,38.1961732473374,69.8486919018535
2022-11-02,32.9955081561662,50.6873012117047,4.64784941655759,8.99151953774263,5.96763552684931,38.7069547929202,68.168561643061
2022-11-03,34.1666154825532,44.2529796300371,17.9731521986736,9.45853182137756,26.9153481717529,34.5727744409692,75.4877915101698
2022-11-04,41.7854637165634,48.2881254947247,11.3995224924486,11.7790247093313,23.0719251440918,32.9260484439519,70.0937906356382
2022-11-07,43.3965702224274,43.1639521431842,11.0401591605764,11.2366790658299,22.5925516476587,32.8259853586045,67.3352669690935
2022-11-08,44.8305984781465,52.3362366420253,20.5573240205085,18.3250233543354,17.6470692508434,29.0729568939796,60.9854851059269
2022-11-09,43.8946534445695,48.1445068647442,15.4432446266558,25.788433656237,16.8956229128885,22.0426443730725,63.0291572988235
2022-11-10,46.999009101384,52.1337571780667,12.6982024289761,18.4776556457168,14.9640256851798,32.0746248196603,71.4541318939372
2022-11-11,47.1518388639954,47.9602018707362,12.0883482995777,18.8498968626887,14.9802147780071,32.2463993945487,71.1025803596319
2022-11-14,47.9708117365964,48.9950474053739,11.7836568547225,18.9830458470156,14.968429758153,28.3958629185124,61.3994137917996
2022-11-15,46.5921328047096,48.8181087201439,11.7449927964311,19.3564947434198,14.6635797092639,26.7079365615344,59.2081292101466
2022-11-16,46.5300613829807,47.2075668914315,11.7351325276083,18.0087800458617,14.5128771599723,25.9319708224208,59.233245405009
2022-11-17,46.1445819152306,46.9235251605922,11.2215448570468,17.8883985849968,14.3489362901337,25.9513295917726,59.3757529752213
2022-11-18,45.0027504553324,45.9549636271523,10.2450810727725,17.7528627013937,13.8202413393785,25.0828442157455,59.3406679680398
2022-11-21,44.960582057576,45.0658211585778,9.96044752304521,18.8191085941953,13.7958496345371,23.4678337820009,59.0769021104662
2022-11-22,44.678000854263,43.8582355007885,9.95905724754218,19.3517383520833,13.5749176291865,23.416882510865,59.050372408199
2022-11-23,44.7540899438993,43.730299623099,9.3094324664033,18.5248623343227,12.1968106252441,24.6953977596078,59.4039268257433
2022-11-25,45.1823618092003,43.791629638903,9.69774550922492,18.184525026619,11.7410265418381,24.6934979659821,58.9873894455293
2022-11-28,46.5548765939463,42.4087453059792,12.1813190483565,17.9338076631586,11.6364031467357,21.4644939500968,56.6404177450109
2022-11-29,46.0615042449894,43.2632610617151,11.2953180772506,17.5833053225477,11.489457281987,21.9841365812674,54.7372591984321
2022-11-30,43.4899260772476,39.6864082687849,10.9035619920465,13.0503069631049,11.3502897291125,24.317465191021,55.4700849961017
2022-12-01,40.3422704288435,36.4834205505724,8.3040787880867,13.6335146071955,11.1804068326395,25.0775553604161,54.768979924475
2022-12-02,40.6333996802403,36.3865020586947,7.42548893182285,13.492261236362,9.34981749082429,25.6846025248964,55.001044184469
2022-12-05,40.8930269942387,35.4989852477621,9.25331436466107,12.7776958703645,9.36056690762145,24.8386468535031,54.6005311071605
2022-12-06,40.5959101853237,34.397746260302,9.71541932123591,11.4426581158126,9.32614133273463,23.7265164141187,54.6459579068417
2022-12-07,41.019941876445,34.5707350939285,9.97879131716882,11.1340729152333,9.26558928778352,22.5421443521336,54.2207923565646
2022-12-08,40.2410565815985,36.2335041545575,9.79564383071806,11.3173553899974,9.01603743928637,23.0175342071757,53.9580740155825
2022-12-09,39.8696624037559,36.0984183932608,9.85978884318459,11.337723315962,8.97672541874658,23.0403629363218,53.6157464685819
2022-12-12,40.0894134640569,34.1508217565829,11.2092365784821,11.249741536139,8.83347757250809,18.6221112883891,53.4671429427613
2022-12-13,42.3517816306686,38.974066916517,9.38787431080019,10.2493405884962,8.42990670089324,25.758478672201,57.317506087263
2022-12-14,41.1084616166829,36.9143555949291,9.94385003319139,9.5203813213972,8.39285035701316,24.9700653349859,57.2875588651444
2022-12-15,47.6572153310471,38.2156814117356,6.81883696373518,9.61338818837215,18.237171371244,32.3454329999756,61.1278480359514
2022-12-16,45.041433956328,37.7550285577795,6.41957295859179,13.8916898080576,18.5298980533408,31.0173641531439,58.7775057650714
2022-12-19,44.4161546576588,38.1076916175986,6.38343775151122,13.7105874629051,18.4339515769672,31.0414199291943,57.8862925902866
2022-12-20,47.3427530861371,36.860285583942,6.68777974267623,13.911406984737,17.4383804414718,32.1668308997234,59.5817936427143
2022-12-21,48.3775191245555,36.5321911206816,4.81955177250371,15.0007163682627,17.029262680085,29.9942030872631,58.4704179133664
2022-12-22,50.0776550169165,35.274282111764,5.22809110627925,14.0773712256618,16.3277373790203,31.1245433192995,57.9072063228527
2022-12-23,49.9104683701349,33.8458692180353,4.77740492579076,13.0914879554338,16.2782153738055,30.6748981037524,57.7801375670868
2022-12-27,49.3511548224485,33.5054505613895,5.14427132389805,12.9984684620797,16.0740481603211,30.0677209694586,57.5617775556089
2022-12-28,49.0999553220688,33.3879749464253,5.17046793831168,11.9257919146098,15.9182666082724,30.1248261460678,57.6211079313776
2022-12-29,49.8223291682567,32.9363431118685,6.00014577707046,12.3138336364354,15.4727116562104,30.5094627517662,58.1752788560056
2022-12-30,49.6941665271818,33.0358522577653,6.13515422210887,12.2612867170402,15.380729348957,30.4368952227094,58.1104729111812
2023-01-03,49.6880768012777,31.4896746687885,6.79557515725189,10.6913077359307,15.3160522483022,28.5032746669606,57.9193196822027
2023-01-04,50.1635644820007,31.9204323248606,6.65904484511332,10.6992989361367,15.1637324872327,29.3201972576299,57.7550520693403
2023-01-05,51.4291957722388,30.8132209361102,5.56849966179081,10.8632572820143,14.3524463004055,30.1107816402283,58.1171113616538
2023-01-06,57.1061765981874,26.0262684768048,5.58671590062109,15.9925295873574,12.5142328421512,33.7882440101287,62.371440152878
2023-01-09,54.3877996799606,27.6837130812599,7.82423264687848,14.4783477895801,12.1962596704943,28.4206487178067,60.985249125727
2023-01-10,53.5616723081594,26.3840061869004,7.59901884153343,13.3882751298882,11.8757940400117,29.5496912820165,57.1941375621506
2023-01-11,53.3858391848716,25.7406634607491,8.04757886788375,14.311643246737,11.7361559176064,28.2843281719962,57.2321627773673
2023-01-12,54.4461760449072,33.5559256688925,6.75132652141617,11.7276895068334,10.7839920355893,33.9259562857553,59.9427656233951
2023-01-13,54.2263664484225,31.8379610959042,6.39802106328586,11.0534956466462,10.7163361674481,35.740272813365,55.0969831195039
2023-01-17,50.5211663863093,30.9179870840197,4.81748657906744,11.0702717596792,10.8413940219129,32.8063850093403,55.4641835433924
2023-01-18,50.9308311147085,30.7418893613523,5.12682071420366,11.6026039778411,10.5744668630067,34.5878704728587,54.1816369276594
2023-01-19,51.8289817148792,31.0817851877397,6.46487558176212,11.488564026459,10.2297781700992,33.642448415203,54.9785654120928
2023-01-20,49.6067350166016,36.3944867504098,5.47535063237071,12.0082866865038,10.0115787805432,32.9088682618457,52.3028860079177
2023-01-23,49.4914794400995,35.2937017037658,5.62834977831685,12.5581837009972,9.97872138319225,32.7296899963671,52.1817377588593
2023-01-24,49.2288728353329,33.5718403253847,6.25130705512015,11.0879115978329,9.85061342511588,31.9036241172373,52.1808856944244
2023-01-25,48.5414506398646,35.4025968685577,6.69460527707711,11.1822573345048,9.59714901721404,31.3011179261088,52.0469183734138
2023-01-26,49.4597295885294,34.4086837585712,6.14534803878883,8.78287386402198,9.37853579105022,29.1842694855582,52.32205099542
2023-01-27,48.9905362964997,34.4387295515957,5.63205596028925,8.06458095513226,9.3959772139454,29.2669224349307,52.2382262201264
2023-01-30,48.6602460348162,32.5759828077279,7.50780139293085,9.4391699226181,9.10671824132529,28.7039144424319,51.8389739314082
2023-01-31,49.0619323878758,31.9431824886444,6.46942378205535,9.06087879767093,8.96102393912154,28.1577957268733,52.3372431223761
2023-02-01,44.5788363142729,35.1171850476239,7.1342535200783,7.394194602852,8.32587532538114,33.5806325103588,49.8186976083253
2023-02-02,43.8238669098074,35.8564138658075,11.2293829207187,6.28985048656332,17.9797983335145,36.845550602282,54.2367147770662
2023-02-03,51.1623451743,31.8150597907061,14.2718145121766,10.9168828341567,14.5595936167933,31.430844442386,53.5423428633779
2023-02-06,51.4447619547865,36.534020773036,13.2454142811108,9.36492621240918,13.3185668487777,36.6978798349899,56.9982562879603
2023-02-07,51.3743233760803,36.0447845523043,11.6419571402415,9.69752874563205,12.7892402341081,34.7924342288912,56.4690887730519
2023-02-08,50.6888799597791,36.899827472032,14.0748109346921,10.0128496119516,12.3154588010152,36.1724382249082,56.0680767233768
2023-02-09,50.6037295732633,39.6020646217597,16.2742339146502,9.65188152382772,11.6148741443323,38.6343151236242,52.0686994118524
2023-02-10,50.4030926593733,38.7277058183284,15.1281146244102,9.55672425425723,11.7093675777004,37.7420615690392,51.3304576748204
2023-02-13,50.2461807811106,38.3895157360484,13.339727366521,9.46487401905389,11.5382476281244,37.2717246457725,50.9183658320363
2023-02-14,50.2450788574696,38.5939788875769,10.7823724486352,9.63780797665351,11.333872392305,35.5541986760236,51.0005486089466
2023-02-15,47.9605652563053,35.6425071440651,6.80609672410138,13.9574726578681,10.994204384809,33.529829064719,47.4039633384468
2023-02-16,47.1364826836356,36.9242967336988,14.3873142840114,10.9191917413729,9.95506422396828,41.0839780228195,47.0718011849274
2023-02-17,45.6387576821045,37.554443785726,12.4688184998763,12.6847003560533,9.81858413310698,39.0111358463058,46.4526633574702
2023-02-21,46.3865431447416,33.5824151185014,12.4852947649012,13.765982269535,9.53580801340797,35.7307030124351,46.2623438970636
2023-02-22,46.1045360999419,32.9514259245364,12.6823790179424,13.5633901136292,9.54093971290959,34.8484617421521,45.4057753097508
2023-02-23,45.6287331693868,31.1850152756229,13.2897939809425,13.1020467398629,9.60864633738058,33.446686810597,44.0786121942143
2023-02-24,43.3424604023685,35.3849241075555,14.7767974946666,13.2139699193527,9.11050186303335,34.581967751021,43.7846724921782
2023-02-27,43.6443192998771,34.6923500984454,13.1700634402133,13.5772044188834,8.86570815643318,33.3685895122778,44.017374805006
2023-02-28,43.9465493850474,34.964400656487,13.5674271736652,15.9795308275547,8.65015208412944,32.1630423639003,41.9954236284399
2023-03-01,43.5982392953171,34.3505853851641,12.4387194297932,15.2491947933635,8.49165311366989,31.452248764679,41.0426228544347
2023-03-02,43.8050352341227,31.9349033035186,12.1397255016863,15.1847580211178,8.2534453551515,28.9642244646571,39.7912275196751
2023-03-03,45.279312090616,28.6880391132619,11.8386677562503,24.6622680157431,7.88555141027919,23.2506496812666,40.8801941313999
2023-03-06,43.5916730152348,27.9537061852498,12.0714255697089,21.0924751287997,7.81751232414457,23.0015898188149,39.9458551821702
2023-03-07,46.5076929721298,28.1855604310598,12.0186557051444,19.7095539796734,6.79625467417997,24.1791334143638,42.7706133816819
2023-03-08,45.7645002571223,26.6830450804739,11.2859460988321,21.5277811641906,6.45439469226999,23.1404660344418,42.6731415318288
2023-03-09,47.0499171784806,37.0188215754902,11.9748161730353,18.165173427265,5.49887343609624,30.5471557788256,42.0408926797354
2023-03-10,54.5419296144155,32.5671931556965,16.3514815831968,21.0592357803826,4.77226453638297,32.2367172735689,43.735896545405
2023-03-13,57.0976684393061,21.7554335638754,19.8355111989606,19.3613162828688,4.54136614238101,21.9067236951706,43.9215301368323
2023-03-14,56.5183409640856,31.3273868046258,18.0887578324677,22.5115114540273,4.17353491628672,29.4927411319207,43.7660161163345
2023-03-15,50.4581216203475,32.1273577206589,15.1815754160224,26.6095089002993,4.22963365999548,32.7909452767617,30.3150543465918
2023-03-16,49.8340239843963,33.4797667304602,13.9723791908376,29.1670252807086,4.22744632854956,35.0882370670191,28.4571647854612
2023-03-17,54.0651466287112,34.7919053081828,17.9116941399803,23.0598081404744,3.78933745557006,27.7564064883103,32.5180518569004
2023-03-20,47.1704122463298,35.9352705460959,16.8340155696374,23.6717631212253,3.74434229468618,24.2968595339314,33.4063990435199
2023-03-21,47.0768929506441,35.1952642332086,14.2880271598582,25.9076366120177,3.65043016999911,28.9823780176363,30.3696615783805
2023-03-22,46.3106020077362,30.6934007894246,16.4646572420846,20.785519462899,3.42864509002329,29.1882218280492,31.3005349215157
2023-03-23,45.5943244017282,31.2980032794196,15.1513647527821,19.8494671475052,10.320311638475,27.4806420964403,26.3977625426436
2023-03-24,46.0612176182018,32.2099613655831,16.4473753729244,19.8249241730473,9.72830283435411,26.5330197918638,28.4884659437907
2023-03-27,46.9860590839264,31.4447254233467,17.1394578549562,19.5717833270616,9.62330234968267,27.2019183138828,28.9597185254172
2023-03-28,46.1746218772275,30.2923323452333,16.7932132132918,18.8111053459461,9.53931004472182,26.6009440726686,29.7672891826273
2023-03-29,46.197584027664,30.8642981688517,16.7276057604521,19.8355690157441,9.30526016802494,27.9318843301935,29.5342830577015
2023-03-30,45.3420643271983,27.924442622473,18.8930119846459,17.713862460057,9.14608281853521,26.8792217612556,31.9394449532853
2023-03-31,44.8651083849018,25.8465227069611,16.7232397091036,13.6794015295667,8.92624512360143,26.6834652223794,33.2530246668811
2023-04-03,45.9426536632184,23.9693640026267,16.0512115724295,11.3984514203399,8.86893485597525,26.5051296580724,31.9660658601281
2023-04-04,45.8575769824971,23.7341600087217,12.7548792038497,11.3318962988588,8.53568390804255,26.251700981325,32.6377002498318
2023-04-05,45.4199640984557,23.3796523138284,11.9230099943682,9.27061203574273,8.4178001166313,24.3529927566547,32.3940472667838
2023-04-06,45.3094252313305,23.2787202572388,12.5576690422392,9.19304096252395,8.40036783863542,24.3684375358693,31.1609479026453
2023-04-10,44.5075338458844,23.1182847117488,12.6259876457496,10.1545129253634,8.31958275220221,23.411416092866,31.1457596551977
2023-04-11,44.0349878367764,26.8245922067053,12.5651286541171,13.1999815710299,7.76897680077108,22.5277786610774,32.5432327797165
2023-04-12,42.9612505082613,26.2321035629089,13.8712761995905,12.4719529734747,7.71942664114781,22.320738776076,32.6749045457657
2023-04-13,40.0347301543408,26.060725189222,12.7352593552373,15.6974922369394,7.29492143005522,17.5849215253151,34.5908680544932
2023-04-14,42.705397034648,24.9378659569279,12.4544246089598,14.521065597175,6.83930200421651,18.6837501713475,35.3928959875564
2023-04-17,42.9125411638197,25.2940255884889,11.9322103170823,14.3261457442218,6.59639455934175,18.508119034664,35.8706679486952
2023-04-18,42.9168143587843,25.8525932184832,13.7859052386768,15.8833892285226,6.28683594685785,16.9474769154022,38.0176393038049
2023-04-19,43.2877607498988,25.180560246385,8.91130433767942,14.9810219340152,6.04172983479089,14.63278129882,37.1624143436085
2023-04-20,43.2345396451603,24.287845401033,11.2895671015605,14.1788492108554,5.98739158506756,14.9381098834988,37.6090317759302
2023-04-21,44.2657366806048,22.6897960661291,11.3251758753688,11.8505254654663,5.91474821751763,15.2851432066898,35.438898404849
2023-04-24,40.210088892816,21.9549806281478,10.4830636536899,12.1005773884386,5.86692826085216,15.4874703554456,34.8243383480285
2023-04-25,38.8994114634389,21.355621475728,10.5598844117855,11.3067054007727,5.85273106828912,13.4568849827462,31.6909029099929
2023-04-26,35.7304367005028,20.212067751948,14.0390092912795,12.5015539622688,5.76485927582437,12.8666670154952,32.2934272254935
2023-04-27,34.4884949818061,23.6455171962621,17.6656065380648,11.6745904563153,5.58707710228222,17.8556226801259,31.0101742495394
2023-04-28,34.5618509138759,23.6055679026095,15.4811566121596,11.4096499887429,5.60681207535587,15.2986032147982,30.8186973768656
2023-05-01,34.533466074166,24.0115885944476,15.5556657175671,11.1753580877015,5.59224143594863,15.3219843893997,30.0283992566111
2023-05-02,39.105055848258,22.0653408806249,14.1469145321578,13.5477604721563,5.08687703628509,20.784673589622,28.492647787301
2023-05-03,39.7216147389374,21.6037906634158,15.4112044685626,14.1606791175567,4.98993497045868,21.0502756035987,30.1273676306143
2023-05-04,39.8971044976596,19.1129997831004,15.398222107688,19.0274440257083,13.6603733690472,25.5703235315325,29.4777104331466
2023-05-05,39.6351378057536,18.9554358193299,15.3521050789194,35.8455090325473,10.7397075428704,34.3013569613305,26.2756675943322
2023-05-08,35.34994601055,22.3823587212491,15.4001815877183,32.2189150932698,10.7210034782434,31.4179074832848,23.3061282729343
2023-05-09,33.6624348514548,22.1744480043993,15.0953414295507,31.7302465724515,10.7073652153013,31.7145159728834,21.957657031981
2023-05-10,33.567768694851,21.846690438843,15.7313397307208,32.4999641427742,10.5491745801037,32.1265683124947,21.9681284799321
2023-05-11,35.4059764529759,23.2632847872154,14.1461469235984,32.0235526406799,10.3166797862506,31.335564530805,22.222438631607
2023-05-12,34.8435453611416,23.9649835612679,11.5177282437459,31.7946172438923,10.1882161982526,31.3580718650561,18.6597183166793
2023-05-15,34.0375542693931,23.8023790132212,12.2943966194891,31.7637652739393,10.0691003406485,31.4129611873628,18.7792406350924
2023-05-16,29.2859282925301,22.8087485975879,11.7318275769817,26.8326349098707,9.29568452551696,30.2485845942805,17.5123315493451
2023-05-17,30.6133729710358,22.5009059059281,11.2282187517998,24.1430545781896,9.18698821234998,30.6040449523136,17.9951154508051
2023-05-18,34.8230173580066,24.6364960204427,10.4538828086367,23.2474946402451,8.75822747968047,28.1533813560108,21.3928742514588
2023-05-19,32.8750029223412,23.7891828762645,10.4815850074208,22.9657735661853,8.22511100981876,28.522499077685,27.0406139387828
2023-05-22,33.2905572028257,22.7913835146088,10.9353004872652,21.855948486768,8.06115507432824,27.7908258291462,28.9256974205714
2023-05-23,33.5087011170785,20.3955982336084,11.1359773379816,20.5150940781432,7.80626371819241,26.6791504418022,25.466399302195
2023-05-24,31.9920826457709,24.4682453960358,12.2723055526695,22.6365190237246,7.46312899460964,26.7064733358887,26.6270910385901
2023-05-25,33.0971788990767,23.4161884981927,11.8573992272198,21.6572522648462,7.36692544881065,26.8897369874128,27.3231711159396
2023-05-26,33.1388099062964,23.0997227016416,10.637287456346,23.0469823639689,7.27269175189558,26.7816128588346,27.5039448665936
2023-05-30,33.0180289009266,23.2733873650522,9.87114395309941,22.8618610861152,7.29068638600358,26.178649870713,27.5059733352692
2023-05-31,32.5604373830709,22.3997029246023,9.99360705186962,20.9553188511999,7.30121815589985,26.3040276608311,27.3100910140921
2023-06-01,30.0866404546472,19.1851663041486,10.0102960304114,19.5986194618655,7.2159124843218,20.3786723396395,25.4032921039222
2023-06-02,34.8292053751103,18.3920491942096,8.89129238174644,21.2654313654,6.83916973019058,22.9516578707586,23.622882284671
2023-06-05,36.7824793865596,21.3733985524469,8.48716991033242,22.1481761360471,6.47830148513736,20.5886076713191,24.9051030176472
2023-06-06,36.9857380331501,19.635335581018,11.1951508387334,15.9494850059631,6.24678446884538,19.047095631415,24.7775333814518
2023-06-07,39.2651162416585,21.7947752290816,12.6375384766212,14.2971603320492,6.14433689467375,18.001824087585,22.9735258451482
2023-06-08,40.3363867639885,21.9497227935154,12.2217367830166,12.289286701874,5.94121002048943,16.7317519283804,24.6879649953905
2023-06-09,40.7050855936933,22.1309997194062,12.0938185723947,12.0234426427137,5.92602698522611,16.3668733871761,24.4913567056969
2023-06-12,39.7396300072018,23.2591245434282,10.256371617471,15.492997057641,5.65583764226891,17.0683349712448,25.2495632859608
2023-06-13,39.1551444906047,17.069248869275,9.46542396074721,11.6987385189589,5.21484099365129,17.0187940193949,25.1616034212429
2023-06-14,38.4125902055089,13.5997562549239,10.4261055688627,15.2890133227879,5.23345286288199,15.0629782947199,25.361723671837
2023-06-15,35.9368698395346,12.7753322448688,11.0460948674171,13.1865964021691,5.3490289050872,13.7922507279444,23.1525976959005
2023-06-16,35.7592227547246,14.0440191145767,9.60453510134235,14.9224358280215,4.8813903296336,14.29276501878,21.5713092394244
2023-06-20,34.9464209645923,9.01542987413267,9.45533573980844,11.1522118560134,4.73992817841314,13.4939880259324,21.1477211555806
2023-06-21,31.792331243687,15.0789468878385,11.4554155454945,14.7286401611044,4.56675839487893,15.8013509881824,22.7742252650387
2023-06-22,33.5837898736362,15.4907091705837,11.1179742102393,14.9418181337822,4.46290309166955,15.6286405887434,23.7790510975679
2023-06-23,31.8530385624665,15.2666933544229,11.2492818892743,14.6059867209213,4.42371761780253,15.3512056006179,20.4426281250215
2023-06-26,29.6650937960731,14.4100053460908,10.9086143813431,13.6985245893277,4.40251415372283,16.3155427242695,19.727944366746
2023-06-27,28.6450900458309,14.9516137822233,11.7022922023582,15.4404573589644,4.34730265690145,17.636474321459,18.8066455495671
2023-06-28,28.7902457620066,14.6749286147761,9.83146594476557,15.2408955949964,4.30853606944067,15.4846099353019,19.1840406605808
2023-06-29,29.1080091506989,14.671665460116,10.4228426670537,15.4435532057349,4.29505315707203,15.3547475139626,17.854112318797
2023-06-30,27.272166322874,13.9053405839785,10.9493321567932,18.182647794968,3.57432477287301,14.8358542342795,20.6641005034087
2023-07-03,27.8876254858062,14.4785918190147,9.97979200552001,16.5830755879425,3.49619099923131,14.470730381163,21.8204487962975
2023-07-05,27.999846606216,12.8012560818614,10.5845996262347,16.3913976515096,3.43719056364149,14.2339176460444,22.5840898481966
2023-07-06,26.3845254357454,14.451392569952,11.3264151968335,14.8218387619082,3.35206723926476,14.2774991454705,21.0045240713389
2023-07-07,28.2202701444795,16.3237910220917,9.73951832373614,15.0422752869968,3.18155031809159,15.7012608237219,25.1478327567396
2023-07-10,29.1094227701151,15.4507956290212,9.60613024035328,15.0727837798806,3.09057257620454,15.4479614330195,26.3326252506192
2023-07-11,28.9395193963798,14.5580908499177,10.1820726127375,13.2594012400506,3.08988132220339,14.4551816006927,26.4766801300483
2023-07-12,26.9865606768139,8.91133123954597,9.33891126749224,13.3096989289691,2.89900511537756,14.4935128995438,35.1169757853384
2023-07-13,25.0077107556234,11.2790043466884,8.4553496233272,15.7062434991454,3.03010814293444,14.70681963598,36.2172584956962
2023-07-14,25.29603526585,11.9036442548577,7.0437042501353,16.001818031768,3.02124422937862,11.9817425909259,36.0890521192098
2023-07-17,25.3192736083369,11.8352103289285,7.30703973756874,16.1077081195426,3.02505299001653,12.05443008199,35.5950972751393
2023-07-18,22.9327188661687,9.14398088965161,6.70921315633501,14.5662668009919,2.93936665829039,12.5358569142553,32.6364573511845
2023-07-19,23.0266022506201,8.7163802830268,6.63460067701203,14.1811623955872,2.93200238943434,12.7722615195941,32.449911518535
2023-07-20,23.434500951537,8.02840744270357,4.95343937643142,9.24175777716614,2.90022728857457,12.1145814573666,31.8229240277031
2023-07-21,23.3773111906415,8.35863524455816,5.00120684424085,10.9747734352138,2.87018766884129,12.759624310658,31.2446619891576
2023-07-24,23.7169916069688,8.54213914214592,5.59290536433633,11.2233742279341,2.83291564321679,12.8959972931882,31.2570933560557
2023-07-25,23.5959333772342,7.24856184270001,6.60353841092479,11.9161164528941,2.84152300852623,13.0766287127834,31.3222079049799
2023-07-26,23.5606980328981,7.68388793464181,6.1941734729159,11.8808311378905,2.81196149171262,14.5382460592821,33.3974267533782
2023-07-27,31.4730388143527,7.83534151333528,5.18695071604856,10.73512281113,25.2065220145778,20.7453269162571,50.4719745023713
2023-07-28,32.4549796490588,8.06046724474651,5.22391093793867,11.3219932798467,22.7055810219445,23.2805580435237,51.3897464734348
2023-07-31,31.4647416689817,7.86427149812111,6.01184726848283,11.7319243801197,22.4227099088253,22.931479396454,51.3281013996917
2023-08-01,32.7977746535218,6.06641176006934,6.95449108069656,12.2184123176506,20.4378582520444,22.8818731391437,49.9026072110216
2023-08-02,34.9358867777004,7.55416888804566,8.58583292311375,10.3099579213566,19.9977222416808,22.0846632754998,51.0684839054937
2023-08-03,33.0303471018084,7.43363357544888,6.19211078476414,7.74457663918916,19.709444417058,22.2133731290191,50.6957697499939
2023-08-04,32.5927303238949,7.59696758570348,7.32501090420425,7.44474916769332,19.435054088327,20.53261412074,46.3383161873949
2023-08-07,32.778233889023,6.64050949326467,5.37430090725984,7.62251803941768,19.0492040545943,20.9994272417936,49.0268258261656
2023-08-08,33.6078413239444,9.34615029817094,8.16412009697583,10.0640762542856,17.267480101826,18.812892633475,50.8555334549347
2023-08-09,33.457311190143,8.60944232614483,8.16953637246623,10.7681429498365,17.2150542148429,18.7805012231708,49.3856617154258
2023-08-10,33.4258788064949,8.41253804278025,7.24897233092196,10.611797341013,17.1349309903705,18.8238924983683,49.3106511976561
2023-08-11,33.4908147323171,8.32950965687451,6.35713722096938,10.7151151607241,17.138510113886,15.8524986515982,46.066248895148
2023-08-14,33.5797157842566,7.87276539450986,6.33216473474142,11.0053938432682,16.9347316206825,15.7819246198469,46.0391562027128
2023-08-15,33.3518714872816,8.06131729868338,4.69842050678686,12.8902041862169,16.727869721144,17.7177509477488,44.5759383427744
2023-08-16,34.6892292026367,8.66380053049388,5.02049288477593,10.5507305367395,16.1305128880622,17.3828955718648,44.5978236090967
2023-08-17,35.7368112328331,13.0254308837441,2.22792648352209,12.2467534436772,15.7489629792432,23.3799876509516,41.9720952630691
2023-08-18,35.8423726033479,11.5288685451937,2.04700930941497,11.9227494550515,15.7672039027359,22.3352666245497,41.8029837674018
2023-08-21,35.852363098002,11.4667735135908,2.10592895344811,11.9707588109846,15.7710677590751,22.5689534503172,41.8518305889105
2023-08-22,35.1809470891333,10.4595780733998,2.21055046618777,12.6742986799645,15.5924134469819,22.5269891278705,41.5830620852524
2023-08-23,43.5804836279911,10.8377964817464,1.96324304499683,12.4542341849581,14.1846715902274,22.324430158595,42.8044496773849
2023-08-24,41.3588068692992,13.426063639033,1.87446765542642,13.649881751836,12.4200963940155,25.7778174950251,46.1102687244323
2023-08-25,39.1418272610018,12.4127920287064,1.93643656521416,14.8429402649652,12.3263588772396,22.3654102730805,44.7858328425291
2023-08-28,38.1465845890407,12.2707837602804,2.00157990369572,14.8428939023797,12.2721674547478,21.2518628243747,44.617263350233
2023-08-29,42.2389145258033,21.9040236085216,2.88046037435903,11.6260962958126,11.0451951094615,24.5163659417685,48.0786932529417
2023-08-30,42.3021231506722,19.0801517353612,3.88790921575393,11.4373942573513,11.0234919085133,23.0107620111193,47.2720657081791
2023-08-31,42.7729925183819,20.7257774005453,4.13991921218732,10.6934333925922,10.3522183603688,18.4192926485457,47.5954964849789
2023-09-01,41.4677444334496,20.3256348977562,4.19848145586234,11.3165916585962,10.2411121482756,17.4725687125593,43.4615496265669
2023-09-05,39.5989341677503,20.3807824379933,3.84020897227707,11.1358594442446,9.97966447629142,18.1591280742056,44.6152669947051
2023-09-06,39.1017385311531,20.229557290113,3.91719339158491,11.164881188168,10.0002907607795,18.2172923939354,43.5358608216959
2023-09-07,38.6421543932467,18.3561211294516,3.83593061106458,12.8026901465236,9.92640098860187,18.5700238992581,42.9105596019596
2023-09-08,38.5319605985761,17.8478954639737,4.55709701329597,13.4522343780073,9.86831219329998,18.5299957864409,42.7189540533197
2023-09-11,38.5162828056902,17.5260624237352,4.57018613900166,13.5034734917084,9.89109715455003,18.5007017410922,42.6659257641712
2023-09-12,38.2580336458561,16.5461369963761,4.33774171723552,13.4239798560847,9.58218586915635,18.6722213232959,42.4391951111964
2023-09-13,37.1280818145376,15.9731789112843,3.87487377298587,13.476157429612,9.59255022002493,20.2445485000918,41.9520277893586
2023-09-14,36.6211789154935,15.9514882254213,4.12155325827682,12.4089425657937,9.44946933479264,18.4047243758613,35.0768158743756
2023-09-15,34.1811705526407,15.7898497056158,4.15897683020404,9.8368959992472,9.29860560362629,16.3626736028961,34.5043970005198
2023-09-18,33.0690159768509,15.814361252318,4.27767503057087,8.00777083763507,9.23331792490124,15.9455952456469,34.325704177178
2023-09-19,32.7095243983087,15.2488369765466,4.39733745461425,8.00733445329845,9.20078305855774,15.6148846423583,34.2177605802432
2023-09-20,31.1652212972256,14.4165728536867,3.97390471275071,9.55319978797384,9.13685567654325,13.5567832192828,33.7139716729798
2023-09-21,43.5100227103626,22.0092950873716,9.83565208135728,9.21215706415374,7.43300697330269,24.1243340623228,30.89199212786
2023-09-22,40.9046597479703,22.1837611795069,9.64372355040204,7.69828893588371,7.47384492179731,23.9562447740798,30.3679148502949
2023-09-25,39.7975568765803,21.3428522205249,9.65466015119756,7.70566042078552,7.43186280647081,23.9076241237055,29.9855425087956
2023-09-26,44.265610420124,20.278716298849,10.2343228426351,6.66357486980121,6.8917777614782,28.2423696577023,30.9188520950709
2023-09-27,40.3334632161085,18.3018303141475,8.88291811608483,16.51030938522,6.1286176090465,22.3745557853185,34.0221408910927
2023-09-28,33.273009372495,22.173063255034,7.86248321645196,17.5246575508279,5.90685733512643,23.5904878607725,29.9582618881081
2023-09-29,35.7301135487549,22.0602483436116,8.28867403229849,18.3500864483921,5.70357748044279,23.9131378643368,29.8734473028804
2023-10-02,34.2115445800399,19.3251785974068,8.16536365964611,18.0012492772859,5.70174714930445,23.0427253120862,29.5333543382816
2023-10-03,36.3517531386691,18.6774948558726,9.89139345711916,15.2723953541948,5.49750785070942,24.9741159585973,30.3020284330567
2023-10-04,32.9606169858197,21.428397763174,11.7055282894479,17.2707627919103,5.40684611674166,27.4544926325751,29.610764224876
2023-10-05,31.9951792638175,17.4752227621284,10.2993241679828,17.7978116053303,5.32194001458595,26.9243270417187,27.2389751854199
2023-10-06,29.40461382522,19.4675479355506,7.62229651820349,16.2659132986166,5.40929306374424,28.5099815553976,27.4707857959389
2023-10-09,29.6870607737023,18.7496531856569,7.82788749615847,15.9839693161714,5.37256575569299,27.4488732225816,27.9986987396115
2023-10-10,30.2211784350779,16.2334135732879,7.23363265942775,16.2041785530773,5.44524192632686,26.214184069728,28.1385655656209
2023-10-11,28.7753155526739,13.6193211937638,6.89645738122347,15.440309932501,5.53218679789923,23.8551176802699,27.901750122027
2023-10-12,28.286116661117,13.39128469437,7.59420577639849,15.6299397610868,4.70642768665536,24.598382864554,28.0835122916356
2023-10-13,21.8411724334376,11.5232447663435,13.5054891472407,5.67413196301236,4.28481072850361,17.5409851142699,22.9475739072991
2023-10-16,16.1916463472605,23.5602544254643,12.1792308907405,5.39932028483135,4.23510698534127,22.7760327391516,20.5151215920815
2023-10-17,14.4140505801364,19.7981851738415,13.2235772044633,5.08682223311283,4.20218047375674,19.789185667741,20.4524863347862
2023-10-18,9.00881300876834,18.9307037233711,10.671565647832,6.73020513968997,4.05370826597121,19.3802263911945,16.8009165824813
2023-10-19,9.48217672044373,19.1386332671614,9.72557385005183,3.92678758841425,3.95259517996829,13.6826522024944,14.2316922742337
2023-10-20,10.1510266351001,17.4830978395985,10.5466215418253,9.62341741279333,3.94209318021644,11.2004071863276,13.2341770432693
2023-10-23,11.5468696846987,19.4403723245099,9.07048218898593,9.37708735683236,3.91163415728117,12.3373558438699,13.2599777337049
2023-10-24,8.66281704492739,16.343386948676,10.0118086708497,6.00013096512621,3.26431774680988,16.4696574066108,10.3893539649057
2023-10-25,8.79880789768942,16.009860475325,10.4088748912959,6.13020925472353,3.25825320785769,16.8366004975725,10.5489280657869
2023-10-26,8.61127309137625,16.8294587228073,10.9975848879365,5.81399557473682,3.22172583090919,17.5671472193907,10.4433648274527
2023-10-27,8.59473908350087,17.3715882817217,10.9198332387285,5.7638293060454,3.19321773125795,17.9694098441336,10.3909538595004
2023-10-30,8.4782300434313,18.4578203509769,12.6540236711598,6.94869087020394,3.20209196441778,18.3774411167073,10.3232748883998
2023-10-31,9.69426381514792,18.3129954606704,12.7803549649029,8.72687849161656,2.77238396571979,18.9620793975367,12.1982004742673
2023-11-01,9.90618729125997,19.1231312357606,11.0031676630703,8.30096400497709,2.73390205534253,20.0414003790706,12.7184217373549
2023-11-02,9.73935069377968,17.7778923664264,10.6388250511343,7.57917974885574,2.59518486912196,16.1458294404978,14.3592473094624
2023-11-03,9.08303018418222,15.1212997497325,7.7024974090215,7.12073753874033,2.63744677160966,16.2771713441098,14.501921287489
2023-11-06,9.12365950613151,13.3077490218386,8.19462645879843,6.94035670900266,2.76260972096669,15.6286431022268,12.6247141298455
2023-11-07,10.4726262988852,13.4761844659516,8.58911633611038,7.04531379810223,2.05862698660579,15.8846960429904,15.6523019505497
2023-11-08,10.2440081301027,13.7741664793235,10.9295707065826,8.94657930715516,2.06929133012852,17.6583266501112,13.9908477943695
2023-11-09,11.7097688226957,12.7933877530294,12.7881582865042,7.94871344816632,2.01524553816963,15.5118592872664,13.0656198299051
2023-11-10,14.593858895476,10.9096331572871,14.1435334874065,4.8268813573521,1.93146062493069,19.7493496773632,10.7551739794033
2023-11-13,11.3809552350728,11.2923160568359,12.3057340218524,4.3287171212701,1.83990616534205,19.1321723832065,10.0011691780252
2023-11-14,11.6018169708044,14.1055547776796,14.0306425505755,4.60867693802508,1.55802008757403,17.4958229549928,25.7394953984277
2023-11-15,10.9852151562299,20.3702362910818,13.8504058008168,4.47103336562688,1.43874357494491,13.6716890160189,28.4746680097884
2023-11-16,13.0575986970888,28.0914180291307,13.3019618430552,8.62397802604951,1.29668758894037,9.66904298633076,32.3038911175317
2023-11-17,11.7609432256127,24.6127200990479,11.685570634431,7.99742746616495,1.36873070459848,9.99235505371195,30.3116002739146
2023-11-20,11.777773874652,24.6964319367183,12.5903452187121,8.26304804129492,1.55461031876782,11.3998336824049,29.8804941191997
2023-11-21,12.2737200816736,24.3871611774309,13.5770676147674,7.61816138229118,1.50933594607036,10.6307932159087,25.8644776091787
2023-11-22,15.0005853234057,29.3654755407153,17.5371883138107,4.64561819121185,1.48242827815035,11.5273552216424,26.7520471955898
2023-11-24,15.3253265421284,27.8040327885221,16.8881536481956,3.39135227067075,1.49924526771369,12.3016270036563,25.7168039933808
2023-11-27,15.681029959228,26.9237244746596,16.6993001462967,3.17824698632411,1.4765817559179,12.3173501035621,25.6903108192873
2023-11-28,15.6443665039497,23.9207718894084,15.0008467973092,3.1140822154144,1.61862240386915,12.7901621437072,27.2010437447579
2023-11-29,15.341676363378,22.6393204111785,15.7228012147694,3.51977062108818,1.67249754236351,13.1931261686302,27.371205110641
2023-11-30,16.1461221040894,21.5579504766486,16.2681945168141,5.30833695928049,1.53907706676966,11.9323112313456,27.3850142522521
2023-12-01,17.7482719060307,16.7207811279208,12.9683952529284,7.13882236178259,1.6226328486654,11.000302238468,27.9429646238814
2023-12-04,16.9892354322768,15.2720000159208,14.0607010605613,6.47392166083514,1.77571199631899,10.2134576211751,26.9268716220293
2023-12-05,18.928940820028,15.4984996700523,11.7782826283698,5.16174849098803,1.72332499303597,11.2351794855326,29.286932848881
2023-12-06,18.5453991215077,14.2248879931122,10.7247668880101,4.73036597243021,1.7622171843169,11.3500890509054,28.6848894852364
2023-12-07,16.7758261195037,14.1453299904676,9.7179272410035,4.61134894409559,1.84060667087624,11.582430190013,28.0270313996264
2023-12-08,20.3138744607957,15.3009885207729,8.87611898071743,3.86131181721283,1.66298730772725,11.5533021307746,30.4790760194918
2023-12-11,22.2608889908442,11.1687136458511,7.40579803288987,3.15607905150686,1.51456940753692,11.6260040310194,29.7579037661707
2023-12-12,22.3790695438042,12.8974091136452,7.94822171992584,3.64784203401759,1.45964568665697,10.4620729906675,30.4125653143816
2023-12-13,21.5810404303661,8.03099961162324,9.41834338799049,3.2793794557176,1.62921624977145,9.70753440749544,23.5721272324088
2023-12-14,25.7774015897024,7.84435491941543,10.4023538263556,4.10789496093862,2.00228035307136,9.65786748711034,26.7646217689067
2023-12-15,26.10862506684,4.64835008817971,10.9982982631627,4.17603927309546,1.66571669008127,8.57177058292399,25.2402106724142
2023-12-18,26.1672191420685,4.67388544252146,10.6558078548747,4.16250510937765,1.5865789895512,8.37698116432878,26.3461984178598
2023-12-19,26.5601015832419,4.28359542386066,10.1972612001547,2.44596196301415,1.6560337208243,8.6771050569362,27.3524155724682
2023-12-20,26.3093337407383,3.94994162983652,10.5669590970026,2.18916163867269,1.53789816435384,6.31144664247488,27.2753448177014
2023-12-21,24.5145219227858,2.99943626997787,10.7807302705278,2.57823892051865,1.50602287539712,7.09882364377473,26.4998974039855
2023-12-22,23.5646126536011,2.71117890208397,11.454756091783,3.879360695337,1.6137465227499,6.41055747702177,25.3565959693154
2023-12-26,24.0836338827093,2.37117067683564,11.451877524023,5.15037445529295,1.62063245233827,6.46597358102497,24.9701916829698
2023-12-27,26.1477542254399,1.67640725980485,11.1388657262604,7.50236549028438,1.65830498916999,7.57315509961643,26.7563000576789
2023-12-28,28.1775139789496,2.16650704271882,10.7294010121312,10.9304829942137,1.44972951145705,6.72477911778258,27.519901577037
2023-12-29,28.4978236928036,2.35268646961952,10.8464758943923,10.4181032773421,1.41165521440637,6.64467639254894,27.0021147961705
2024-01-02,26.8289629451703,4.43236187368243,12.1631763309226,9.85187953280174,1.37220637631882,6.6784480496538,27.6308573305353
2024-01-03,29.35258979238,8.30836420477338,15.6561163246901,12.4407194072646,1.2257195142874,6.00784577700537,26.5894793467156
2024-01-04,28.0804785344675,9.89928325801174,18.3360607549236,11.4152048807285,1.29640825183198,5.91613630145442,26.3766597023362
2024-01-05,27.4870483632952,9.01909144206146,15.9478378563486,12.0541971368425,1.42268265308194,6.76892038049934,26.603630705723
2024-01-08,27.3872034781615,9.52433709807209,16.3265613508452,11.7590247246638,1.42959353426389,7.10950096590913,26.6443360463798
2024-01-09,26.1893571813102,10.0441764573368,18.9155409488019,9.77149092155871,1.42709682338986,6.42800795214114,26.8857148678143
2024-01-10,24.7348958585899,9.69405830543813,17.9951245350496,8.82072904996369,1.47198162379104,7.81819129710154,24.9257091412352
2024-01-11,23.071531906895,9.4735810572064,17.8044197021437,8.66747479558614,1.51249243158273,8.79099034469215,25.8045392577941
2024-01-12,19.5624201898431,6.88511666807532,14.7986406456255,7.82501221964972,1.43592897160024,9.70577653539696,22.6804969244415
2024-01-16,26.5057641594066,6.69549077268274,19.1360089476716,8.3839360986943,1.4100293804443,9.59418218618244,20.1031157080172
2024-01-17,20.8408775601743,5.91207021786919,19.2510466950041,7.63501498559826,1.40947209323302,8.66128208926525,16.9584157507229
2024-01-18,19.8971606758357,6.29054327899191,18.2856458342286,6.3649151381846,1.39139185363595,8.29084476307204,16.7232891975226
2024-01-19,18.1422401226052,6.01947757268989,16.6447174038083,6.01483051473517,1.51916030291737,13.1396914078795,17.7710818265404
2024-01-22,18.6856212882317,5.35622729347191,15.8564235863043,5.89733158922803,1.63906655734116,13.3075269823309,19.1984571477633
2024-01-23,16.8292172049563,3.9553157311684,18.8846931279391,7.74865506320227,1.60483412566417,13.2536313851466,17.29181206339
2024-01-24,15.1159513012335,4.52838638182669,13.7322472266561,8.13197593671593,1.46481204115849,12.4687525976661,13.5194493860518
2024-01-25,14.5485865550662,4.53926942883256,14.5153222363497,8.19983781981146,1.42766087157469,12.6271859400619,13.018781244925
2024-01-26,13.9634821928276,6.1715813241367,14.6042434285928,8.13867892601146,1.43582440536437,13.0286483022641,13.0776621836707
2024-01-29,13.9919929648877,5.8671875994805,13.9441682377095,8.06550014290137,1.41782030843892,12.6560312751542,12.7437708399693
2024-01-30,14.5860567433364,6.42637584009725,14.4665921847785,7.77187784364676,1.51726730826438,12.6339044103941,14.3404033596766
2024-01-31,14.861207743752,6.95903478027321,13.4960690956629,5.8026984328754,1.41606456032474,10.7288701611169,11.6841002083679
2024-02-01,14.3719585794087,7.10221216709152,13.3877425191732,5.64645745252325,1.58540390377556,10.9357675693676,12.3020444533189
2024-02-02,18.2976952205359,6.80129463875233,12.4215569895731,4.4540014479306,1.33114232492293,9.83172178595582,14.5315905441612
2024-02-05,20.7904226750041,6.65807199024295,10.1225193534281,4.93514523362375,1.25402771955522,9.74418657152545,16.5549170494716
2024-02-06,20.2278837620522,6.2510096371601,9.09648572683867,5.07682901937295,1.26938010533365,9.6390011809959,17.8176178509546
2024-02-07,20.4167688991641,5.18958041772745,9.17335074529332,4.13041428419168,1.40738688078271,10.5887521930103,17.5727014964254
2024-02-08,20.0438849903764,5.71056780490308,10.4612263173404,4.16729550870875,1.50791270234326,11.2246856928401,17.3577251198675
2024-02-09,19.669506867508,8.07706706154793,10.0693399563288,6.74809260459669,1.46913869014473,10.4425745277549,17.1187537736802
2024-02-12,16.9386512730948,10.9193155907732,11.6906425374751,7.37844105401763,1.35950179281789,8.21051755060321,16.0871956746985
2024-02-13,24.5882439268309,10.1659738407406,10.1637216652612,4.34229725209392,1.18858891120251,13.930349313931,23.2779180344148
2024-02-14,21.7119312596967,10.4756836691918,11.0372276642739,7.95040170556026,1.64908513702088,18.2293964891811,24.5384430888168
2024-02-15,22.903481396989,9.71639432321812,10.006249749309,9.65416430828972,1.6705828675768,19.5461697865687,27.5859891159823
2024-02-16,22.9863648511746,9.53182942151903,10.5227833435416,9.4233629650135,1.76590484292488,19.1478114939308,26.9203632800158
2024-02-20,22.3279287439608,8.98806727593779,10.2396772538176,8.75980208127223,1.69211777052072,18.4486133636482,25.3884504239369
2024-02-21,20.9367594700836,8.21872459329337,9.91950859937679,8.74688796901781,1.79260838756819,18.273122616449,24.7068380784493
2024-02-22,20.668702096647,7.43580544145918,10.4049993555962,9.33013935770616,1.92546950988344,21.1959621941651,25.4207608795502
2024-02-23,20.5631527518669,8.48844544234595,11.1194708669202,9.1040788154297,1.78636110600998,20.3401344296853,24.92924170618
2024-02-26,19.3131978000781,9.20025206418094,11.9471258531341,10.3309914011209,2.11121116461976,20.5396314001926,22.9308395617667
2024-02-27,18.8205952198532,4.20298870873437,11.0776808687942,7.57031361234221,2.00614013482708,20.487988251692,23.2289650946353
2024-02-28,19.16435676226,4.01503459908966,11.5872779075654,7.10160374958498,2.05015923277207,20.4291811377066,23.3208428537651
2024-02-29,21.7627865310994,5.27785238383623,11.1296364097308,9.64717823860572,2.04633473349186,22.6294333171023,21.2645994319178
2024-03-01,23.4386618091357,4.42973740665203,10.0766788374208,10.3414365270443,2.0619428488559,24.3744587296322,23.9903826241798
2024-03-04,24.3462836845063,3.73699700494585,9.22312181262929,10.1441161878763,2.06389186559168,23.0309586830803,25.4167845041841
2024-03-05,22.995060798929,5.3384563660581,11.7703176622531,9.85013292854777,1.65687701797046,21.93438246641,24.3613843395143
2024-03-06,23.4904635430035,6.11637994550467,13.6143707055157,10.5636011802276,2.13740294638144,21.117697967402,25.4774478725958
2024-03-07,22.5191943748406,5.4182324882885,12.5936947791522,6.86852088683964,2.1274994178011,20.7375817336054,23.166362813726
2024-03-08,22.4969867497173,5.02569836710732,12.1134921525877,7.02288723979247,2.18854913985486,20.0353588860469,21.8196509271011
2024-03-11,22.9366961085564,4.98104384399515,12.0741019173189,7.03026665949269,2.18293025554605,19.3910857832786,21.5337665975093
2024-03-12,24.3376619923229,5.06122476470047,12.448716305586,6.39633651037792,2.29311392389938,18.0759670508386,19.4398054010966
2024-03-13,27.1552919455131,5.12771863145962,11.4357666343406,9.36142783001083,2.38167364807936,17.8615456700497,21.1378807049731
2024-03-14,28.5748355765013,5.15564274507582,10.2704752353213,7.14563417727638,2.25772737007755,18.2785344841879,26.6481396480739
2024-03-15,27.8513836573128,5.63533156872128,11.3462464413485,6.81707952642353,2.11458305628233,17.8028718533245,26.4387612678071
2024-03-18,28.6502763382665,5.34078719822407,9.95579617065659,6.66587182784566,1.91169549525277,17.93021113901,27.5692023946705
2024-03-19,29.7293998267061,10.4305801709477,9.88522719472474,7.70765172085841,1.64793383912505,15.3576069124887,28.5340592995325
2024-03-20,27.7317222450509,13.0898047929956,11.2539103726812,7.51435144547219,1.91678854457052,17.5716162386771,29.803622628597
2024-03-21,16.3831930192467,15.7908323040431,10.6532892879041,7.1816217015506,1.91704120129541,15.5989688457377,25.1888336393297
2024-03-22,19.374369088617,17.708238798902,10.0290231216696,6.65556551634397,1.90513876565924,15.3459378369052,29.9530377501124
2024-03-25,20.7976695434099,12.1982621461226,8.62475349736451,6.47576364287363,1.86409906297454,15.8582886570069,28.1008307329583
2024-03-26,20.4478205659986,11.5739770778657,8.8149047704274,4.15516742155738,1.81405950630473,15.4370145820481,27.8940451633993
2024-03-27,20.0499584432451,11.1647751969299,8.7111460165058,4.22113355900066,1.9403973010987,16.6124534000016,27.5089974431581
2024-03-28,15.8742683936467,10.4149767572771,9.57308420276608,3.93455148888737,1.92045622943808,16.3029583276196,25.2831395888764
2024-04-01,17.1551367730553,10.6647506265807,9.64295250086269,3.38690885785594,1.7822773651281,16.0611892386611,23.1969501596333
2024-04-02,20.3554455681741,9.37372259728113,12.7202084663041,3.33685123849696,1.73094397422394,17.2775915633498,18.6892401312832
2024-04-03,23.8914918389939,9.1384264630442,19.3325083913907,3.75246243927257,1.39908385043414,14.5139875344466,21.2306565012712
2024-04-04,25.1480962495713,9.3750417629734,23.2876427858313,3.9910180621349,0.977267272674957,18.957442000493,22.5454736212616
2024-04-05,32.1742963184603,9.5095276910084,28.1117682432481,2.97749527824571,1.02566829541078,19.9776292815383,18.6866796908296
2024-04-08,28.6802104757298,8.61063095312283,27.2617296049389,3.02266787826877,1.28264320484915,22.0456192599329,12.5267377098215
2024-04-09,26.8535761697218,10.233414875582,29.0013969592307,5.79524600564118,1.03426267767116,21.6964123414326,12.4309179717911
2024-04-10,24.5746104181715,7.22523020394819,16.0133193832572,6.68590847438106,1.13777537445826,24.5324968755676,18.9362430140644
2024-04-11,24.1180589773312,6.97538536116558,13.5404144281985,6.5569939938215,1.21187785891417,26.6253475379376,18.4566791636684
2024-04-12,21.198392896234,10.3810352604929,14.1247943515875,4.89169240212134,0.951594249802424,36.8622618563378,28.5030968185414
2024-04-15,18.7475237139417,16.2498353392979,12.7527228808814,4.57793235959142,0.971660023001126,47.0161599476909,38.2172134214057
2024-04-16,17.8997900031411,15.6058057651905,10.7187593505137,3.58833980324382,1.0056245776071,46.4420988650201,37.7718916504351
2024-04-17,14.1950497027669,11.8201080327789,10.6083554775352,2.87384154601443,0.503415197691157,45.1134017158211,33.7405871836707
2024-04-18,12.010910282699,10.0189759020944,10.5065641080752,1.99161485619724,1.1161809702341,44.8590794567589,30.5566923263149
2024-04-19,11.7784671709317,9.5501046281954,9.74089636153061,2.26136188640889,1.40104625803957,42.878685420007,30.2470372970247
2024-04-22,13.671893263238,11.3819856550415,11.3095366487703,2.78523061509739,1.90438358546764,46.8306301778668,27.9418172772548
2024-04-23,12.5262857464619,11.914523939511,12.4948867601708,3.15437849481231,1.70670927087946,49.9160445280886,30.5061735571855
2024-04-24,12.488956640876,11.485911655936,12.3295475896662,2.61053309205934,1.70512554067503,50.9594924964369,31.1696944255467
2024-04-25,12.1197025424862,11.4633664535126,13.2133092463562,2.99892086183495,1.80760034501987,52.616216717077,32.859393456219
2024-04-26,11.7203188560643,10.9471940097017,13.5066587435232,2.74122929436219,1.97704407333515,51.8622703131206,30.6165311463063
2024-04-29,11.6980287472649,10.8846984214592,13.5124542539719,2.83682946712906,2.01816354455464,50.5520198747158,29.000505151814
2024-04-30,19.916481118791,17.598370052404,11.0454637407244,3.6847560450871,1.59557804278705,56.1165011165751,36.9795372326331
2024-05-01,19.6304165908148,14.7992704788358,10.4350533285394,3.76952642719203,1.63856415950651,54.5975953153361,34.6143015477603
2024-05-02,18.5493740316563,14.6182906653957,8.79137126782331,2.55947643661437,1.4585414598357,54.7334676465553,34.5843725078856
2024-05-03,16.8718091072622,19.0990315135337,9.52054660752677,3.00587149245581,1.72016467838761,60.4595367037448,35.8915453701508
2024-05-06,16.2487629668371,18.545863292552,9.4023434634178,2.91612558012856,1.70792704079437,60.7335711881554,35.1916517755282
2024-05-07,17.2910266315254,18.2145526237136,9.01128385682072,2.92621227988065,1.66742482654502,57.643430251442,33.9641067761531
2024-05-08,17.4180905923316,18.6393156576113,9.14042597963966,3.34280493512035,1.7978449528535,55.5415233219286,33.8580640115512
2024-05-09,18.6989736097126,19.4122056852689,9.22011875084192,2.66522222327532,1.69706054069889,55.4954516310981,35.3561045059904
2024-05-10,16.9737414262479,20.9288674428912,12.1919052121277,8.66131573187275,1.65356501061453,51.2047030218644,32.9074388217872
2024-05-13,12.9379771792601,21.1517052523601,9.84813992538498,8.77314278771032,1.53149234256103,49.5124528244936,32.5800533354178
2024-05-14,13.528780460077,20.1234047537363,9.28325479568059,9.24975119648226,1.49798878359556,49.6174779834084,32.8293137276527
2024-05-15,18.842400204357,25.585819718566,7.88328642004475,7.7792819705951,1.35476410592258,56.8215485078313,42.4976365208458
2024-05-16,18.4790137600019,26.8511009922871,7.50453819829022,7.96861505380211,1.32701619909044,54.284283682803,42.8353030541198
2024-05-17,22.3174851423861,27.0095113040789,9.97452245315517,6.86721200170241,1.36052510105587,52.0857795266616,40.4531933106462
2024-05-20,21.9578434175883,26.9101755731541,10.5320870187571,6.81625655775068,1.35363596807259,52.1185020835178,39.9367711154128
2024-05-21,16.4239926350459,25.6605020514625,7.58445674558602,6.75096930322053,1.49660766382206,50.4209761493789,39.2511804722294
2024-05-22,22.0713474765855,24.8817267509056,7.84516703424462,6.11935257975022,1.44833590900135,51.869022821549,41.4965501789389
2024-05-23,21.1333377103981,25.8553393719995,6.7535170451767,5.93459734846055,1.64782711928708,53.5410145110265,40.7966139201598
2024-05-24,21.8337037252098,26.4632566022147,8.20653763674829,6.05304616577381,1.4931846470753,55.7281512807998,42.7749682260338
2024-05-28,22.1646382297994,28.0766080141675,11.1594979551087,5.65308898722428,1.36902460949767,57.5026411809917,35.9785818646477
2024-05-29,24.0484744490313,26.9268915509146,11.7744937134675,7.2246416469823,1.48853220988097,62.6443626210599,39.8350688973245
2024-05-30,23.8181017553902,27.7696746502887,12.0311125850441,7.71280119640289,1.48079132294019,60.7765138168692,36.4964509200907
2024-05-31,23.8308501089466,25.4852658362895,13.8177197360177,6.85232559581264,1.97205876006816,52.5125084480443,37.0153767924492
2024-06-03,21.2831673820066,24.6856997701984,13.9212387349995,6.52399029354986,2.21751472619506,51.5224281016373,36.1223149964759
2024-06-04,21.2416732104024,21.1414245615502,16.1245851054368,7.81410473303638,2.22062932474532,51.1427260238332,35.3529705428859
2024-06-05,18.1126381292704,22.7361346767697,14.6668937110395,8.87824054949297,1.94899771099462,52.1190958827139,34.3893228335605
2024-06-06,18.3904110001737,21.5356819669938,16.5746901851402,10.1862397052689,2.19170989355145,51.3466965601777,34.2663327426913
2024-06-07,30.0990621620747,25.2221452133868,14.8807110925736,11.6535466154818,1.91742529060345,41.2045103000516,39.9603492085542
2024-06-10,34.7027887019261,22.7458079886385,15.4017731288244,11.6907138408957,1.91571115230878,44.0300132935738,48.6576452186887
2024-06-11,32.3242754676109,24.8113816951347,14.5110051643231,13.0654053197026,1.91042157439198,44.0898384577412,49.1603066017575
2024-06-12,33.828423237608,24.0016211507546,15.0529649387451,13.3483735817729,1.68022689296066,47.0971494459276,52.9999817830174
2024-06-13,38.5791911085997,28.4441901231721,11.8026639968896,16.7218479625785,1.69030676866394,43.1739344392857,54.1101312453888
2024-06-14,31.0132040759642,30.2548919202079,13.0540010083011,17.3536429326684,2.33577269747739,44.0054388758861,55.9065970165376
2024-06-17,29.1339531102132,29.9729423325302,12.9777273485951,17.053461667008,2.3039658437592,43.6189151373833,53.3498181476578
2024-06-18,27.9611558209601,29.2703958483153,15.2237154596572,20.4204286078488,2.35922295708492,42.5994387847947,50.1694059732629
2024-06-20,27.5356143368429,30.3791399352056,12.8749020291518,19.4538415457481,2.33130835499768,44.0187487696239,49.7021006066502
2024-06-21,27.6741435883943,30.1999609124285,12.5185343951226,18.7340359005134,2.3271073658119,43.504846784377,48.8685095994555
2024-06-24,28.9152699990171,32.2156939001109,9.92396486443256,18.4751436736275,2.31559540519618,43.9247798281584,48.770661739641
2024-06-25,29.6784777518368,28.8476441013242,10.9794418690655,17.3942166428773,2.32675988658695,44.0489307084618,47.4649104772836
2024-06-26,31.0342463055529,29.5004114543477,8.28331726770396,16.0598030238762,2.18811382313617,42.3157146165792,45.6648483249686
2024-06-27,31.9927375269242,29.5857556214462,7.97713541407136,14.3171191301791,2.28407391116326,42.4433609056815,46.454010137633
2024-06-28,32.0516976189534,28.8732716408459,7.02274602899278,13.8862822536448,2.17072509221922,42.0848190372193,45.1640132347263
2024-07-01,31.5664986511419,29.8095277294707,6.38237443272296,15.0408280162088,2.0171125979139,42.2641711701115,45.3413933877412
2024-07-02,30.6189697641282,28.113869373402,6.36222910881924,14.6163864234152,1.88341752954553,42.6250704483757,45.4731857140064
2024-07-03,29.2612693838143,25.1599768593977,6.4804469592189,16.3869892296283,2.03629710136725,41.9850998707972,42.715318123941
2024-07-05,31.8686160256776,24.2676299869232,7.60630594465297,19.558665677199,2.23223390920697,41.4596626655639,39.9913939792734
2024-07-08,31.2158018292643,22.7331164605802,7.43198675021049,18.9039348534125,2.2135110090038,42.0025985889527,41.1697179741756
2024-07-09,30.9726985261997,21.7096306267862,8.11765806562316,19.1018056040036,2.18336293681642,41.5020341726717,40.9031879409586
2024-07-10,31.0219051177252,21.8430099572476,7.93071059264106,19.7178932478678,2.15395523389754,41.6679893427228,40.5373971586615
2024-07-11,32.8357673256991,19.0758452628706,7.73130143694673,18.6716734723081,2.15268773543906,40.9193562733686,39.9332888584507
2024-07-12,31.2730250997555,19.029956889088,8.03228069429389,19.4561838660958,2.23986039028073,43.3706231518978,41.913876008623
2024-07-15,29.3706751079522,20.9099689762615,7.27950587978693,20.6979369193153,2.19466811936553,38.9120228696929,40.3726242373886
2024-07-16,30.5054481518263,17.0298981686527,6.84565738749959,15.7899028554287,2.17654122415976,39.4357929501029,36.8405891731661
2024-07-17,25.9909148492694,16.4865798022193,6.44139096285635,16.6457913712089,2.06366927057284,40.286250166805,21.7021155528106
2024-07-18,23.3321574298841,16.29964451387,9.76499708697465,26.1109960311158,0.78359817315651,49.4105948185639,26.0973332371637
2024-07-19,20.7469655598577,7.91017106130365,8.75423592701686,19.4520924373078,2.71991314959159,48.9266727945179,25.6207444340867
2024-07-22,28.0646368740329,9.26621654528011,13.0430679237014,14.0267514330445,4.94793387842123,47.9843614187542,22.3436526237144
2024-07-23,27.3138010275724,9.3592012840054,10.9882879712999,13.9310064436137,4.71817644906936,47.5979387453035,22.0142468553304
2024-07-24,26.0141937493192,9.65050044240869,9.30410020116053,8.6665549184536,3.78768055896277,58.6768182608963,21.066890266244
2024-07-25,26.6872841871851,9.80332825347705,10.7835408816283,8.31941528865428,7.35227753173097,48.214770983271,18.0290556209848
2024-07-26,22.8075158815804,16.7345176034218,14.058104757129,13.1789811202075,7.41228837160366,48.2782517237519,18.787862445762
2024-07-29,21.6562952914645,17.3228286100622,13.6581459266331,12.0679376770999,7.10397363556542,45.6087460703187,18.7769493211302
2024-07-30,21.3409983430386,20.4522519779389,12.2809989835257,14.093333879324,6.29460656361015,44.6576866156457,18.3202046440352
2024-07-31,18.6919442889367,10.6374585842789,15.8285856868306,14.4611337213875,6.29017167759241,44.0171169652815,21.6130796290099
2024-08-01,17.0155145465788,9.00821892234611,19.5862017239113,10.7151532352927,5.00289179537961,46.4316764721198,24.4880048496794
2024-08-02,8.75225633164562,29.9735784022898,24.7061627489121,6.77101945857027,3.66711319947069,68.40679516547,22.0170825696613
2024-08-05,5.34980039316015,67.4310116668327,5.28043632113033,28.8588078560576,9.97164793414415,134.688217720351,50.1634998842996
2024-08-06,5.28266910224882,32.9434856012947,32.5458189095307,23.3339959342943,9.93282414425832,115.644599259445,47.6752411424423
2024-08-07,5.25404727633896,31.9201803814964,33.4850800898888,22.8410192605246,10.7597926663345,109.665094850873,46.3680019216748
2024-08-08,8.65015572664375,32.9783345911866,40.7589790408393,12.9326423934767,9.67200472240174,106.947079410515,37.1363530178683
2024-08-09,9.2346373127643,29.9567953639487,41.8565756577519,11.8007720211201,10.5732337627432,104.979215749987,34.8392737631562
2024-08-12,9.11033636097283,29.3986147263212,41.4694768076133,11.7055752454949,10.7636013703978,104.503083574674,34.8802431511943
2024-08-13,9.33862823351378,29.263366886727,37.2559654899993,11.3062017250482,10.2431721689536,102.314327489199,29.752999952478
2024-08-14,10.651870155398,26.4171104983068,36.9953675401823,11.1108440767031,11.2260195601681,100.770529260652,30.0239341465373
2024-08-15,9.41574931804388,24.3869024689179,37.6476667860812,10.3777083224826,11.2941922657615,100.192099075939,28.5937594281931
2024-08-16,12.4986796857301,24.2865594935855,37.5033761585212,10.4204308095908,11.2061210160312,99.565102239495,27.2093335069663
2024-08-19,13.9380035514404,23.7584597957559,37.3810135892066,10.4161181145427,11.1217793987642,98.5363656123669,27.4466888374272
2024-08-20,14.1328403040157,24.0651476254544,38.488141544748,11.4886299024045,10.3253050893963,96.7618647450721,28.2774683345848
2024-08-21,13.1184364500687,24.733609803853,38.7701745460462,12.2589951326743,10.4395799148625,95.8338153967699,25.8193893993034
2024-08-22,15.5311138174065,24.6535800743056,38.8145960569299,11.151422462722,10.2839318468887,94.4735592447367,24.8749279045752
2024-08-23,21.2853039854934,30.4618731328394,37.8949723649547,14.1039373119859,10.2467256409677,92.0468964444874,21.3193983548313
2024-08-26,23.660437960201,29.5877959292293,35.185146911281,13.4347850505579,11.25899619594,90.7195226705892,20.465550592513
2024-08-27,23.4151355001157,24.1274430756446,35.3618708493382,8.86225111675009,10.8563780630077,88.1409209185796,19.8212488685031
2024-08-28,23.6688851898282,24.3004578969167,33.6878065515426,10.7475835125171,10.9417270913732,85.8979848743739,20.8387102252694
2024-08-29,23.2605121932673,24.4112888569379,35.0713184830573,10.444784364721,10.8393552953019,86.1829437028673,20.0410746993248
2024-08-30,24.0810713997365,23.9114753845872,34.680823400799,10.1460802577919,10.8341410886583,85.7732434844096,21.9285938799907
2024-09-03,27.6402059309099,26.9119817094058,32.866033425905,13.6427308217451,10.0610625696347,91.4615069390317,19.3239443768563
2024-09-04,27.4866425540002,26.6312115763838,32.5258425063402,12.6992926893078,10.843186180395,90.6628815727811,18.7381615972119
2024-09-05,27.2838589354383,22.6960332242068,32.9531643415642,12.4438627813264,11.7946658837672,89.1463552536731,18.5535608032633
2024-09-06,29.0215473732269,26.4906851251355,30.287639656385,18.7120997919671,12.7789580113315,88.8272776170926,18.4856661395711
2024-09-09,26.3660517657309,28.7003551608451,29.9014685826281,21.4944090213606,12.5135847179018,90.3136812578055,18.5324514640609
2024-09-10,27.1170377928944,28.542473276561,33.1930841998833,18.8471817289194,13.1108050400476,87.1327074485934,18.0854355488845
2024-09-11,26.8167852015712,27.5932196024906,32.7488757088173,17.7296089908733,12.8467717753567,87.2754325100398,18.0070762140984
2024-09-12,29.3717565208358,28.1790192232343,32.9854925144666,17.8517208749121,13.1463095086649,86.8450090504865,18.7216184931257
2024-09-13,30.9540448643876,31.1268951091718,33.1940545761758,19.0558124168349,13.2805640415994,86.5439735335487,18.8119918861177
2024-09-16,30.231978603488,29.7513815569085,32.9893912042306,19.7282131639263,13.7429202141234,86.1419545584246,19.1093618269056
2024-09-17,28.9269135088363,28.5825236425609,33.0270916683016,19.6643920860826,13.7465883735961,85.3655135657171,20.1743609438553
2024-09-18,29.2593822963742,27.6433809507893,33.3761869088225,18.7310183639079,14.0931925097318,84.3982316498475,20.3580417206868
2024-09-19,22.6281860526671,27.3859656792583,12.32875100843,31.288437106955,57.9324618569545,48.6743142515925,18.6523654698642
2024-09-20,19.3664735388944,23.8908744815292,16.284684207296,19.7972131631552,72.7165571996448,40.955532031119,22.4984246220785
2024-09-23,18.6806421262699,23.3519021010547,15.9317668203241,19.7859791643515,71.8869576037653,41.9737013017394,21.4521858811706
2024-09-24,19.9208596735328,23.8778639418447,15.7373314619973,19.9386980668956,70.3308954526843,42.318881378068,20.4926587524889
2024-09-25,18.6489099443699,25.8218880325131,15.2970138735697,17.6986928251621,67.7822024342699,38.7218935400914,19.5983232992279
2024-09-26,18.4834821555665,27.0400269318262,17.6492403815838,17.1351581509291,61.5491065184203,37.2469355718947,20.7177097989619
2024-09-27,16.8963099660279,26.532470804062,17.3284744726159,14.190994134697,61.0827018086016,35.9204675067171,20.3976819788518
2024-09-30,16.0381615056009,26.4757921209909,17.2779504225055,14.2979718233504,61.1862898255617,35.4873267590265,19.2705243237971
2024-10-01,9.14413520879686,24.0874622312891,8.30149753394681,16.2715871578681,59.5507474328193,35.741197642076,16.0450323330414
2024-10-02,9.51943278385009,24.0247624693284,7.25844863158617,16.3320275365013,60.2886781702527,34.6118130284485,17.2365135738031
2024-10-03,8.60724987071639,22.6938610945108,7.70088900004512,18.1699290448402,58.2113427316171,34.8558929595218,16.7725478863303
2024-10-04,8.79685579259624,22.8465244267487,7.41681423479007,19.0954949377865,57.233247046939,36.0008944654088,15.44933088419
2024-10-07,9.79987426589835,22.3006984849788,5.9286357910967,14.0385270435614,56.9085807836825,32.4617636881738,14.1154540873152
2024-10-08,9.58999083465565,22.2555684102213,5.57550744602224,10.9394462634004,55.6115506987601,31.1112946531963,13.6691185491251
2024-10-09,9.77681543438932,21.8016287130588,5.01066836370556,11.0590258373702,54.0264217692181,30.2690640915449,14.3853438608456
2024-10-10,10.3738615885436,21.5027468328389,6.01145586873285,11.4075982621854,52.7924605928289,28.9996091457883,14.2184496849521
2024-10-11,14.2008409740671,22.9423605284855,8.9618782915501,10.6769773850642,49.7784880863668,27.035128029422,14.4293353708231
2024-10-14,17.0974427175477,25.2942409085891,11.1162288180872,10.8876462108877,47.4650051329162,26.2848765900994,14.2983717638161
2024-10-15,16.8760243375018,27.3962323490083,12.4183554960278,12.1306215581605,45.6672449748435,21.6695332610681,13.8718549025075
2024-10-16,16.2181200120155,27.3988762208753,12.3819492766987,12.5725339545557,45.2442565997518,22.2344715841015,13.0115739984452
2024-10-17,15.9709094501249,26.9839097672724,12.3690482155685,12.4587749736416,45.0744798319344,21.8768203968093,12.7246240815689
2024-10-18,17.6416979136172,27.9084043810827,12.6891870699706,12.6675570205822,43.7467500638539,22.3889193331476,13.2649973880972
2024-10-21,18.9764881722111,27.1358776401677,13.050382618632,12.6741499697601,42.6827388337303,22.1242277656855,13.6127423004034
2024-10-22,16.0854689096347,27.7208823781191,11.9380693452162,12.7237490805258,42.1086613575047,21.6017337254484,13.5756074181701
2024-10-23,21.5857081073311,31.1236712790571,14.464293021053,15.8861278490087,37.4470518842342,21.9503545967243,16.4823442956189
2024-10-24,24.3700412608598,32.5605212476383,16.2730531886625,14.206574874286,36.0256544731875,21.1884661928123,19.1766202688162
2024-10-25,23.202798819527,35.8573528780741,17.6052068017663,16.1328707176812,34.8134998599739,22.5146174553074,20.1741544644668
2024-10-28,23.1524490322057,36.1861281220406,18.1617747979077,16.3356357332366,34.4249499754545,22.6455044779369,18.4318266119526
2024-10-29,26.112063530845,37.7970739308991,21.9628937115907,13.8670591616861,33.4020372740331,21.5963042964742,18.1511536155629
2024-10-30,26.223664187366,35.3748461825135,22.1333719677305,9.88176321295698,31.2769340273704,19.9973151699105,18.7903391418145
2024-10-31,29.777523279281,39.5527508620008,18.0315676167746,13.2330235767961,29.2459538854599,26.3570236306051,17.2311781723838
2024-11-01,29.0931727412432,38.7977850696434,17.9818461101285,13.248941756979,29.0841182163586,26.7077986003998,16.3488892866307
2024-11-04,28.56960666094,37.8588244451527,14.224473411727,14.0868269240615,28.6819991009769,26.2638458674612,16.5073650577003
2024-11-05,28.0417436538986,38.1530604316764,16.204640735709,15.5027372810604,27.0247599692392,26.4852153940498,18.0873453793859
2024-11-06,32.9319858794347,38.2996563933737,14.2707983912877,9.94592580354673,20.5912464897479,38.2143408186964,40.8518244399704
2024-11-07,35.4466317358285,39.3717211008935,11.9900467713387,11.2642369560477,19.053200772276,36.9653470928332,42.4125746803635
2024-11-08,35.6065394834339,39.5958269203953,11.7596971037211,11.5309967595104,30.4818124755761,37.5806929526863,40.724228211466
2024-11-11,36.574975402546,40.9595594021542,9.62750280214576,10.7396969564285,26.2206310153627,33.813810646498,44.5830928723199
2024-11-12,36.589093399565,47.4770811557134,9.17898504176065,11.1942527215715,23.6306505353741,31.5250226254364,46.3424880616585
2024-11-13,38.9004643107025,46.3572687612667,9.57297127953091,10.6562346855871,23.4242496997541,31.0286252802285,48.3322031410709
2024-11-14,35.9656566735766,41.8492950823223,5.14529076033368,11.4333633607158,23.1409491465973,31.7121466722751,47.1157075646098
2024-11-15,36.2042572415103,34.3253069716933,4.98838880467407,10.8457605831219,22.4952465734057,28.2994811674512,47.1438669118012
2024-11-18,36.1663496698772,33.5943215430866,5.00078771027838,11.0845156352115,22.4211945956867,27.4621079853137,47.0553657370567
2024-11-19,36.8837981684349,32.4941592926317,5.92008000520304,12.0847836231435,21.6653784764755,26.3559832005403,46.8462265147167
2024-11-20,34.2197683369174,32.5777257057325,5.55931213049951,12.4723541892726,21.1882534913238,24.5670859833223,43.5183040717963
2024-11-21,31.9105710957383,32.6805781808576,5.61258191697056,11.7617108222279,21.2066138975929,25.0665648344542,43.368993383919
2024-11-22,25.135796058113,31.1957732473654,5.54967479483344,13.1947995727534,19.7531439377022,26.718342090797,41.8360940218892
2024-11-25,24.3230423863435,25.1789554857881,4.23843879248193,12.8470630666523,19.4303303748326,27.5097590908556,34.8207225544902
2024-11-26,23.7659255905552,20.8427984921933,4.22268918205721,12.5150871720301,19.7729977511943,25.6203413350313,34.2800459630261
2024-11-27,25.9886203345703,17.1703125062569,5.87610961690737,15.8115067912256,18.3429033598875,24.7241619591366,31.0849943046135
2024-11-29,27.1605658132028,17.4774011015993,7.25567093770836,16.7823163462719,17.8879531493259,23.4613730717452,28.4734465910277
2024-12-02,28.8145853331967,17.2825058837329,9.71373757189074,17.1516461360837,17.0336659982001,22.5720212576068,30.5213357426195
2024-12-03,28.8573316728187,14.836269389411,9.89314278972473,14.6787438975531,16.0995414662216,22.3778150902297,30.619915294879
2024-12-04,28.7054157301737,15.9291371000139,11.0921116837991,16.4987032389943,15.0806261272195,22.4396541208557,30.4488833679869
2024-12-05,20.795465366663,15.9188316025153,11.2691882578861,16.0063495219093,15.2132358131222,22.0754302747163,25.5255443591573
2024-12-06,16.9459860903317,16.5786412833434,11.1822901467257,13.7566492599269,15.0817117337888,23.2967143981436,24.4514335356794
2024-12-09,16.9132641524861,16.5516326171121,10.8443745213151,13.8025168300186,15.1168581916599,23.5444096451393,22.1736378597323
2024-12-10,12.2461998517446,17.7272510405861,10.5806529648996,12.7717524581221,14.8107663314593,22.0593721827007,21.204748733909
2024-12-11,10.8893597358306,20.798023216987,9.86444103942903,15.2951857195645,13.8659477212676,24.1148433805936,21.0088477676732
2024-12-12,8.72097474208495,19.4361952471117,9.08276486413134,10.084793352369,13.3247567302905,23.4713151314161,20.3087790978431
2024-12-13,8.90974904146686,18.4548130702859,9.71563623383996,9.6999758055309,13.0630107747317,22.4858819689444,19.6964145738911
2024-12-16,7.67421555416445,17.1609721990999,8.49157146911087,9.75884762235774,12.6705852381606,22.7489362686983,18.8849093917878
2024-12-17,7.64890472331703,16.7007283281194,7.19711410320281,8.42674208991303,11.5930862017395,18.1434652025536,18.5571314912242
2024-12-18,6.92552294619902,30.7644621074893,10.7810799536812,14.4998402666013,8.58395886176062,62.3770934012927,25.540414316642
2024-12-19,14.0865193353286,28.0994322090836,11.6649005350583,13.6806788039042,23.3933984882107,62.498716072634,23.5556882267313
2024-12-20,20.642558858969,21.5474807815111,21.2552235277822,13.6143547146175,23.0891836589058,58.1814767850667,33.3791711101982
2024-12-23,21.5814273444633,17.7073253414367,22.3039194017868,11.5759903732431,22.2455718523236,58.3942043429616,36.6448655321927
2024-12-24,21.8299413123316,19.0965621950511,22.2519021183256,10.6588753555733,22.0094414955664,60.6923196165244,31.7217149338947
2024-12-26,21.5592236750356,19.0875305879403,23.6622648859623,9.46596867155231,21.8018206709815,56.6819077600108,32.0283087979669
2024-12-27,19.6890531976217,19.7492636192248,21.1854757500952,11.8718539575107,20.9950701783446,53.895583199281,30.7145557347696
2024-12-30,19.1671123052697,19.9473999898079,20.8353350711841,11.1544449856522,20.8622599106646,54.8318222395062,29.9752176279114
2024-12-31,16.5883921376644,19.8217801768569,19.976366603532,11.2496770359458,20.5314874269561,55.1064244462742,27.1498271621322
2025-01-02,15.8954403505751,19.4310178300359,19.2621795483633,11.0518661145743,20.3974165417132,54.7894645887504,25.7117833486591
2025-01-03,13.0278522784628,19.5942140738149,19.7116345264937,11.2113126317981,19.9838044384323,56.0277481680758,25.9425728249659
2025-01-06,12.2945691101075,19.9073854295168,20.3914860223686,11.2308055704271,19.7518419512135,56.1091043178245,26.8571813207895
2025-01-07,11.188199316397,21.22323486647,17.0986502644793,13.1477985891811,19.2780214770917,57.0993742187952,26.3910936896969
2025-01-08,11.1656710095567,22.1271995462022,15.6602473055474,16.4359277855635,18.8617300862765,53.7202080791568,26.0586235728669
2025-01-09,10.9780309193455,19.4294351666567,14.7039134274218,12.1875167226407,18.8852949290306,54.3689065111214,25.1083685455388
2025-01-10,10.2806391619683,17.7658694874584,12.4361474169955,11.6828366558485,18.6012677909436,53.782394723152,24.1655088696391
2025-01-13,10.2105599642002,17.6635657760352,11.9683785808531,12.4157815218908,18.4366083600063,52.6870831947811,21.9070107939245
2025-01-14,9.9361055970281,18.2504905213514,11.3085886765153,12.314347711964,17.9797286502155,52.6491884380526,21.3807863155415
2025-01-15,10.8702696330955,21.3368547977747,14.378195918938,11.1720303346052,16.8634251733686,56.5200616155436,20.9043835330359
2025-01-16,11.7567979544053,20.8296123206722,13.3477996141371,9.8433184165362,16.525226442245,55.3355064615348,20.756935432395
2025-01-17,11.4819173169629,22.9820990867613,13.248369295099,11.2323419219355,16.1083939443308,54.6073779597975,17.3133821432362
2025-01-21,11.4030726594482,24.4091786402413,13.5275738140861,11.353836395783,16.0399068582605,55.1009276447461,15.7245703987874
2025-01-22,11.1996496292322,24.1007885021807,13.4654365936223,11.4592320947065,15.9423921056541,54.0590605660552,15.794837893211
2025-01-23,10.7210115948607,24.1484277872268,13.3907727022501,11.4245363351592,15.8827906208137,54.5892218776838,15.9475156248282
2025-01-24,11.0692564803341,23.365807721588,14.3738317014767,12.2517703640368,15.2466831465196,54.8621113357715,18.3471094856317
2025-01-27,10.8318065765418,26.5965326122068,14.744558327016,12.215791656373,14.9214034486052,53.8846269295407,9.44868274039953
2025-01-28,8.81614524187788,26.0058617652536,14.0818742951878,14.8083666667902,14.391865516687,47.349863456807,8.25103537748993
2025-01-29,8.65113248365112,27.8620646779285,14.5574330630143,16.985964323266,14.0954217849312,43.8809737240076,6.44436555051188
2025-01-30,7.69182122477673,27.9854620983828,13.4931529975302,16.2618602152224,12.2726806081716,44.1290030141161,6.79797731535516
2025-01-31,8.5305787819211,27.8902448256141,14.1533448922237,15.2311289777415,11.5266681159869,43.3618600074046,8.05764547190155
2025-02-03,8.71322832873913,30.6715087513517,8.70771553503266,17.1479470964927,11.1865437100183,46.0554247333985,10.1337121825294
2025-02-04,10.3950845201458,26.4585972642608,11.1879478206998,16.8334624901823,10.3785165925336,42.4578543471602,15.0415967224897
2025-02-05,11.0916005490059,23.7934363313136,10.45008833826,16.2370421952353,10.1827245787067,44.2064115304953,16.4382844992008
2025-02-06,10.924442994017,23.8042433974885,9.89353060754058,16.014602055788,9.94365960188375,42.1960790197541,17.1391082876994
2025-02-07,9.90814742551371,23.7525163747176,9.40575641213673,17.4371950189701,9.85137085261828,42.7111101901072,18.0052380007575
2025-02-10,9.73358652289928,23.7151378697068,9.3266300383038,17.5123275863515,9.8526421362847,41.945414634792,17.1599538193371
2025-02-11,9.16100481272961,24.9910727497136,10.231813423996,14.9061648112758,9.71062103580798,39.7139468556797,14.6562085787066
2025-02-12,9.25731703098425,23.1823006921757,10.4367756435981,12.5964383809968,9.6838867903396,39.1898296030187,14.8561937191175
2025-02-13,9.99416734548695,24.3494496030009,13.2966267873826,11.6529195192854,9.43921364705111,36.2068913878038,16.4972544743819
2025-02-14,5.61968748160196,23.9685742376391,14.146522191652,12.02430333332,8.63823100928928,34.4289738068648,15.1470327890348
2025-02-18,5.86008382716207,23.7189034366082,12.9748381690938,11.5715848428046,7.92758034574521,32.7253509186171,11.444251568041
2025-02-19,5.78360372459804,23.7896746540238,12.7458754387677,11.1388111106274,7.84639292611259,32.4589065450015,11.5152804082308
2025-02-20,6.17113966525232,22.088142357882,14.3547276828045,11.7869946290501,7.6012855038618,30.5465488994338,11.937485583183
2025-02-21,6.42278575859386,25.689355197522,14.1304445370054,16.716141790008,7.08054320462651,35.9689093135724,12.8962992241691
2025-02-24,6.59877287271732,27.4313020570037,13.9074161865752,18.0339504287174,6.9756374440184,37.4158942154703,13.0069681748127
2025-02-25,11.6893836075149,34.1687233589717,11.1897826644505,26.6632817611189,5.82105940638567,35.1376092630171,11.3441934820987
2025-02-26,8.50157089182968,35.7563826045278,14.2861125599282,26.4041000281549,5.71948238786932,31.7972035778467,8.9659226699411
2025-02-27,9.71398401545697,35.0129302027785,14.4326679215633,26.0932583334495,5.19124318918327,35.8369380354753,12.7618596450409
2025-02-28,17.6419193938856,28.1707805219485,20.6891126227786,29.9207257930693,4.54093948725894,27.3781391990279,11.5139463099342
2025-03-03,20.0576776794562,25.3539908262887,20.7585878476982,26.309693777291,4.03603156732176,28.6475930043278,16.668952228342
2025-03-04,21.466475744777,29.0529831373382,25.3470592793846,24.4202735685031,3.76722651782673,23.786640172086,17.332750528082
2025-03-05,21.0887960397691,31.7033613696992,25.1222727140848,25.0450038311714,3.76937983229109,24.6206668788472,17.3674668201794
2025-03-06,20.254879048558,32.4650064585439,16.1609830545312,25.2470686270785,3.61998027756315,20.3454392356299,5.96259882175252
2025-03-07,20.4977184722085,27.3257854169755,14.2493281871306,30.6815205342651,3.55502459806952,15.498774525846,6.98006123838766
2025-03-10,21.7486986569356,32.4450832480074,13.2238630010273,28.6751761322883,3.31595101404218,23.5256545194879,7.17145811645004
2025-03-11,23.9496189766502,30.7051598528559,14.9153112642611,23.5674438871957,3.14044714290672,25.1129583274767,7.11700576694831
2025-03-12,20.6111487574508,30.3486156176794,12.7162470662155,22.2246988280316,3.14966583472022,25.5918141158221,7.64178157163603
2025-03-13,16.5261975887854,27.9660173405947,11.1318680039069,20.2216112938051,3.0974751049077,24.6556312463607,6.55650577777687
2025-03-14,15.35792365085,29.5418528594153,12.1365143449359,16.9076023006073,3.04522896835022,28.4025294918748,6.21805813104096
2025-03-17,15.1747342342051,29.3387753047516,11.8718379857248,17.1604769807173,3.06035545685165,27.8232753600408,6.21108473993257
2025-03-18,16.0368227892447,29.2872806378618,13.2287030533866,17.0151346908235,2.91211927482831,26.3383036562299,6.37758771407737
2025-03-19,16.0802739880636,28.6516343767692,13.5188681938276,13.6127674874988,2.89183148983528,29.3785218661522,7.00896948003213
2025-03-20,16.2109469981217,28.0249163949134,12.7359848060309,16.7986700805846,2.80801038532572,27.745114879492,6.39409188063449
2025-03-21,15.5577215161862,28.2349569942687,11.7920055839393,17.4485289218427,2.77418067377567,27.3107714529311,6.59034178561677
2025-03-24,15.291061612972,29.767791511091,12.4151062600037,16.3202283136575,2.74583715104536,27.476395928208,7.38860556780306
2025-03-25,13.8246960279071,29.0415587395976,11.8651860827025,15.3495949875374,2.73409017036035,27.7327210616329,6.95100240428218
2025-03-26,15.4685315282951,28.8466323616612,13.8890517414139,17.4586029646732,2.65835276207257,27.1601722915743,8.16109696917301
2025-03-27,17.5436773536866,27.7122847888087,13.081187058638,19.4893955963402,2.43869187509493,26.5571874389344,10.4014992755462
2025-03-28,16.5710340010058,33.7403454112245,13.5895625587668,17.094028516007,2.29476225796266,29.8850538706013,9.66755222524377
2025-03-31,15.4434098789846,34.4782472571692,12.3748602327301,16.4714080113874,2.21398461484268,30.010758308397,9.88860753307244
2025-04-01,14.4114816557164,34.8924462906619,10.9481541217881,16.86676762015,2.21144847461257,29.5974518054313,9.77321210782857
2025-04-02,14.3580490693259,35.441032105426,8.5750547266476,16.3358376998394,2.14583809273809,28.2069570795809,10.1159530335587
2025-04-03,17.5146892040868,18.8298124035254,7.10524559836496,23.6553349869133,1.58194994142733,58.4326306105681,23.9220146579066
2025-04-04,50.8143782254255,12.1666611520415,13.3324747628874,18.2605157814547,1.04129979132507,77.1124789909726,7.28030445439817
2025-04-07,53.3615230252983,10.1761413102836,13.2039547561485,18.8040068711001,0.951656182115249,85.4457337318596,10.5348239952545
2025-04-08,43.7706455756989,11.1639970035876,10.9575180679032,14.7562957340048,0.894223376687636,67.4236785351134,11.0374840165491
2025-04-09,57.3915665290083,35.0911853911578,20.0249958480193,18.3727591140758,0.565780902118333,90.6045354047589,7.55760638947531
2025-04-10,46.6813412793827,40.7291335928934,21.5436810351238,17.7557835614304,0.474496024344967,90.0467300817622,14.4320530358331
2025-04-11,49.2446087953778,41.0807602227988,17.8528966878047,16.269296979887,0.446976987229496,93.2550681455507,14.3284272827825
2025-04-14,53.2765742715102,40.7266734767902,17.5228835756235,19.3120008078357,0.435502599527522,92.1192930549331,13.7190585865098
2025-04-15,52.8084517006774,39.607447817643,17.3483578749776,19.6808986273311,0.428709566242854,89.5960673824576,14.911791099559
2025-04-16,47.7319255780674,40.4006014277167,16.950349644968,17.8789175680525,0.3774159521403,85.2348009116312,17.0589838589162
2025-04-17,43.423019746026,40.7572829408999,16.6653132363375,17.1007827237298,0.382651969003871,82.8438340424297,17.7259262470433
2025-04-21,43.7074310277291,37.6447758921939,16.9599925426006,16.7542446549825,0.386114450952589,80.883991575568,17.688786000712
2025-04-22,41.3496075561406,41.6188724602406,13.1727879793115,19.9430194157764,0.398381963406089,75.3979850362179,19.0735784783922
2025-04-23,40.2299505674881,40.8194891141097,13.6041172142428,20.3768062580872,0.396426911954746,70.992507750473,23.5094684136406
2025-04-24,41.5252350501128,41.1238420555803,12.1271527914817,19.7909678957117,0.347204863127343,72.442703106844,24.9912843113419
2025-04-25,37.2880168476174,40.0905594825276,10.7036327379702,16.5483808382239,0.377590409776694,68.3575912167407,26.5133026389006
2025-04-28,37.3367141420652,40.1541167713853,10.3850294445872,16.8519911670612,0.376705391319303,68.2619468300527,26.3830256321583
2025-04-29,36.8654093769726,39.5355754082644,10.6459546683382,16.5715859420521,0.387438626890087,67.0693705182671,26.5096955522096
2025-04-30,36.8349528004453,39.4603062570962,10.2715051978716,16.6160530779498,0.388079900201753,65.939974909111,26.4882204596367
2025-05-01,37.0330739307771,39.9586428512232,11.2595307159699,15.2002969463116,0.390817263655295,63.5558117748939,29.6985242802102
2025-05-02,37.4326725217598,39.5175841808601,11.745831645025,13.9545778426981,0.360109892697003,64.2523183875887,29.5741741377524
2025-05-05,37.490663248231,39.5582671782164,11.9690441201966,13.1082538906018,0.358146411195786,62.8446097368971,29.8017926632711
2025-05-06,34.6085636817653,36.6484935925916,12.5494184620315,11.4347259513415,0.309243910415764,60.9868295510042,31.7752398137753
2025-05-07,34.705810224353,36.3280425501567,11.9334603066871,12.1297093232221,0.332353181998977,60.146541139284,32.9626266229716
2025-05-08,34.631756791456,36.79793518265,10.9093695651784,16.0567899565291,0.343385290907035,56.2990132312265,39.0414904856471
2025-05-09,35.0851930598907,36.7654145640971,10.8996917821697,16.2423171337353,0.3233098938661,56.1141709882213,39.4784454386219
2025-05-12,35.5704010022709,35.9077605742048,11.2909978239041,17.0004141976427,0.329863817527269,57.1678573339547,38.5782644462808
2025-05-13,35.0716202955351,35.8835895558085,11.3253707798091,17.0367053649727,0.323653568856445,57.1471680990154,37.7933486501797
2025-05-14,34.5465783535333,35.5355108581545,11.2031138617235,16.9630345940946,0.324827016039671,57.2126053458966,37.0159135890133
2025-05-15,34.0437451573543,34.9821062981599,11.8239405807364,16.7675971544557,0.321854272950098,56.8231236173794,36.5568041164169
2025-05-16,34.1629827696215,33.2245002010917,10.4910004801337,15.5749834267028,0.325562331746475,56.2606823822336,36.5314692636607
2025-05-19,34.1459943564821,32.5641999639171,10.5791674119031,15.3882732151139,0.32553389683082,56.1290374538231,36.477224138389
2025-05-20,35.1524988518669,30.5481748004903,9.52309264518267,14.3514610739397,0.299689641300791,55.4746044064086,36.1295972684106
2025-05-21,35.467834386715,27.4505597403102,9.84961623271291,13.9857492206848,0.298430532602249,53.4469523097234,35.287114081288
2025-05-22,35.6850198025105,28.1942123504334,9.63581277243077,15.060682865481,0.30814702637495,52.9322931646017,36.5026787169031
2025-05-23,36.1003497805201,32.4153028054299,9.64601537078319,19.7926744013292,0.231594662610437,52.9333793396743,42.7763789424622
2025-05-27,29.0967626094996,27.3055680700501,14.3472769334739,23.9741340748571,0.237195162191195,53.7168244521313,41.0316514145591
2025-05-28,28.9246524043193,27.1457769445939,13.451989968618,23.5142786330861,0.235897059274706,53.6806917569343,40.2613281027409
2025-05-29,29.5113942951904,27.4266154409907,13.4072871657686,22.5760798284794,0.229824871851991,52.5964936821762,40.0585467702036
2025-05-30,28.667333394338,28.7064609737896,10.4282741579316,18.2149948167616,0.216944384924019,50.1129560469172,39.309789866317
2025-06-02,28.5953678623994,28.1021771354703,10.3159660217825,16.6275008861028,0.215011197849996,49.8652942998201,39.0382210739647
2025-06-03,29.3848512793911,27.7003223991122,10.3044861065195,15.3004690633885,0.211839033202409,48.7386072143594,37.481661025074
2025-06-04,30.1597817312231,27.861248962802,10.5600348125853,14.9772081329573,0.207022966183255,47.6797096818816,37.3719245151791
2025-06-05,29.069386507168,28.3606525792749,9.93640322494579,14.3734899537246,0.205953543066225,46.0748788907002,37.029999308868
2025-06-06,28.4710525573564,30.5807803829648,9.81299121808043,16.9447840013103,0.199860175021641,46.6945033005663,39.5190037770857
2025-06-09,28.7998245510921,30.6085342280095,9.76046902840497,16.9769883672765,0.207078627066065,45.9242563894193,40.4405003875
2025-06-10,28.2670160226574,29.2390291202442,8.40546890043487,18.0964324025255,0.222540996515487,44.3684383517622,40.2076733245477
2025-06-11,27.113610234654,29.8667504534326,9.00377665680956,17.3499393901767,0.222742376617612,41.9258843718654,40.2109011601681
2025-06-12,28.6631900079412,33.6391141991251,9.74460646387946,17.279561874884,0.21473107446445,39.8686150900033,44.5720085322103
2025-06-13,26.6417406430886,33.485233786275,9.83047045020131,18.4594016536758,0.209051581527149,40.6787665249015,40.7944810008489
2025-06-16,25.2928172118586,32.1542807907058,10.4361027553593,19.5507678464719,0.223184160083435,41.6065080894178,39.5891579235986
2025-06-17,26.0529645339898,29.7278516232983,11.3031375047182,17.1454257044159,0.225211960411301,42.1005882280884,37.7997371568209
2025-06-18,26.1630032624607,29.3867936903663,10.8793921612273,14.1576301511754,0.22142602159852,41.2503587508172,37.3469982438765
2025-06-20,26.2443961027487,29.6428509766218,10.5881571005912,14.6325973271882,0.212499233825683,41.2826140782092,36.7154198319615
2025-06-23,26.256195489024,29.5601990125583,10.6726769493239,14.4511773766762,0.216814086582325,41.1375800762439,36.5899152668531
2025-06-24,20.0404191794411,29.3077931738536,10.5803773491345,11.2384367639888,0.225302543806493,40.9433350631858,28.0908366852084
2025-06-25,20.2044820689285,29.702598632501,11.4917290687945,12.0723035929547,0.232271829509468,41.1617443848058,27.3900594545095
2025-06-26,18.9923583484721,29.7106939853894,11.3077313251518,12.4523602013431,0.216087608854308,38.6154457295696,30.4117015193324
2025-06-27,20.6976785853641,28.8982450307435,12.8749370379425,12.6640527661149,0.205622030829494,37.0133395361779,32.2416649626705
2025-06-30,20.8261368786067,28.7938473611019,12.6342525581792,12.6404145698437,0.21711667164267,36.968746980913,32.5187921966742
2025-07-01,21.4256093443146,30.6941514082781,12.3144738679171,13.9889409499896,0.186320949515498,35.6923518773871,31.8840253595091
2025-07-02,21.2811130863028,32.2722706364717,12.6304802642987,15.2659717751728,0.181461799243605,33.2326956942274,30.1394544590038
2025-07-03,21.3420607033201,31.9800524170288,10.5501952138494,15.0578742161113,0.215351465186556,33.3235059832873,28.3663044514487
2025-07-04,21.1409499711686,31.0977620879942,10.2961281424644,14.8485532105212,0.221858854538016,33.0125181546073,26.7959893386809
2025-07-07,20.923666806454,30.6917577961392,8.47878882565118,14.7570669365116,0.229422231320601,31.2812433931019,26.4365769771904
2025-07-08,19.8242874063335,30.3343521509808,8.01527423777971,14.8941108700911,0.248970992403047,31.7884256413962,26.1280697338161
2025-07-09,19.7414248000566,28.2750168543032,7.78183388203209,11.4971136435951,0.248800825376575,31.9542462996968,26.0558523496434
2025-07-10,19.4084525921877,24.9460518644722,6.16218597330097,9.79899535165315,0.263980735331124,31.6242626179582,25.8545643302988
2025-07-11,18.5026440456302,23.4364003335108,6.23697698774453,9.39566725657983,0.263045959184825,30.8014485794819,22.9615036905662
2025-07-14,17.6042449732493,23.2419967076504,6.0841173965982,9.12434595899176,0.269152797726726,29.7594988224124,22.3186956948607
2025-07-15,18.7154029803011,21.6612372740737,5.55818019063515,8.07607912631069,0.27093500549215,29.5980814494754,22.2881225125781
2025-07-16,18.6360117922356,21.2451263254108,4.65797096649232,7.88756248891896,0.235096871532415,28.7892208950856,22.324425467203
2025-07-17,18.6696736755875,20.6295965990372,4.01377456161233,9.29846840353588,0.300917397297848,29.0506606259221,24.5554244270913
2025-07-18,19.1983053535307,20.3308472696315,4.24104719566375,7.61590109892203,0.300833078433588,28.8590260854739,24.0407212944897
2025-07-21,19.4131176425988,20.190041390288,4.30229192718777,6.72830905853375,0.298926283933316,28.8472868055679,23.7108388494879
2025-07-22,20.8240458824177,19.9953492793398,4.22817270411559,5.79212890113606,0.307607219851948,28.4475888888175,21.3939704802606
2025-07-23,18.4164961545099,18.3619790620238,4.60667099073664,6.41073996669751,0.332697973705247,27.2073065773954,19.3599603122445
2025-07-24,18.6229425457303,17.8778291335385,4.61616185123403,6.2776210909403,0.335028045439243,27.2599772945456,19.7094962567781
2025-07-25,20.3054823888129,17.678809483424,4.49895782678744,6.26173603424505,0.330087268668177,26.0080957366576,19.7657753861281
2025-07-28,20.2014968805032,17.7168764998137,4.47356849968774,6.28059859623185,0.350820977455006,25.8849074448419,20.6369606053515
2025-07-29,18.8624425989016,18.1205799728186,4.14923930562164,6.78539092575195,0.324179414758639,26.0675020304824,18.7661509512469
2025-07-30,21.3944939920362,17.2755285113516,3.52082302681252,6.7600950093214,0.320253848365942,24.8552834186963,21.0631284454541
2025-07-31,21.3634107596525,16.8243017306776,3.55457081070143,3.35041121902182,0.320859421414893,24.7714264543875,21.221668600331
2025-08-01,28.0126737391735,23.0045706472488,3.02017589647449,3.99377635851884,0.222626217637191,35.7166811024269,34.0699969473805
2025-08-04,27.6134507537978,21.5865889993093,2.41442468828968,3.69297160188266,0.224445256344358,28.4347736517189,30.2653002019698
2025-08-05,27.4979011096601,22.118027754521,2.73553368841332,3.96850598478269,0.218779431217436,27.6596358275933,29.72284534468
2025-08-06,25.420870102858,21.0686405355537,3.8367471564239,3.9399365378043,0.220420782606949,27.4485160796215,28.3087354195171
2025-08-07,23.8902510036068,23.1100934793131,7.39229589090929,8.26020303254387,0.211861788496316,25.5269857531554,29.2191169335767
2025-08-08,23.7174781340748,22.6783903015122,9.54154709408231,8.26351805238018,0.302614710102671,24.6503952905391,30.065337101318
2025-08-11,24.3918450763028,21.5972656939112,9.23976082646665,8.07095593046185,0.30604322320071,23.4858392113861,29.8770793164148
2025-08-12,23.0523449035978,22.3045790979542,10.2183225843498,7.66215351958501,0.337712576866821,27.1222062054728,28.9483037008503
2025-08-13,22.9587599806168,22.8676739485986,11.0702791087119,8.03629494126181,0.340702119823488,27.9415202287793,29.4440222099501
2025-08-14,24.4800687135071,23.5192807402035,9.41155484712206,11.540440123101,0.31193030658845,24.8729893446503,28.7013212684936
2025-08-15,24.4553949194811,23.6416393903035,8.40261061351837,11.5677528241176,0.304587130189243,24.4395702936136,27.9414827086228
2025-08-18,24.1309367223134,23.1608484304269,9.4281510276923,11.1845307287216,0.336599343573297,24.1180842656095,28.970216064833
2025-08-19,25.4263237704876,27.8899596154262,8.22546426179713,15.3885539225241,0.318509518032547,23.1221168859765,28.1732415698384
2025-08-20,26.4963037448909,27.909504589164,8.80408148465909,15.8765983110768,0.321526186486702,22.6232455607372,27.5205887456554
2025-08-21,27.8805770026202,30.4951490516611,8.50972454668634,17.6779235071788,0.29939531330401,23.2256946705124,28.7839174483566
2025-08-22,32.6034696373876,42.6249748373969,14.7686490417289,27.7082061612472,0.351548113996155,33.1549569193631,39.8012453517423
2025-08-25,31.2548216038199,39.218051564325,14.4881256056753,28.4840381467869,0.35012937627548,32.9357585408054,36.3665435572773
2025-08-26,31.6156710900494,36.6863935653525,14.590323719691,27.7170792820112,0.343492057604332,33.1609956331065,36.8587740355129
2025-08-27,31.436398409929,35.6917678160502,14.3368765091052,26.2390589800113,0.339023319922086,32.9675400486499,36.7705259998405
2025-08-28,31.3429165105108,34.1788932148835,13.12686057164,20.1222420772087,0.339765901478793,32.8939027922253,37.4310027369587
2025-08-29,27.2163281537158,37.79834090737,11.908486852295,23.9118341405296,0.332020311441484,33.5412412873511,37.0467348619941
2025-09-02,26.5302567516883,35.6172472237621,11.7239578275587,25.163501966952,0.306091509572937,31.448800250402,35.607809908008
2025-09-03,26.857647552858,35.7967192643155,7.45043297567182,25.9404096820581,0.309465112141791,30.3652718093764,35.6283404765007
2025-09-04,27.3154318809579,34.170993190057,7.12028083787494,25.2641289144134,0.329935756282948,30.4326464557788,35.3986049592779
2025-09-05,29.796403087688,33.6193284821205,4.69788700151605,24.2439633987145,0.329038325244089,29.1524569510785,35.6301745907478
2025-09-08,32.0123249961185,33.537278512038,4.12658997308799,24.0340930014687,0.330019847071365,28.136766761249,35.5329496798999
2025-09-09,30.5882210661092,31.4313175654519,6.40400579700269,24.5720299895253,0.261634009333642,25.3342004221195,36.2760733588064
2025-09-10,30.6425361377455,30.691951718337,6.64707268740187,25.3519166217708,0.252885436207802,23.5088386695744,36.6621432972459
2025-09-11,29.8154544687319,31.7169773854661,6.8081902281414,26.1755869521393,0.288298771716542,24.60986515372,36.833125871049
2025-09-12,29.5264210841108,31.6227088908293,7.02928171658501,25.8392760266781,0.302185601689751,24.5384961741679,36.3676354515564
2025-09-15,29.4042153120515,30.7936344382292,7.10942053305773,23.2272334468328,0.294288426465397,23.5608664671066,36.3494769602283
2025-09-16,28.0567066634651,28.1490165680631,7.31792398447744,21.0118339102036,0.297102524219088,22.9706954253988,33.8436982710017
2025-09-17,27.4487463975454,27.6924496805367,9.78277788971752,22.5948615551851,0.284741954019025,18.1978669512822,35.1306867277928
2025-09-18,30.5146034357985,26.3443012811126,9.09262051635973,23.5258738171171,22.6485770398739,15.8480603359462,35.6550832993761
2025-09-19,29.8852034539012,34.0552835903738,8.29041325858891,28.8282351064745,19.7959607642705,15.7869349536516,31.9284467762916
2025-09-22,28.7008152929451,35.7755159695024,7.92284612622093,29.6530972609247,19.6399771237146,16.3126639635225,31.2789675450712
2025-09-23,29.2849043163557,29.3871914567862,6.6627818700876,22.2549784257175,19.5346074765212,16.9724474050851,30.3818687391564
2025-09-24,34.2686603932863,29.265718899768,6.47015190431728,25.0728195311701,17.6860629886035,17.8241328081782,30.6049904273258
2025-09-25,31.018827335746,37.9888416934993,6.56810830453601,26.8225388164431,16.282161354542,16.8608843024433,28.097864250401
2025-09-26,31.2190762993524,33.9408591984644,6.32564251895597,24.530777462514,16.2392773219925,15.8389047658634,29.8686569421362
2025-09-29,31.744528035949,33.9205847603948,7.41473317949879,24.129872898423,15.779550940009,13.5659552076662,30.7521802077676
2025-09-30,32.2919114625701,27.0729890544749,6.97040906631305,19.8351216666563,15.4259383392621,13.4528370253861,30.831134067398
2025-10-01,31.8837927089258,29.8371711659495,8.83936829179687,22.401732047004,14.9318809454361,12.3961755266522,30.5769646719553
2025-10-02,32.4567872485907,30.3751070646711,10.8842157064511,24.0407046054417,14.1205110122732,11.4154789098241,29.3877780953241
2025-10-03,29.3952256919696,31.7104983909213,10.3420209183361,22.4002558798327,13.1092794512945,11.2430304111932,30.1202126116131
2025-10-06,28.4031330608345,32.2245938173356,9.58298037450282,22.1224603166509,13.0510709512717,11.6422361173594,30.429301026339
2025-10-07,25.6364672798915,31.4213022419066,7.48979996153767,21.0185492799335,12.9728730806635,14.2187499585531,29.7559978824032
2025-10-08,22.9479048029697,29.9597370259769,7.18754801528858,20.07474586376,12.6563691901709,14.0618330563715,23.1271917517149
2025-10-09,25.5294196485552,33.8622214809412,5.86268434087575,18.4369114785137,10.4617854751237,13.5039766902461,29.6659126661969
2025-10-10,27.9218017641054,49.2049150191226,6.47403040619588,26.4730199598673,8.28209278368838,46.3819795564547,24.0650861784871
2025-10-13,28.1704475480724,45.3864828252212,5.33807139392408,25.4786918415801,8.49062658993453,41.346439473096,24.3482459366449
2025-10-14,28.7526133290199,44.890668378921,5.630245528727,28.7832740073058,7.94212578284074,44.4136233758986,24.2990777879858
2025-10-15,29.6518131472234,46.7212121051888,6.84001633795649,30.3025016892812,7.61030666383402,40.9901707441831,25.2242872847923
2025-10-16,42.8552528483594,47.1336466654304,14.47367828217,51.2066227783919,5.8447202205771,62.0619546119926,25.2542594270175
2025-10-17,43.6348089604911,34.1151059079493,11.9631168413352,51.7084159195229,5.8555421722502,58.7944877342151,21.6249579783847
2025-10-20,46.0348179257976,35.7030353290488,12.0518229057715,49.5671236189054,5.55517629531837,62.1206857204776,21.0460420137151
2025-10-21,34.0240580019627,36.6102091753279,16.6027310419873,46.6851590106587,4.9841250844634,54.8271295315985,19.283828387683
2025-10-22,32.8017729690358,36.4639437707079,14.0017845774159,45.4244386847852,4.83400795648348,53.4685627895303,19.4035853467588
2025-10-23,25.5285567011165,37.8866475609014,8.67857101685826,44.841173608392,4.67946846182613,52.6315749247074,19.0334431318835
2025-10-24,26.0120716611018,36.4768635594772,8.60713299620301,42.7916389068268,4.51853683866642,52.8716137589861,18.314402254008
2025-10-27,25.9483966548326,35.8132504449787,8.01640071958796,42.1908719764482,4.42443158044391,53.1517983024367,18.3163168320126
2025-10-28,25.4343823704952,35.8908648376894,8.85984310477976,41.2178350992206,4.35670045883143,52.4038195167029,17.789331303815
2025-10-29,23.1616195987371,37.5158981216389,9.35156245289949,42.2661503307416,4.01870505598528,50.7838786884403,13.5049089759287
2025-10-30,21.8917640530665,37.7028872253888,9.44157671254656,41.2123720504079,9.19847149972233,48.6809955349981,14.1405289487454
2025-10-31,19.9714605295843,36.7677533106773,9.56076657907348,40.9204100183905,7.57375075722516,46.4436990151577,14.0377038777592
2025-11-03,20.3139259735303,36.7760717270058,9.14647537529455,39.0737088958375,7.50606380083179,45.3912182462304,14.4994216093748
2025-11-04,20.5747835044152,44.4778375320313,14.7607492598985,42.2159365745235,6.44585795518944,44.8105082728089,16.2649317012773
2025-11-05,21.6746878682081,45.5107638237377,17.9385240496771,40.2561251333928,6.16989935918869,43.9025692102544,16.2290532101219
2025-11-06,19.953744592423,46.7234152423983,18.0078380179762,42.334268635078,5.7536541124434,46.3886534481295,13.7924421829241
2025-11-07,20.0986367506937,44.4951588057312,18.0560933254413,39.7318073699403,5.79540498924864,46.5832277907309,13.7794849199755
2025-11-10,20.0305316406836,45.0958867950904,18.4846152732123,37.131552147242,5.87890953360852,45.1544580350169,13.731497847194
2025-11-11,20.0166683740978,43.8749074107467,18.6583147902846,35.7264547458855,5.87485076736027,44.8950465837558,13.2286136853057
2025-11-12,15.0865794431306,44.1674272049704,17.7713272005843,38.1799183174031,5.60325730091934,43.5829968936089,11.9257913175767
2025-11-13,11.1550048291686,44.7876324073108,10.9328220454904,40.6297736984447,5.40783864373143,45.7224195966613,11.6795451280371
2025-11-14,14.9568559541386,45.5677542398765,10.1714148858512,40.2298326568081,5.1356702466338,41.6936482475291,12.5608566889012
2025-11-17,14.6980476392623,45.7561261930363,8.95989563293334,42.7427478821683,4.96577949082961,38.7232311340347,11.8840622297914
2025-11-18,15.0094630426153,45.176556250245,8.7739380861591,41.6343817429148,4.91493336669347,37.1365317406132,11.9379706281307
2025-11-19,11.9922107447472,46.0212584386068,6.97442955466319,39.1224776597306,4.88954898585106,33.1191983131339,10.7490966033755
2025-11-20,11.9697477688051,54.9464438471227,9.87714777657192,44.1441999214791,4.34119169721107,40.6073289413083,8.97618815698008
2025-11-21,12.0901699369129,48.483836682591,8.30801416923809,37.7590963729956,4.45039253983848,35.1338637577696,9.13126253220665
2025-11-24,12.4456360962732,50.106661277245,9.80165992998764,36.3723293550183,4.4331968011388,37.2345439258151,9.05765372124031
2025-11-25,15.2192149317484,50.1038663277985,10.3308515704003,26.3768162091861,4.37756483186451,31.8956612238027,8.68442110222723
2025-11-26,15.4795946344078,48.2903185172185,9.84912085614928,23.4841530077526,4.42665194461255,32.9671437465368,8.55160358639167
2025-11-28,15.8372622765769,47.0735579129522,10.0024534809991,22.7363641429458,4.3572834035797,32.5313688318893,8.53690476979242
2025-12-01,15.2112404433411,46.9560258462076,10.2962634209723,22.4125322747252,4.38404857985352,33.1349038615797,8.59955917818897
2025-12-02,12.7718434879681,42.70763850814,10.4043138012751,17.2531472334994,4.3521573593,33.1537432732981,8.17203092285132
2025-12-03,13.0639513078806,46.1233748987787,11.3544238490251,18.1236548730472,4.16634664283824,33.0573202202951,9.06719357196763
2025-12-04,12.3992198014169,46.8350572737319,11.6970461441079,18.8849407858483,4.10300367774528,30.2650508856078,9.41186699088062
2025-12-05,12.3938045789653,42.3278994548295,8.47037553230981,19.9504121655504,4.02875943547028,28.6360707374252,9.33675508180439
2025-12-08,12.5586373889144,41.4063562435668,7.67206083456691,20.2702456989828,4.01049261175674,27.3491733971171,9.31554798536694
2025-12-09,12.5997805731218,41.8249960704733,9.39165488024968,18.6672392144838,3.91728395929018,25.4010680687622,8.24432923590347
2025-12-10,10.324263273831,39.5058704020454,11.3927109135994,18.8568561973042,3.82038171674767,25.454991679137,6.91707617762216
2025-12-11,21.8775405644102,34.3453684864244,10.8447948551798,21.7249294188497,28.5734896885239,23.4066272895956,11.2647595450891
2025-12-12,24.0205596088131,29.5897236066432,8.30277304791539,20.1918594646578,34.2802880381102,24.3138308500526,10.8787592550029
2025-12-15,23.7798116095787,30.8453067250235,7.93962725887442,20.730148584326,33.9299775597053,24.7195928062726,10.9942581452476
2025-12-16,23.9513658782977,30.0552781159968,8.05660829512748,20.1474956699948,33.7412896360513,24.825044607747,10.9809807289941
2025-12-17,21.1435663985592,30.5523052066601,6.26023432430233,21.9189486032091,32.8097778981171,25.1758020719606,10.3692205784425
2025-12-18,20.687457175884,30.5257072583639,6.04395940845674,20.7919895313975,32.6768499561528,23.945064235271,10.5089706247571
2025-12-19,20.9858343681341,32.0118340908081,7.02124508958117,18.3695807465031,32.1605536796567,27.3028953007603,8.80318155227934
2025-12-22,20.9133582869752,31.445817384263,6.82089828555459,18.1483070992673,32.049726891213,26.9293915052532,8.27589219826764
2025-12-23,22.1557512105811,30.2715673057129,7.11070741252275,18.6541389845982,31.3889622832947,25.7703467759595,8.79348647955729
2025-12-24,22.2983345127634,30.0015984695037,7.20420904612919,18.5734862928866,31.2618639936001,26.1281237824868,8.89764443340226
2025-12-26,22.3072592653648,29.8673631853505,7.08365049668003,18.5564501837367,30.8811821833144,26.7324186369341,8.92646158941497
2025-12-29,22.0702886390367,27.9756869455373,7.29526945970056,17.5468440727048,29.9469703640641,25.7586148150959,8.90791786187588
2025-12-30,19.3808491376899,28.7643119079018,7.94930737388919,16.960532512739,29.6016515293996,25.8279232279352,7.33231859105322
2025-12-31,19.0405130706198,30.3831264076939,9.27212225075062,17.2029169259087,28.3562095624861,25.766898040283,7.09436326404021
