"date","NPDC_BTC_SENTC","NPDC_GOLD_SENTG","NPDC_BTC_VIX","NPDC_GOLD_VIX"
2017-01-03,-3.17702757207016,-0.0568721998480979,1.40095804964786,-0.570563713664747
2017-01-04,-1.33399067596188,-0.331407290222449,1.48185186178882,-0.561779311720658
2017-01-05,-6.33749158523839,-0.32164931025524,1.34417496102435,-0.901118103399575
2017-01-06,-1.72251176103461,-0.494723652205533,1.31187996032743,-0.700419549111168
2017-01-09,-3.31168276383995,-1.38640023453882,1.30680923321675,-0.732851166360755
2017-01-10,-3.27586091783935,-1.85758665863486,1.29997775659184,-0.744406481743073
2017-01-11,-2.61954043722637,-1.94460366162223,0.778186882673548,-1.04222387120327
2017-01-12,-0.934084052925854,-2.77132295654259,0.678354051358393,-1.03279643890361
2017-01-13,-3.3319363001292,-2.79550544515282,0.754598627184041,-0.946365460625968
2017-01-17,-1.56817239452131,-3.21269205112982,0.504493775020339,-1.02147534774871
2017-01-18,-0.453989354488753,-0.986933984309131,0.508035469838696,-1.00493971324139
2017-01-19,0.36878518882832,0.134584520385795,0.513972050271942,-1.13852215935207
2017-01-20,-0.0032947323366013,-0.104370349130205,0.507259954574723,-1.35405998809424
2017-01-23,0.0388022548714505,-0.105587867117855,0.507816322111699,-1.34698886169131
2017-01-24,-0.0333700051209462,-0.118574537138108,0.214925874650001,-1.11317677498871
2017-01-25,-0.00439372311156956,0.0115510943450543,0.238160433853952,-0.978564198507613
2017-01-26,0.0055102624225972,-0.160960196738679,0.33103457904422,-0.827321493920118
2017-01-27,0.0107984663108621,-0.0999892625556953,0.33126841653161,-0.818747730096616
2017-01-30,0.00892776802067997,-0.106844320110444,0.348459809203969,-0.884380661519417
2017-01-31,0.00159950410483042,-0.264361538534214,0.358891761330061,-0.706193657458001
2017-02-01,0.0120549545702475,-0.354673306313396,0.4454851385497,-0.599586029587069
2017-02-02,-0.0205131688664478,-0.199778138791683,0.474545808732226,-0.682098501225292
2017-02-03,-0.0762714750057945,-0.191123410636666,0.593046306206578,-0.638984290361325
2017-02-06,-0.0845353079276204,-0.188318923080762,0.589124355749333,-0.633759635517072
2017-02-07,-0.0763032713118917,-0.140207056756825,0.657189360355306,-0.665721802521353
2017-02-08,-0.0363301213372145,-0.217204493088774,0.655383856173402,-0.673635087267204
2017-02-09,-0.0499726976739274,-0.234566113121037,-0.0209126263732012,-0.486594733957737
2017-02-10,-0.0492921704376978,-0.245627112508259,-0.0337599059974627,-0.478272259308523
2017-02-13,-0.0361744611635002,-0.246033808689236,-0.031234953112926,-0.47625075596472
2017-02-14,-0.0219673364625633,-0.244381349894298,-0.0047191418785735,-0.434819487018182
2017-02-15,-0.0381604351521322,-0.229130079272797,0.00133538799580366,-0.181792760577654
2017-02-16,0.00250268859235725,-0.449096609232001,0.0752169254962415,-0.233113615834087
2017-02-17,0.00196819687878216,-0.633611517092009,0.174976625155843,-0.0994646211634929
2017-02-21,-0.0435499100162168,-0.641420190718236,0.251641799628835,-0.0863139555218989
2017-02-22,-0.0850468345909133,-0.506576715291345,0.246629955764309,-0.0724498064056903
2017-02-23,-0.0604008562857901,-0.506285084199674,0.434744807596392,-0.336812552107498
2017-02-24,-0.0389341762126084,-0.589641001571804,0.444422355058047,-0.366943162600959
2017-02-27,-0.0344698452824339,-0.259003026416614,0.51711675575389,-0.299778663439384
2017-02-28,-0.0238738798284168,0.0513578224348108,0.355132311177444,-0.52361970299523
2017-03-01,-0.0564336711764559,-0.0514780633717238,0.655788108493391,-0.315983385780687
2017-03-02,-0.051089420991286,-0.441666761636877,0.920362786043623,0.237534385048153
2017-03-03,-0.05836196686146,-0.47787378956787,1.13923490268409,0.457227871330092
2017-03-06,-0.0500810055217047,-0.424073607944832,1.10404277617209,0.536017070234661
2017-03-07,-0.036955492642951,-0.468911636298074,0.952711478697131,0.573560991640287
2017-03-08,-0.0803230302301282,-0.51812164933414,1.01267769269313,0.504537738757904
2017-03-09,-0.150896284304672,-0.466503703595489,0.824158287880559,0.461783633887586
2017-03-10,-0.151137484305686,-0.453086461757697,-0.376101735826924,0.532203023535299
2017-03-13,-0.101296889516195,-0.450002040507575,0.142882143369873,0.607397912500531
2017-03-14,-0.0469355476602965,-0.417895867428692,-0.0160803912881395,0.573501277510309
2017-03-15,-0.0448675044971037,-0.32435915669685,0.0489004329755979,0.709186396969658
2017-03-16,-0.431563348170037,-0.850184194701746,-1.06431811369948,-1.43849375784808
2017-03-17,0.391852659060639,-0.237417515501102,-0.830612466118206,-1.45743040253944
2017-03-20,0.899467568323787,-0.240226360993609,-0.98436832052638,-1.49823675482514
2017-03-21,0.395470016369883,-0.762361115631145,-3.02213986657659,-0.211799252836818
2017-03-22,0.709649802837843,-0.678011749385613,-3.21216112013841,-0.201893114975476
2017-03-23,0.753914237417854,-0.669605543170124,-3.115086177091,-0.270616927247663
2017-03-24,0.133984713402398,-0.21044521434137,-4.05623119479882,-0.299934686518496
2017-03-27,-0.00502601859965957,-0.228035779663116,-3.66913857700802,-0.280341385974558
2017-03-28,0.0739015956647107,-0.242956829518101,-1.90241538107324,-0.10718633088522
2017-03-29,0.0226995283591238,-0.193842424557838,-1.99155389331911,-0.00749797918089665
2017-03-30,-0.0432211580444726,-0.323175174247195,-2.03083423180763,0.063168188338845
2017-03-31,-0.152848487295171,-0.467640679731855,-2.49667040574065,0.202882562433595
2017-04-03,-0.15687592189414,-0.501731641162652,-2.19522129904368,0.171654387848665
2017-04-04,-0.140572367157101,-0.484714420730497,-1.66003590972686,-0.0285464915774052
2017-04-05,-0.150047435857455,-0.483693921111747,-1.44507052250943,-0.81083561081639
2017-04-06,0.0990830991167275,-0.120683125269539,-0.541305092760102,-1.08736132183725
2017-04-07,0.225252986900754,0.0783851842281269,-0.5012480548001,-1.06592056828159
2017-04-10,0.153058669594583,-0.0299591154900349,-0.62733501647288,-0.649507077493799
2017-04-11,0.1178979461796,-0.591441386374076,-0.871173878854433,0.554687340921175
2017-04-12,0.149647552719972,-0.642605572072735,-0.78751161777359,0.537092670877366
2017-04-13,0.379546116243216,-0.92422120491038,-0.726989051966502,0.583777589521715
2017-04-17,0.336016231844908,-1.18367809553996,-0.280598154313101,-0.214581310571757
2017-04-18,0.222104494772769,-0.781102751863421,-0.157041844623557,-0.205422556593266
2017-04-19,0.216864195706603,-0.291061438157105,-0.154294075714087,-0.407802002650885
2017-04-20,0.231805351823152,-0.292065131673596,0.212602237206556,-0.552590895802113
2017-04-21,0.217025143690447,-0.258239793350163,0.263245725450562,-0.479296393794895
2017-04-24,0.270907251758032,-0.263025852067411,0.301477884807093,-0.89654758654111
2017-04-25,0.118303269849884,-0.195371479678091,0.383340791695014,-0.876855200303667
2017-04-26,0.115239454338027,-0.220340416986729,0.434354598395867,-0.810709616225244
2017-04-27,0.0822508197300071,-0.190423815378646,0.718701402540144,-0.850326722584575
2017-04-28,0.118881554550498,-0.186058358099528,0.73699949664222,-0.822423629991874
2017-05-01,0.0983785752145185,-0.195859156170301,1.18697479473404,-0.883420650789241
2017-05-02,0.218743469471145,-0.207920152433689,1.04264678842681,-0.881117632790445
2017-05-03,0.161414966859169,-0.49423907376581,1.15178789774215,-0.720021543549685
2017-05-04,0.293671162545019,-0.430968322595316,1.40620064976106,-0.246724521335329
2017-05-05,0.285055978898587,-0.309534916546765,1.47776587729173,-0.268806657375927
2017-05-08,0.178663358234248,-0.332863976036438,2.22072818156428,-0.0474054359034832
2017-05-09,-0.139135708468749,-0.579276204211371,2.47697851432608,0.089085202110243
2017-05-10,-0.0229856477328527,-0.446651456612916,2.49919040557956,0.00215699080137133
2017-05-11,0.0266754444585016,-0.430762153158446,2.41777298652279,0.0441969680392294
2017-05-12,0.254898549162624,-0.401278088521051,1.46209621532254,-0.040056256213077
2017-05-15,0.259831978504772,-0.383112056464972,1.52286505958094,-0.0579146212577698
2017-05-16,0.176013640775632,-0.19978195112486,1.37878605923047,-0.127910993968179
2017-05-17,0.533207352081406,-0.168483336837698,-1.43405835675949,2.29768489770925
2017-05-18,0.222410146848469,-0.733483032215488,-1.19436043014491,2.04492644991607
2017-05-19,0.447707062991328,-0.595176207178655,-0.328232145379507,0.769484030065801
2017-05-22,0.508936434301246,-0.56461091212653,0.332291682882106,0.61696636985292
2017-05-23,0.221284765812318,-0.133405643552494,0.807435299505245,0.540789648826635
2017-05-24,0.000433986151160859,0.435073981411656,1.22457920953227,0.482797835302824
2017-05-25,0.180573778238448,0.466520508321272,0.875562319281595,0.487232601182479
2017-05-26,-0.754860369384037,0.489368696048519,0.72229619546338,1.11013121812888
2017-05-30,-0.915469428822412,0.45118942228771,0.670181904736401,1.27906639716757
2017-05-31,-1.37211798619769,0.214937432561812,0.703931826300192,1.12512176201485
2017-06-01,-0.72638335222636,0.252346371748323,1.12641576323516,1.05281744841233
2017-06-02,-0.141757062281718,0.181474632341944,1.24613940787793,0.835500484534025
2017-06-05,0.253094935799429,0.0969003977256888,1.23010883011195,0.625222268058113
2017-06-06,0.234915871152854,-0.0496691110120415,1.02237700485622,0.444748060860369
2017-06-07,0.277677572825289,-0.073255537240219,0.729662806945759,0.2135330309349
2017-06-08,0.186346759745577,-0.668382446359772,0.845225458272834,0.463442778358327
2017-06-09,0.199507940993265,-0.719747563959803,0.844311721030629,0.450749331547911
2017-06-12,0.186779916293294,-0.748277223686471,0.792497258764687,0.466213120351156
2017-06-13,-0.0324883544195291,-0.773033143020099,-0.0692649757961264,0.536373601391298
2017-06-14,-0.386747340057956,-0.849172799821387,-0.206400069391191,0.780274295275551
2017-06-15,0.0221938031262425,0.360402766603132,-0.172623399640065,-0.0254140509286551
2017-06-16,0.0887557286281915,0.150615757894364,0.0822160136661336,-0.000130404381803118
2017-06-19,0.293716652099644,0.149856827189343,0.202283447157742,0.00571645141881527
2017-06-20,0.485740747764648,0.14037336839407,0.0966781999409628,0.0759326503163731
2017-06-21,0.325295483988403,0.146244953170727,-0.0226693443207155,0.0968242335069465
2017-06-22,0.285963771871939,0.154943279882443,0.00906272229673102,0.140923268660935
2017-06-23,0.18882178563837,0.162761190391502,0.143226337178595,0.229433945092154
2017-06-26,0.204206494307005,0.179228848468566,-0.465840607972395,0.346005307168431
2017-06-27,0.218891126010247,0.238268595359256,-0.319144648312499,0.404869586786827
2017-06-28,0.224026766294815,0.22909021051594,-0.107106472919536,0.355405236737008
2017-06-29,0.275718826962062,0.262487384993483,0.142944015487948,0.276079490822701
2017-06-30,0.242249062787089,0.24116933332022,-0.0528254632976726,0.339344797539374
2017-07-03,0.144423905941149,0.244099816165432,-0.0344319577934477,0.365142592982123
2017-07-05,0.145095356660105,0.245989163485599,-0.0413970641532389,0.377211525494304
2017-07-06,0.192453218751479,0.224166956727545,-0.0610928189503925,0.418631371991336
2017-07-07,-0.0820357157251128,0.210314783073942,-0.718560015177291,0.575775687504257
2017-07-10,-0.0838038047571563,0.116175169148691,-0.741577687473498,0.676948717549811
2017-07-11,0.799882989222009,-0.012838220375408,-1.33902946524735,0.548593972433692
2017-07-12,0.592181981691609,-0.110815381527225,-1.11060749328037,0.576576972574905
2017-07-13,0.573588335914852,-0.0672039297182422,-1.26492234221456,0.563658226414737
2017-07-14,0.401817514391205,-0.158315193242849,-1.92421627978234,0.603769405936102
2017-07-17,0.256597609379584,-0.18407260828665,-1.85466071659615,0.658099488174858
2017-07-18,-0.0126829142737408,-0.241571033130959,-1.99343254137894,0.513558836187034
2017-07-19,-0.310297550908605,-0.346273594162419,-2.06002934337153,0.516557764651028
2017-07-20,-1.1011447327168,-0.435041303959157,-1.53062917576223,0.32985921593216
2017-07-21,-0.330777992872202,-0.303406434840186,-2.08637515786118,0.34493139691374
2017-07-24,-0.410053755354413,-0.252051563464877,-2.0359920791598,0.296774330983405
2017-07-25,-0.374551191825068,-0.377760529228591,-2.42876533776351,0.278249883279443
2017-07-26,-0.167309436669591,-0.35062786931063,-2.36960540937904,0.310352745021974
2017-07-27,-0.0889675522796777,-0.553641560619049,-2.36042756308704,0.434057249842721
2017-07-28,-0.110228721782297,-0.584323778474462,-2.36367515449391,0.369966360345015
2017-07-31,-0.0189870101288789,-0.609505352863096,-2.37485986111614,0.291716918748439
2017-08-01,-0.0347572347726245,-0.479959316354435,-2.69666191623839,0.327837903376936
2017-08-02,-0.13479923043522,-0.48418845219728,-2.65796799298028,0.327863084421241
2017-08-03,-0.237449864527311,-0.489437438132817,-2.63712096151284,0.381501521885052
2017-08-04,-0.251441276455396,-0.420289995798876,-1.96543361051453,0.45783239302627
2017-08-07,-0.135357910082477,-0.200286598867784,-1.26807288852133,0.580644499272619
2017-08-08,-0.0156081973162265,-0.26838434819283,-1.95633895802733,0.634409385076597
2017-08-09,-0.00588825096313272,-0.445459230061744,-2.12028325340234,0.709392656899297
2017-08-10,-0.00964498238252404,-0.542833320799313,-1.01884162155815,0.207961979963555
2017-08-11,-0.139742545963291,-0.517409466661259,-0.700206394569438,0.199791190620072
2017-08-14,-0.058708358139392,-0.584097546348968,1.69076994585063,0.156880794704622
2017-08-15,-0.0304092169219625,-0.801471460450329,1.72797202352768,0.0593086990407836
2017-08-16,-0.0606182205517331,-0.65738662705223,1.84911816952438,0.0537671076758628
2017-08-17,-0.0733103098437222,-0.665062100574075,1.75682197298443,-0.379827827844004
2017-08-18,-0.0839470872230354,-0.732258075420373,1.41149092905119,-0.469821244005686
2017-08-21,-0.196828119744639,-0.833774569568414,1.28764545324986,-0.475578920133541
2017-08-22,-0.137178920866265,-0.823327213343237,1.23992920657706,-0.867554193493066
2017-08-23,-0.139071516109013,-0.876629265982994,1.20453100039589,-0.96707913914213
2017-08-24,-0.150672122292731,-0.800034674280718,1.25496303150571,-0.968434322660912
2017-08-25,-0.0695190941519234,-0.580353001042081,1.2309162085813,-0.736718839409383
2017-08-28,-0.0691881956772322,-0.512555146822569,1.22225736322803,-0.714790166365646
2017-08-29,-0.0561856958175616,-0.486933347481768,1.15884699179092,-0.667900325159767
2017-08-30,-0.087968901132244,-0.54604488856292,1.11043728390341,-0.933302832704154
2017-08-31,-0.0764683905666607,-0.588488755873302,1.22213158844854,-0.782514728720911
2017-09-01,-0.0105446731474484,-0.613875660031038,1.31993411875069,-0.360602736747091
2017-09-05,0.0131375331537553,-0.707175562219288,1.54307417404515,-0.32346099950479
2017-09-06,0.0590059262159874,-0.757323637993717,1.72732080290476,-0.278652788432186
2017-09-07,0.0319784246781016,-0.711434840668936,1.67787123402107,-0.321199671323181
2017-09-08,0.24841457884621,-0.57180451102371,1.72310508971759,-0.323344959558761
2017-09-11,0.154981848681176,-0.547564136264196,1.63598038057521,-0.278530967562126
2017-09-12,0.115063254252549,-0.481587511541558,1.6152519990742,-0.363386072581986
2017-09-13,0.266900219040723,-0.626542484819742,1.41185725432105,-0.655296975975967
2017-09-14,0.024235310850091,-0.297704577274896,0.853051067612876,-0.567656911703213
2017-09-15,-0.289577323335337,-0.0980180341358475,1.0023149153276,-0.359018574206647
2017-09-18,-0.278405324435794,-0.192735839632849,1.1145932046323,-0.278549632124544
2017-09-19,-0.289739958823484,-0.14088927416411,1.23839374682476,-0.254896120171869
2017-09-20,-0.317439467350484,-0.0815893896641372,1.14988612524824,0.278597263627092
2017-09-21,-0.567664280080868,-1.70628470403544,0.875937661200499,0.591206412067339
2017-09-22,-0.408578200310017,-0.261397157393423,0.87892761455569,0.562256550651674
2017-09-25,-0.390721054349344,-0.218711329809527,0.714420607828673,0.55334413640794
2017-09-26,-0.378200004486113,0.257061775485933,0.782434527047734,0.627130006290265
2017-09-27,-0.338822368729831,0.57729613686939,1.21727240297421,1.01799552601998
2017-09-28,-0.2798526667896,0.600181714715242,1.06318884799835,0.864325871500232
2017-09-29,-0.266492492075187,0.564623156154479,1.04458348043208,0.961542895066325
2017-10-02,-0.24779077728589,0.525388524913072,1.23832860846344,1.02122450123928
2017-10-03,-0.333587275868538,0.552962725762973,1.1639264848376,1.01333683178668
2017-10-04,-0.335984280425319,0.544054204205149,1.12374143412839,1.02209304214415
2017-10-05,-0.393097352366215,0.469879548749584,1.2816030230365,0.998155724577098
2017-10-06,-0.377951028489918,0.462845477981943,1.27158682981085,1.00150559524262
2017-10-09,-0.363651548146247,0.463422628675885,0.961585641140168,0.987931539330491
2017-10-10,-0.36309105152915,0.41372676391552,1.21912065104523,0.747650212414579
2017-10-11,-0.367621528882744,0.388410805430243,1.24974875680605,0.987323900633613
2017-10-12,-0.677858275881928,0.436003242853332,1.51256121719658,0.7961860413976
2017-10-13,-0.519429094275644,0.482642319020361,1.5726006119864,0.797458596728917
2017-10-16,-0.526371257191227,0.40824016947598,1.55177128772298,0.822663051238612
2017-10-17,-0.604479514769034,0.305957714556312,1.55858652221551,0.656438939654938
2017-10-18,-0.489138721465818,0.308867261228171,1.53989865216813,0.628149677019661
2017-10-19,-0.382845678084461,0.32089869602566,1.59125545178516,0.534152389956617
2017-10-20,-0.417192845188704,0.211935745783721,1.80297467953098,0.699814409489727
2017-10-23,-0.378181504058061,0.162785752276912,1.91495978768936,0.431966503406576
2017-10-24,-0.393044469340848,0.177717606289586,1.68379691209724,0.427960183255217
2017-10-25,-0.426382565394042,0.162772871902174,1.7180013591644,0.426921535780301
2017-10-26,-0.474993596108649,0.13391576720661,1.76584884755,0.447081294405451
2017-10-27,-0.399187866703728,0.0825075720432545,0.78627610680651,0.160381126127228
2017-10-30,-0.383348936908576,0.0616802529560723,0.489106613795136,0.184797679092389
2017-10-31,-0.424121704939809,0.0286022382938221,0.912779304322994,0.348244832921054
2017-11-01,-0.190091839095602,-0.398683256235691,1.02522107561134,0.25682124894009
2017-11-02,-0.0780831775524119,-0.0911773581378229,1.18086165129425,0.27152777255326
2017-11-03,-0.121849776853079,0.0240231644025243,1.20886631976708,0.557611479360377
2017-11-06,-0.121092925260597,0.0185519600632791,1.2129140941041,0.564761757060468
2017-11-07,-0.116469166940629,-0.00650953100948604,1.26666494834519,0.494084352983033
2017-11-08,-0.173406682004599,0.196434261026256,1.33441439107383,0.413310236376185
2017-11-09,-0.244099846038789,0.186228123712047,1.5241539732194,0.407489118810233
2017-11-10,-0.574050930181041,0.299414115306952,1.66935211947558,0.098236438643892
2017-11-13,-0.400127671400592,0.234550413453723,1.50506302978033,0.0750581388206346
2017-11-14,-0.324360261891947,0.0467085682606015,1.69204192512501,0.0423213306842321
2017-11-15,-0.364451615195788,-0.0438580905931508,0.578548520960938,-0.368409973432325
2017-11-16,-0.284180216579665,0.258528737989964,1.60559970134426,-0.253155405817945
2017-11-17,-0.0606023952306631,-0.148897744889335,1.39837245266194,-0.840537851137171
2017-11-20,-0.108059298176094,0.0742895871197379,1.61404300104415,-1.67669621830393
2017-11-21,-0.0776604888036196,0.163622250275724,1.33717498464502,-2.13226738583691
2017-11-22,-0.0660061659452865,0.159516736369441,1.379758002046,-2.02786113832815
2017-11-24,-0.0823638410593328,0.128652481647197,1.49932407362488,-2.10206915637025
2017-11-27,-0.130471006554503,0.108043352950203,1.66869154592414,-1.82493324060526
2017-11-28,-0.355585019593204,0.121098693452372,1.7407650754888,-1.71783442577296
2017-11-29,-0.51095320457177,0.16171362486345,1.76946260427694,-2.21612055289344
2017-11-30,-0.482704586907252,0.150404835734935,1.73362277987546,-2.71265650574918
2017-12-01,-0.412962872487028,0.00978310720065156,1.81078195838225,-2.7864116763979
2017-12-04,-0.510967542315271,0.0261900208336519,1.79047711761308,-2.74675466181335
2017-12-05,-0.29421285685615,0.0304493183702802,2.08049452954434,-1.97454374206261
2017-12-06,-0.323361154372052,0.103734594654443,2.68712179976083,-1.89497995804227
2017-12-07,-0.292986270803164,0.160556140148701,3.62480904598379,-0.762767675528911
2017-12-08,-0.391133773962521,0.142790313085769,0.225399047538644,-0.249568856399061
2017-12-11,-0.322497920620926,0.153128434547306,0.806591265675129,-0.1361375959979
2017-12-12,-0.156016087048676,0.142271394313952,0.486723628439372,-0.249221612680639
2017-12-13,-0.280018956400604,-0.0329694181665979,0.127941858770174,-0.197837738889985
2017-12-14,-0.312231318836398,-0.0472444030403382,0.136945511649627,-0.28905184134316
2017-12-15,-0.438589929308669,-0.0767314400322678,0.178801717161931,-0.264012718926515
2017-12-18,-0.585444972180042,-0.0834230210207255,0.0574445486158295,-0.272023195068774
2017-12-19,-0.833373187351174,-0.086136751271921,-0.193734766928848,-0.319077382305492
2017-12-20,-1.37648376265551,0.0674522964018962,0.503071918209328,-0.656783995370022
2017-12-21,-1.52961142161575,0.0737121324718215,0.852945844675841,-0.678065884672812
2017-12-22,-1.91241315361051,0.0359692275450466,1.61152233044503,-0.797706186996211
2017-12-26,-1.79294725979638,0.0253767609635318,0.547293184313457,-0.468169181233793
2017-12-27,-2.00648560079088,0.00425672708370281,0.490385763695036,-0.455161416454419
2017-12-28,-1.66814886604081,-0.0783714126470678,0.293348856104792,-0.742677623732655
2017-12-29,-1.52841804245212,-0.0325812122239901,0.045768798037068,-0.0828515576713442
2018-01-02,-1.251314291692,-0.24235363832416,0.412657111683667,-0.943445774483118
2018-01-03,-1.41762029836174,0.129926965030545,-0.0821977030028798,-0.976592481094944
2018-01-04,-1.30413703678917,0.104382703455152,-0.0470557580140545,-0.966502454410205
2018-01-05,-1.59531229635113,0.0739231586638645,-0.0571661283409988,-0.940392374045116
2018-01-08,-1.68689640361749,0.0927883969509811,-0.118417715159359,-0.941276609512091
2018-01-09,-1.74833570168814,-0.222153066031457,-0.438180771752561,-1.16410029403396
2018-01-10,-1.64849876611391,-0.223341675538223,0.185068422791311,-1.27214677523324
2018-01-11,-1.76955071334499,-0.256319235300233,0.0646168427727565,-1.32105494159498
2018-01-12,-2.01858937542826,-0.664902488084207,-0.119382574292807,-1.18288070715152
2018-01-16,-3.14943243875318,-0.675819045720897,-0.365374871282498,0.103709624103981
2018-01-17,-2.31387578512613,-0.556536183910759,-0.0238872905527678,0.0707365381295094
2018-01-18,-2.20179999254413,-0.319657497708298,-0.102849905433915,-0.165900525687438
2018-01-19,-1.89157965975783,-0.202440697226353,-0.300772497609353,-0.383093961773171
2018-01-22,-1.78644099467824,-0.152663404598847,-0.212312338125248,-0.424449440597728
2018-01-23,-1.85564831959094,-0.0969079072878475,-0.521410267947228,-0.454461441948618
2018-01-24,-1.68730293793877,-0.83230572358271,-0.561907147382952,-0.245865283181314
2018-01-25,-1.58969298466498,-0.886483967178039,-0.554355132631782,-0.324207711441656
2018-01-26,-1.30400549503086,-0.430753367821648,-0.523715844068093,-0.13266525373604
2018-01-30,-2.11034791849029,-0.412417399778912,-0.236932330766098,-0.954317400990808
2018-01-31,-1.60409635515969,-0.118453440496277,-0.101019968317972,-1.04263223624092
2018-02-01,-1.70343085052382,-0.127096273201987,-0.496090134023127,-1.23035178898047
2018-02-02,-1.492896872476,-0.224488945834648,-0.518203796285224,-1.72949694668812
2018-02-05,-1.00320302515745,-0.565350847991554,0.51436366750196,-0.441275267879822
2018-02-06,-1.15147893643973,-0.517202845434417,0.138311686216186,0.0252481881163558
2018-02-07,-1.12458169697603,-0.519436003507825,-0.00707996282171397,0.210288694628228
2018-02-08,-1.0670493017806,-0.356302870759276,-0.16160282766105,0.258281666696211
2018-02-09,-0.785876227372016,-0.359806626122911,-0.233777649398887,0.516186213940619
2018-02-12,-0.599689726803982,-0.299165457495443,-0.28297752700852,0.600837622663225
2018-02-13,-0.619961670963436,-0.414568402350712,-0.269158634491675,0.569793714794039
2018-02-14,-1.24477408622001,-1.0918775129446,-0.25560175464472,-0.647265857924357
2018-02-15,-1.67816582323891,-0.405315944740145,-0.158366069445095,-0.47858077232962
2018-02-16,-1.82464542500395,-0.355235546256512,-0.181046772416567,-0.444605607038978
2018-02-20,-1.83612841898121,-0.33801389074477,-0.186423521437111,-0.355708838970452
2018-02-21,-1.83975514619464,-0.334324675672157,-0.197031514332811,-0.360127119768045
2018-02-22,-1.86662319306366,-0.31752341787996,-0.199855617990572,-0.344286270993496
2018-02-23,-1.90563879937529,-0.383409222848848,-0.224347901544023,-0.257054380380361
2018-02-26,-1.90563915436811,-0.426896243422307,-0.220696048569536,-0.254027821153493
2018-02-27,-1.74858691630863,-0.759146728192896,-0.0273118700196973,-0.618873015539847
2018-02-28,-1.2181282903167,-0.703804401889203,-0.0150031323446433,-0.544991772876155
2018-03-01,-0.649272372953873,-0.875165882413462,-0.0260218781634602,-0.932547605993214
2018-03-02,-0.630815118900782,-0.996049296978164,0.0322712725489531,-1.51587030063948
2018-03-05,-0.691651578032028,-1.14667922183719,0.0136637625516034,-1.54993383003179
2018-03-06,-0.287078196286513,-0.972297036003501,-0.0324695972445441,-1.65439755095424
2018-03-07,-0.683223632969259,-1.05628589608571,-0.124262956488655,-1.51288802880672
2018-03-08,-0.56597658238641,-1.24886579701512,-0.0774931254588989,-1.52933832944297
2018-03-09,-0.946708486230264,-1.43621171856357,-0.0522868164364607,-1.65269833614775
2018-03-12,-0.96431396012721,-1.46204803786351,-0.0555547888966179,-1.58038669855662
2018-03-13,-1.01588907742702,-1.29415293086927,-0.0585691529490517,-1.52437765943607
2018-03-14,-1.18959402995781,-1.13581921010263,-0.132444508044333,-1.53493064692429
2018-03-15,-1.24202493005259,-1.11867801645122,-0.118143625728996,-1.528936912049
2018-03-16,-1.21167272775882,-1.20103433339921,-0.112704803771527,-1.47564484287408
2018-03-19,-1.04119936567047,-1.18330106674816,-0.0928837577634523,-1.64517004617483
2018-03-20,-1.08786067820339,-1.19110957326703,-0.164229718830834,-1.54877071896272
2018-03-21,-0.955594448725098,-1.01631557492766,-0.144487377449183,-1.57787969617641
2018-03-22,-0.187851420620973,-0.398167112948462,0.0389668162302916,-0.667132407001902
2018-03-23,-0.25226512771383,0.572464763687498,-0.0281173797915972,-0.579579326371395
2018-03-26,-0.161235272170053,0.556608281448191,0.0208895620696062,-1.29439762433577
2018-03-27,-0.398357055501123,0.212808681182814,-0.0227262858681583,-1.6448178259847
2018-03-28,-0.386257062241402,0.266566331117561,-0.00566573544049831,-1.69426053089536
2018-03-29,-0.124205444996015,0.171555135792173,0.013303814066644,-1.83920197474592
2018-04-02,-0.166495882179298,0.17048980941656,0.00117078170345011,-1.81494984098107
2018-04-03,-0.283765378500231,0.335368895666025,-0.00417967518108464,-1.37330518176799
2018-04-04,-0.070160071648246,0.227748491313989,0.00276274544903363,-1.44784052463501
2018-04-05,-0.0388970911303943,0.136280537218497,0.00696689837786604,-1.21356209218629
2018-04-06,-0.27978792329699,0.476595166078008,-0.0143994453218177,-0.74000324387486
2018-04-09,-0.289234795207271,0.417988812081535,-0.0140340560411751,-0.703476705162522
2018-04-10,-0.364260621337287,0.406034380539038,-0.0125703800163308,-0.742367224945923
2018-04-11,-0.386762977100869,0.233296104697851,-0.0129017083726514,-0.748778715063173
2018-04-12,-0.862527547242056,0.24317782377481,-0.0471061408446477,-0.334966539294357
2018-04-13,-1.22543515962394,0.0143571353419794,-0.0711517282674955,-0.399040738975492
2018-04-16,-1.31613750839915,-0.0203770260904106,-0.0846178479464447,-0.457206000377915
2018-04-17,-1.48412526324215,0.319212125848616,-0.0693025551596976,-0.43995057344893
2018-04-18,-1.39856270899031,0.256582229197521,-0.0760733105404379,-0.407061042001109
2018-04-19,-1.32102544629279,0.431182676959896,-0.0756780820203773,-0.42395258192727
2018-04-20,-1.58341287969403,0.366468716102817,-0.0513845155498273,-0.508113626148869
2018-04-23,-1.50621345882631,0.187235359369171,-0.0578859366236916,-0.422721581478187
2018-04-24,-0.9677887444271,0.198589178196253,-0.00542830992388621,-0.22618669495897
2018-04-25,-1.43747928236875,0.0260500391289986,-0.00500279476213322,-0.208753007165637
2018-04-26,-1.53199690215703,-0.0123810239501904,-0.0249734464065863,-0.120802564197029
2018-04-27,-1.42522371731207,0.0521136313399791,-0.0155405423169302,-0.147670528745743
2018-04-30,-1.22507815127051,0.00768675358379967,-0.0107913983493302,-0.134924193411175
2018-05-01,-1.4295980729546,-0.169595496378518,-0.00747454473683265,-0.0703972880283285
2018-05-02,-1.32297680435192,-0.159725731833144,-0.00586252755816746,-0.0684144033549629
2018-05-03,-1.42783629494167,-0.0473481251568683,-0.010568401031394,-0.0753438726526836
2018-05-04,-1.56544658165851,-0.0443130670456588,-0.0107290660113686,-0.0671360548599985
2018-05-07,-1.54666287556252,-0.0461986723968282,-0.0103064755040319,-0.0658068963642305
2018-05-08,-1.32685239452036,-0.0617033250518757,-0.00589923572921737,-0.0572953808406309
2018-05-09,-1.50966944627711,0.0339054241387906,-0.00818972770810309,-0.0422111988325872
2018-05-10,-1.75894512209066,-0.934505381777043,-0.00737285356321828,-0.053144010443195
2018-05-11,-1.94358040780816,-0.259736009844438,0.009279434630439,-0.0337814158168667
2018-05-14,-1.6071845571445,-0.187770943478881,0.010175914687493,-0.0306359770755611
2018-05-15,-1.72689002003612,-0.851708268723474,0.00109259484587907,-0.751559599366705
2018-05-16,-1.6789556215964,-0.803328889471842,0.00579886443751233,-0.774996668284188
2018-05-17,-1.74482637116718,-0.749347821144068,0.00533571672860641,-0.771526272390977
2018-05-18,-1.96150512573344,-0.741861138394984,0.00651519917551437,-0.7723755913261
2018-05-21,-1.96145192402854,-0.757128781081997,0.00617346609266075,-0.781252622755024
2018-05-22,-1.91429075277319,-0.734813738133313,0.006448903215469,-0.773330194691017
2018-05-23,-2.20112411053468,-0.488322866779204,-0.00602353729949527,-0.648729441292997
2018-05-24,-2.37168660830444,-0.788173891561241,-0.00322432090947666,-0.661323273852624
2018-05-25,-2.34766338272765,-0.538017104885551,-0.00636150222684416,-0.669662808750589
2018-05-29,-2.13815273785674,-0.493507111439691,0.0386505763347029,-0.448870491658245
2018-05-30,-1.45511309650553,-0.472837199658235,0.072228411826426,-0.399332538807158
2018-05-31,-1.41985360824746,-0.489406065885207,0.0738221252629234,-0.404929361794521
2018-06-01,-1.23011677651808,-0.256044090194336,0.0838037356997829,-0.179828153073898
2018-06-04,-1.14657960919884,-0.109481483553445,0.0748422048536584,-0.127273389509859
2018-06-05,-1.05570345186922,0.0335578949375372,0.0657566176760554,-0.150410777928038
2018-06-06,-1.08131299021564,0.047067536849879,0.0773723938294525,-0.115366493274081
2018-06-07,-1.40499669618134,0.0291036081383337,0.0734200019707267,-0.120471574821711
2018-06-08,-1.33385725833427,-0.0370155510092315,0.0709351589067467,-0.11322703852
2018-06-11,-1.49099427816708,0.0827622042844101,0.0351712289720978,-0.121013883733704
2018-06-12,-1.85790079106663,-0.010140448598621,-0.0434792456168387,-0.108807009366785
2018-06-13,-1.6880226692302,0.0368000139747439,0.0113600726669719,-0.102952091472724
2018-06-14,-2.8436736194313,0.331936708341448,0.037693766859073,-0.278789115530148
2018-06-15,-3.71156407596596,-0.646979655244714,0.0328104824514522,-0.570088390529097
2018-06-18,-3.06869552588915,-0.988769925578968,0.0299622122568807,-0.640942414578776
2018-06-19,-3.06997464111422,-1.05827897587642,0.0648559950744693,-0.667792312197395
2018-06-20,-2.91021555391285,-1.06294044393269,0.0691402848142481,-0.591591200657503
2018-06-21,-2.86577115138418,-1.1258884643246,0.0306660977353173,-0.799739726322226
2018-06-22,-2.85705895118081,-1.29257040608946,0.204528345224695,-0.718032278623054
2018-06-25,-3.56223980808803,-1.11428920676912,0.387110044900126,-0.866031174176067
2018-06-26,-3.37592450401358,-0.961607238349137,0.361166886547661,-0.377298076771375
2018-06-27,-3.82663263180454,-1.1263233440893,0.415437380106959,-0.496196082447633
2018-06-28,-4.22659030883518,-1.18874605934469,0.468032515732029,-0.376137578953792
2018-06-29,-4.07740639890849,-1.29408758838707,0.328935547627727,-0.448518854231233
2018-07-02,-3.87381424641118,-1.29586620840177,0.265352117026769,-0.452578947841402
2018-07-03,-3.6974474599108,-1.4087053430827,0.264625951162096,-0.373153327807573
2018-07-05,-3.50756806595867,-1.24484651719309,0.274432148657179,-0.71515651293315
2018-07-06,-3.34988106488582,-1.03183223567894,0.243876468322303,-0.430086164019742
2018-07-09,-3.39712034749865,-1.21154752929867,0.199558817380131,-0.282034480731762
2018-07-10,-4.36989606784285,-0.97240452784631,0.256351786288502,-0.240393795043573
2018-07-11,-4.16737309007513,0.434179846401417,0.288913138474173,-0.47224378830783
2018-07-12,-3.92623187606595,0.0479077373370771,0.259329582001327,-0.643824339476939
2018-07-13,-3.88560975289021,0.0590150720579947,0.268361323135098,-0.549708393528413
2018-07-16,-3.69856549962456,0.0594595681215959,0.253200289823753,-0.636828171519769
2018-07-17,-3.60895860294025,1.12174392699948,0.0790727075726126,-0.155850257613349
2018-07-18,-3.32927199568094,0.842901484625583,0.0800814453144274,-0.166924872296106
2018-07-19,-3.3822276551333,0.652531316346941,0.0983607187240497,-0.236761866857078
2018-07-20,-3.52209642448374,0.58466660821983,0.109796028583753,-0.244587650481795
2018-07-23,-3.42403577638882,0.430384023292782,0.0727925401971228,-0.288300321712334
2018-07-24,-4.01360444619465,0.477053971768075,-0.127028115430883,-0.2383630220462
2018-07-25,-1.99033965191415,0.216573613519184,-0.0837232549193183,-0.27668631325348
2018-07-26,-1.96747666642855,0.36857724175462,-0.0386241262939221,-0.188715164736171
2018-07-27,-2.1560407124286,0.352674408478675,0.0147904635304228,-0.241076879471538
2018-07-30,-2.15952744538516,0.33599246762537,0.0157746392559555,-0.369360144767609
2018-07-31,-2.06696245342981,0.264735975271905,0.277329230286673,-0.415535608528124
2018-08-01,-2.08994044929223,0.127971017880253,0.297901739146527,-0.459015585415817
2018-08-02,-2.18266047276814,0.431529125415846,0.28719111069369,-0.0751863208034085
2018-08-03,-2.23646898833841,0.1883027418977,0.318485587633495,-0.176043905518015
2018-08-06,-2.33605772382413,0.1461435756045,0.343253877035842,-0.210012687432761
2018-08-07,-2.16625448404418,0.238722658063186,0.332501643714106,-0.241295860826601
2018-08-08,-2.34611299618092,0.345297184295422,0.320280572430653,-0.256392137142382
2018-08-09,-2.86152509190999,0.757596606214506,0.512758172567056,-0.254364305943858
2018-08-10,-2.47190263309762,1.00807851332226,0.103051288834497,-0.18532927477066
2018-08-13,-3.05183328522573,0.766649851044554,0.249089388035733,-0.0589291219449464
2018-08-14,-2.68161791276656,0.758467115393125,0.279626698073425,-0.284653323244495
2018-08-15,-2.67551591818607,0.430769890739399,0.388480232391706,-1.12721430974845
2018-08-16,-2.42637898849997,0.644948185321088,0.398837345382009,-0.798721095485996
2018-08-17,-2.21121851601573,0.118088183974952,0.216647007460302,-0.552885850787582
2018-08-20,-2.29442104205293,0.110747333749703,0.269531489987347,-0.555148209637945
2018-08-21,-2.34132787314529,-0.0286431541905487,0.273867697756451,-0.50278256851015
2018-08-22,-2.44446558222382,-0.0461820116546163,0.348729032946156,-0.620659656597976
2018-08-23,-2.56275558659872,-0.0709207387100613,0.331702013584656,-0.609750298461899
2018-08-24,-2.58220735948274,-0.449407360784313,0.282506774767045,-1.29969105333765
2018-08-27,-2.58530294610803,-0.31160375860696,0.279154661381056,-1.08899918695692
2018-08-28,-2.7788274416889,-0.272121320250545,0.325577479555527,-1.12449401415683
2018-08-29,-2.61517403774987,-0.242162883512588,0.364037530979159,-1.05478117296328
2018-08-30,-2.84570924136477,-0.654592592619772,0.278902843705453,-1.54482090701544
2018-08-31,-2.78790818432757,-0.7801258479972,0.2033717413004,-1.1589692803797
2018-09-04,-2.82478520842037,-0.737153547312564,0.231445028554681,-1.14726012701168
2018-09-05,-2.69805189031172,-0.698355860125729,-0.180636976783594,-0.873606691596642
2018-09-06,-2.18839340576091,-0.524705250253138,-0.455543378767816,-0.544733825258959
2018-09-07,-2.44771650677371,-0.892804733949326,-0.370928862571761,-0.702310160408719
2018-09-10,-2.47176797564255,-0.85672732123573,-0.108256538238472,-0.449810700107752
2018-09-11,-1.97642104538539,-1.01591489959354,-0.100606841913735,-0.30117603169125
2018-09-12,-2.01798306969377,-0.884610957619874,-0.111268867238359,-0.387123266991433
2018-09-13,-2.23733992853434,-0.835594474935825,-0.214508305207508,-0.577468533927791
2018-09-14,-2.32676404957727,-0.837251368938137,-0.195838003353156,-0.397604988128965
2018-09-17,-2.22079661852455,-1.03986138497087,-0.269796583075074,-1.02426883816736
2018-09-18,-2.14202821639915,-0.590173268293605,-0.197273649959696,-0.64490711190257
2018-09-19,-2.25484540198894,-0.424036581356396,-0.172001841129328,-1.19084992773011
2018-09-20,-2.01386093899185,-0.487313037382573,-0.168500197427139,-1.11520165684581
2018-09-21,-2.29512771822865,-0.994193978679823,-0.29190512135046,-0.876394491869204
2018-09-24,-2.23601968311345,-0.778793566813867,-0.281618611555873,-1.27519745021166
2018-09-25,-2.30110654313723,-0.905983485225327,-0.298478628012211,-1.24263759245197
2018-09-26,-2.36422194613387,-1.08212048816345,-0.285986143721793,-1.39197085621884
2018-09-27,-3.13175505979001,-1.50144151835705,-0.456825505283629,-0.762621579254444
2018-09-28,-3.08044619225225,-0.900602668879758,-0.529239862169981,-0.566711703463023
2018-10-01,-3.00597148337874,-0.396682033688418,-0.489461201690174,-0.728261473309872
2018-10-02,-2.97881085465677,0.383938960073499,-0.454104731992611,-0.811192747058504
2018-10-03,-2.91177750718599,1.09472255281635,-0.40662819159716,-0.849091227713101
2018-10-04,-2.90275316294524,1.03844609471754,-0.204968008053823,-1.21938379620807
2018-10-05,-2.73894364495122,1.09599250093638,-0.187790276744166,-1.20814071352249
2018-10-08,-2.67249883413172,1.0724496244166,-0.184052859531528,-1.01834392414101
2018-10-09,-2.68299013769934,1.24321016357329,-0.185393481937926,-1.02036568986726
2018-10-10,-2.52686831391239,2.03519312928435,-0.0875958921440022,0.659777098079876
2018-10-11,-2.84736187060407,-0.0136352657894219,0.0328871538375277,0.491670719439393
2018-10-12,-1.77415261990459,-0.0866962071234504,0.404101594801286,1.1142923793196
2018-10-15,-1.90613265941652,-0.0129942150811714,0.405257588970781,1.04671113577921
2018-10-16,-1.84080004533833,-0.0219494665277637,0.406413259073133,0.895144163616797
2018-10-17,-1.51968370319169,-0.0388449374164924,0.521474795962109,0.910661340687629
2018-10-18,-1.47930021756595,-0.0458022067327454,0.531018301242438,0.980044838564813
2018-10-19,-1.47335349533799,-0.0438441995905522,0.534722317281802,1.01272497843357
2018-10-22,-1.46992098775329,-0.0349966992498524,0.515329888039249,1.01180076384808
2018-10-23,-1.76260949123248,-0.0731471361113357,0.551912204641315,1.22116411148893
2018-10-24,-1.69645146548564,-0.0833526413435944,0.177410756855962,0.462026551921961
2018-10-25,-1.74863333227854,-0.081263333949497,0.151627650473797,0.417766710241049
2018-10-26,-1.74183532991751,-0.07341831463334,0.14173951936226,0.423179555719384
2018-10-29,-1.74286415530409,-0.0836726396244484,0.141972007886449,0.430305837768415
2018-10-30,-1.72770306337274,-0.0926280079523047,0.217074201900771,0.448837236053416
2018-10-31,-1.86124488856365,-0.0817432131645641,0.306086993443947,0.433477101554073
2018-11-01,-1.52144479082514,-0.134961614675266,0.441516295768871,0.0996106129529172
2018-11-02,-1.54252570978911,-0.181623268451456,0.450923870318862,0.0807474137878427
2018-11-05,-1.54283273723457,-0.10040542539837,0.458449435262421,0.0673117796777386
2018-11-06,-1.56424293568326,-0.0102030382074603,0.396747382157533,0.0705912398446277
2018-11-07,-1.52444855840386,-0.00264965513937604,0.385741345438648,0.0423541885928175
2018-11-08,-1.23318889929712,-0.0199596884545861,0.375783546253736,0.0439060357615545
2018-11-09,-1.20151045145314,-0.0461652265371693,0.486785155652981,-0.0266777157820697
2018-11-12,-1.14962499639487,-0.0112340721773074,0.595025944623767,-0.838714798382944
2018-11-13,-1.16070411421534,-0.0141066069530644,0.594381642582135,-0.768758882994341
2018-11-14,-2.46839400306659,-0.0614958332785814,0.388423881438634,-0.684841126392826
2018-11-15,-1.93031117655516,-0.0590325968039239,0.577944097987403,-0.783109914121038
2018-11-16,-1.9361763856561,-0.0834356208411673,0.606877261527484,-1.0223669387927
2018-11-19,-2.58425732483538,-0.076668752153575,0.360272173924189,-0.691709305715954
2018-11-20,-3.22873680519609,-0.0812757641050501,0.395024535166385,-0.660694321702864
2018-11-21,-4.68584541954137,-0.11269387173989,1.19862062615163,-0.976430245512654
2018-11-23,-4.08107690334518,-0.123365262408315,1.08295683793376,-0.877517878670775
2018-11-26,-4.38496940878519,-0.178695398655542,0.847397914494177,-1.52680357849034
2018-11-27,-3.59593050091165,-0.293125562568807,0.846257420780955,-1.65329746505953
2018-11-28,-4.44034110526877,-0.912078957898271,0.781690469155732,-1.93784191517322
2018-11-29,-4.08999516643419,-1.00700917436123,0.737324211481436,-1.95217118863288
2018-11-30,-4.1730732078364,-0.915397000906497,0.629943692884753,-1.7914741630939
2018-12-03,-4.30296972818226,-0.866761961817704,0.876415697167222,-1.59031957746855
2018-12-04,-4.16544239295745,-0.988074249883287,0.463173591674728,-0.518608796342167
2018-12-06,-4.29146674959864,-0.963112666806263,0.610615490790313,-0.481152559281043
2018-12-07,-4.39744936806651,-0.763892663698106,0.52753893107535,-0.0746700898789058
2018-12-10,-4.58017802284898,-0.855984588940647,0.466272937378576,-0.100674199187978
2018-12-11,-4.33345880895066,-0.857026779646747,0.406846914876253,-0.0603290801678822
2018-12-12,-4.41814640547393,-0.876531048532416,0.290585229034553,-0.0590339051527627
2018-12-13,-4.41159400567997,-0.8122357810207,0.245770882258697,-0.00402282112880205
2018-12-14,-4.56401272747027,-0.89341982574465,0.12283469389756,-0.139058090953582
2018-12-17,-4.24076899362258,-0.977621242932378,0.0401381104057412,-0.556125814083008
2018-12-18,-3.60658008380987,-0.954624362357581,-0.0716291974513662,-0.507311442887364
2018-12-19,-3.20479062462952,-0.92039097284638,-0.104683674490199,-0.480887623381003
2018-12-20,-3.46922436625309,-1.28859379288186,0.1092567868143,0.391478292862739
2018-12-21,-3.17896590722064,-2.21704363481669,0.00469723297017972,-0.600532960280884
2018-12-24,-3.09306491928527,-2.64669194622201,0.114541098454204,-2.01192698652934
2018-12-26,-2.95624535990945,-2.60761582784253,0.0689836350074889,-0.486100414356111
2018-12-27,-2.89860287114833,-2.71055406308809,0.0766478922069811,-0.472268055360996
2018-12-28,-2.84538874056472,-2.81945221520212,0.00256551544532892,-0.499472179801589
2018-12-31,-3.01741118290588,-2.83788070326452,0.0869845182902056,-0.584870623546217
2019-01-02,-3.05936280511962,-2.83707424630342,0.0276069040711562,-0.635437949270261
2019-01-03,-3.03890685405814,-3.01006386147392,-0.0536503295587051,-0.168475354902682
2019-01-04,-2.94051042934934,-2.48114007739498,-0.0725591389025136,0.116244660884005
2019-01-07,-2.6599787409207,-2.3461935355361,-0.0673058569258185,0.13238091490342
2019-01-08,-2.76271603697211,-2.10093142655979,-0.0800914529110329,0.123614745227101
2019-01-09,-2.63092894978581,-2.20629963139275,-0.0781338457248864,0.129199513416845
2019-01-10,-2.21434880300432,-1.54359612118939,-0.0838901182266042,0.168792828525137
2019-01-11,-2.46808416820632,-1.41403301885414,-0.0526442103367844,0.14732586020235
2019-01-14,-2.46572151122305,-1.42175553738879,-0.0729058769594011,0.153454566039595
2019-01-15,-2.48564413684575,-1.50555273298487,-0.068618752954653,0.155051385700454
2019-01-16,-2.47973698296707,-1.38460963501494,-0.0665823551901556,0.167307674919434
2019-01-17,-2.51720028537147,-1.56785981199518,-0.0718105753105367,0.168383531970415
2019-01-18,-2.47241010828234,-1.02790291596296,-0.0670311461054062,0.175066154760797
2019-01-22,-2.53728443617206,-0.826239477889596,-0.130995823363355,-0.0326899825091381
2019-01-23,-2.57731962344228,-0.833622812837304,-0.0979323855777006,-0.0518665911906283
2019-01-24,-2.57765544422019,-0.908399299948564,-0.100387185702435,-0.0102623337074306
2019-01-25,-2.55589828471267,-1.44228327650814,-0.0795284265581958,-0.534839379952178
2019-01-28,-2.38223040487644,-1.78172424242994,-0.0997679182410659,-0.0512977225603968
2019-01-29,-2.41443155609163,-1.4605963262737,-0.108141831499575,-0.0462698130912579
2019-01-30,-2.35137482690265,-1.47992362311332,-0.125669826809804,-0.0520048844045581
2019-01-31,-2.22955286474308,-1.51928675496028,-0.122328493280951,-0.243620909277708
2019-02-01,-2.22450406302339,-1.14822280011886,-0.120847855082434,-0.218075207878716
2019-02-04,-2.14928140405386,-1.11817653591395,-0.117490908624557,-0.188452518666828
2019-02-05,-2.0689991819084,-1.13684989938206,-0.111063240872894,-0.184009203059906
2019-02-06,-1.84998443471171,-1.12734014717872,-0.112216230450069,-0.174781969152606
2019-02-07,-1.79483870665338,-1.12818517513064,-0.127865653220637,-0.185160117298078
2019-02-08,-2.87331302074377,-1.2415326158845,-0.153345155911418,-0.239370950126519
2019-02-11,-2.46486761054653,-1.23089239003327,-0.153789491796888,-0.233802522512555
2019-02-12,-2.42015350606581,-1.20887920645312,-0.146167030188453,-0.24187050818495
2019-02-13,-2.39271172556976,-1.18084487523711,-0.14241889463723,-0.234320742045256
2019-02-14,-2.41316214439316,-1.11789125045965,-0.153230341806917,-0.265977342775329
2019-02-15,-2.41317960723568,-1.19965596290292,-0.132819939330909,-0.609004928572318
2019-02-19,-2.82934835572233,-1.10940866470786,-0.110316566857959,-0.555301616176021
2019-02-20,-2.47931042077157,-0.99722513090871,-0.201156992730995,-0.617399435505751
2019-02-21,-2.56689983120128,-0.558966826789606,-0.24486219353813,-1.00525369231614
2019-02-22,-2.47998206711233,-0.869253184269579,-0.212346570404091,-1.03225557470252
2019-02-25,-2.48975816734075,-0.8821031041035,-0.238328547430575,-0.763234411593559
2019-02-26,-2.53907922739065,-0.882386527332079,-0.258073982680092,-0.770498592679987
2019-02-27,-2.24016210542983,-0.825428584182963,-0.2291052888123,-0.489747671067064
2019-02-28,-2.25807955777141,-1.18634863786716,-0.23350394978583,-0.524375325429567
2019-03-01,-1.85790951842221,-1.63873218394857,-0.232275219250712,-0.00548964066102823
2019-03-04,-1.85404981088316,-1.67639273601006,-0.315057433452155,-0.405729880089987
2019-03-05,-1.8495475105951,-2.00448975397896,-0.304481033892888,-0.388696819825461
2019-03-06,-1.84128012762735,-1.78080655852137,-0.293123024104553,-0.319974905146888
2019-03-07,-1.83090904373251,-1.73271744745161,-0.263053424131691,-0.363706834974775
2019-03-08,-1.82181013326644,-1.97248974373095,-0.178969296614366,-0.6987440335783
2019-03-11,-1.83118479342923,-2.60916478184237,-0.232213874369796,-1.94496520317191
2019-03-12,-1.73055978513336,-3.49501225097568,-0.200418126860871,-2.3169226200224
2019-03-13,-1.69290638151074,-3.82124485120887,-0.18679296342344,-2.47971779514764
2019-03-14,-1.59437041541248,-4.64555388761278,-0.140109514350639,-2.68438225065262
2019-03-15,-1.59084384059339,-5.42138182143212,-0.128944394456862,-2.76299924773189
2019-03-18,-1.37422975695606,-5.15943874645188,-0.187266177723471,-2.82215892324426
2019-03-19,-1.35282693197608,-4.43137178799959,-0.172640151426861,-2.62203410094725
2019-03-20,-1.27072339310118,-4.1912608938064,-0.173377731412414,-2.59731594078288
2019-03-21,-1.20790886123845,-4.19978790822687,-0.154463237188382,-2.58121541530123
2019-03-22,-1.07658804849824,-4.29869139318244,-0.405415213409246,-1.12601337752852
2019-03-25,-1.10950110606605,-4.73100775704527,-0.387160301103031,-1.20387922959662
2019-03-26,-1.1249456722576,-4.5594369843787,-0.314190268972518,-0.631696837599925
2019-03-27,-1.18819955563316,-3.39695888289804,-0.268954891564169,-0.724897040555893
2019-03-28,-1.1809255413628,-3.30750177520954,-0.246154720583995,0.086831176967014
2019-03-29,-1.0470452002704,-3.46710744106361,-0.22829800654459,-0.0389814227019113
2019-04-01,-1.07451727715577,-3.36642371337741,-0.223578841114793,-0.063584951352427
2019-04-02,-3.29604692491824,-3.35000177358228,-0.300757749719215,-0.0616065661790028
2019-04-03,-0.45336006864681,-3.06659888383954,-0.155792946914739,-0.0678805770164438
2019-04-04,-0.48704872264018,-2.79136580975079,-0.179902621352121,-0.0711232382815628
2019-04-05,-0.4197740629025,-2.76798002817637,-0.128945137685785,-0.0897922074001451
2019-04-08,-0.441056959625851,-2.77200264883403,-0.104170014940903,-0.086370387558719
2019-04-09,-0.499072111523315,-2.72789719796577,-0.018428111692694,0.0677195582102196
2019-04-10,-0.505989921217778,-2.8932895244539,-0.00321119115985247,-0.109403066417051
2019-04-11,-0.620915007510885,-4.12828277885947,-0.18424890276519,0.207498871613667
2019-04-12,-0.391835927103442,-2.44516301870449,0.148579795008424,0.0306298874728782
2019-04-15,-0.3763945269333,-2.45200814905171,0.142414954029143,0.0304710280673658
2019-04-16,-0.354675992028448,-2.40382990201536,0.161958908438425,0.053062768550802
2019-04-17,-0.316228401696072,-3.01640113020261,0.162386621606365,0.071879711681343
2019-04-18,-0.308868586422627,-2.64956987834259,0.190973496265412,0.0756853211197602
2019-04-22,-0.309481616823786,-2.59579943135445,0.20223329186452,0.0850484775274395
2019-04-23,-0.302240127975454,-2.35167898800714,0.233970651082908,0.107988141674228
2019-04-24,-0.215386684360284,-1.74862162687016,0.368765086626153,0.163215421221492
2019-04-25,-0.335671570161684,-1.40956155191033,0.362341489434041,0.203613713113232
2019-04-26,-0.349384853344072,-1.21447802795192,0.45577746495072,0.131887368989401
2019-04-29,-0.389781123041314,-0.890573610982001,0.506969548072433,0.172194950021478
2019-04-30,-0.38993421271329,-0.789679747885167,0.530786749974185,0.175739728975756
2019-05-01,-0.37321642473512,-0.795348469396131,0.471858323966503,0.0616577675289243
2019-05-02,-0.362587342617606,-0.920776009870073,0.552753272415319,0.15993560760297
2019-05-03,-0.423743051304327,-1.44672688946207,0.928465572111465,0.113882448774142
2019-05-06,-0.532582133801593,-1.43169912267585,1.37688934614379,-0.60436841761494
2019-05-07,-0.527308111736897,-1.44465275281636,0.884575821742384,-0.724139451548915
2019-05-08,-0.43986408902414,-1.39268874802513,0.833747591694787,-0.729991295053941
2019-05-09,-0.590001471597565,-1.40904568963059,0.885735094719735,-0.723654704812501
2019-05-10,-0.644231579857243,-1.37724145391701,1.03210103821735,-0.395667382956218
2019-05-13,-1.1720521483111,-1.43790657065806,-1.51631664288232,-0.429648922342968
2019-05-14,-1.10661002654098,-1.28079049091636,-0.0185900334300841,-0.977123651394982
2019-05-15,-0.849602473148235,-1.53019296291203,0.0949265636442324,-0.91637210742354
2019-05-16,-0.772140608427859,-1.44955053454225,0.16907830240271,-1.37704747467005
2019-05-17,-1.35595386663665,-1.58837780535805,0.0892460113068622,-1.07285498826347
2019-05-20,-0.5961130654778,-1.23749390813746,0.106919575114871,-0.837095965027787
2019-05-21,-0.672073819343568,-0.742636422037634,0.252856996879531,-1.18892634535288
2019-05-22,-0.624459879076058,-0.82757999581238,0.213776482025832,-1.16963034395121
2019-05-23,-0.579567598591128,-0.542420251436187,0.39293344531798,-1.63266255905712
2019-05-24,-0.516571769228513,-0.603103259195402,0.425632018229597,-1.59471897263146
2019-05-28,-0.391796223530547,-0.35779460685123,0.515992146433152,-1.25043719701609
2019-05-29,-0.371747099533176,-0.170947434951247,0.455880741165877,-1.32753140342863
2019-05-30,-0.389980138917711,-0.41243494904991,0.494424675841917,-1.10964439624619
2019-05-31,-0.442192460329002,-0.220745929632867,0.677575655128734,-2.16893164109738
2019-06-03,-0.488564496406742,-0.142050720639715,0.733019763968722,-2.28769319189036
2019-06-04,-0.744521564452871,-0.179690880411505,1.04695470911253,-1.73758223390898
2019-06-05,-0.629378126893627,-0.13989619641357,0.495704669009958,-1.42022655310829
2019-06-06,-0.696584404630499,-0.122230454368274,0.490233864080398,-1.38283252438159
2019-06-07,-0.675500491308977,-0.123323293688893,0.456108153258701,-1.30137270134028
2019-06-10,-0.687951678479198,-0.128649780403609,0.53725608472463,-1.21819215861027
2019-06-11,-0.593246403533953,-0.0956262707877464,0.552851916810756,-1.22922961961255
2019-06-12,-0.655041706316753,-0.106680161694401,0.508948148987427,-1.12661495367308
2019-06-13,-0.759160139236635,-0.139942890528956,0.513136631630569,-1.06346995970449
2019-06-14,-0.915017989723957,-0.117081704845268,0.556273771722729,-0.9226560313742
2019-06-17,-0.767195365909556,-0.087768101255479,0.492707606780235,-0.891504943724128
2019-06-18,-1.20297790601546,-0.106596059814192,0.548131220877472,-0.856834342796902
2019-06-19,-0.881338182056932,0.0557403985945291,0.459730180447498,-0.55799442679775
2019-06-20,-1.08670885327598,-0.447004198505905,0.314869620555632,-0.897297996998722
2019-06-21,-0.802091042584055,-0.366057541188749,0.349153728913568,-0.704112590709145
2019-06-24,-0.659649697624353,-0.359721908668145,0.665560394054145,-0.676555035017204
2019-06-25,-1.37910189209776,-0.370796631129185,0.281694303446265,-0.656588211088357
2019-06-26,-1.63032217022262,-0.40062796551871,0.730069119770301,-0.722590714228462
2019-06-27,-3.52769886682999,-0.295171750999857,0.558987403146172,-0.676463954137115
2019-06-28,-3.4709571725185,-0.262578810868934,-0.936180416463018,-0.76094584877895
2019-07-01,-4.41699745328052,-0.26458527214804,-0.617500703804096,-0.670640629168252
2019-07-02,-2.41121945203807,-0.328660666341721,-1.78266513817784,-0.0991344607500564
2019-07-03,-3.01386531852649,-0.111468264002913,-2.02336516971932,0.0543255022870903
2019-07-05,-1.75229656592263,-0.300448064822389,-2.19790526322192,0.00930920515744176
2019-07-08,-1.52002945159846,-0.408381631437527,-2.16712173614634,-0.128724893674504
2019-07-09,-1.30043273643715,-1.03987158729811,-1.4964008329821,-0.0441540452416848
2019-07-10,-0.952769661161292,-1.13149445993792,-0.990038625928298,0.113673249226486
2019-07-11,-0.451211869158232,-0.888983664031592,-0.974006775419312,0.0429279626586431
2019-07-12,-0.515581462733701,-0.642568386245486,-1.19894896923898,0.0903269878627424
2019-07-15,-0.494491949829734,-0.650584170665471,-1.22009803345533,0.08673162924738
2019-07-16,-0.598284801975001,-0.589746093810205,-1.28362199341503,0.046868667251618
2019-07-17,-0.993260598393448,-0.452202759136217,0.0610488104867817,-0.0650700751986154
2019-07-18,-0.921327124679613,-0.511609382473819,0.151156965195802,0.0649082432320055
2019-07-19,-0.841293662888044,-0.484405584494986,-0.39295277711248,0.0326301718395044
2019-07-22,-0.895407462081138,-0.414955596256683,-0.531861765059997,-0.0948176682753792
2019-07-23,-1.01006770196502,-0.371932365066908,-0.826926231086825,-0.318874670427227
2019-07-24,-1.41074650787127,-0.318328270790327,-1.24048843776232,-0.406138649232507
2019-07-25,-1.37977209070528,-0.390539321308815,-1.15250907173249,-0.277044661560999
2019-07-26,-1.21482709831375,-0.613419318746965,-1.15310594141729,-0.310446525220417
2019-07-29,-1.1636267020258,-0.652263713491462,-0.974636382979365,-0.356079322662396
2019-07-30,-1.2733192889602,-0.661308569483674,-0.512017289354082,-0.748495953166377
2019-07-31,-1.41025274024475,-0.280705255439745,-0.451307610907214,-0.10202541076557
2019-08-01,-1.07073570767365,-0.0893565878470901,-0.474325648611388,0.236462232780135
2019-08-02,-1.2759114206066,1.39751489415719,-0.514438823165125,0.242636433942856
2019-08-05,-1.25512730950139,1.07250650990951,0.468566195887544,-3.58773099751613
2019-08-06,-0.563276626675442,0.990515695640722,-0.0698410542234305,-2.60988043515797
2019-08-07,-0.465930665704332,0.934251347333643,-0.443053410448386,-2.35274312068281
2019-08-08,-0.459649764920098,0.969761840245614,-0.0634533544346518,-2.25973800687044
2019-08-09,-0.470361077285279,0.934461227055821,-0.03939459913326,-2.04498418313051
2019-08-12,-0.566919840225724,1.06621848791393,0.019277281473419,-1.65440063875562
2019-08-13,-0.276171753193555,0.882186564710858,-0.0362465568685533,-1.3798607061552
2019-08-14,-0.191567681305865,0.777592743029787,0.0936344842406128,-1.6308323914734
2019-08-15,-0.588357816216744,0.704819749658814,0.0892467404176805,-1.55354869691003
2019-08-16,-0.575363788946104,0.344630549898995,0.0980072298562656,-1.60016182189798
2019-08-19,-0.57689042552403,0.328304910815496,0.103689453681756,-1.75467127745187
2019-08-20,-0.574574512720588,0.497122763933221,0.105388086652043,-1.77598423962504
2019-08-21,-0.763841833573523,0.436131404342755,0.0990818609753844,-1.67312159997848
2019-08-22,-1.26839430358282,0.349295942505414,0.108968866071541,-1.24347364772858
2019-08-23,-1.1331718522092,-0.918877515944713,0.192905469888745,-1.93950306460321
2019-08-26,-0.93804644176639,-0.716208396503292,0.228758254761484,-1.95938678162356
2019-08-27,-0.92790717548472,-0.462353521368325,0.238201580127643,-2.17579973116835
2019-08-28,-0.996592334599396,-0.418321250228387,0.271059307070512,-2.11940560818568
2019-08-29,-1.38287950807461,-0.48478463545735,0.271061090852152,-2.26030034120495
2019-08-30,-0.994510477153545,-0.273744019926262,0.285048391640447,-2.54600426752492
2019-09-03,-1.02683363206051,-0.0835195808419336,0.276789401859957,-2.55700818875613
2019-09-04,-0.499987455385931,-0.45782245382339,0.324124047390479,-3.21570946464421
2019-09-05,-0.153705110205867,-0.934273971899741,0.410043729060651,-3.91857376836366
2019-09-06,-0.230253032132028,-1.72289462733335,0.526572052089852,-4.43813407458405
2019-09-09,-0.35278538493701,-1.6111174400277,0.52690473512996,-4.1547329053088
2019-09-10,-0.428591412906045,-0.990507771685253,0.424638791195453,-4.13395637254138
2019-09-11,-0.654921279453775,-1.23884443079201,0.37060535230588,-4.13870472984758
2019-09-12,-0.658851848864284,-1.30178557484397,0.318507701248413,-4.1739073956027
2019-09-13,-0.625544294373925,-1.29222170120529,0.308807649066641,-4.2083937866551
2019-09-16,-0.630048649563195,-1.27838688555413,0.310261308177365,-3.84871630789178
2019-09-17,-0.531474921644989,-1.34929777291167,0.314657756021452,-3.8366508926046
2019-09-18,-0.613104285555212,-1.16339693211183,0.272042701394676,-3.69979002728161
2019-09-19,-0.525864152621131,-0.526568693658502,0.259724093543063,-3.48920850538435
2019-09-20,-0.595630542442751,-0.579427086591608,-0.00385519429417358,-2.98534858364034
2019-09-23,-0.600816475675382,-0.52565905946856,-0.022390589062746,-2.78223103096706
2019-09-24,0.938752350761328,-0.671856268842507,-0.0783707462074295,-3.01004117912492
2019-09-25,-0.839372289685205,-1.03593640977503,-0.00510746958594455,-3.78321879306814
2019-09-26,-1.5003083568352,-0.381069824037127,0.0214966608722357,-3.94229605118173
2019-09-27,-1.99115441466584,-0.279193118157748,-0.0288195059215434,-3.13733074633828
2019-09-30,-1.96804940737364,-0.279639319608091,-0.0238483331732725,-3.41902198646086
2019-10-01,-1.9845684238193,-0.374498666694966,-0.00987692279863474,-3.73991523651086
2019-10-02,-1.9466291669691,-0.62506724993221,0.00992885971063578,-4.58726400373426
2019-10-03,-2.01284675673128,-0.597874115323261,0.0136999623334035,-3.79595681013434
2019-10-04,-2.02109523634056,-0.611354391650129,0.0238690067626769,-3.41690373351479
2019-10-07,-2.00976503942102,-0.579637983456223,0.0175855014288009,-3.25778519479585
2019-10-08,-2.02220570954398,-0.544309890411883,0.040123328509288,-3.00327415152116
2019-10-09,-2.00116803938398,-0.406088619655078,-0.00314737793409656,-2.71941649221364
2019-10-10,-2.11837695695033,-0.449543966115198,-0.00177768899250269,-2.4758448658066
2019-10-11,-2.00502871402737,-0.563068408715436,0.0573032059311062,-2.88223360902811
2019-10-14,-1.97749542763165,-0.607915739603516,0.0453316581872984,-2.93814778734032
2019-10-15,-1.8231569360833,-0.758147740580015,0.0656102898115888,-3.07667731732249
2019-10-16,-1.51698524130785,-0.672113398687265,0.0577487345978345,-3.37882585507269
2019-10-17,-1.50054131057375,-0.531734767287597,0.0519328008753406,-3.41631779724666
2019-10-18,-1.43070605944199,-0.401397391253085,0.0458853309665163,-3.24168338930101
2019-10-21,-1.49939937857865,-0.466138810178315,0.0353293539063759,-3.22350649555707
2019-10-22,-1.58084938498466,-0.481297737206182,0.0303781897638316,-3.19453306423677
2019-10-23,-2.20410244557775,-0.421597750382803,0.114502953631508,-3.11527173127325
2019-10-24,-2.15948136884727,-0.340876824730225,0.0434740489782395,-2.98567900575873
2019-10-25,-3.47679811334578,-0.35519443639591,0.0614486543085659,-2.75158935934598
2019-10-28,-2.66019508403153,-0.327464986145569,0.152040299457056,-2.72055687517034
2019-10-29,-2.60889458408504,-0.275884963743141,0.149256637195416,-2.64518973390455
2019-10-30,-2.6178219217135,-0.228568144589315,0.0590284969113266,-2.83993945967835
2019-10-31,-2.37634606015153,-0.482477512642966,0.0660112688270648,-3.90891174279557
2019-11-01,-2.42767177924465,-0.529935889812969,0.0513735736949336,-2.77642643718497
2019-11-04,-2.43741361589431,-0.449008856017997,0.051891325924285,-2.60672505298744
2019-11-05,-2.42133673704726,-0.252474373092988,0.0479288556121212,-2.70665030074132
2019-11-06,-2.38246847367893,-0.34562587059482,0.025707531638009,-3.68566802687819
2019-11-07,-2.30311360856364,-0.379178706749559,0.039967245343432,-3.90284010122833
2019-11-08,-2.32656098532,-0.105687594236442,0.0225737632798977,-5.03338971480511
2019-11-11,-2.31695698947097,-0.104848469392985,0.0107162582528662,-4.94947029132159
2019-11-12,-2.21367133680985,-0.0788799887722061,0.0120015685341546,-4.95805323286752
2019-11-13,-2.23286984784337,-0.10673906421545,0.0129108511871835,-5.01464671407955
2019-11-14,-2.03557216914445,-0.127917636181103,0.00874813378420625,-5.16183600409279
2019-11-15,-1.44104596109144,-0.0891968904417629,0.0418843748614421,-4.3319107555006
2019-11-18,-1.54413214044032,-0.0749429950843442,0.0476698047919126,-4.16301123016141
2019-11-19,-1.36976258112426,-0.071534915405461,0.0567738563753768,-4.16110884336917
2019-11-20,-1.41353546134528,-0.0161980114658045,0.0737472889526078,-4.12745707488245
2019-11-21,-1.58293200184524,0.0766298080285628,0.0800954220547474,-3.96646098715538
2019-11-22,-1.66197206812442,0.0715823282797719,-0.0564871985449664,-4.59107782965732
2019-11-25,-1.46933488419995,0.0804241809471444,-0.159093325383243,-4.47341017861992
2019-11-26,-1.42729630928242,0.0219923352836551,-0.164379275515522,-4.39651209840179
2019-11-27,-1.68682323597198,-0.00715673226762725,-0.205277247557664,-4.34789060272678
2019-11-29,-1.05556178453792,-0.0263450713031514,-0.475535874443502,-3.58863174023791
2019-12-02,-0.784104373171396,0.0622139164353588,0.0297450692565459,-1.80577257148839
2019-12-03,-0.749624263208869,0.0569780043410034,0.160558130363364,-2.30870774267202
2019-12-04,-0.734916789803883,0.0749171755984421,0.0412890503294355,-1.42514436316366
2019-12-05,-0.241372002239137,0.103810529629602,0.127771925353149,-1.40450426865374
2019-12-06,-0.302380013375616,-0.0121924288872192,0.162193312007381,-2.03905010176099
2019-12-09,0.00195673255364515,-0.0105475249569402,0.239145732559384,0.420962127819547
2019-12-10,0.13214796108657,-0.0287134757963193,0.176863503054432,0.253876260521473
2019-12-11,-0.00830818653716658,-0.0114564535631844,0.149833442782119,0.289028121630027
2019-12-12,-0.0432196114942309,-0.00974828766742596,0.200116617368481,0.437289559343123
2019-12-13,-0.0495081370609203,-0.00593686245373868,0.23941632318563,0.309384045850698
2019-12-16,-0.00867156982066142,-0.00744554841113732,0.0608015600330748,0.256192528750817
2019-12-17,0.141215742336001,-0.015335259972725,0.0968053703933039,0.271906250479732
2019-12-18,-1.06832970709802,-0.0151550913226405,-0.225055438456387,0.26462287860423
2019-12-19,-1.16348218679484,-0.0164953098090501,-0.191780043491994,0.208578679205287
2019-12-20,-1.12782709457566,-0.0292236530195408,-0.200401319358666,0.238168714408973
2019-12-23,-1.1793190723881,-0.0108744037977345,-0.209069072953167,0.260434871220485
2019-12-24,-1.00005758700012,-0.0563094122620538,-0.219913839254681,0.0582583043339442
2019-12-26,-0.872348362628729,-0.0991178890170703,-0.214602798811908,0.0228530592546779
2019-12-27,-0.462278838741328,-0.0154442772147956,-0.225750025326207,0.0668811284087461
2019-12-30,-0.703611666124814,-0.0253887654647778,-0.39459733652585,0.0838420744300117
2019-12-31,-0.78462305632187,-0.0177400135399368,-0.544065317172563,0.0412617200855487
2020-01-02,-0.624280534293272,-0.0435997744483818,-1.03853062077766,-0.184221440714386
2020-01-03,-0.419671655355504,0.0215127752309157,-1.20526673115966,0.358134480666423
2020-01-06,-0.565181939068761,-0.0572075926952085,-1.06419201643348,0.416759706196492
2020-01-07,-0.758778764234826,-0.169135029343576,-1.15277846183641,0.544150730897134
2020-01-08,-1.00927121163514,-0.131615223183455,-0.864904658713982,0.716988220318748
2020-01-09,-1.06480391285697,-0.00935611415441756,-0.914466491058755,0.378002360740559
2020-01-10,-1.04564327068689,-0.0204826245546617,-0.980378026262335,0.254749045144131
2020-01-13,-1.03304515484312,-0.0230673567120359,-0.807189115186758,0.327117463896513
2020-01-14,-1.5502532789829,-0.0419513527269225,-1.02453601920889,0.435008591550186
2020-01-15,-1.83228102315544,-0.0551648298487303,-0.933388682996187,0.430664188258929
2020-01-16,-2.05063794441241,-0.0347738083450534,-1.01831375146444,0.504295442536433
2020-01-17,-2.05213138752523,-0.0381507431609542,-1.10490676806807,0.438840796225368
2020-01-21,-2.1314318019375,-0.020289120413966,-1.3176411182447,0.254473140176905
2020-01-22,-2.11585889626387,-0.00202311134043073,-1.32240886268089,0.259540952720077
2020-01-23,-1.77808627205924,-0.00844587955154741,-1.28977085692118,0.33193514132302
2020-01-24,-1.40738628921537,-0.00355196276833859,-0.641433973064284,-0.359297832425977
2020-01-27,-1.41551978745013,-0.00220305443377246,-0.516367182545378,-0.80376088630914
2020-01-28,-2.03851993319609,-0.00827085725840531,0.0561243202212486,-0.884238214661012
2020-01-29,-2.15803621162333,-0.00629084205663645,0.0584362156338509,-0.875974854692689
2020-01-30,-2.13571361973564,-0.0102962234645245,0.0959179121356834,-0.59515782320794
2020-01-31,-2.17476907239055,-0.00593257941576453,0.342861034454445,-0.747967294828368
2020-02-03,-1.83658857256944,-0.00791328653773255,0.386440130868395,-0.822084113932687
2020-02-04,-1.84901566488054,0.0137883073818266,0.241645885244795,-1.78802999522589
2020-02-05,-1.73457631610147,0.145269904571276,0.666503773043154,-1.92907868822755
2020-02-06,-1.81007596742098,0.0327708946771921,0.577888771955738,-1.72300121141383
2020-02-07,-1.55568831794408,0.0922656979149883,0.580003594754862,-1.75948568198595
2020-02-10,-1.53599356436848,0.136583019176674,0.601270519072604,-1.64417045750663
2020-02-11,-1.81825863753008,0.171289392926689,0.625311238959086,-1.63892626368277
2020-02-12,-1.47354430967686,0.198437008192029,0.663080231803178,-1.74837370652822
2020-02-13,-1.68344019474519,0.126497217010941,0.616990199666643,-1.70315452498111
2020-02-14,-1.54457571372955,0.129135433367024,0.673377544463481,-1.52599461705126
2020-02-18,-1.27555551946416,0.0246372587781414,0.662374203920363,-1.89207699069667
2020-02-19,-0.936430650519266,0.09730547142241,0.252401253972711,-1.71360044815885
2020-02-20,-1.32689058288635,0.0622260807920791,0.126683279089506,-2.22471617473322
2020-02-21,-1.34566190536395,-0.329062208779722,0.129755823759153,-2.6268552665364
2020-02-24,-1.38098524152262,-0.959657008546623,0.100893623559812,-3.84414128495245
2020-02-25,-1.58676382197164,-0.0887382467757358,0.849298895895125,-3.09484056302789
2020-02-26,-1.77775414295146,-0.372853270029165,1.13749356727891,-3.14480665080922
2020-02-27,-2.01392220589636,-0.288760847157628,0.980622182242275,1.99993234848583
2020-02-28,-1.34017773576824,-0.971063137752826,0.953510893005233,3.3397450987316
2020-03-02,-0.866756218083172,-1.32906214190193,0.293878287104697,-1.50681317230134
2020-03-03,-1.82025476701466,-2.88936883510333,0.142709283145581,-3.58574218093874
2020-03-04,-1.60388210786023,-2.66429650608517,0.142831281342827,-1.35110507856118
2020-03-05,-1.39416201522255,-2.47411156572707,0.461247141185908,-1.00092614641835
2020-03-06,-0.817009307180982,-1.99729414487598,0.642330269094627,-1.26492226124596
2020-03-09,-1.10398535675158,-2.04291318836022,4.3301664637154,2.53640615461468
2020-03-10,-1.40023627185359,-2.03152577927475,4.86954666856619,2.94170548618381
2020-03-11,-1.19534184088738,-1.70479267842687,4.89997101323567,4.48175942378162
2020-03-12,-7.79250726072645,-1.15069939283458,-3.36573762082859,11.3209061755536
2020-03-13,-9.75360762182178,-0.435320117675867,-0.226655161422933,14.3614956919228
2020-03-16,-5.68533311398191,-1.26679703589955,-0.18876979790333,18.9849396949651
2020-03-17,-5.98059297367794,-2.41289593403667,-0.755012508047656,12.6676455012672
2020-03-18,-5.90798162262551,-3.15617419754262,-0.730383271466138,12.546110606001
2020-03-19,-12.3947514616868,-2.24453751561417,0.898733308069854,11.7891074434209
2020-03-20,-11.4998615038273,-2.44760896931081,0.882639785443246,11.5210838724607
2020-03-23,-11.8677648159123,-2.15585813957916,0.564129005608226,11.1445193117725
2020-03-24,-12.8897309836241,-1.92043989675815,0.565722128982085,6.6254012501192
2020-03-25,-11.872868723288,-3.50368905050918,0.489364074694656,7.1077799763604
2020-03-26,-11.7365903925079,-3.68697163564541,0.395083813835456,6.51674541692821
2020-03-27,-11.4448037203193,-3.71294760976919,0.582303880139104,6.86772057491084
2020-03-30,-10.8624878382175,-3.40953436067359,0.96960118108279,7.14963113370229
2020-03-31,-10.6149195658319,-3.23938761170646,0.965478621628982,7.29554378238409
2020-04-01,-10.5688499578648,-2.37106604445738,0.701408387466252,6.92112397915771
2020-04-02,-10.5190251135478,-1.74791119123466,0.861574987854304,6.4335956915628
2020-04-03,-10.319387969376,-2.09836974206221,0.995412731470495,6.43763232793
2020-04-06,-10.3798986366464,-2.03955435857168,0.979532274013014,6.32703099830817
2020-04-07,-10.1980712881905,-2.30752106116881,0.956567992884771,6.51118057435693
2020-04-08,-10.3094204239366,-2.15532188349763,0.956900124426816,6.4842836927119
2020-04-09,-10.2666999673861,-2.59504778447451,1.14475155156931,5.57396835163823
2020-04-13,-10.1828322466003,-1.57286324342587,1.32148077209723,5.27931335514372
2020-04-14,-9.77220870018462,-1.3519798816474,1.44485778699497,5.27632288396238
2020-04-15,-9.90510941223822,-1.46124396121541,1.31836286528781,5.38922548188029
2020-04-16,-10.1212734015122,-1.80022110251035,1.60121235032608,5.36465946303017
2020-04-17,-9.97850650663901,-1.75046290377725,1.7021830607384,5.38905102929763
2020-04-20,-9.88477774319516,-1.86562681860879,1.64439661824413,5.72164417810496
2020-04-21,-9.93821792620621,-1.57517155626336,1.43962770733633,5.70729614063526
2020-04-22,-10.2470031417471,-0.77819393266724,1.18937302551149,5.31611389662255
2020-04-23,-10.418854697497,-0.711699512616407,1.17304790354646,5.32091540329534
2020-04-24,-10.5115634657805,-0.63867195944673,1.23473090355419,5.31371330290893
2020-04-27,-10.5137031027298,-0.821368132589141,1.21891823457018,5.32145108275636
2020-04-28,-10.490429147206,-0.812883453393773,1.17835651006671,5.27363460533283
2020-04-29,-10.9723237585051,-0.81261564128847,1.37977427990949,5.35088441032001
2020-04-30,-11.0323351448741,-0.809406048099418,1.46812526457558,5.53879110919855
2020-05-01,-10.631476037677,-1.11851637563394,1.6324857427736,5.09872975688295
2020-05-04,-10.4310469632795,-1.29991265787799,1.5768394669872,5.0234643554617
2020-05-05,-10.3279137884199,-1.21121525435708,1.35281939145047,5.03555760670501
2020-05-06,-9.98384087998003,-1.34306981691019,1.49633833266171,5.13819429163305
2020-05-07,-10.0182914668587,-1.20345643030298,1.09916418336642,4.76307596612543
2020-05-08,-9.83963356144216,-0.924729057197987,0.986310657495416,4.42635091220316
2020-05-11,-9.85802017998751,-0.940447975581807,1.24316186419477,4.44143917370484
2020-05-12,-9.17787705429025,-0.971599337199888,0.764459610864055,4.13734662346298
2020-05-13,-7.65965464481737,-0.852363427942555,1.18015226658721,3.94886898309852
2020-05-14,-8.01962389888004,-0.919703510134744,1.13358992246602,3.93650892607083
2020-05-15,-7.32547934411351,-0.594382321476616,0.984771990447376,3.91834121545184
2020-05-18,-6.86838655594863,-0.751144688492773,1.00303615492685,3.90098457092472
2020-05-19,-6.91759179703624,-1.05017335935284,0.852802520168904,3.78636823734769
2020-05-20,-6.76262515567274,-1.15834107586648,0.981427014183327,3.78786577279749
2020-05-21,-6.91177043210472,-1.52075059492967,0.917884389209506,3.82882838591237
2020-05-22,-6.70802435987261,-1.56525891794066,0.936900480125148,3.78262092386771
2020-05-26,-6.82315180019382,-1.31936396098765,0.852850229146558,3.83463906492526
2020-05-27,-6.77790798070456,-1.49797924080782,0.684796185188626,3.82610484164265
2020-05-28,-6.83548336499454,-1.45586878179435,0.527653731293247,3.85701882732264
2020-05-29,-6.19524598851161,-0.606991382403613,0.536430954051893,3.74229706748588
2020-06-01,-6.1479249636121,-0.790484667541316,0.443188518654873,3.61038763555627
2020-06-02,-5.79937265363437,-0.590576515111589,0.20039153516824,3.37535080814476
2020-06-03,-5.95725644775448,-0.404883990039745,0.214866347573611,3.41540181203472
2020-06-04,-5.19789040034469,-0.860605332028193,0.364095212380976,3.09591819724155
2020-06-05,-5.20864777266403,-0.568937734482404,0.201327377270685,2.4571744687694
2020-06-08,-5.00476523090425,-0.576729124699106,0.21589937498408,2.60634211957283
2020-06-09,-4.94987717258656,-0.0445232132303071,0.0636995165594811,2.1206466456104
2020-06-10,-4.93378531105577,0.191063832440564,0.0737436241128737,2.12237475469541
2020-06-11,-6.283463550609,1.71316706543863,0.268538977553012,1.5746209965125
2020-06-12,-6.49446627813273,1.14173721853144,0.255939877816134,1.81329993814663
2020-06-15,-6.00278001122036,1.06681074309586,0.193471028655384,1.90794111260045
2020-06-16,-5.75651101385445,1.05025056114577,0.196763101189564,1.76525776204003
2020-06-17,-5.51867433785262,0.412241262538057,0.216051310727378,1.86414510032431
2020-06-18,-5.11374863270777,0.137716230558787,0.282955004720698,1.85632157275034
2020-06-19,-5.18141958549477,0.226386613236194,0.330894851421798,1.45550518610069
2020-06-22,-5.17281481798361,0.188294577011124,0.201574940731261,1.50772520029598
2020-06-23,-5.14509427894598,0.0478265903053394,0.0855546197383976,1.37217036509015
2020-06-24,-5.42089939386487,-0.137591241274275,-0.0705775494543754,1.4590795997501
2020-06-25,-5.37317706237775,-0.151353466346991,0.00862151612570017,1.44732271887221
2020-06-26,-5.45879334559466,-0.00965783445324941,0.0241984422035806,1.31936299957128
2020-06-29,-5.32968121650792,-0.0206745321348585,0.0826261481584023,1.34158202012161
2020-06-30,-5.33451204000875,-0.0296848625784838,0.0985890451332398,1.23597260957788
2020-07-01,-5.42216698993149,-0.282995604319442,0.160236567697398,1.27448881801348
2020-07-02,-5.38821488400181,0.0987371591861681,0.198024970770561,1.20076942406369
2020-07-06,-5.34701522093045,0.124854454484865,0.207407073006191,1.11609641569841
2020-07-07,-5.00375843497202,0.163292202871756,0.450174041495718,0.982251866849992
2020-07-08,-3.55846599897794,0.00116308594573589,0.210250295467244,0.928154097321978
2020-07-09,-3.73071830312792,-0.111294956068943,0.114167977548817,1.02902710940009
2020-07-10,-3.72376387683235,-0.083018736405541,0.217669158139453,1.02788265333459
2020-07-13,-3.75093708654858,-0.253667144131596,-0.0742898339253362,1.20573633062961
2020-07-14,-3.52997660873708,-0.238774576668598,0.073021957020714,1.22095730565314
2020-07-15,-3.37216841748879,-0.250847310889787,0.148758264437161,1.22474973938855
2020-07-16,-3.37780737447733,-0.227861302660155,0.127272137484335,1.27421836220339
2020-07-17,-3.41596119324606,-0.170812532910778,0.28018453624558,1.25827931399586
2020-07-20,-3.4477731308078,-0.237372503320104,0.280178188272066,1.25241490435904
2020-07-21,-3.61720682527991,-0.640347050641494,-0.111256647759451,0.983648797528764
2020-07-22,-3.58149042052672,-0.355712289823209,-0.0278793795960937,1.01867692979249
2020-07-23,-3.58656317431371,-0.293472984339179,0.0675444315494449,0.69018626313445
2020-07-24,-3.51351722870441,-0.189475487006612,0.0999108533855999,0.66635988632141
2020-07-27,-3.66412583385179,-0.330915245143732,-0.436045241579558,0.677500482971626
2020-07-28,-2.21477898829603,-0.210138618683643,0.592635457161612,0.594604106843355
2020-07-29,-2.27866123090118,-0.263555629973431,0.610503117620508,0.613202476801408
2020-07-30,-2.2887244500082,-0.277132367340288,0.644556113805423,0.674367326526746
2020-07-31,-2.1335370581629,-0.446356304844599,0.566488241713936,0.593151570675938
2020-08-03,-2.138458647436,-0.737850553111919,0.56935649080085,0.562624491013478
2020-08-04,-1.85275508802679,-1.09346642137498,0.732317970155191,0.466849913908541
2020-08-05,-1.72281760259062,-1.61526148010841,0.346373612106783,0.474074565638826
2020-08-06,-1.6674950522949,-1.07466069527555,0.250056451744266,0.562716317911143
2020-08-07,-2.05250313962222,-0.570141936649891,0.280447569501523,0.328466956009938
2020-08-10,-1.92236464731378,-0.316892335692714,0.438676734518648,0.317935124218314
2020-08-11,-2.42105427529816,-1.33528214615578,0.278373036899769,1.34240614439798
2020-08-12,-2.54989705220008,-2.31947297844288,0.394235191314063,1.6576649007997
2020-08-13,-2.63572785330162,-2.69840357709044,0.327467927858439,1.60951978071257
2020-08-14,-2.45657896122447,-2.16146614492488,0.417878798510596,1.5880066330121
2020-08-17,-2.31705301173986,-2.3650633785321,0.410613329165813,1.5792930363025
2020-08-18,-2.30444502593089,-2.27213293339019,0.402925669691658,1.40820727461439
2020-08-19,-2.52103363421676,-2.67780193173812,0.326179750830521,1.43619534073697
2020-08-20,-1.75046446134235,-2.49708333376257,0.0521378095168696,1.30990509057202
2020-08-21,-1.74683239513569,-2.85653781049757,0.0652752073634701,1.46242832601039
2020-08-24,-1.69738543353663,-2.67291077500979,0.0897984711761968,1.46114594046693
2020-08-25,-1.88089713168666,-2.86375971788328,0.135199282911773,1.45233321896902
2020-08-26,-1.86127215269483,-2.73934609535371,-0.283743946843253,0.886186404499534
2020-08-27,-2.02809496065661,-2.85055463236985,-0.131604331038498,1.21341462778559
2020-08-28,-2.26780353074748,-3.45282784396703,-0.150645345564441,1.39121105044781
2020-08-31,-2.0614368680353,-3.01262994662347,1.39276956444875,0.102704890320567
2020-09-01,-2.17988505476603,-3.43653859892042,1.04063693698579,0.218660787153201
2020-09-02,-3.04615351874591,-4.24505277512027,1.004537004501,0.414839520554754
2020-09-03,-4.89637032754248,-3.31540885452871,-2.36550696243184,0.739486989419822
2020-09-04,-4.93835005456152,-3.0765567116539,-1.9257738327976,0.80294028220152
2020-09-08,-5.00673678759396,-2.78337540391039,-1.9492647643171,0.817527947976151
2020-09-09,-4.88458085628128,-2.55789777469557,-1.86687134277581,1.03095805971464
2020-09-10,-4.86738331054096,-2.7976914569234,-2.14320190051886,0.976749547649185
2020-09-11,-4.60319608178011,-2.86626993441176,-2.58361610978105,0.678233111531606
2020-09-14,-4.61057566354941,-2.50795352497505,-2.38833774026355,0.615279135606145
2020-09-15,-4.8187676763563,-2.63005133028798,-2.75736742859346,0.608588192653298
2020-09-16,-4.7621461238503,-2.59116809607888,-2.43931476774052,0.578286125320752
2020-09-17,-4.74901380780846,-2.41674225061506,-2.37131898823408,0.746706653183458
2020-09-18,-4.73478774778956,-2.30424625134093,-2.2976185403828,0.753975862098823
2020-09-21,-4.52396756254009,-1.93823992328146,-1.86472739320561,0.552400879891316
2020-09-22,-4.16279435926181,-2.04480170719873,-1.37141538235624,0.581483568194855
2020-09-23,-4.63907269738887,-2.43120024822092,-1.93531787044255,1.29141565405295
2020-09-24,-4.29549286401886,-3.14037200387122,-1.87971367918574,1.01090639553825
2020-09-25,-4.14654249401449,-2.60461945277326,-1.35023758495861,0.836913617648898
2020-09-28,-4.10768085203796,-2.67862371087068,-1.33345100238916,0.845550278999277
2020-09-29,-3.89182227339511,-2.83023810508455,-1.67757625342748,0.662933104695258
2020-09-30,-3.836035717797,-2.98344200188398,-1.54055688365806,0.693668514754537
2020-10-01,-3.23725605525856,-3.12575475984386,-1.03164703664437,0.559975179081214
2020-10-02,-2.92672715999163,-3.44730149195486,-0.912673508005888,0.611696786283384
2020-10-05,-2.94061439097056,-2.96902537853424,-1.20236677915576,0.663682102346471
2020-10-06,-2.93478221794949,-2.89862739350594,-1.38333689844673,0.808354078658301
2020-10-07,-2.9237542720832,-2.21952867100691,-1.02046633882007,0.68901058417034
2020-10-08,-3.07384276904978,-2.24663229536232,-1.15276822403747,0.815829532031006
2020-10-09,-2.94936769857086,-2.71569801790946,-1.44096183475662,1.04771267247414
2020-10-12,-3.07279357345262,-2.93564154173138,-1.88793619424425,0.92070705386919
2020-10-13,-3.19208561456143,-2.65202337175419,-1.60560177815355,1.20471504177957
2020-10-14,-2.97620030152918,-2.80280178922313,-1.84292159230891,0.851186409066841
2020-10-15,-3.06215751867739,-3.0389309817609,-1.74098791674014,0.914641117192583
2020-10-16,-3.07821969695359,-2.96152617851561,-1.63114097680667,0.953333826350726
2020-10-19,-2.91120842479285,-2.87341971571582,-2.0750226904436,0.963035318956308
2020-10-20,-2.92158867556107,-2.88634345692815,-2.57414127374435,0.94971443285718
2020-10-21,-2.82219685910342,-2.87353606511823,-3.39547872798117,0.891808776025809
2020-10-22,-3.46994770079959,-2.87839011460126,-4.1680790826781,0.770850153740523
2020-10-23,-3.04169073846642,-2.54626380302927,-4.02650889731629,0.816993684820163
2020-10-26,-2.52010884529622,-2.44505821323614,-2.07300983051112,0.697900060930128
2020-10-27,-2.58636027563952,-2.57766713516765,-1.28964241092981,0.577612432447163
2020-10-28,-4.20702981574014,-2.34566855346803,-1.13662944630258,1.84916606108418
2020-10-29,-3.98093981621719,-2.01580965564526,-1.07507059196016,2.06806753257805
2020-10-30,-3.71655260516663,-2.33418403700884,-1.02936966620772,1.92016693193327
2020-11-02,-3.77113339569584,-1.95762922203255,-1.17074469832848,1.65100811211919
2020-11-03,-3.89252427667213,-1.65892156951339,-1.46205033608299,1.36532647005834
2020-11-04,-4.0311449614107,-1.27468087719364,-2.19741439686365,1.00119376343322
2020-11-05,-6.22793365120521,-2.62300908822695,-3.43359452700075,0.231301103932759
2020-11-06,-6.34180807404215,-2.49221204156308,-3.72762053685152,-0.537732681012794
2020-11-09,-5.82922152095985,-2.61074609526247,-3.6369693659282,-0.312482875403634
2020-11-10,-4.66684591438039,-3.13503756982154,-3.41297638179574,-0.476562223132579
2020-11-11,-4.97900786046751,-2.78626147709381,-3.89718711055271,-0.346933665256468
2020-11-12,-4.22719948935089,-2.5003296385676,-2.91349643580926,-0.162329953949614
2020-11-13,-3.78455653710792,-2.6309877393764,-2.74664304108666,-0.377421618545599
2020-11-16,-3.47551957884914,-2.76798956744503,-2.51794940897775,-0.398615111503223
2020-11-17,-3.34917431800613,-2.42019374729994,-1.79527668343848,-0.428173148062373
2020-11-18,-3.6446486270014,-2.40659175924091,-1.61698947752879,-0.354215257264236
2020-11-19,-3.78679890024903,-2.53070454784257,-1.61359639722424,-0.247640445662551
2020-11-20,-3.82351833542813,-2.72962065336609,-1.09699761622461,-0.166651624082538
2020-11-23,-3.83606965943278,-2.52461223499568,-0.977001968732523,-0.317829346264013
2020-11-24,-3.45654959748252,-1.6409574014937,-1.1149124252002,0.296648995751293
2020-11-25,-3.30906903553425,-1.58289541948195,-0.8530983533094,0.251338067206183
2020-11-27,-3.41813414927298,-1.57719672482667,-0.843472703998895,0.246846624607159
2020-11-30,-3.41183260145582,-1.33047950919418,-0.875336681304021,0.277486943419424
2020-12-01,-3.3847884601073,-0.846023660836672,-0.62130160562462,0.0697221980564826
2020-12-02,-3.32868951095368,-1.01689579628887,-0.384045865142206,0.313079987488488
2020-12-03,-2.915491422492,-1.07706241422687,-0.25194829781477,0.358167562579372
2020-12-04,-3.27999831862236,-1.12878529810647,-0.0581818225024688,0.359211605265206
2020-12-07,-3.39501709606382,-1.12111762888023,0.00209680335055618,0.364051335598783
2020-12-08,-3.31318260080755,-1.18756749927447,-0.0404946490956568,0.387332018006847
2020-12-09,-3.25297274903707,-1.31049413647935,-0.175042916929211,0.406010835955392
2020-12-10,-3.076019503525,-1.38583288343312,-0.109793998414612,0.142969786549069
2020-12-11,-3.2413434425362,-1.40786034130145,-0.170343582101611,0.267961351087968
2020-12-14,-2.74622240496576,-1.14498042696386,-0.101972743393993,0.288312100024606
2020-12-15,-2.78237024847919,-1.36727728884399,-0.267000696643065,0.0228809804434316
2020-12-16,-2.84535216662549,-1.39983891161783,-0.507436448300189,-0.291188096137359
2020-12-17,-4.34278217511229,-1.36431447924594,-0.798822529749364,-0.655574238437755
2020-12-18,-4.00331242413603,-1.29896319009258,-1.1836699314342,-0.886578523137521
2020-12-21,-4.14428208364256,-1.29896273593699,-0.660502781328191,-0.892250154260597
2020-12-22,-3.40003103853689,-0.936167351879494,-0.693198839569688,-0.875347484238378
2020-12-23,-3.02048375862703,-0.930284973368245,-0.458188834647758,-0.84526578077232
2020-12-24,-2.95586550733195,-0.767324936666561,-0.465105909008269,-1.13670237920495
2020-12-28,-3.3950152524635,-0.773686393179939,-0.318085449850796,-1.18987418477386
2020-12-29,-3.6241504160396,-0.761349404270055,0.00333407501011651,-1.1679647070032
2020-12-30,-3.83100868713144,-0.813009496657902,-0.051187797828033,-1.31780191979009
2020-12-31,-4.85333004953978,-0.773698317184318,-0.0864894292805306,-1.33363032253909
2021-01-04,-4.97775262693945,-0.773089276031248,0.0290412899200314,-0.603425984981309
2021-01-05,-5.73100272686704,-0.777152827751332,0.670692576013835,-0.723231256396769
2021-01-06,-5.48803944579245,-0.692984679608282,0.938729055525749,-0.510165096319044
2021-01-07,-5.39958613215639,-1.03620442845314,0.0939583774809717,0.581122003847678
2021-01-08,-5.44056109464584,-1.78700880861945,-0.294188729623791,0.309389426131277
2021-01-11,-7.49556418571883,-2.46767343352208,-2.14759174423045,-2.05135383090974
2021-01-12,-8.33997961412551,-1.22267706091587,-1.33938530186146,-1.58546144491629
2021-01-13,-7.0267430644547,-1.21658007575588,-1.39476306029027,-1.35129882858884
2021-01-14,-6.37330665258131,-1.27743663595746,-0.738907248358259,-1.20324081695471
2021-01-15,-7.54184057838809,-1.24002429659089,-1.08042033955777,-1.60802396777321
2021-01-19,-4.23710617553951,-0.874713551888131,-0.71455838496719,-1.61520980093558
2021-01-20,-4.22797885448749,-0.656505305593535,-0.590885228313078,-1.36461185178138
2021-01-21,-5.70299131810658,-0.535519673790894,-0.448876149962767,-1.27784096661277
2021-01-22,-6.52304432431813,-0.573521238656316,-0.369461374633906,-1.30402045484292
2021-01-25,-6.53169800659334,-0.569321880278977,-0.288421011650331,-1.60619671280791
2021-01-26,-5.68746665517101,-0.558506887915309,-0.287113126879246,-1.50900112944588
2021-01-27,-6.38035572815999,-0.381471326571956,-0.638949896926539,0.452470394468628
2021-01-28,-5.46476320851128,-0.387785812973209,0.757496256782069,0.704253950925074
2021-01-29,-6.29817863468421,-0.343104079439327,0.881826825662926,0.667989043599497
2021-02-01,-6.26452708699058,-0.377123626956711,0.763678839735772,0.546796678097204
2021-02-02,-4.6158048292279,-0.263754721282866,0.663510916774252,0.634621251518446
2021-02-03,-4.67708532304688,-0.205865308427614,0.649479011572428,0.753291282275353
2021-02-04,-4.834645089026,-0.216313321248633,0.453077281434176,0.533985001092336
2021-02-05,-4.52792677851198,-0.40804640875993,0.257450353380367,0.414536434185722
2021-02-08,-4.82833653293876,-0.503053273561893,0.261461513031211,0.448920303498857
2021-02-09,-5.36028500219134,-0.570762404096085,0.106278442898383,0.468465422905393
2021-02-10,-6.15393921781851,-0.511078641197783,0.0240161876684173,0.511861656017779
2021-02-11,-5.22313928905,-0.412169320565599,-0.0901618332124423,0.507117186192384
2021-02-12,-5.55170696453216,-0.42971044992518,-0.146033995509492,0.525629047722817
2021-02-16,-5.51464797167377,-0.509444365882895,-0.165394853494882,0.499850619520494
2021-02-17,-4.80715359365069,-0.468146585655448,-0.0782052795333827,0.409094463494386
2021-02-18,-5.17241917347304,-0.728278701261323,0.0521960956955443,0.35663655637274
2021-02-19,-5.51837325688728,-0.643299098028967,-0.176421830323238,0.352261036767981
2021-02-22,-5.65025912910518,-0.642921278505918,0.0491419271844169,0.351525139560062
2021-02-23,-7.22124512518012,-0.636172537540166,0.397974081268173,0.346612326441222
2021-02-24,-4.70435417033841,-0.607139616826941,0.573803467856497,0.357941826652282
2021-02-25,-5.02421995646829,-0.661622263540854,0.798680863061878,0.115939924709403
2021-02-26,-5.17014324755165,-1.03390024946477,0.811576409652636,0.247672505768874
2021-03-01,-4.93177570387471,-1.26555221794104,0.876860620231717,0.754777591723484
2021-03-02,-5.12233165833597,-0.560498962729935,0.851666042544776,0.667931631725114
2021-03-03,-5.09796664749596,-0.576020318904266,0.976152590291769,0.716488601259635
2021-03-04,-5.58649261947588,-0.527208756664364,1.24693868799235,0.694410229030449
2021-03-05,-5.814828580165,-0.76854164409277,1.45763826031115,0.775213801675215
2021-03-08,-5.59620763758669,-0.782068049994689,1.41460171792997,0.733680168571123
2021-03-09,-6.83679829719339,-1.00022145512897,1.06881718038294,0.576855205446488
2021-03-10,-6.63392266791284,-0.164388173208539,0.825274949562687,0.506980033068248
2021-03-11,-6.76171639596246,-0.210427065092115,0.881791971377982,0.528145273001625
2021-03-12,-6.56142114199371,-0.220177061085947,0.831088730130811,0.530737646400624
2021-03-15,-6.65093502639494,-0.211920707123761,0.833686598723186,0.559771819622159
2021-03-16,-5.56106013855765,-0.195438889573162,1.02808435743025,0.55770344545613
2021-03-17,-5.62150616207243,-0.175347055007617,1.08388180363953,0.52998735382546
2021-03-18,-5.44107543086752,-0.14350636290866,1.29791489430299,0.616246082177676
2021-03-19,-4.86765332274793,-0.163844974773937,1.30701271345744,0.575855033104779
2021-03-22,-4.40911525570539,-0.202469042586119,1.36893514358052,0.526785395439213
2021-03-23,-5.00985189192827,-0.22406318408653,1.10508363694259,0.491879457260034
2021-03-24,-5.4398044969296,-0.521047624525999,1.3175009097625,0.46063253766691
2021-03-25,-3.5042062670087,-0.489804227755303,1.47033296754555,0.463407489022793
2021-03-26,-3.49845800728777,-0.237597122924215,1.53733240691087,0.553198926366941
2021-03-29,-3.87752938359956,-0.224592989985123,1.70656151633051,0.597785359685607
2021-03-30,-3.59150940258751,-0.241144274599349,1.76770032001033,0.459048031874937
2021-03-31,-3.43701149742501,-0.108427834259704,1.72824196278549,0.516731476644615
2021-04-01,-3.32271348457496,0.0645704098642994,1.91499177502278,0.444589820357407
2021-04-05,-2.69188286933487,-0.00508941706281776,2.05349882531076,0.489478459348326
2021-04-06,-2.83930377203485,0.0820586990970083,2.14945675971346,0.471473535366524
2021-04-07,-2.18344699722363,0.0355317484500954,2.04374499173538,0.448811648137769
2021-04-08,-1.34862025285723,0.0410535432109239,1.88820144461441,0.484401838938102
2021-04-09,-1.65140744622516,0.185301237840317,1.80753991678858,0.370423657489653
2021-04-12,-1.44924643291824,0.208357673295811,1.76996584449076,0.30499397847344
2021-04-13,-1.6586774561515,0.167040614600611,1.61351400467577,0.362008784561797
2021-04-14,-1.81871487167386,0.14760172377627,1.66012374629046,0.269183754506144
2021-04-15,-1.38787336461108,0.247472800018021,1.66051223759258,0.257451228162334
2021-04-16,-2.17811564144316,0.154190427284088,1.59220675064847,0.20651974727306
2021-04-19,-2.5684542048959,0.153559491129208,1.81674597242796,0.28257992948815
2021-04-20,-1.24860689050669,0.168523122714639,1.5268465999191,0.372420361481371
2021-04-21,0.996332569801579,0.186535098802293,1.85729891162234,0.213009905407268
2021-04-22,-0.778257106041142,-0.053851167188256,1.62842094627278,0.201300210245358
2021-04-23,-0.654309609158759,-0.142301522008085,1.68630855007677,0.307376752513568
2021-04-26,-0.627347253634541,-0.157951280969056,1.6944233867584,0.255035103226027
2021-04-27,-1.097763759103,0.101026464952416,1.94158866516075,0.300911925523671
2021-04-28,-1.23775879905314,0.00901889576238601,1.7190477361119,0.225428324421676
2021-04-29,-1.51026090855134,-0.144535388143774,1.60993491957031,0.215780449469705
2021-04-30,-1.37485606948968,-0.121878912301483,1.05767720506186,0.210302381042476
2021-05-03,-1.61311109742657,-0.127274539672,0.919328578452408,0.26616380060089
2021-05-04,-2.47460392830686,-0.211463364359258,1.11248295225214,0.226232691989252
2021-05-05,-2.11240822443969,-0.255526849580958,0.883114802590514,0.169529241205856
2021-05-06,-1.99700717438723,-0.205419189151852,0.589049958646758,0.101826266476211
2021-05-07,-1.90344416346584,-0.218420873015131,0.705264892999176,-0.420134291645807
2021-05-10,-1.86888658799254,-0.242575393844262,0.957517628569125,0.618005805278523
2021-05-11,-2.06282034478528,-0.0194943971301142,1.23521371220143,0.924378765868695
2021-05-12,-1.62327561794544,0.424421290406531,1.62243517526931,2.12408187603707
2021-05-13,-2.96139359507862,0.181764407415927,4.12206151607592,1.88172608270297
2021-05-14,-3.01476545960135,0.125727759965141,4.18617078193391,1.86325979922738
2021-05-17,-2.83029092297329,-0.0339569175675203,4.39787583328064,1.97072107728859
2021-05-18,-2.07865017707577,-0.136791774521411,3.11381025909602,2.43190633683513
2021-05-19,-6.54486056041872,-0.1395280063889,4.76297038566539,1.77611295032848
2021-05-20,-4.38148287138648,-0.0531708797315176,4.42923634165567,1.78058407873019
2021-05-21,-4.88048942328922,0.120634106500641,3.24589421038993,1.79088188809105
2021-05-24,-4.89793930248283,0.0499338129570835,3.7191012303637,1.86669780420217
2021-05-25,-5.03357990393581,0.0805341609057746,3.66388708632458,1.75676201353154
2021-05-26,-5.53727984345454,0.0578794167813521,3.48761867049874,1.63424899127625
2021-05-27,-5.63214934436301,0.0745611546413814,3.36635621802526,1.55022592807466
2021-05-28,-6.27613319529097,0.0944111364951057,3.38955759001306,1.43623053402651
2021-06-01,-5.9292833124269,-0.0388415886865445,3.04574965917899,1.56111336973089
2021-06-02,-5.7091552092529,-0.0128996139909938,3.06389467688183,1.57845293056149
2021-06-03,-5.54592576104796,-0.0610100805250272,3.12778673233576,1.13252835089185
2021-06-04,-4.88033008091263,0.0331916280432928,2.17903420891648,1.56407427508142
2021-06-07,-4.34743526045986,-0.2532803404095,2.10671570606584,1.57283195537009
2021-06-08,-4.51687996764286,-0.400902789865108,2.17084054841034,1.57626800835179
2021-06-09,-4.19910614326103,-0.153856062341221,1.80241743985306,1.5292609903295
2021-06-10,-4.55070347789693,-0.218644553473334,0.667058512056594,1.57484594172552
2021-06-11,-4.24444412395161,-0.562068748385627,0.565820781935193,1.55649829542042
2021-06-14,-4.0436990093521,-0.329358735070726,0.530868683985334,1.41906421993582
2021-06-15,-4.18731158209705,-0.411655550138494,0.528199417282216,1.1785309921069
2021-06-16,-5.02414792210435,-0.41745210099986,0.857601700681401,1.20402418440598
2021-06-17,-3.97562776145582,-2.49787625196128,0.866928101025227,0.0532861478012516
2021-06-18,-4.41580668696978,-2.41878557031077,1.33016575167917,-2.49656998573847
2021-06-21,-4.24861510200212,-2.33071227796278,1.35074679974364,-1.97004249577074
2021-06-22,-4.25155050333727,-1.91941695955438,0.932374714730998,-1.90462327899911
2021-06-23,-3.40754808184357,-1.60581623573332,1.14963921520588,-1.82718899088568
2021-06-24,-3.20730675650844,-1.70198424973159,1.23340142458871,-1.75313482276421
2021-06-25,-3.30263839958847,-1.5051056455661,0.822584763479922,-1.67399149892417
2021-06-28,-2.96390354172114,-1.50522360197686,0.735609954797503,-1.67416674243652
2021-06-29,-3.14381269614123,-1.45818203402583,0.714795938510869,-1.73146402041216
2021-06-30,-2.66548308373965,-1.39289552233753,0.632679737079262,-1.92877931531966
2021-07-01,-2.77284913193855,-1.4102050657178,0.631127155883294,-1.80261471481885
2021-07-02,-2.27907743395073,-1.42664958736464,0.647757301802909,-1.74125113733329
2021-07-06,-1.7560606406125,-1.50129666375221,0.738263763979884,-1.43931105162833
2021-07-07,-1.81479340207196,-1.59420503622554,0.653312052030816,-1.81228508536716
2021-07-08,-2.0643471563914,-1.35974020503241,1.14360429001961,-1.35750893870466
2021-07-09,-2.48304188268364,-1.44636892423951,1.65842078077848,-1.41676411777285
2021-07-12,-2.59969116968204,-1.47460367653034,1.70454945292387,-1.51200207542347
2021-07-13,-2.20650518315954,-1.24799756650656,1.89863538422221,-1.38193064651458
2021-07-14,-1.73865614327893,-1.52009161517451,1.91468140118688,-1.23604266951303
2021-07-15,-1.72514479840727,-1.33211993421065,2.02946696213098,-1.25166422923396
2021-07-16,-1.74059215074746,-1.12890267662348,1.896328841215,-1.77309284925994
2021-07-19,-1.77056514770361,-0.957699381098433,1.55108070261856,-3.63444487425173
2021-07-20,-1.61816075464251,-0.788935236448819,0.612634806840458,-2.85646379863167
2021-07-21,-2.00140145837188,-0.918439801532869,1.26016826663617,-2.62512527278249
2021-07-22,-2.13665458246922,-0.663947781656272,1.25884190972997,-2.55584337433346
2021-07-23,-2.16310910598191,-0.688141121742672,1.35595327741221,-2.51842519641767
2021-07-26,-2.2740414167308,-0.403975377639104,1.25710202971396,-2.7083366184098
2021-07-27,-2.04228906123459,-0.413007758280293,-0.260489209373527,-2.49676122166045
2021-07-28,-2.54845578884665,-0.418037238477567,0.176444237603222,-2.55613276628464
2021-07-29,-1.48880771816136,-0.56521880367322,0.198712189102612,-3.06610968508721
2021-07-30,-1.25323401721717,-0.270180991938616,0.0804467022024692,-2.49535538727802
2021-08-02,-3.21980840876852,-0.432164411012032,0.450359600433359,-2.7537854153948
2021-08-03,-2.94329762388129,-0.0877222882610861,0.0505996332604501,-2.53482279354089
2021-08-04,-3.27658225004085,-0.138312769750382,0.0900388930282996,-2.52156241691474
2021-08-05,-3.70000250538829,-0.187290884685304,0.225626229411518,-2.358793590082
2021-08-06,-3.47823797967601,-0.0820243782901804,0.421040418725877,-1.29203183448293
2021-08-09,-4.07559012881026,-0.417265357916491,0.371812779782393,-1.39507148103337
2021-08-10,-4.52099256678445,-0.62021584029314,0.308240155887253,-1.04611425746227
2021-08-11,-4.03912290398821,-0.845339099079336,0.26427634961473,-1.48738250205479
2021-08-12,-3.70931625586685,-0.667985203871527,0.288878819700446,-1.83793414190532
2021-08-13,-3.38433165699359,-0.245756372619854,0.235917128038872,-1.1764542720404
2021-08-16,-3.31309954601276,-0.375631036031868,0.301665060260475,-0.642964150213824
2021-08-17,-3.28030867288877,-0.565741440763192,0.746293416194436,-0.0980831372128133
2021-08-18,-2.90141134474341,-0.534078880663778,0.337743395935302,-0.175669674983667
2021-08-19,-2.85459932064987,-0.515516416909664,0.221429340366033,-0.161495875395537
2021-08-20,-2.86869553792292,-0.528963726807012,-0.568245557829357,-0.151598132629849
2021-08-23,-2.83345175105678,-0.52402479122186,-0.817364313534982,-0.152416481783766
2021-08-24,-1.70745596988547,-0.477821450420095,-0.509087233940725,-0.188856860253781
2021-08-25,-1.259918316036,-0.249106676260415,-0.503447545273379,-0.240963380915295
2021-08-26,-2.12737269544844,-0.388033257419156,-0.184134207401568,-0.267505741638373
2021-08-27,-2.25582084732884,-0.459350389007451,0.0863793489049929,-0.567821515029792
2021-08-30,-2.16635952643348,-0.746409771480387,0.120745065704981,-0.868563153915258
2021-08-31,-2.07726484642008,-0.829558851049728,0.393447538448856,-0.899861468193711
2021-09-01,-1.66389443552519,-0.789417830526675,0.0909366236437616,-0.807500364303888
2021-09-02,-1.70433153366713,-0.803539011987594,0.591108187683534,-0.913694735485781
2021-09-03,-1.64844378907885,-0.965763070573356,0.261604690226616,-1.71988832106252
2021-09-07,-2.39582138042615,-1.1173765481844,0.103103999802078,-0.251621160034622
2021-09-08,-2.64882178742699,-1.23497421441872,0.157624000576284,-0.280363939611246
2021-09-09,-1.82073300733777,-1.14895652745515,-0.125987754610264,-0.28939750142767
2021-09-10,-2.16901909650755,-1.18325936415879,-0.0207166716001517,-0.169328766195332
2021-09-13,-2.06936971917373,-1.11378268403796,0.342202451514485,-0.0476506556796538
2021-09-14,-1.91252846964972,-1.12791182274678,0.0699739835436031,-0.117738500074053
2021-09-15,-2.03983326614901,-1.35674290951146,0.133407533867945,-0.156678813147983
2021-09-16,-1.9585850997764,-1.47874157383613,0.126591238903636,-0.168095053687758
2021-09-17,-1.91043727751673,-1.27956837492395,0.239442506407654,-0.667830276163754
2021-09-20,-1.93266678372764,-1.29306907754251,0.605353022613613,-0.600603696530065
2021-09-21,-3.19487627653605,-1.44949402692992,0.582684038823533,-0.846626077201723
2021-09-22,-3.28387121829525,-1.48141011930365,1.67681178784246,-1.12081087459456
2021-09-23,-3.57822876418627,-1.05516761105605,1.41965640234318,-0.303974845445776
2021-09-24,-3.35857253424151,-0.400808478027793,0.959471460016577,-0.219217906802973
2021-09-27,-3.12264493523802,-0.395931225354449,0.83865482658081,-0.148265613913759
2021-09-28,-3.28632181610916,-0.515649177163402,1.07494764657611,-0.788088890955444
2021-09-29,-3.16701582099745,-0.703344224991997,0.94346306919528,-0.54478022703973
2021-09-30,-3.2150510084832,-0.593568343307828,0.291861292231999,-0.300514131736667
2021-10-01,-3.6298954317751,-0.947908936621084,1.20582894772086,-0.25482822726738
2021-10-04,-4.09130051575011,-0.928116443438284,1.79444297001392,-0.211682853942635
2021-10-05,-4.2809453597607,-0.897422604793592,1.7067833332214,-0.125114732387692
2021-10-06,-3.16996088852092,-0.743328578648736,2.43707928589657,-0.137057003316325
2021-10-07,-2.99865717508314,-0.576141834968192,2.06227480925859,-0.0681422235236533
2021-10-08,-3.22036593052143,-0.567535483622239,2.12227403138347,-0.0611562370559681
2021-10-11,-3.39430110639663,-0.372903566351761,2.12248634781135,-0.119045703259252
2021-10-12,-3.28244467267674,-0.335231073710018,2.01208779932142,-0.162313951145147
2021-10-13,-3.04939269317693,-0.764099257941533,2.00737612144999,-0.633355403482182
2021-10-14,-3.00970510683757,-1.28509172532747,1.74110919617723,-0.84496903133329
2021-10-15,-3.28506028758986,-0.771553365503153,1.55751744645741,-0.277937990443056
2021-10-18,-3.2009122541258,-0.718386420238249,1.56486221642219,-0.0630556200411715
2021-10-19,-3.27639159932686,-0.943292751010173,1.43780553687547,-0.209606594799666
2021-10-20,-3.33957889487771,-1.0400837837829,1.11186484030411,-0.414689973852476
2021-10-21,-3.43430320462408,-1.12802525360457,0.65277887835826,-0.378129832242532
2021-10-22,-2.48261725604461,-1.84487206609007,1.01316401318464,-0.428232787379658
2021-10-25,-2.37730076569549,-1.96187485026884,0.996050817913678,-0.55842318672691
2021-10-26,-2.31760392394136,-2.2106608336925,0.96939161603712,-0.692773188223086
2021-10-27,-1.91483535630717,-1.33392685025458,0.564740406493122,-0.631184591182986
2021-10-28,-1.50754452931708,-1.48908999155825,0.695045230485774,-0.696048654967525
2021-10-29,-1.78507959637056,-1.95618844099353,0.348190831712012,-0.233841803853273
2021-11-01,-2.2469905636998,-1.59927783083229,0.417096199057742,-0.20466879017889
2021-11-02,-2.20589158538066,-1.25664338850835,0.511654641475172,-0.159511531576326
2021-11-03,-1.86220638291161,-0.210630483625368,0.291123140834658,0.559030279073971
2021-11-04,-2.03349015624971,-0.588628976429936,1.04597334300653,-0.175152707089639
2021-11-05,-1.98367185752375,-1.66431795824953,0.581591161282098,0.711151734672195
2021-11-08,-1.48582023859309,-2.73289418148945,0.202314471722712,0.788679697981304
2021-11-09,-1.22434290494879,-2.32917104179093,0.397129614752725,0.68462205274773
2021-11-10,-1.38820606717953,-1.91725393630276,0.278045991445871,0.929040612871994
2021-11-11,-0.643504935921844,-2.35983877548474,0.99005007178287,0.869066719205267
2021-11-12,-0.405164096924098,-2.72556956131359,1.07946287975863,0.770139193041298
2021-11-15,-0.349107237911806,-2.56571603897411,1.08683105531889,0.754034434133846
2021-11-16,-0.695339465585345,-2.60468062463429,1.32335325617031,0.818378665540689
2021-11-17,-1.07963672565649,-2.23476515693752,1.23486142050763,1.13501253853583
2021-11-18,-1.37981748448906,-2.02631590614243,1.29696708422196,1.04858306252882
2021-11-19,-1.04901026614165,-1.45564464456392,1.01816932947769,0.987476923423535
2021-11-22,-1.05178857615411,-1.35804702340689,1.17616657732989,0.679906979682893
2021-11-23,-0.81732594285236,-0.417865192944345,1.05752388995629,0.353401908929836
2021-11-24,-1.12404530368486,-0.785180062932394,1.32509496399797,0.165045017469746
2021-11-26,-1.61526562781589,-0.651317454805417,1.16323129937762,-0.071364474945444
2021-11-29,-1.6129932949985,-0.700662286054373,1.56963173634926,-0.105738442436831
2021-11-30,-1.47782563959,-0.805415561104182,2.70457179770923,-0.248199107022071
2021-12-01,-0.775787820990167,-0.569903588407616,3.01073530965109,0.0228884055091697
2021-12-02,-0.897033077106792,-0.313282922487685,1.96598066258145,0.944050978972475
2021-12-03,-1.20809890698011,-1.32174651533213,1.93929723821837,0.906931352053714
2021-12-06,-0.795608237052839,-2.55194193189887,1.5757817143136,0.54553631751742
2021-12-07,-0.282951342400408,-2.19857716037375,1.93412744666856,0.524121188503849
2021-12-08,-0.29932260432578,-2.05693175242684,2.00130925288645,0.509560709764035
2021-12-09,-0.430792728164865,-2.17552572855634,1.70212250462334,0.33948004957694
2021-12-10,-0.400440265746084,-2.25332763654411,1.99928324975988,0.148889938803766
2021-12-13,-0.29986233381722,-1.9015198125455,1.63136612482904,0.21571180151407
2021-12-14,-0.477899888833607,-1.71035177685149,1.85517330630694,-0.0380618815346437
2021-12-15,-0.361069815406421,-2.03621969434295,1.98445308385482,0.0896996937725039
2021-12-16,-0.260965824355566,-2.40963320132551,1.9409107080929,0.314440198600459
2021-12-17,-0.249537028463005,-2.29756807975164,1.8335225733506,0.333622496144739
2021-12-20,-0.335949345394946,-2.05997495426188,1.90117317946927,0.416445703096371
2021-12-21,-0.444007200855789,-2.18507514717353,2.02154569694589,0.505689145364826
2021-12-22,-0.380869210023423,-2.37610011153003,1.79333218947889,0.206040796527193
2021-12-23,-0.480734640030821,-2.30931019783431,1.78737651777747,0.160677311443771
2021-12-27,-0.474756822472097,-2.47767445577988,1.69501174929803,0.126371947265285
2021-12-28,-0.601063258713967,-2.17905738742794,2.08878258469688,0.124321385906155
2021-12-29,-0.658525089103574,-2.10492794248189,2.14603651633872,0.15934114105149
2021-12-30,-0.391303357050891,-1.74019823464557,2.03837502392164,0.163345433351506
2021-12-31,-0.122199216609543,-1.86553214685322,1.93150933595975,0.129144347981609
2022-01-03,-0.182175087421776,-2.1638855528939,2.00459589440885,0.0491799531737124
2022-01-04,0.190509912763086,-2.46930729997103,2.10558616863233,0.0448925796927951
2022-01-05,-0.515958312718691,-1.68982547326516,2.10139602089539,0.309592284740005
2022-01-06,-0.679482431481538,-2.82318475849506,1.9663985419245,0.190079166040587
2022-01-07,-0.98621397199724,-1.31381892610754,1.66152589294927,0.105625621584072
2022-01-10,-0.886569702155244,-1.3599877328226,1.57013492894057,0.122543982873875
2022-01-11,-1.02596531107732,-1.62057957834865,1.69373309001828,0.0148271841851443
2022-01-12,-1.17985300902956,-1.73095647485635,1.73273301589564,-0.0181529054101262
2022-01-13,-1.21614582119181,-1.62553969394531,1.82766628656924,-0.0989761401370569
2022-01-14,-1.29143661807652,-1.57083146007632,1.86121335302513,-0.0670186437863692
2022-01-18,-1.26756257435681,-1.65561168616645,2.44845590127595,-0.142092844140122
2022-01-19,-1.294518374212,-1.28648721623271,2.35150562576125,0.132996763447154
2022-01-20,-1.16367533451962,-1.73865804905128,2.34002327955313,0.0341110111048866
2022-01-21,-3.66223240307321,-1.20019901867954,1.4804670225791,0.0381927176196499
2022-01-24,-3.24070485454466,-1.02108528365241,0.79557520621287,0.248545806485632
2022-01-25,-2.75774440870507,-0.796398200172091,2.06607686016241,0.0122546497139248
2022-01-26,-3.10904093229903,-0.780232746309344,2.22272257524916,0.606319570279725
2022-01-27,-2.57324429158576,-1.32600958601146,2.02623152488234,1.2405574283771
2022-01-28,-2.38813739338584,-1.55531549358618,2.75637894136439,1.22347010486021
2022-01-31,-2.4346650506973,-1.47839504849014,2.55318381358892,1.40386155417785
2022-02-01,-2.56863857979822,-1.53224756105235,2.01304464607331,1.34376138763339
2022-02-02,-3.16715622119996,-1.41349610970717,0.78197931740236,1.25539614122823
2022-02-03,-2.75203528986399,-1.09209828621182,0.216627365525897,1.75184667744771
2022-02-04,-3.99182680048674,-1.14484269931802,0.751515723360885,1.58387018590473
2022-02-07,-3.28014511723811,-1.1404982931238,0.901009153100048,1.50082483711348
2022-02-08,-3.12412951140949,-0.91392216814926,0.796770349960719,1.46786495650222
2022-02-09,-3.14441377535599,-0.962530546691257,0.854867593401089,1.42677177396901
2022-02-10,-3.3216463339575,-0.952126418842295,0.358135051344915,1.58269862781629
2022-02-11,-3.20239607797888,-0.488991030577964,0.921496679388289,1.83671015426197
2022-02-14,-3.06111093010941,-0.716552993815958,0.987469641833611,1.4828817459869
2022-02-15,-3.38170210546906,-0.704591427811868,1.57277891028618,1.83257277567083
2022-02-16,-3.42993907763475,-0.894591162981798,1.6237440417215,1.38951293044451
2022-02-17,-3.96058734767855,-0.702650424578944,1.34882383499246,0.906861386721231
2022-02-18,-3.81793285761594,-0.671466227374098,1.38959393585757,1.09162802823181
2022-02-22,-3.80068116715466,-0.504222409711737,1.6372419897793,1.25325979109956
2022-02-23,-3.21158272454429,-0.514461550876688,1.92153242688763,1.37582569430723
2022-02-24,-2.71717024197188,-0.497852438816246,1.99408046505533,1.03705044618196
2022-02-25,-2.5998451962635,-0.824470547338625,2.28928737931485,1.93063189583283
2022-02-28,-2.54813569532256,-0.783000141802703,1.61495991272768,1.28446345272053
2022-03-01,-2.83783681283423,-1.77541902156397,0.249591933159834,2.23618721550303
2022-03-02,-3.12150952710005,-2.29593278765759,-0.175630525446226,2.63987669208376
2022-03-03,-3.01008822225815,-2.69437144442063,0.10375924112617,2.53936347219364
2022-03-04,-3.00446982333396,-2.95789011904417,0.560195229337749,3.00103400955392
2022-03-07,-2.99661784231855,-3.4817729168719,0.187978733197138,2.99337101695805
2022-03-08,-2.87957657802444,-2.79564183778699,0.0289202076517032,2.75153371768795
2022-03-09,-2.18937833378543,-1.59550244799899,-0.729408081380926,1.70747058912609
2022-03-10,-2.06537115881493,-1.07788369882829,-1.25171484664783,0.311968092266432
2022-03-11,-2.78271667455623,-1.03927167404897,-1.42251112770024,0.550043200876763
2022-03-14,-2.79480031581855,-1.11152065517478,-1.54900933864905,0.644042473341992
2022-03-15,-2.58285904090938,-1.09381327457505,-1.52306895618352,0.567232596009739
2022-03-16,-2.9432442358922,-0.738715668713038,-1.41721212848699,0.303391443948132
2022-03-17,-2.63292760554382,-0.424437513007685,-2.36652325644951,-1.59446680490041
2022-03-18,-3.48469638680032,-1.02550176215335,-1.62034051854254,1.13198635678266
2022-03-21,-3.38320916818281,-0.89587098849641,-1.55436332442873,1.1680979369716
2022-03-22,-2.87733395393761,-0.774988409544338,-1.6281474961894,1.19358051929302
2022-03-23,-2.93122333021678,-0.804648300966014,-1.45835943161187,1.28349399541955
2022-03-24,-2.90434394590568,-0.356235143031577,-1.77826989571101,1.49826066515392
2022-03-25,-2.92339498290329,-0.465542256566048,-1.78727577109247,1.50042135214509
2022-03-28,-3.10450015484394,-0.343661845892695,-1.66333937755021,1.44753987063877
2022-03-29,-2.67014898761283,-0.334658401566941,-1.68127616451745,1.35408030514513
2022-03-30,-2.56127902029017,-0.355040451090262,-1.79978970340973,1.43042037821259
2022-03-31,-2.70834554280324,-0.30259303747672,-1.8973571973127,1.48898316211469
2022-04-01,-2.84444624151839,-0.191306586989295,-1.87623231469595,1.66949232890499
2022-04-04,-2.72263068709348,-0.195744950408609,-1.87753256470145,1.65869012453103
2022-04-05,-2.7512760475474,-0.0758440911353932,-1.81800468799135,2.04134752531825
2022-04-06,-3.4061155011519,-0.0500383117679589,-2.21892892167152,2.21793240962729
2022-04-07,-3.15681961520798,-0.045051206643307,-1.92162814387085,2.06245854210868
2022-04-08,-3.15013415692795,-0.0325510902700996,-1.93142093663615,2.0373697645848
2022-04-11,-3.21938802648233,-0.0197674431883183,-2.36049054167532,1.85531476830867
2022-04-12,-3.34990361064793,-0.0430649364917889,-2.58426165603774,1.61082877717652
2022-04-13,-3.62575566875181,-0.16748676250404,-2.26601288992954,1.74239035327714
2022-04-14,-3.82578940864335,-0.130344593333198,-2.29946794803442,1.75557865511235
2022-04-18,-3.95643732347969,-0.0813067385982119,-2.30311788001098,1.77179533170517
2022-04-19,-3.11255647820525,-0.0774497434947639,-2.41290303690185,1.67327447526544
2022-04-20,-3.55714132031853,-0.074012816245718,-2.74375823602747,1.64670721580064
2022-04-21,-4.02837718955041,0.102842963165706,-2.77824518120154,1.74591810901126
2022-04-22,-3.73880302466039,0.261300786984572,-2.98146024871781,0.988359264631971
2022-04-25,-4.12460694073306,0.43551355906566,-3.12175563022292,1.18532818349972
2022-04-26,-4.88663308188287,0.465877479309514,-2.56099915749864,1.92725614410406
2022-04-27,-4.80713486086567,0.557099124358218,-2.27427425717996,2.20655961542833
2022-04-28,-4.76189602274726,0.497873466418411,-2.52410419701566,1.97753296710899
2022-04-29,-4.43523407861838,0.34282633417208,-2.58813903276599,2.04905912698003
2022-05-02,-4.08635483170657,0.420898875481816,-2.67934098626977,1.55605699812508
2022-05-03,-3.34680980403495,0.595258107724123,-1.17739343159899,1.6131666066484
2022-05-04,-3.7867052721179,0.966549177597429,-1.01501532382256,1.9379979523188
2022-05-05,-4.89349984046377,6.42153453227845,-1.02259811355615,5.78661600867723
2022-05-06,-5.92286022557639,0.647268917022922,-1.05976243613703,2.38762078358391
2022-05-09,-6.00723260812505,0.651678901251855,-0.994151738339362,2.39466525459391
2022-05-10,-7.30965402774689,0.786878471051492,-1.7923186139873,3.07586716455749
2022-05-11,-8.01378876954572,0.69037816827805,-2.07370857583017,2.50453564382136
2022-05-12,-8.27334118600445,0.961552489546447,-1.78640974272379,2.56414242549032
2022-05-13,-8.2463581022576,0.960111403339349,-2.27041683936633,2.28014783074955
2022-05-16,-8.34467869811749,0.96476358700848,-2.14404255665163,2.42700592152722
2022-05-17,-8.20318897224013,0.912317678575752,-2.32500593468602,2.25974187096489
2022-05-18,-8.7384007194381,0.486163525889665,-2.9717128429679,1.56761005867896
2022-05-19,-8.62568257667581,1.03137431098453,-3.39437018395358,1.26591056983935
2022-05-20,-8.5591825696212,0.911026625198685,-3.15975606729565,1.28283883140183
2022-05-23,-8.65829214584603,0.948222452734824,-3.0286655145592,1.25619898398537
2022-05-24,-9.22051939891255,0.728977740495444,-2.9743977776526,1.32784044635924
2022-05-25,-9.15917030324104,0.99429736641016,-2.98516504744547,1.48766465815048
2022-05-26,-9.02823807801786,1.04304591327817,-2.94590597765131,1.29548592027106
2022-05-27,-8.42725615178212,1.09640115883521,-3.35468484853142,1.1794250103612
2022-05-31,-8.39235188443553,1.16965941607582,-4.11744270327419,1.19266893985772
2022-06-01,-8.5038387391328,1.38853359391439,-4.72574932186176,1.19563135557427
2022-06-02,-8.22910229095905,1.27084309540088,-4.73965609047726,0.884215869310402
2022-06-03,-7.56839076845209,1.318980948334,-4.75650149456701,0.859456281360264
2022-06-06,-7.53279602766211,1.50104593604085,-4.50069989033069,0.927764337364264
2022-06-07,-7.60367257009571,1.4575474645769,-4.6751062203998,0.715465808086427
2022-06-08,-7.58652036951736,1.60909927103693,-4.76647007359813,0.69042600064648
2022-06-09,-7.0618766208411,1.70660869244962,-4.07387644682198,0.759504836456436
2022-06-10,-5.93615447052692,1.67857003433391,-3.57214555960854,1.30839392752867
2022-06-13,-8.58727756971296,0.520274881252694,-2.42052802101787,2.36467638342528
2022-06-14,-9.78756013890341,0.534356157211975,0.313529122347351,2.65205976676766
2022-06-15,-10.884345283978,0.870135628947487,1.75809417148152,2.04716240858121
2022-06-16,-12.8710070442446,-0.764636623606394,2.33331681134897,2.15273664932082
2022-06-17,-10.8555814182698,-0.208523395015784,2.19931625266791,2.09147184040548
2022-06-21,-11.0218643767343,-0.0676869151295527,2.03334007596069,1.90224507494892
2022-06-22,-10.9238857033065,-0.102343041965183,1.5879919791264,1.62512618704705
2022-06-23,-10.9678828706304,-0.141440878140265,1.5861016704004,1.42071001975128
2022-06-24,-11.0290459077323,-0.12398059145514,1.41128771006561,1.33790858965851
2022-06-27,-11.0336903581793,-0.127547663540016,1.46540084147562,1.28076859729963
2022-06-28,-10.7615851809044,-0.081569596046708,1.75488222725286,1.07274899249086
2022-06-29,-10.972445128751,-0.111185080379565,1.79130243603172,1.07473124661059
2022-06-30,-10.1654909464148,-0.110118404802406,1.80825145103982,1.65178346914633
2022-07-01,-9.90294946706857,-0.0604979821239739,1.58280196396831,1.24457113311731
2022-07-05,-9.3703009035689,-0.0927385203758031,1.95611108598162,1.23990315803238
2022-07-06,-9.1960070466959,-0.143598762874666,1.74186725250479,0.933341231364842
2022-07-07,-9.37464615372624,-0.450545232824851,1.37922216868222,0.786722879748307
2022-07-08,-8.9974790223071,-0.0790980795028169,1.39410498002223,0.686850980685232
2022-07-11,-9.17827940684401,-0.202913896083643,1.41870661347027,0.639747261533514
2022-07-12,-9.99542771348339,0.00595401545397367,1.6578876110132,0.560886420312629
2022-07-13,-10.016600675564,0.222842396206496,1.72105309926189,0.413300578200668
2022-07-14,-9.16568405743024,0.150174214140885,1.0411406048604,-0.492831155108234
2022-07-15,-9.04995356731894,0.0757554443613317,1.28561046867659,-0.720721552857906
2022-07-18,-9.36233553451651,-0.0352390490970267,1.32310889255714,-0.98812688736588
2022-07-19,-9.19479644479584,0.0139692796347726,1.91410557435176,-1.03618823504094
2022-07-20,-7.26044673521345,0.110750547307782,1.06742113298118,-1.05783209228397
2022-07-21,-7.0453666639214,-0.0574470532996382,0.843199510503212,-1.33469406868263
2022-07-22,-6.84109216832872,-0.544401301602392,0.625689923411015,-1.96813587216301
2022-07-25,-6.87846706792465,-0.994098980641807,0.373327028694193,-2.58168588946823
2022-07-26,-6.70084552920656,-0.918465033359266,0.18540644088228,-2.5300010772063
2022-07-27,-7.12711054801562,-0.897104383910939,0.774677301614828,-2.50689621318639
2022-07-28,-7.76655069718054,-2.99439481795633,-2.03326049243428,0.700732447955502
2022-07-29,-5.13807774258549,-0.788948711006319,-1.37245906694979,-0.0312115238584032
2022-08-01,-5.13993147141722,-1.07919345184102,-1.21799158486959,-0.78247303742009
2022-08-02,-4.92618408332376,-1.12833295063496,-1.14674855553781,-1.00395890266095
2022-08-03,-4.9899621008812,-1.106186623714,-0.764548443918336,-1.43771606730254
2022-08-04,-4.95754131918082,-1.83525720612518,-1.12803002933683,-2.81630238572726
2022-08-05,-5.15753736105487,-1.60957758894422,-1.20287769918747,-2.84403861879199
2022-08-08,-5.03890827302057,-1.82312001059227,-1.13172434852694,-2.86548486250937
2022-08-09,-4.68391750198041,-1.91203288957183,-1.25768242942149,-2.58579072460174
2022-08-10,-4.66776601125384,-1.99491000500134,-1.08778326263323,-2.37861628510945
2022-08-11,-4.44805835945224,-2.05783860669207,-1.00584208018698,-2.40974210205967
2022-08-12,-4.41958441272243,-1.99628049423371,-1.02309972670376,-2.30191855922369
2022-08-15,-4.49329797073313,-2.23271426291013,-0.940903277484303,-2.30355219047319
2022-08-16,-4.55990490479182,-2.20853069718039,-1.04164013469705,-2.20912820406057
2022-08-17,-3.8534667745529,-2.08863937848343,-0.688206630758117,-2.27766861700495
2022-08-18,-4.08002202469454,-2.42944683725918,-0.453301718570756,-2.61731588347679
2022-08-19,-3.48057119181305,-1.39904476526289,-2.10129647715889,-1.50173325453889
2022-08-22,-3.56698252541497,-0.786049637498487,-4.96372883098609,-0.405654374677369
2022-08-23,-3.12762659903406,-0.958822648093232,-4.20247457380746,-0.575358274538954
2022-08-24,-2.66938200718037,-1.07000357729502,-5.03388765582392,-0.471519797567599
2022-08-25,-2.4624951895546,-0.75963328235888,-4.58858568665562,-0.0057676303051496
2022-08-26,-2.75196532239519,-0.767812939663826,-3.88753901034694,0.87049037125212
2022-08-29,-3.25690303019694,-0.766805486751611,-3.93163495406393,1.1232701553141
2022-08-30,-2.97315845751344,-0.677557253971708,-3.92673864861743,1.27420307125296
2022-08-31,-2.92348894005944,-0.737967505877086,-4.02340831925539,1.42622673174409
2022-09-01,-2.77341634946514,-0.869132558127036,-4.16181848231077,1.57826314482294
2022-09-02,-2.47485729899422,-0.922906754839526,-3.96742591009282,1.15868951312614
2022-09-06,-2.74431747085707,-1.09799132841486,-3.71677141776657,0.843149219169714
2022-09-07,-1.76622356363124,-0.621291746134799,-2.48020459577412,1.15465876767482
2022-09-08,-1.87227138303474,-0.96805183721548,-2.25689910593908,0.94887954284256
2022-09-09,-3.69460050715931,-1.14339529826743,-2.53313235826809,0.971759875677922
2022-09-12,-2.86928498043957,-1.27928422017099,-0.386344336968264,0.944823230245972
2022-09-13,-4.01652563299838,-1.5423883685496,-0.20937875848605,2.1507003912116
2022-09-14,-2.85833640158455,-0.770544936590861,-0.111773868552227,2.34334992760905
2022-09-15,-3.08756105248761,-0.950193785832526,0.311476160759902,2.82362844033768
2022-09-16,-3.13094993780229,-1.1707313398093,-0.832117829575083,2.07120529343988
2022-09-19,-3.0830441001612,-1.0590659650543,-0.867108312792183,2.00152219859138
2022-09-20,-3.4542147155325,-0.996308505274393,-1.31772137948462,2.19682055242439
2022-09-21,-3.56240742253355,-0.830932068885053,-2.2808505871978,1.74541106306889
2022-09-22,-3.80596714442899,-1.06924146163786,-5.77000733347538,1.60404579586012
2022-09-23,-3.50883378032798,-1.33184928115447,-0.318021568290469,2.90702865726661
2022-09-26,-3.47525741732061,-1.84452656644566,0.899835995966578,2.68078947565187
2022-09-27,-3.54704302013399,-1.77323021045306,1.06702332755981,1.74879523384977
2022-09-28,-3.52768821204247,-3.8395526033381,1.41444349363683,1.46604945098457
2022-09-29,-4.0668757984952,-2.83756269750026,0.933147635646511,1.93650009980612
2022-09-30,-4.09918620685571,-2.88743907374919,0.984016952297571,1.91934235134694
2022-10-03,-4.02400090087357,-2.87938754488971,1.06768928507996,1.7131457449097
2022-10-04,-3.86294336326286,-0.753847984104271,-0.217255230663662,0.954837536070082
2022-10-05,-4.23732223052439,-0.647557268165541,-0.631669461966718,0.191690946118689
2022-10-06,-4.39902470176811,-0.68047601462223,-0.118616403830586,0.198792475324831
2022-10-07,-4.36063028590203,-0.791063916339016,0.0434154748294269,0.165465484450509
2022-10-10,-4.6358344418073,-0.720398752103276,0.0718608758477064,0.0282062864913915
2022-10-11,-3.95040196180784,-0.711340911701514,-0.0233944857622372,0.187632191801965
2022-10-12,-4.00557804274836,-0.755929850278134,-0.0466395907267927,0.320618900001774
2022-10-13,-4.05756180462223,-0.706020186353267,-0.0713018028383381,0.82718747120401
2022-10-14,-4.01965520038268,-0.789156547204005,-0.16709455443093,0.587851182004821
2022-10-17,-3.61538938896854,-0.511389480047207,-0.543674341181937,0.795613910434093
2022-10-18,-3.8203358487953,-0.600724837282352,-0.617861572991288,1.18529699044806
2022-10-19,-3.97973948561438,-0.690194461245835,-0.661418681996675,1.10937321195601
2022-10-20,-3.57315281468844,-0.503666736880907,-0.61763724057308,1.15451963215258
2022-10-21,-3.51995103195238,-0.738853729065209,-0.883839191280225,1.57878563010096
2022-10-24,-3.32035805726981,-1.58345491754571,-1.01834410985545,2.12755824679643
2022-10-25,-3.6971450103758,-0.79698575993149,-1.32501675500157,1.73804612304786
2022-10-26,-4.69455166723224,-0.6191447135517,-1.70339396314763,1.68296079509374
2022-10-27,-4.90973806812675,-0.649501069363568,-2.4463551154944,1.70248380603323
2022-10-28,-4.86776631395925,-0.482620796928332,-2.67664658847522,1.83204902091485
2022-10-31,-4.69498672797678,-0.303551656966849,-2.54690931859974,1.64781789292518
2022-11-01,-4.19640087117143,-0.607249699769381,-1.87792164589502,1.62860048702682
2022-11-02,-4.44624762483601,-0.697854490692726,-1.89543641612699,1.76947999382448
2022-11-03,-4.19647349069738,-0.11766410044021,-1.98850813704015,1.20925603774445
2022-11-04,-4.24162880360579,-0.280685681741387,-2.64907748187941,1.22815184613937
2022-11-07,-3.7986910761152,-0.602714244749262,-2.41067864514288,1.70284310570074
2022-11-08,-6.8436933390525,-1.87521507275774,-6.99238081725354,2.19565896396978
2022-11-09,-7.81456145475006,-1.62457306222915,-2.10072114918616,1.84714459912265
2022-11-10,-10.4120987325944,-2.74435386975176,0.385722719816263,2.35764332604932
2022-11-11,-10.0561430643313,-1.92592857959305,1.18588242204703,1.83117574812769
2022-11-14,-9.73176354220592,-1.73737864994859,-0.914980625844397,2.76104141456644
2022-11-15,-10.1427581742972,-1.85796391535355,-0.751214891736423,3.09730121338099
2022-11-16,-9.60132022625493,-1.84881727950599,-0.617760629361486,3.08188336955793
2022-11-17,-9.60727906188109,-1.6511071470979,-0.55151465536683,3.08935459868556
2022-11-18,-9.49895901458821,-1.27352031144638,-0.359281939141351,3.03958668295003
2022-11-21,-9.44874694213295,-1.28091364498183,0.316683137734874,2.9391411006362
2022-11-22,-9.43890418977093,-1.2689637493901,1.0632221046473,2.98969862000582
2022-11-23,-9.32252558211403,-1.43456153581133,1.21483635674418,3.05797280901425
2022-11-25,-9.75346018849207,-1.74232018217061,1.22860048156848,3.09173232032709
2022-11-28,-9.40612793389776,-1.81883592821611,1.72285091864485,2.54996381781088
2022-11-29,-9.61525862487626,-2.05435350322969,1.59893722637576,2.87644215328552
2022-11-30,-8.76052394955875,-1.93107187957556,1.46723801523948,2.6094447267831
2022-12-01,-8.19855512102928,-1.02279503883973,1.87643753616566,3.26018278693177
2022-12-02,-8.15689712570182,-2.06971031093262,2.4119889653747,2.51619518144447
2022-12-05,-8.07576500982335,-2.05456884706459,2.76647019732329,2.39471713992484
2022-12-06,-7.81005176506274,-2.05645040176013,2.56508575457883,2.14765460365603
2022-12-07,-7.78327875967451,-2.1304556376668,2.13851794961968,1.88242609642551
2022-12-08,-8.18018963075185,-2.26014032361974,2.42158018245383,1.85052459178222
2022-12-09,-8.10333723190773,-2.25127012528115,2.55676784499193,1.75072658677542
2022-12-12,-7.83312590477206,-2.35508788632749,2.41298934361258,1.14597080603435
2022-12-13,-8.06633300742741,-2.55985217748144,1.59569286691905,2.12568300983395
2022-12-14,-7.1659369016513,-1.88850722945772,1.29988538131894,1.58911452273317
2022-12-15,-7.23748625141006,-1.4673488690162,1.37659452812743,1.32911167140216
2022-12-16,-8.7103812317639,-1.10244279320513,1.61676659802327,1.36310837839164
2022-12-19,-8.74009831029338,-1.25529039483103,1.49384246172704,1.43516309925919
2022-12-20,-7.67830118989264,-1.67682300257886,1.5973286939884,1.37267143098723
2022-12-21,-7.52024290270978,-2.02911760346117,1.41839842282594,0.554961046454795
2022-12-22,-7.42623536357254,-2.25045376167134,1.49886131096615,0.119707392565736
2022-12-23,-7.31433821898389,-1.98766193888917,1.36786595416046,0.529011328909386
2022-12-27,-7.41326457090596,-2.19634071178807,1.38400577752845,0.977449685957063
2022-12-28,-7.34960784737304,-2.16390176013378,1.40704871228102,1.1089791550956
2022-12-29,-7.06790043346285,-2.15104490686341,1.36244911775897,1.22134756804542
2022-12-30,-7.14325628968542,-2.23656772377564,1.39854519120311,1.27617895201878
2023-01-03,-6.54204595091879,-2.22653759019695,1.27991364507746,1.1519259383613
2023-01-04,-6.60461634109055,-2.28617567027838,1.33130693554736,1.05508870502007
2023-01-05,-6.48763360551879,-2.15621777716445,1.61561068439705,0.98862708178923
2023-01-06,-4.29597582462979,-2.62406913216774,2.0141434368265,0.946055527655615
2023-01-09,-4.95197299054631,-3.60852527683437,1.55995448798049,2.70390952178612
2023-01-10,-4.83327435190757,-3.14729998393099,1.02552957681657,2.00446386079273
2023-01-11,-5.02009873953617,-3.11197531760395,1.05426192219681,1.86169001690025
2023-01-12,-5.7523236228144,-3.29277870759513,0.04553653874917,1.80569740052308
2023-01-13,-5.42000687364292,-2.6754273077618,-0.498962915152427,1.46668078821251
2023-01-17,-5.29703264101883,-2.24055814386012,-0.0699347642766543,1.58330844385607
2023-01-18,-5.24336802302754,-2.39821455986807,0.204104400095035,1.90075268292434
2023-01-19,-4.92716290226153,-2.57466003322713,0.204534485269214,1.9514883784278
2023-01-20,-8.06134381560016,-2.52531314022432,-0.681275271670019,1.7124266140965
2023-01-23,-7.00174084256581,-2.36882583969582,-0.344497457755608,1.65993745355743
2023-01-24,-6.70178948569086,-2.3873656667713,-0.499407791563828,1.67299241913549
2023-01-25,-6.58559980226276,-2.39096367545474,-0.714211145998641,1.5929657487091
2023-01-26,-5.83322990161989,-2.57981159299335,-1.65020548703487,1.34272837555408
2023-01-27,-6.01008126058031,-2.27913817691634,-1.72743072425266,1.391960597029
2023-01-30,-5.82013141064664,-2.02230495854111,-0.982732608951352,1.38419254348642
2023-01-31,-5.87036035152994,-2.05649792869041,-1.3854197610714,1.35541854377531
2023-02-01,-6.51759721671859,-1.66522417692375,-1.05225303821263,1.48225027726612
2023-02-02,-6.48606216876065,-0.938510440561728,-0.675644944810877,1.42858708683105
2023-02-03,-4.13608459095567,-2.60814708826373,-0.911443304930751,1.16710851013308
2023-02-06,-4.53047686811218,-1.34955900557994,-0.919600794240324,0.38245173272161
2023-02-07,-4.47726303273328,-0.958916257114327,-1.06872815798142,1.22266066268135
2023-02-08,-4.61267645537552,-0.997367833660479,-0.862909846978983,1.4245949287787
2023-02-09,-5.35075748992339,-0.771054132712482,-1.38124256615862,1.59201313033167
2023-02-10,-4.77899003685299,-0.72736404755604,-0.966379408887327,1.67558084502053
2023-02-13,-4.78207504561593,-0.600052209333741,-1.02728896333011,1.66749063527396
2023-02-14,-4.51756567274393,-0.625339407237212,-1.94415185904883,1.56815737734694
2023-02-15,-7.04486496318296,-0.390075042343893,-3.06164056437865,1.72623234588598
2023-02-16,-8.71855838282385,-0.453128104464317,1.47721536073308,1.09769741947173
2023-02-17,-7.4781795798026,-0.460551484028392,1.08319106195248,1.04689331488075
2023-02-21,-7.52797635074046,-0.46992179569745,3.87172681558669,0.574501138549698
2023-02-22,-7.47156018342144,-0.468762666291759,3.75200275617358,0.608839477668993
2023-02-23,-6.94893656115155,-0.509823682285196,3.40618719737857,0.590725745516069
2023-02-24,-7.80470822274461,-0.269500511942965,3.0464198635453,0.642853450391735
2023-02-27,-7.10563075680203,-0.185239170958432,3.05520260136031,0.615849120050401
2023-02-28,-6.71926315623165,-0.32814598145022,2.86205298665296,0.564503558238367
2023-03-01,-6.89995250032706,-0.483778692340457,3.27775371329231,0.626579877308586
2023-03-02,-6.27264290915945,-0.505585920807036,2.94612766134961,0.555814795930561
2023-03-03,-4.66470880979109,-0.483359151765637,2.48785780074691,0.544864308012091
2023-03-06,-4.59466112392353,-0.650248252352061,2.52584932822978,0.658415602434221
2023-03-07,-4.85628316197407,-0.888745842764642,2.55441846147489,1.05790944721802
2023-03-08,-4.63973812619739,-0.915709219135626,2.94494206384456,1.01821352133419
2023-03-09,-6.70966985169525,-1.18701832981953,0.617447274419785,0.334980272662722
2023-03-10,-5.47277800666041,-2.21272231331309,0.776320341877547,-1.13610418927137
2023-03-13,-5.35557982848933,-2.59887908873335,0.579868461074931,-2.8702573102895
2023-03-14,-7.27126385871403,-2.73023368471658,-1.66046032405731,-2.02522673160976
2023-03-15,-5.5638803631487,-2.39595876472471,-0.335957324696334,-1.92662199379934
2023-03-16,-5.16924119529455,-2.54340702975327,-0.535213353979389,-1.6506391831251
2023-03-17,-6.87915383503891,-3.11871834987011,-0.360080708719505,-3.34833010662246
2023-03-20,-6.73322125995755,-2.47845041573813,-1.99612996650335,-0.687676144232476
2023-03-21,-6.09468770422754,-3.00732998623427,-2.02038069985917,0.158479677774849
2023-03-22,-6.42726180945838,-2.79917962368869,-2.22609006108646,0.376929152096547
2023-03-23,-6.31321299728571,-2.99286432748078,-3.34363060276685,2.04918668726729
2023-03-24,-6.082073717329,-2.66360865352233,-2.98444954922816,1.51321772677145
2023-03-27,-5.82500043896396,-2.70019288277685,-2.60770089644856,1.32137132740119
2023-03-28,-5.9279034788516,-2.6807234713144,-2.54987186614995,1.1796805868086
2023-03-29,-5.94678081809056,-2.68876178811126,-2.71438127314539,1.34132986834489
2023-03-30,-6.38561406744541,-2.59524301482304,-2.65257119897138,1.17000173695387
2023-03-31,-6.96858080977367,-2.74407525191455,-2.68671099109224,1.16145645979427
2023-04-03,-6.85249248557812,-2.53308271322195,-2.54988494060861,1.07169620739826
2023-04-04,-6.78037107374189,-2.34661806847192,-2.58294139897972,1.10849290639526
2023-04-05,-6.85855065721828,-1.73055335141124,-2.49581413389917,0.586171191319013
2023-04-06,-6.80517025131057,-1.83243920881163,-2.51498063134244,0.654539246687952
2023-04-10,-6.66961780734992,-1.74597140728094,-2.47488585777048,0.845868948914711
2023-04-11,-6.83462417077259,-1.73367547798629,-2.67987914270405,0.762114945541323
2023-04-12,-6.65315875805021,-1.81949504607626,-2.4975264411549,0.824940001282794
2023-04-13,-5.89809008131511,-1.99499912265744,-2.66388194137204,1.02497253795918
2023-04-14,-5.74369053058632,-2.23357664980339,-2.48387295197794,0.939425717601606
2023-04-17,-5.74785344039546,-2.02939359930995,-2.60803446293226,1.24017329288274
2023-04-18,-5.42108904809981,-1.50551113616633,-2.52015226105091,0.742239335043258
2023-04-19,-5.51594123983699,-1.259473332429,-2.20819444149928,0.654893649470559
2023-04-20,-5.07614407299931,-1.25943461533262,-2.6502174827363,0.818642935727939
2023-04-21,-4.90865360555196,-1.41509556499816,-2.90540475803246,1.13462456785041
2023-04-24,-4.86222786631094,-0.726248764791913,-2.74007353718937,1.62109156373037
2023-04-25,-4.9091089344681,-0.695311940171998,-2.77347190401549,2.27499211501416
2023-04-26,-4.85237485677094,-0.476985433631805,-2.20780203040218,2.48431720871099
2023-04-27,-5.11014013253995,-0.422336901001603,-2.73589392303776,2.00083041220413
2023-04-28,-4.89884739779653,-0.453381840435248,-3.21534260679044,2.02707707413113
2023-05-01,-4.85540089651006,-0.431296975816924,-3.2473099752762,2.02769155487931
2023-05-02,-3.97734348811575,-0.54945954213012,-2.99509536622691,2.09518682676254
2023-05-03,-3.98591776299833,-0.736323972829806,-2.75821202614182,1.73115224631815
2023-05-04,-3.40325255144904,-0.595972665403773,-2.52067963238804,1.64535566691181
2023-05-05,-1.54787071599485,-0.601351882418882,-2.27968102176658,2.82384393686466
2023-05-08,-1.99094843153507,-0.37449362546283,-3.30883799678649,3.82060446667901
2023-05-09,-2.21801018026335,-0.288864274488772,-3.07471775343082,4.22827001205553
2023-05-10,-2.10656030265953,-0.317838615398116,-3.0008983257006,4.33084553815728
2023-05-11,-2.27479937856969,-0.249368249512073,-2.85229150469391,3.99756813589772
2023-05-12,-2.33546915924989,-0.137699521352725,-2.83670553363139,4.16314138627547
2023-05-15,-2.33048516698497,-0.107312877842226,-2.87995698048589,4.22858035203876
2023-05-16,-2.67981786474144,-0.526886195927769,-2.40641591084141,5.19381125437005
2023-05-17,-2.68984639298739,-0.453528659975581,-1.67318049396771,3.46683900178686
2023-05-18,-2.82221027816747,-0.682507360831217,-1.53246202676844,2.86598243219798
2023-05-19,-2.68274545622021,-0.118975056386896,-1.55726201046138,3.04837616862775
2023-05-22,-2.55427005050187,-0.133086313717484,-1.51156254454557,2.72860046418564
2023-05-23,-2.64937840472249,-0.179519093096311,-1.03190364157551,1.88576488848362
2023-05-24,-2.77477715228997,-0.101640830554861,-1.21173290877798,1.99014097117855
2023-05-25,-2.86354566847702,-0.112531998789065,-0.806007144993035,1.62934220794676
2023-05-26,-2.48270538268207,-0.0758517553293265,-0.64572520107233,0.928451987646294
2023-05-30,-2.56800937720703,-0.0906638983246767,-0.818641233445759,0.940069515737949
2023-05-31,-2.75012937126165,-0.0941826556404898,-0.720770375026561,0.969148267410904
2023-06-01,-2.98581791901488,-0.0692004208976159,-0.543787329858612,0.733224762266751
2023-06-02,-2.39703248939105,-0.243951573147139,-0.326887855130391,0.647352113257726
2023-06-05,-2.32393136034581,-0.406019615808905,-0.51818798414015,0.509194740360352
2023-06-06,-2.58949659038078,-0.425162484738804,-0.172029842329921,-0.297405005838773
2023-06-07,-3.53927009577553,-0.70915753918843,-0.471764110594024,-0.148091363940435
2023-06-08,-3.95239454100014,-0.833518556792753,-0.159780527846655,-0.5844569870388
2023-06-09,-3.97369961186965,-0.885786218983545,-0.149332305558519,-0.574214600963988
2023-06-12,-3.90435045816419,-0.836148970129057,-0.125682623146183,-0.505684075350588
2023-06-13,-1.32543999902785,-0.865675685236469,-0.09379369363152,-0.436305372160983
2023-06-14,0.486196478598075,-0.955365637032858,-0.0288016804198024,-0.373011127825584
2023-06-15,0.150575331914768,-0.832061915152573,0.134941065045316,-0.350230246109561
2023-06-16,0.212533659036525,-0.864092218775974,0.0575185864207364,-0.347714445366071
2023-06-20,-0.630873870921612,-0.831102520511136,0.113693681176688,-0.328739220032742
2023-06-21,-1.34119276770555,-0.659335803913875,-0.421949545048712,-0.178892787908981
2023-06-22,-1.24770151868924,-0.516792305647019,-0.706849880497305,-0.409772589853
2023-06-23,-1.53076751831632,-0.386040317510838,-0.767129444825729,-0.208699232959767
2023-06-26,-1.38783103258977,-0.24423059603517,-0.327028395544383,-0.349182187865959
2023-06-27,-1.42609795330935,-0.214965864124435,-0.314708728094358,-0.162035551430439
2023-06-28,-1.29326274597731,-0.245086395217538,-0.377329443844089,-0.378788195246152
2023-06-29,-1.07857060851558,-0.2272968705328,-0.431957289758972,-0.426718985895629
2023-06-30,-0.539495776725778,-0.033690423796527,-0.377733901208913,-0.498375134654559
2023-07-03,-0.904314202533356,-0.111614652120301,-0.41926030774867,-0.406800680181033
2023-07-05,-0.79013226091447,-0.114388616579731,-0.367898691179613,-0.666458246137334
2023-07-06,-0.833491787097141,-0.112121823032184,-0.749407706526706,-0.461105303787506
2023-07-07,-0.846934961169754,-0.284242946049341,-0.388350781021761,-0.600972946378096
2023-07-10,-0.768972432555199,-0.306108290262964,-0.375913274977619,-0.72768521914795
2023-07-11,-0.358860859569939,-0.299931569185732,-0.295267751502564,-0.439033181691333
2023-07-12,-0.478972241371876,-0.170482121607107,-0.186688039816919,0.0501771241453822
2023-07-13,-0.836376300863144,-0.142729037871372,-0.073651679869283,0.0446527246699677
2023-07-14,-0.34710704778026,-0.154994131530326,-0.3034811303533,0.0367732178461553
2023-07-17,-0.24229513723462,-0.142363818050603,-0.322421259788262,0.0363353148043253
2023-07-18,0.335794561214521,-0.180306224617555,-0.256819891301021,0.125319489283741
2023-07-19,0.0733700203873804,-0.225308468769873,-0.243405837282206,0.110552149120141
2023-07-20,0.607145323904841,-0.227831654229482,-0.259903913996839,0.0972024964717751
2023-07-21,0.0698995124296022,-0.210235355539951,-0.29978418456929,0.063388991146859
2023-07-24,0.199259604061063,-0.190065015740941,-0.29475922072206,0.0694633018581437
2023-07-25,0.835516127328366,-0.152154310098827,-0.304353525896165,0.0683607699414847
2023-07-26,0.484323729898575,-0.159771001929222,-0.0638918708562164,0.150737047547433
2023-07-27,0.487185413006307,-0.185572396459158,0.0814507467758805,0.535820348847452
2023-07-28,0.352870010076583,-0.16338243788575,0.114013779442687,1.06532410733891
2023-07-31,0.475553931641232,-0.0440510357154692,0.104889105095848,1.16056854571617
2023-08-01,0.210085607824407,-0.453830268514666,0.1342984544926,0.970214931503096
2023-08-02,0.108506175277572,-0.482291471756918,0.932853977756819,-0.659568144704976
2023-08-03,0.159546691160434,-0.243647365941981,1.08104348455677,-0.417430101697514
2023-08-04,0.202955360394617,-0.053496224238734,0.978585670639659,-0.239669980793748
2023-08-07,0.272064790605822,-0.0648150722643945,1.07958401719267,-0.481357905893461
2023-08-08,0.264607390407218,-0.00555408185162745,0.769766978662093,-0.468026332575265
2023-08-09,1.05330779587491,-0.0668702973517922,0.801850081460041,-0.498417557915409
2023-08-10,1.25499557440337,-0.0502701279448871,0.801046840956956,-0.500365511056439
2023-08-11,0.992964193150054,-0.0426405236918819,0.686046292077029,-0.404575776936727
2023-08-14,1.22242284835862,-0.0387272801284866,0.701657550662476,-0.391007684339237
2023-08-15,1.59532376380074,-0.106240221758213,0.814788833139466,-0.748761823805404
2023-08-16,1.47944655209166,0.00458416063655907,0.700482535988391,-0.872700404342132
2023-08-17,0.0235596744168554,-0.0834675187839735,1.12332733240237,-1.11289374346751
2023-08-18,-0.327167669890909,-0.0651005413329571,1.42458314726313,-1.06985588204627
2023-08-21,-0.235432857960508,-0.0668032512273546,1.54201622938854,-1.07978822926676
2023-08-22,0.343624057413558,-0.0732862313830763,1.56530431786348,-1.08266434926692
2023-08-23,2.1895718164738,-0.105933805001166,1.56997276264578,-1.57932566148755
2023-08-24,1.31577184724021,-0.0953178603598725,2.30161372974466,-0.114925694267579
2023-08-25,1.46001746084074,-0.0955857919904626,2.10606219625765,0.240219811238212
2023-08-28,1.47749664377082,-0.141506821492209,2.10702105709461,0.431620538065777
2023-08-29,0.119128679078546,0.0714599946034499,1.45636675257296,0.385507382930637
2023-08-30,0.22695788373005,0.0182290644320262,0.842820598857958,-0.0787903784469508
2023-08-31,-0.0749133762846439,0.0999818471860457,0.634842717792124,-0.21091767799152
2023-09-01,-0.0104030122458514,0.0725650710202456,1.08397283500193,-0.129350629931986
2023-09-05,0.0463001128355944,0.0500552544617413,0.989747967164527,0.016747714533019
2023-09-06,0.0443193479231354,0.0388167008712718,0.981996296814621,-0.0826180418082521
2023-09-07,-0.251562033692968,0.131385353592022,0.984807860151593,-0.0374639748202656
2023-09-08,-0.0584417575732661,0.131336781460662,0.781121966325411,-0.0334811529568304
2023-09-11,-0.0164747871122566,0.110067658032823,0.845811820201027,-0.0238954579362072
2023-09-12,0.0969944584872129,-0.00112966899804462,0.81485514046258,0.0687889466491098
2023-09-13,-0.261613346005132,0.055170610548253,0.820567563637884,0.358107127470703
2023-09-14,-0.240804589293159,0.0980238193408498,0.529348448551961,0.287490174623627
2023-09-15,-0.284553284070401,0.141792322814845,0.592682868561404,0.328580683368836
2023-09-18,-0.312125345039951,0.192319116018388,0.569741338279397,0.304191150435628
2023-09-19,-0.775467473752971,0.151445908970596,0.484949115774084,0.2861392044763
2023-09-20,-0.536345899736662,0.208303487098342,1.14184644660025,0.428128028281055
2023-09-21,-0.597125627801342,-0.654567079077973,1.02399666665401,0.320400684182152
2023-09-22,-0.362254574034721,-0.883134878833004,1.02250755494764,0.233536068439884
2023-09-25,-0.0392911209846567,-0.973648861458294,1.17232354390614,0.181807764706155
2023-09-26,-0.150949420295639,-1.36367336930578,1.3080109883924,-0.431912676035584
2023-09-27,0.618401246874364,-0.681475563154235,1.11530300502017,1.92940712596945
2023-09-28,-0.956566962232235,-0.551302817150958,0.316188712079262,3.36219476478214
2023-09-29,-0.691344106561464,-0.655978193300179,0.418509246648755,3.47294401537531
2023-10-02,-1.15892875200496,-0.63108463816026,0.506944213554379,3.53084208829947
2023-10-03,-1.1428478144884,-0.688699524966228,1.17489262155085,2.42061193120161
2023-10-04,-1.35492106716362,-0.36792361777613,1.13033966707798,2.89041148930509
2023-10-05,-1.16145990964245,-0.381222369704224,1.54930062668611,2.97264180653468
2023-10-06,-1.49534396782295,-0.0709222504539722,1.59953504202797,3.35947172121348
2023-10-09,-1.45466938682512,-0.0959916889100676,1.76097076124796,3.25000789591796
2023-10-10,-1.38751511657779,-0.148443011000852,1.69746540576341,3.14703484620015
2023-10-11,-0.992231364618765,-0.374681418447968,1.78833047996635,2.83925820429198
2023-10-12,-0.855395610130784,-0.209437165930307,1.52862866057981,3.1277521623094
2023-10-13,-0.562067432280757,-1.41722857594668,1.20477358387596,-3.11994794732921
2023-10-16,-1.59752367374597,-0.328538333752624,0.487481212902564,0.288704345253954
2023-10-17,-1.49596043889205,-0.0834090384137496,0.864646001288093,0.56303254165072
2023-10-18,-1.23760010630842,0.066400562888263,1.27769373192661,0.158562739177151
2023-10-19,-1.24886374382313,0.0581970547875604,0.696259769791338,-0.216087750804532
2023-10-20,-1.79166285231536,0.06103335894411,0.405256738630034,-0.311206608046042
2023-10-23,-2.19515840263879,-0.0136578704376176,0.259170244834377,0.00310342376360467
2023-10-24,-3.079033691009,0.0319654905523691,2.06613901275933,-0.0371718381912315
2023-10-25,-3.54612335662653,0.0215836574715517,2.81396023132455,-0.146002805850661
2023-10-26,-3.71238665373525,0.0346289180650882,3.01106518162189,-0.181831615819549
2023-10-27,-3.85134176070414,0.0311946859318434,2.86437767081541,-0.175840450846595
2023-10-30,-3.87463354569684,0.0347228748595803,2.96833067728082,-0.144393669521034
2023-10-31,-3.88213064481429,0.0544170424387339,2.84726291800198,-0.554564790677412
2023-11-01,-3.99529014327668,0.017062678305747,2.65081441417784,-0.690525798801916
2023-11-02,-3.88192674347342,0.129146093338864,2.05093069211463,-0.540884639236448
2023-11-03,-3.34433195914387,0.08541095069547,3.13550664671533,-0.281171434761564
2023-11-06,-3.15460145972863,0.124076577315713,3.06312777177292,-0.228356301572878
2023-11-07,-3.23939504079014,0.167368622019725,3.11079514328743,-0.28723660958172
2023-11-08,-3.41561875995304,0.398002128252926,3.07553821060825,-0.651795847031577
2023-11-09,-2.95389156660609,0.51680381027765,2.73811732684683,-0.96008563266572
2023-11-10,-2.33933707550551,0.256017691288612,2.65689834202169,-1.06635562651989
2023-11-13,-2.43454619647074,0.355674636364295,2.77271864593838,-1.41593571749594
2023-11-14,-2.20728719127995,0.344372999831491,2.69219963291121,-0.720784190353929
2023-11-15,-3.67354958603335,0.446100856156884,1.66568706682269,-0.828380412118932
2023-11-16,-2.92099564874711,0.155124398563943,0.812217966982189,-1.02014077418097
2023-11-17,-2.82498370506732,0.181852008985907,1.07693871322708,-0.605792614261281
2023-11-20,-2.89496276045153,0.215716857075316,1.20432250242479,-0.634174508898754
2023-11-21,-2.93789789414522,0.222693419427776,0.997523312034216,-0.545102960056412
2023-11-22,-3.60439335537926,0.259029929161941,1.42377315630629,-0.3745902631909
2023-11-24,-2.29007254381331,0.264678152683061,1.49307777904413,-0.508685747436171
2023-11-27,-1.97643901909253,0.30559021312532,1.50970680534078,-0.446624063078689
2023-11-28,-2.0096973802809,0.117050200590313,1.59944833736168,-0.29080163764751
2023-11-29,-1.82747558224488,0.0828257108002289,1.65436329090993,-0.316453836471891
2023-11-30,-1.63629748720907,0.1016511351013,1.62439725267997,-0.196278655858661
2023-12-01,-1.86496708658582,0.257590549355289,1.84590914277811,0.0164561704581101
2023-12-04,-1.60989280788409,0.415313627501688,1.82143747132389,-0.426762790203049
2023-12-05,-1.5956309195284,0.415549615011239,2.6436180239542,-0.183206843721701
2023-12-06,-1.12720059161417,0.434845181156009,2.12647557370141,-0.188063565602333
2023-12-07,-1.08351346881443,0.668179554032265,2.11649140963222,-0.255597756865025
2023-12-08,-1.14865474040809,0.557272013283354,2.59284815208459,-0.912936590760778
2023-12-11,-1.08245046155833,0.425020735594259,2.82770175221279,-1.11909089996242
2023-12-12,-1.49585267314222,0.357632296619282,2.36248253985788,-1.6056768780274
2023-12-13,-1.55971455457601,0.459554566698667,2.26853453135349,-1.60295180491535
2023-12-14,-1.52454145848553,-0.116565582668656,2.22542831725422,-1.62392163392797
2023-12-15,-1.4785190201671,-0.092874768053737,1.76535964378113,-1.26464986113378
2023-12-18,-1.54679281874757,-0.0713310804394791,1.70102632898888,-1.01781748509054
2023-12-19,-1.43736756751458,-0.141336703858113,1.74519692019107,-0.993766002241855
2023-12-20,-1.23986908898013,-0.0541230022207764,0.581139100565019,-1.03739546049213
2023-12-21,-0.974589821684289,0.0050283978854615,0.661734038382495,-0.951662213719744
2023-12-22,-0.761903795522415,0.199524628597114,0.562658705520573,-0.449100681140219
2023-12-26,-0.342060263650753,0.139462185845009,0.367788660454181,-0.253742666937556
2023-12-27,-0.103860061796549,0.156388594129813,0.687631306527986,0.10270245031703
2023-12-28,-0.139841625578178,0.170434084768308,0.766728822742456,0.114306761167337
2023-12-29,-0.090009953704314,0.128984900667639,0.557359153409024,0.0279874337990629
2024-01-02,-0.223664791463842,0.356115636484547,-0.672293566531753,0.0785018710827389
2024-01-03,-0.1204511106938,-0.536883484221519,-0.111844877679209,0.0803225651057339
2024-01-04,-0.355091298584786,-0.364981777698183,-0.576473994124356,0.0754953171924795
2024-01-05,-0.479528309157352,-0.162893053302294,-0.238801359868475,-0.0302998137963436
2024-01-08,-0.494694835001922,-0.0735782583034434,0.00409285001701842,-0.04277677889258
2024-01-09,-0.188899058161775,0.0677419637575984,0.450372741854203,-0.0521158005186685
2024-01-10,-0.142280723845143,0.557141584720101,0.716482409286723,-0.0420552826854979
2024-01-11,-0.21030837579568,0.81280897818046,0.617116872045181,0.0123494189922543
2024-01-12,-0.840762855197143,0.295030879776505,1.31383022882477,0.0417593464214068
2024-01-16,0.0598499679688296,-0.784528112703643,0.224497936179912,-1.20014523894526
2024-01-17,0.0257865771266899,0.0345900710248328,0.59151080442461,-1.74758551488403
2024-01-18,0.023831266228191,-0.288846158335817,0.241705626792639,-1.4662811925786
2024-01-19,-0.192958120739333,-0.379904622764783,0.47850015081377,-0.755933859013588
2024-01-22,-0.201839470153351,-0.473255859977823,0.360240766052172,-0.50658873505204
2024-01-23,-0.209359306644004,0.284082100451339,0.032201070954504,-0.464743075951983
2024-01-24,-0.157383579126294,0.370013218800202,0.00849895875882496,-0.446501012040596
2024-01-25,-0.158966654899833,0.400185397212892,-0.00448022300652467,-0.505074223334414
2024-01-26,-0.220111999392727,0.611844017655922,0.17314692496763,-0.451395199151515
2024-01-29,-0.178404544719966,0.507353752972027,0.132432685230227,-0.488268026508067
2024-01-30,-0.290248798832325,0.526631166144889,0.17986496465007,-0.322722577154721
2024-01-31,-0.353024935707428,0.387005278556735,0.316315533098296,-1.79060205917319
2024-02-01,-0.318918310650767,0.410854150108084,0.399400747156324,-1.39158063764507
2024-02-02,-0.389320025807689,-0.0732820606073536,0.395114676418933,-1.45719874026715
2024-02-05,-0.3980828280383,-0.38425526449767,0.328517629271399,-1.62416711614835
2024-02-06,-0.402955424871596,-0.39144063340745,0.47158986513793,-1.50952587806469
2024-02-07,-0.261396006058515,-0.333079959534058,0.629505210676679,-1.55941370001468
2024-02-08,-0.192800226029595,0.0816495571553699,0.734395220334566,-1.57871181715547
2024-02-09,-0.458948931839124,-0.0484764222703338,0.569061945055092,-1.70820373665409
2024-02-12,-0.621456879016461,0.825320593938657,-0.282668779627077,-0.415678144424878
2024-02-13,-0.0856813393411135,-0.170454521956755,-2.36717507490463,0.704388528272092
2024-02-14,-0.132879965409384,0.0590869441008315,0.189945394949379,0.969340969881248
2024-02-15,-0.216652259114418,0.148085537635217,0.236701216339822,1.18471090259552
2024-02-16,-0.136169144074897,0.0316633814487335,0.234345449752942,1.21677048566724
2024-02-20,-0.102226224422592,-0.288651910919815,0.015285068224497,0.786394533782592
2024-02-21,-0.158889832703352,0.341325549968818,-0.0737713173419222,0.684376221682245
2024-02-22,-0.0410757876613985,0.646118837244229,-0.321188467469384,0.642837384865508
2024-02-23,-0.119199353795017,1.32193087322147,-0.574528264003695,1.53170139471535
2024-02-26,0.0281956662805776,1.65986769743988,-0.613781874957296,1.66110130227628
2024-02-27,-0.180911472845531,1.78441487201137,0.778524713102418,1.5168461535359
2024-02-28,0.112186289971455,2.0385886805528,0.215825022665481,1.50759502681597
2024-02-29,0.0969820989368572,1.63325253647985,-0.156719343863933,1.82220016014374
2024-03-01,0.0450719761261822,0.255214194679217,-0.0150028035216057,2.53530723685294
2024-03-04,0.0105062344565431,-0.306819493567824,-0.112792081260066,2.70462182153218
2024-03-05,0.0118496518424437,0.82005335819625,0.142412592178692,2.4856637244131
2024-03-06,0.0098236178808262,0.820466149211147,0.118479089941759,2.44739185490973
2024-03-07,0.0549167618108463,0.784815296105096,0.230883739077232,2.54573396811445
2024-03-08,0.0298436786848673,0.994932593285122,0.108918161912514,2.11098978688601
2024-03-11,0.0190106806485292,1.14270545052872,-0.0546311703720443,1.60679875787998
2024-03-12,0.0191513759146241,1.08256412199474,0.475961107313801,-2.65457424708427
2024-03-13,-0.0977204473998271,1.0044818200758,0.533507136484942,-2.55033356670572
2024-03-14,-0.14294958664928,0.931377042366843,0.83436526434192,-2.03443340134234
2024-03-15,-0.0471740556682654,1.02168544640254,0.786558176460299,-2.11995807106342
2024-03-18,-0.0209062653682257,0.900004173917098,0.679607843526669,-2.20518486149585
2024-03-19,-0.427136234348329,0.887106640550981,-1.36279311931027,-2.8374653455066
2024-03-20,-0.485133413028613,0.977622401918232,0.189943837276018,-3.39065496168189
2024-03-21,-0.232503490003999,0.67214484972355,-0.302252213639465,-1.80362200206448
2024-03-22,-0.257705965969719,0.39684879903822,-0.671613403819584,-2.39883148014812
2024-03-25,-0.140155092098174,-0.0966893626860865,-1.09872189538586,-1.590921490161
2024-03-26,0.0791231825790316,-0.0491487990061339,-1.138655200228,-1.70253636526088
2024-03-27,0.0835109158039564,-0.131402069071718,-1.15276621218103,-0.883316081759231
2024-03-28,0.284618533384383,0.43544255614058,-1.19579259560005,-1.13845633013147
2024-04-01,0.247313204233998,0.605533662481936,-0.792302392337162,-3.2443448163853
2024-04-02,0.245861408668796,0.642703975100517,1.35024990737461,-5.4028241249613
2024-04-03,0.322528818131129,2.01925207810706,1.25110306039293,-3.9117797749521
2024-04-04,0.386046555899797,1.55514126324112,0.262853875489369,0.895140468015306
2024-04-05,0.123869932323973,0.722526951394501,0.241819452467475,1.22073514013525
2024-04-08,0.0759225322332786,1.0449773128868,0.949453216939833,4.1311774990498
2024-04-09,0.155253996872195,1.34665325895383,0.490739546641934,4.00538525987075
2024-04-10,0.18408025078874,0.625729032361177,0.377787317339941,4.84731783759828
2024-04-11,0.204049530109456,0.815104643684459,0.186297153675974,5.72363912915847
2024-04-12,-0.0669382208956328,1.02316904519928,1.71705494366488,5.64535187036463
2024-04-15,-0.722102486363246,1.26158595057255,1.75327540635561,5.15968989006728
2024-04-16,-1.06722314860541,1.15557710298338,1.79524936563425,5.71938196421757
2024-04-17,-0.71038901952697,1.41604179222426,2.21999547942122,5.32155413897287
2024-04-18,-0.58792108342612,1.39722404577145,2.4186316987226,5.44448136055011
2024-04-19,-0.510027957771217,1.27397378670636,2.66382759358216,4.95900421705424
2024-04-22,-0.421920609433737,1.09812726982112,2.89470896469093,5.3681417292691
2024-04-23,-0.568307084574973,1.24212059188142,2.50075886792583,4.29726504330054
2024-04-24,-0.474977146801247,1.29196412406001,2.56538998347392,4.3055393225943
2024-04-25,-0.29111722562545,1.22752715619578,2.66890477717238,4.43903012568444
2024-04-26,-0.154268834019363,1.23365239017215,2.53413624062074,4.52058734163056
2024-04-29,-0.170683806707093,1.23547619096887,2.48402846814158,4.47469387637041
2024-04-30,-0.82102164908186,0.452781821973025,3.42910734499222,5.9111273232182
2024-05-01,-0.911466367665128,0.466378916458634,3.17346543956056,5.23655881170871
2024-05-02,-1.15133091429086,0.50831765062938,3.76458549929503,5.08710846285514
2024-05-03,-1.47738869740214,0.508155911390272,4.23334552973309,4.66834384799738
2024-05-06,-1.22412016971678,0.531970427308944,4.21050629175913,4.66856994599756
2024-05-07,-1.44526381507782,0.591469179249328,3.97940208522393,4.36399633363167
2024-05-08,-1.65204438559601,0.589781195517158,3.96554153049493,4.36537150772159
2024-05-09,-1.64871093605868,0.593422268098629,4.0492079023553,4.52042764801729
2024-05-10,-1.66390124318884,0.749211382727963,3.11359011844594,4.86773285839287
2024-05-13,-1.6344147167581,0.802664962780901,2.30734511237687,3.51776526234162
2024-05-14,-1.48242338746011,0.693829164915847,2.28610742611177,3.66683146867482
2024-05-15,-1.68463411734437,0.335264811107759,3.19188714326221,5.00298681010927
2024-05-16,-1.57732928320164,0.330318395693019,2.63145752771766,4.08112760198086
2024-05-17,-1.93672135758654,0.265586439401222,2.99530495818846,4.47642098839189
2024-05-20,-1.95715107961095,0.608691885911207,2.93385627863036,4.61103451075965
2024-05-21,-1.74598610978876,1.02133733178488,2.90250646405138,3.63926888065926
2024-05-22,-0.930232562880651,0.399055662146585,3.15454612351475,3.90291217746584
2024-05-23,-1.02845778992375,0.206284633684429,3.2119053391144,5.00400947569076
2024-05-24,-1.07265909125723,-0.311590307682244,3.52031185524799,5.3765769420598
2024-05-28,-1.24198204584968,0.329582466174705,3.46666216786613,5.49540177769044
2024-05-29,-0.96125814368935,0.299971658429525,3.25042451254893,5.46671725682704
2024-05-30,-0.937153198794032,0.383225592912134,3.1403634514767,5.37564495518383
2024-05-31,-0.577638634479552,0.939593551228758,1.97611331442815,2.74057366399031
2024-06-03,-0.58923233785218,1.30875550106606,1.85731203883928,2.87282255816627
2024-06-04,-0.381300266903001,1.66461085868723,1.81477989455103,2.83630279520296
2024-06-05,-0.733961879651398,1.02760201931798,1.78071161525657,3.84689033497719
2024-06-06,-0.436318901672109,1.09149862821917,1.74753063448386,3.91324342351521
2024-06-07,-0.46252266573358,-0.339443737113341,1.98241315677323,0.0986372581432529
2024-06-10,-0.34197770630384,-1.09146152938666,1.69376272548446,2.01446189821512
2024-06-11,-1.1905358875402,-1.02968226571803,1.37101069666005,1.88091510376884
2024-06-12,-1.1651456376112,-1.2037483993432,1.86308327010588,2.43737632421653
2024-06-13,-1.74702404133662,-1.33890715617123,1.70251414840993,1.73921871459135
2024-06-14,-1.91739676526047,-0.910340325006573,0.976416748955642,0.726594701603669
2024-06-17,-1.91060229429249,-0.881172484353118,0.955903858529295,0.803818867868186
2024-06-18,-1.53221449066458,-0.438407134448195,0.93428245637032,0.941727210524281
2024-06-20,-1.9654277853497,-0.494216618933924,0.50586053288482,0.667197624880142
2024-06-21,-1.92630151859539,-0.356884569117042,0.64213096748283,0.277077684722453
2024-06-24,-2.62525101477911,-0.0788381576628129,0.674850657147839,0.400365553748495
2024-06-25,-1.85174836837748,-0.00684992809126928,0.930544420259028,0.160265850912101
2024-06-26,-2.32136833476899,0.0856184728149522,0.889627141410309,-0.175304866136713
2024-06-27,-2.29112465185938,0.00738036413926468,1.08007617630506,0.0297598782397416
2024-06-28,-2.39030705966416,-0.0402759777401066,1.20199592836232,0.0374656720115103
2024-07-01,-2.40245114359005,-0.0273450183367666,1.27508473431903,0.0485270146909828
2024-07-02,-2.10603711707004,-0.00600519054421167,1.2456685051177,-0.0473247057617761
2024-07-03,-1.84873278073824,-0.0368633129323134,1.04507662667981,-0.269851305016967
2024-07-05,-1.33122329229435,-0.020012006782719,0.858632116782091,-0.891044599162479
2024-07-08,-1.39062384741901,-0.0410876042288581,1.01088352036877,-0.260206557955937
2024-07-09,-1.21436449973721,0.164971707312312,1.07573025390737,-0.285129405755906
2024-07-10,-1.19915481863241,0.179394403841707,1.12482769811979,-0.357093274274908
2024-07-11,-1.03766998748324,0.142736499481029,1.08607534383027,-0.515877143390341
2024-07-12,-0.975442095169624,0.15366098448789,1.14535719535047,-0.440998601296291
2024-07-15,-1.45650785566667,0.178761785620187,0.33665117832289,-0.335915671930607
2024-07-16,-0.991051945505367,0.122786879423139,0.378269350768061,-0.531955882034646
2024-07-17,-0.602325626308762,0.18572659084251,1.24017031664226,0.333552002352993
2024-07-18,-0.184226069596615,0.231826367352571,0.995043170794993,0.611226801117067
2024-07-19,-0.201887811842302,0.223191055611072,0.513646613118087,1.83136958279286
2024-07-22,-0.150408281896894,0.245153172621006,0.287874502951788,-3.92396193150201
2024-07-23,-0.295982428687836,-0.0467244740665325,0.194917732185342,-3.88180418604697
2024-07-24,-0.342336535957253,-0.0519516823632524,-0.156639215472403,-2.8744400614884
2024-07-25,-0.46508729885739,-0.159951929456138,-0.254279874908432,-2.53428261160692
2024-07-26,-0.442329309851463,-0.375262319454066,-0.20910279582023,0.320148379221772
2024-07-29,-0.318037502660411,-0.269812200438713,-0.231076072791626,0.23894177069082
2024-07-30,-0.470457585454817,-0.300137256707797,-0.533083640544327,-0.839520099565817
2024-07-31,0.0373783376119352,-0.138576363658499,0.0435116689679564,0.313149608536341
2024-08-01,0.0724930610459609,-0.176938685081457,-0.0425518872611506,-0.056496081456604
2024-08-02,-0.46798521078556,-0.12779266048267,0.414375254877292,2.00447280063278
2024-08-05,-2.23558425631389,-0.0405485800443524,1.22495387389497,2.58213930148502
2024-08-06,-1.21238216192737,0.199276723483741,3.36423630854444,3.34298067338409
2024-08-07,-1.11632735583556,0.154401860842231,3.4857873716355,3.39228057649606
2024-08-08,-0.905946423383784,0.593901489150259,2.82774536634943,3.15883589118877
2024-08-09,-0.567859921861697,0.627033765942011,2.53553705057957,3.11800455516754
2024-08-12,-0.560959859078176,0.667183362463916,2.56934744058182,3.08152950738224
2024-08-13,-0.639782972213255,0.53035342650572,2.36858936620987,3.0280349224369
2024-08-14,-0.442019263978175,0.512639572255226,2.12598821053104,2.56808238866588
2024-08-15,-0.545843471281912,0.661855083472264,2.03497095679279,2.71699436124909
2024-08-16,-0.527315034893278,0.739883828158928,2.13826386223698,3.02813809847031
2024-08-19,-0.487575534388621,0.675260733451008,2.08697624546501,3.31088146485251
2024-08-20,-0.411907505100193,0.716134981075195,2.05680628437587,3.37046168301101
2024-08-21,-0.481247855308856,0.595650220438355,1.89462051470233,3.34835600704885
2024-08-22,-0.584182475816724,0.506387674109792,1.83436563706361,3.18138928289472
2024-08-23,-0.826830042562007,0.412185580034615,1.390434386556,3.10524601977433
2024-08-26,-0.611469101989894,0.451599463793753,1.24664650253547,3.02593668472883
2024-08-27,-0.267156256007962,0.556594874413274,0.84452934529423,2.94843425464298
2024-08-28,-0.603181386102529,0.370250485783292,0.593001999898235,2.85209976263669
2024-08-29,-0.58099887718245,0.627903331737837,0.613159108531023,3.14115013512074
2024-08-30,-0.566650302052933,0.437090703086542,0.646384050218618,2.33444305313705
2024-09-03,-0.621309230786022,0.0843942080757383,0.563645911648971,2.57320052291484
2024-09-04,-0.672586840635324,0.165410457728916,0.568800419924687,2.55055136228517
2024-09-05,-0.601917380667104,0.191835245009566,0.734302867667288,2.49321594165174
2024-09-06,-0.728798747875679,-0.225789535798262,0.693987644285418,2.63762920053712
2024-09-09,-0.623654207902461,-0.132404292568653,0.78363346972683,2.83610467963082
2024-09-10,-0.503428564263699,0.0290477275962535,0.610216693278895,2.74071970557498
2024-09-11,-0.821934646322492,0.0339328924591493,0.712351653481669,2.72387732612022
2024-09-12,-0.79973831302834,0.0422902319232557,0.684524050159288,2.68140290643253
2024-09-13,-1.02210163718409,0.0221983101803793,0.548764147430729,2.66382042462117
2024-09-16,-0.888475861590067,0.114387396359179,0.55770560290364,2.77823565341525
2024-09-17,-0.878530897110236,-0.18340679392904,0.555445967266813,2.75008293854178
2024-09-18,-0.740338751187456,-0.138045939498787,0.510652790591458,2.68359485541577
2024-09-19,-0.449298465035722,-0.0548011085452238,0.381076044233344,2.95119187306408
2024-09-20,0.130681077106433,0.515209128043497,0.459695110406351,3.30063853137075
2024-09-23,0.0878963241519592,0.468125712115078,0.496615152585822,3.54676942766783
2024-09-24,0.0557817404768297,0.397789432590017,0.480723626009624,3.55122908674405
2024-09-25,-0.0862417640928559,0.365833070210614,0.104959446972519,3.68488852455997
2024-09-26,-0.310409108127388,0.166366138971719,-0.205211797045934,3.60830172839705
2024-09-27,-0.78515242835767,-0.0446135506616572,-0.190886778281637,3.53659200646428
2024-09-30,-0.719545709403117,-0.0189998272412683,-0.225269062347507,3.47578250567867
2024-10-01,-0.7819953742251,0.333468597140503,-0.394596159178322,3.01365974523862
2024-10-02,-1.21657686075414,0.204788486815823,-0.346995681510045,2.95971962335642
2024-10-03,-1.02301876834186,0.265999048726074,-0.2181362313303,2.76881848054433
2024-10-04,-0.914732462871032,0.294377691350978,-0.138353463975282,2.7947948493199
2024-10-07,-1.36846394116658,0.188061921544604,-0.458367678895407,2.89891246534717
2024-10-08,-1.45164706629934,0.216576440044382,-0.616006418320111,2.86201632041728
2024-10-09,-1.53652727338894,0.16173501118057,-0.499129796961942,2.9098907004493
2024-10-10,-1.5792808460938,0.174080823464113,-0.442214017746704,2.76071593984756
2024-10-11,-1.54075250292009,0.294894967345484,-0.692308423063563,2.29760959232269
2024-10-14,-1.72603302266428,0.367576409058275,-0.918290408441649,2.10873912133203
2024-10-15,-2.13501414092107,0.282669520802216,-1.15395406584108,2.09581206655963
2024-10-16,-2.15139528853731,0.347913831575333,-1.13003510807272,2.12984062798925
2024-10-17,-2.09550003435207,0.340004036386926,-1.06660778596001,2.14067710665826
2024-10-18,-2.15023351065707,0.287498620480577,-1.11426299471714,2.11087599493994
2024-10-21,-2.08381791502998,0.110325131039886,-1.0849864647568,2.04486465074553
2024-10-22,-2.16290902013801,0.279470075349872,-1.17720659070466,2.14106014053412
2024-10-23,-2.26818903301904,0.257487957907077,-1.33498269034775,1.98988544825918
2024-10-24,-2.5684973936207,0.0659471706542814,-1.3685703607293,1.84556204971067
2024-10-25,-2.64533388170064,0.275815244309666,-1.59941383163633,1.90797488743987
2024-10-28,-2.6417894178675,0.30237128004295,-1.68357091780867,1.94970404851613
2024-10-29,-2.95431237500855,0.433373742455421,-1.90744355374092,1.76186730612558
2024-10-30,-3.59356663821484,0.586291514022722,-1.73193353576737,1.8093927278077
2024-10-31,-3.44475057798441,-0.151117293538106,-1.68918369672951,2.56543344624387
2024-11-01,-3.44601853553837,-0.111858136932684,-1.4885900118771,2.51320110808297
2024-11-04,-3.42166330298159,-0.390527441082091,-1.22707170508979,2.62961365830434
2024-11-05,-3.26607784264468,-0.396158526260429,-1.14773124440992,2.63884656015786
2024-11-06,-5.1339071152198,-0.627974096928263,-0.799370175982364,0.66571605499598
2024-11-07,-5.69327320499611,-1.0713499783461,-1.63132062515925,0.827363094616507
2024-11-08,-5.47832478808315,-1.03020979404312,-1.45141045017539,0.774983573956342
2024-11-11,-4.55564750839691,-0.944527593960554,-3.55820575971595,0.533558220693542
2024-11-12,-7.37269218374163,-0.877847012704826,-3.96113587598425,0.356828698314763
2024-11-13,-6.48663008103423,-1.10166458918363,-4.15631001832517,-0.175661273349441
2024-11-14,-6.13225345472832,-0.74873476814362,-3.36760961756216,-0.489865692095342
2024-11-15,-6.02496725211061,-0.762064689387889,-2.57092700214741,-0.478843132072103
2024-11-18,-5.59483401572124,-0.763061603388026,-2.60848661492169,-0.613876861435363
2024-11-19,-5.24223944591158,-0.845531419621985,-2.44179134773364,-0.777197801127441
2024-11-20,-5.27963282789788,-0.695555427878492,-2.25781620073149,-1.0274383233859
2024-11-21,-5.20147376063485,-0.646641257125734,-2.24604214536558,-0.72254738099883
2024-11-22,-5.25029918872601,-0.269592906814854,-2.01467770798059,0.507535519288549
2024-11-25,-5.1409300685331,-0.307058032964959,-1.70377349886779,1.08680947498011
2024-11-26,-5.2675951693817,-0.289167228361953,-1.36465101250114,0.567434235072727
2024-11-27,-3.8820420963135,-0.335300313231866,-0.65901805764776,0.556919333906135
2024-11-29,-3.8998574651617,-0.340875738418386,-1.03112868073275,0.882056051381587
2024-12-02,-3.82847257497038,-0.387006745874722,-1.22777242369212,0.96870443996085
2024-12-03,-2.71422331577713,-0.361224607765246,-1.2902755056391,0.88732556556061
2024-12-04,-2.32722889360466,-0.378887873055573,-1.18184239079687,0.881865634867428
2024-12-05,-2.2128622191886,-0.0174014893645271,-1.29429942870008,0.354049355638915
2024-12-06,-2.5489625071792,0.102150080928014,-1.04407784130657,1.22904514214956
2024-12-09,-2.58280631687904,0.0999591513419245,-0.80192225316412,1.15956245331493
2024-12-10,-2.86561877734524,0.190034430417376,-1.07263053725081,1.55808918522225
2024-12-11,-2.29259959732677,0.200755814512126,-0.906641154832165,2.28638686899041
2024-12-12,-2.87020440104061,0.0747163336474379,-0.663095578814788,1.21019108357951
2024-12-13,-2.97565553568862,0.11869499202728,-0.627070844031618,0.923753777117879
2024-12-16,-2.98966976338795,0.0193340580737883,-0.726727350142468,1.51104748282995
2024-12-17,-3.09045950267143,0.0629720198496338,-0.337065731289635,1.60828905392199
2024-12-18,-4.43765355695168,0.1315138564097,1.17883580665176,1.49303792178405
2024-12-19,-2.9288801874696,-0.0400714525156863,1.75579830592699,1.88119189501984
2024-12-20,-3.76069051721073,0.192727588801331,3.07437830031547,1.97191272554727
2024-12-23,-3.51969103456958,0.201527634641657,3.0055850750665,2.17485720502787
2024-12-24,-4.13638494759035,0.027311623572664,3.44617567151948,2.25266875004828
2024-12-26,-4.85841300698636,-0.0189477342695463,2.68305966873198,2.27328690567666
2024-12-27,-4.57992130429485,-0.24563462320914,2.53948652218999,2.17818982103734
2024-12-30,-4.51737277541544,-0.325712307964657,2.45876159697201,2.16468577504934
2024-12-31,-4.51992049503161,-0.170660564792208,2.40439409989563,2.26222244566564
2025-01-02,-4.50336480216435,-0.102796369352294,2.35509626196029,2.19883961600236
2025-01-03,-4.59776288082775,-0.0734897284060267,2.44130571518668,1.69478479135275
2025-01-06,-4.63750319031726,-0.0525411761124449,2.47823353612427,1.63706549469109
2025-01-07,-4.64438967730603,0.141724121505213,2.27017130489428,1.38508614366964
2025-01-08,-4.32916871326467,0.136938332887655,2.08563978465962,1.36785933479091
2025-01-09,-4.70794177137067,0.151425999079673,2.07557424129171,1.31915853441792
2025-01-10,-4.27958490117209,0.34668223901054,1.96080322464619,0.970840432485329
2025-01-13,-4.21369904999632,0.444081399499661,1.92258784138222,0.971585714349976
2025-01-14,-4.42281419636796,0.481183836567166,1.86100099428003,0.918172398991126
2025-01-15,-5.20180122329021,0.764416167765588,2.08102128637284,1.8141727853488
2025-01-16,-5.54428102179821,0.893249210292713,2.06042753722563,1.78682867443565
2025-01-17,-5.06556366324704,0.570920256526868,1.96188971826382,1.56958389951434
2025-01-21,-5.45862745380103,0.560493750638654,1.80894225695176,1.49181420356045
2025-01-22,-5.52553405439119,0.497114187031366,1.49856222221954,1.59775233229333
2025-01-23,-5.5163621216972,0.433695997613901,1.53145682358812,1.45104176427498
2025-01-24,-4.94462341168723,0.588963479269384,1.59058943326156,1.72442705475316
2025-01-27,-5.09331574208484,0.408182929908507,1.35369552419633,1.66260999069089
2025-01-28,-4.89501751585621,-0.0618935397152069,0.921583758785539,2.21758577473284
2025-01-29,-4.75782364302177,-0.47945145441572,0.531808331540431,2.086249014075
2025-01-30,-4.85524611973754,-0.274107206927709,0.564719954105293,2.68243545366294
2025-01-31,-5.18729507222029,-0.100802333754653,0.478575666717283,2.3419831797523
2025-02-03,-5.25636562203699,-0.0986726858637206,0.257435112339053,2.40592692311867
2025-02-04,-5.29778997040816,0.171608365646013,0.154030112733075,2.46562578044267
2025-02-05,-5.00289820238556,-0.301683919521305,0.558691737706586,3.0284175505623
2025-02-06,-5.11788531424643,-0.342535688963342,0.571303771980332,2.56017859268854
2025-02-07,-4.93811600965188,-0.221160260781274,0.545575235193819,2.5338220227541
2025-02-10,-4.92712138914206,-0.218020933075879,0.468615252231582,2.56886894416007
2025-02-11,-4.95317496976582,-0.188543644937671,0.389487499505221,2.53787414671819
2025-02-12,-5.30204645727372,-0.157111721661913,0.63751092407347,2.52911098646991
2025-02-13,-5.50428926879455,-0.193552507955601,0.388933324834593,2.67818154320496
2025-02-14,-5.45772272128158,0.656696716344374,0.529678059402411,1.5501146886752
2025-02-18,-4.45884550888713,0.952389063495893,0.609360537937831,1.64732313746586
2025-02-19,-4.44902989602986,0.870206740461101,0.597367528286047,1.56024780490473
2025-02-20,-4.1959399520491,0.936748506439574,0.893339976508285,1.61416867538981
2025-02-21,-3.59664033317248,0.937210843437261,0.770779127642429,1.66528282125022
2025-02-24,-3.75702828585748,0.927822153639674,0.636433563117576,1.73167287688001
2025-02-25,-3.24857202164057,0.769265256097195,0.797278574223374,1.86605300855718
2025-02-26,-4.3186836281005,0.601602118962541,0.387951898143705,1.94047400323872
2025-02-27,-4.18513785833878,0.790242502394727,0.106430255752671,2.81851086701781
2025-02-28,-2.84804285136714,0.839970059763765,0.541243796082857,1.81551997592447
2025-03-03,-3.49785758482279,-0.000410009512960663,0.258625046960637,2.80795209733995
2025-03-04,-4.17804213600015,0.46609148788256,0.344387970224425,2.02720313480993
2025-03-05,-4.39493513605212,0.408322875498919,0.166588100749198,1.9829023463487
2025-03-06,-4.41983360409926,-0.0984610470833536,0.175213218912728,1.63381020804629
2025-03-07,-2.40096617420906,-0.224017673055688,0.694186033338121,1.71365977140057
2025-03-10,-3.44539273619622,-0.397930253163493,0.052524468632587,1.51576747424244
2025-03-11,-4.21727710680556,-0.329409510122449,-0.19900335631952,1.14023485926997
2025-03-12,-4.50681674842476,-0.442169567705843,-0.169307443510417,1.47257332846915
2025-03-13,-4.52826196752542,-0.0303432122929772,-0.137712813451994,1.99875743296192
2025-03-14,-5.24304360862264,0.142948813351953,-0.171806460331242,1.73645137899655
2025-03-17,-5.0703135836315,0.0710757399305213,-0.282316971215938,1.79679907612124
2025-03-18,-5.26362414082995,0.13701483811311,-0.517458202871314,1.5803764067228
2025-03-19,-6.2254888820749,0.0735947730308402,-0.350318732728372,1.71277218138617
2025-03-20,-4.73642098139716,0.0340132579692041,-0.449410263198333,1.5818868316095
2025-03-21,-4.74294368824037,0.0410794030841766,-0.353738706179302,1.46065650072877
2025-03-24,-5.19263582877308,0.120851017116981,-0.445156944596734,1.35879371033698
2025-03-25,-5.27313223441418,0.505566153932299,-0.228395688357113,1.36197976416581
2025-03-26,-4.78600243064274,0.47535197166298,-0.254512482410549,1.32847961829561
2025-03-27,-4.3258369213134,0.783770003587605,-0.212332948482898,1.10520933872902
2025-03-28,-5.53270545584297,0.94739253113092,-0.600616492439721,1.04543648390249
2025-03-31,-5.8404780589234,0.556447619256188,-0.909456618975696,0.952837654972272
2025-04-01,-5.58215442933042,0.642472366862997,-1.20958378879598,0.857343440777055
2025-04-02,-5.44912884800932,0.461055850522167,-1.52187810684816,0.99188565522665
2025-04-03,-2.28915561739939,-0.228685351639418,1.65429258328921,3.41302051990122
2025-04-04,-0.363582307374276,-7.68904195519197,1.41384560643782,0.575050127101864
2025-04-07,0.122715407233675,-6.54777058684637,7.12848115938946,2.721318380799
2025-04-08,-2.00391002812106,-3.25519386577156,9.73155711745355,-0.645483507905299
2025-04-09,-6.71480077929519,-6.29355449943593,6.05779423391118,1.8161484895259
2025-04-10,-8.10281721616639,-3.96652144513412,5.29972366577606,3.20031368799415
2025-04-11,-8.31506804191302,-4.61082471224341,4.38325104365584,2.96777984748859
2025-04-14,-7.91811196001509,-5.02037101110036,4.68515197984477,2.57261798714823
2025-04-15,-7.62918870003676,-4.84309293746071,4.70459904415721,2.50037989125659
2025-04-16,-8.09411902154975,-2.70827240046689,3.40964859735265,3.03454097985959
2025-04-17,-8.26544058688545,-1.68842582283864,2.98660553064843,2.08261394715984
2025-04-21,-7.73718327859307,-1.85004588909712,2.65734134495907,1.90957076722557
2025-04-22,-7.21312323494372,-2.18837811503109,0.522836990875533,1.9846006423364
2025-04-23,-6.96381962272858,-0.619507102143818,-0.151809859050079,0.679147310318786
2025-04-24,-6.93622889852851,-1.7695526172492,-0.227412655209935,0.798248062718845
2025-04-25,-6.94213918348127,-1.87041580683177,-0.182298681656246,0.965111636939335
2025-04-28,-6.96161774288685,-1.89355249538845,-0.208907714394517,0.887317964371296
2025-04-29,-6.70961726103749,-1.74901376878891,-0.143027002776652,0.919640517715461
2025-04-30,-6.69544971417027,-1.58223307577237,-0.209709533594321,0.88385875964858
2025-05-01,-6.69074814570937,-1.58609096955477,-0.67098939336401,0.714942691599737
2025-05-02,-6.59751717730477,-1.50230429111633,-0.584800526694476,0.787540531169879
2025-05-05,-6.65010638072208,-1.51699727543774,-0.714503757052803,0.799083536866252
2025-05-06,-6.50977995615857,-1.19593020488937,-0.407537938837873,0.775937047729239
2025-05-07,-6.60090926572229,-0.933326568734819,-0.332971315762492,0.675292066303569
2025-05-08,-6.80238395469221,-0.729707835406667,-0.743111301896073,0.579825875862926
2025-05-09,-6.72004539141486,-0.7683540475483,-0.796082866380651,0.613799944395368
2025-05-12,-6.34364443390913,-0.905347961482099,-0.513131594693743,0.60000450520306
2025-05-13,-6.34325194634426,-0.922361768447119,-0.516480247819716,0.60236079158504
2025-05-14,-6.38859025294996,-0.872424903604457,-0.446749920041539,0.616011567595443
2025-05-15,-6.05681283372713,-0.687836245506081,-0.385498207406812,0.608956710563236
2025-05-16,-5.87185938144255,-0.450144064852738,-0.185448908880028,0.552380251760879
2025-05-19,-5.79083268433319,-0.450303433893459,-0.132677534814714,0.536337515940805
2025-05-20,-5.75642726958622,-0.151316368955882,0.160365365890749,0.478360500927827
2025-05-21,-5.82450186583046,-0.190517102513483,0.17278545382573,0.48661692413524
2025-05-22,-5.82198438284585,-0.134912422055426,0.0186306335460191,0.476645107507603
2025-05-23,-5.82617262367205,-0.0647364218858673,-0.442913144233335,0.468694268197104
2025-05-27,-3.41213789327881,-0.0809565740405314,0.553637545663305,0.700673471093168
2025-05-28,-3.65847587253217,-0.197998048267112,0.588474834647986,0.701071587358696
2025-05-29,-3.61324128692604,-0.141587928356892,0.337854722510052,0.695861256066422
2025-05-30,-4.15276528587329,-0.287494565738587,-0.0198819632652523,0.655585488250149
2025-06-02,-4.39217007730006,-0.259627238436593,0.0545432220093911,0.666698238355072
2025-06-03,-4.19745881423932,-0.329806137067068,-0.0166521321141122,0.657346217692469
2025-06-04,-4.20532244899261,-0.166172267332835,-0.125047901611081,0.639115199779369
2025-06-05,-4.34901566320073,-0.34542236246678,-0.377646078861252,0.683980229040427
2025-06-06,-3.75568745277811,-0.351803384276615,-0.474194055905825,0.694338351615499
2025-06-09,-3.77819008984917,-0.378204188983365,-0.563163498932612,0.660291341737967
2025-06-10,-4.00050066277634,0.0489361101084475,-0.339349058417518,0.638437287902547
2025-06-11,-3.95709025410485,0.158235477128551,-0.646881907214095,0.631133526306992
2025-06-12,-4.3054943338425,0.336303968688445,-1.38052319554235,0.564506429378724
2025-06-13,-4.56511031953155,0.546928338621243,-1.48474942263362,0.619164570820569
2025-06-16,-4.15745496655884,0.527790276675813,-1.21822571457505,0.723398614518743
2025-06-17,-4.36405894610123,0.56961957224039,-1.06917373685868,0.891459933643907
2025-06-18,-4.59894633061433,0.738467959682147,-1.12696298265263,0.931006193913797
2025-06-20,-4.55750396754088,0.712254579914798,-1.11360441400556,0.934548680821302
2025-06-23,-4.595536208968,0.71351586699866,-1.09389932448137,0.93215200811864
2025-06-24,-4.94464326172207,0.860352581997963,-1.10693967146213,0.596443789685384
2025-06-25,-5.43793061319195,0.978657135494114,-1.00664273808753,0.615622923670061
2025-06-26,-4.79814241639685,1.02436246828806,-1.30476460089008,0.618479887781714
2025-06-27,-4.6238604635252,1.02371463133345,-1.26189371762473,0.50351205843603
2025-06-30,-4.63068194439118,1.06988725337867,-1.2143648720947,0.562902476497322
2025-07-01,-4.44839847215668,0.977450799090842,-1.60256799872,0.491762731312406
2025-07-02,-4.20572288563823,1.00231394547518,-1.8999878492704,0.472359496000803
2025-07-03,-4.11303823349847,1.06510563772395,-1.78498334707404,0.468433516167423
2025-07-04,-4.09696257761598,1.06014229187025,-1.78118525227783,0.473886484188484
2025-07-07,-3.8859701767512,1.09634121237079,-2.03966197099417,0.480621313220625
2025-07-08,-3.87508898628032,0.86615794431742,-1.9320922593553,0.381698914320535
2025-07-09,-3.92123785088491,0.888788713951442,-1.65698064050886,0.403210354948402
2025-07-10,-4.56344282349905,1.07382747235772,-0.999869032173427,0.402255100783068
2025-07-11,-4.00428260860809,1.37510447964253,-0.794778407943808,0.336127200179878
2025-07-14,-4.10371087506214,1.69347941714635,-0.7786814211854,0.245017870631528
2025-07-15,-4.12866085387677,1.36876958226535,-0.549644744644665,0.219296089810147
2025-07-16,-4.05843310089036,1.28193125806777,-0.49862120886589,0.217500516169035
2025-07-17,-3.66400748780733,1.23809488318371,-0.417756670675978,0.171635634790457
2025-07-18,-3.56104813898474,1.29218102408334,-0.568190986170373,0.163971073757967
2025-07-21,-3.40214760085547,1.32618821628224,-0.621345880411669,0.14437074496449
2025-07-22,-3.24061037054797,1.30509025984652,-0.393080935760961,0.144068647920024
2025-07-23,-2.94481674065409,0.917495996588261,-0.436823178736208,-0.193485482696759
2025-07-24,-2.84395132068781,0.840875537231205,-0.452308605189726,-0.177022009461632
2025-07-25,-2.80027912732193,0.739785066333991,-0.447986533483968,-0.298779208019124
2025-07-28,-2.62219702127051,0.579218306312657,-0.510575473529524,-0.190505009196773
2025-07-29,-2.38532981081194,0.687512044796563,-0.551390703572576,-0.211598326933323
2025-07-30,-2.50881855422287,0.75245949171156,-0.368062019608258,-0.36204707912806
2025-07-31,-2.37832938839973,0.727927678180102,-0.521386424154201,-0.140943298167569
2025-08-01,-2.72114737873345,0.303775787790851,-0.266156845678287,-0.585620363884266
2025-08-04,-2.64773575986895,0.62304194814244,-0.383680578898757,0.67544443394426
2025-08-05,-2.63486752487752,0.786455157031309,-0.480583116794637,0.586399880136434
2025-08-06,-2.46614717846703,0.686730026827288,-0.233603475887239,0.610947769653972
2025-08-07,-2.11347264932656,0.836239365357105,-0.408508008358556,0.589178256324249
2025-08-08,-1.84035699248063,1.03570399702518,-0.845129671639798,0.395660222655191
2025-08-11,-1.81968513013247,1.20442343082403,-0.883715044371844,0.355260032000982
2025-08-12,-2.41722255697445,1.07654273646848,-0.717753030769764,0.510526599230399
2025-08-13,-3.02136227306946,1.1794723657662,-0.593124851587447,0.480802789338227
2025-08-14,-2.94759556673958,0.984996161854222,-1.13512066101295,0.487898205852984
2025-08-15,-3.15245736527862,0.960797210766573,-0.958703257298696,0.474347851799971
2025-08-18,-3.11965373849498,1.04856774635793,-0.9825460781873,0.459170618469546
2025-08-19,-3.4614128011878,0.816457538558467,-1.53617325450565,0.448737479194239
2025-08-20,-3.20438605541117,1.22263341285046,-1.51584840599959,0.336727199128145
2025-08-21,-3.23889855137864,1.04489310697473,-1.66744308371942,0.269712222745536
2025-08-22,-3.16859238599699,0.781583645577004,-1.88595889578752,0.0337386336138645
2025-08-25,-2.38064831645681,1.07717687494332,-1.27900775301608,0.0329540341649493
2025-08-26,-1.99189500216259,1.0038706208493,-1.08898010779922,0.0122954943913176
2025-08-27,-1.9477704597131,1.17880468617243,-0.935816639502992,-0.0045808057445523
2025-08-28,-2.61133618808657,1.01705718537895,-0.831133885697925,-0.0869081692563312
2025-08-29,-2.76151043912239,1.04886095987168,-1.28979603652328,0.000587182372615416
2025-09-02,-2.01872181010468,1.18955903234769,-2.15345000165828,0.00976019743888952
2025-09-03,-1.98407739707763,0.848515034467441,-2.59550916750616,0.0118577226982134
2025-09-04,-1.88103760353788,0.97097761389946,-2.52201447706308,0.116051844091625
2025-09-05,-1.9802998155197,0.457485298941243,-2.42874971415978,0.0505730181195726
2025-09-08,-1.98032815611457,0.0413508064555543,-2.51990389751666,0.0246698932297757
2025-09-09,-1.34302371128451,0.372915732519565,-2.713914496507,-0.0224305113017074
2025-09-10,-1.10076772506601,0.422801578209672,-2.61104221575958,-0.0158894996463449
2025-09-11,-1.14671106751586,0.459547524093171,-2.79465748677177,0.0206546825407467
2025-09-12,-1.18135420082576,0.529391743193876,-2.78403927827968,0.0281225417371695
2025-09-15,-1.22356103737756,0.567533315279838,-2.65332801050988,0.0778424927784742
2025-09-16,-1.10897411705442,0.507592474194769,-2.7076635388536,0.084330783507702
2025-09-17,-0.858325769026244,1.19793312327903,-2.68401747372454,0.118703675552089
2025-09-18,-1.16265457450762,1.00977981378348,-2.30468716338895,-0.103760857501014
2025-09-19,-0.422776495955157,0.526385841101174,-4.45634520493135,0.0843862737857065
2025-09-22,-0.708432506985041,0.608429144955869,-4.76534531543964,0.0877390878325475
2025-09-23,-1.10603174453955,0.531941350100797,-3.94492552662395,0.118438053881176
2025-09-24,-0.405698729013899,0.27390902217516,-3.79194361348417,0.261372550402058
2025-09-25,-0.926819323236906,0.883725082868003,-5.91432018450193,0.167597977080221
2025-09-26,-1.10757042148994,1.22467703397177,-2.26619812468204,0.0248703233113123
2025-09-29,-1.21177660550219,0.716103446014131,-2.29394066030075,-0.119741011900964
2025-09-30,-0.514826938494052,1.04838956519798,-1.84467289966326,-0.136376739641087
2025-10-01,-0.36730090494831,1.11538389662832,-2.00025767084377,-0.124712630415419
2025-10-02,-0.390301916319748,2.31211193418851,-1.62594231601019,-0.163467402987601
2025-10-03,-1.05375969840957,0.699011280380332,-1.76818588897777,-0.182579530266357
2025-10-06,-1.29045431587341,0.605350710009703,-1.96239732812046,-0.0432303874926041
2025-10-07,-1.33133972756868,0.435913830051327,-1.83065661199941,-0.123126218378318
2025-10-08,-1.29275197116098,-0.154367279110459,-1.333354530519,0.0576990374411179
2025-10-09,-2.24675305602971,0.382056271011513,-1.2212814844623,0.105214107466673
2025-10-10,-4.99514284569227,-0.180249200100975,-2.25131508706921,1.58258701779737
2025-10-13,-4.73107570743979,-0.240235224935708,-0.0555125509123222,1.01700235460253
2025-10-14,-4.12923099504896,-0.408807863358405,0.348474433829427,1.29571362605945
2025-10-15,-4.29383025839368,-0.831952727217446,0.327111931485689,1.34120850429925
2025-10-16,-1.13788422331415,-3.12306348002406,2.08019231423817,3.07800609185012
2025-10-17,0.443778228627931,-3.8490388588726,2.45174262954191,3.87058828753692
2025-10-20,-0.229223215871929,-4.21715341717363,3.22164684237993,3.31664505228745
2025-10-21,-0.722832479129352,-0.293638358544066,2.10333470498752,5.42643242082592
2025-10-22,-0.852597192121394,0.346002855960022,2.59202562841572,4.39808896623779
2025-10-23,-0.856071673997935,0.317254696399009,2.43430214537918,4.32496015313846
2025-10-24,-1.20752517486727,0.35045317552698,2.83119565292188,4.06375688055363
2025-10-27,-1.33845816463978,0.340685168037172,2.95569455642471,4.12595631130916
2025-10-28,-1.50173618858412,0.474842556655322,2.95624385689158,4.06482855714634
2025-10-29,-1.39000754854452,0.537704489162695,2.78340768376694,4.21335701860717
2025-10-30,-1.37836659916031,0.400823756631159,3.47947143084436,4.0488934221252
2025-10-31,-1.52874541096772,0.475205229557991,2.9611562353567,3.8066583590733
2025-11-03,-1.58496972274262,0.454132584131986,2.83024136246817,3.58407378403795
2025-11-04,-2.63653967022562,0.772686319939436,2.07861161195651,2.90505862414733
2025-11-05,-3.2249238815233,0.928830198050299,2.3254231095806,2.35499802982673
2025-11-06,-2.70397579101153,1.10285599815739,2.35268992711704,2.27964562558869
2025-11-07,-3.11909442858657,1.09543281896806,2.8824930774565,2.15739734260104
2025-11-10,-3.27470225196445,1.12414361578791,2.40676942489904,1.98106747831798
2025-11-11,-3.4523123327954,1.14210295527926,2.63623403881725,1.99160149161981
2025-11-12,-3.20275823918081,0.42556088885442,2.85275864323378,2.54501546653386
2025-11-13,-2.82246206603636,0.317715222017037,2.67141716970613,1.3222314640678
2025-11-14,-3.04614721644958,0.261104748611113,2.47164378188809,0.810430258373102
2025-11-17,-2.75442301297495,0.163113336808132,0.868560370076336,-0.0715787874963811
2025-11-18,-2.90287052314099,0.198429558848118,0.426467888483709,-0.16999855631566
2025-11-19,-3.25201079681629,0.167264609609399,-0.132585821859676,-0.280116480356197
2025-11-20,-3.8153362263455,0.28024395943577,-0.842459310634109,-0.557923525006251
2025-11-21,-3.92290098773178,0.3316476679944,0.324478720778696,-0.907954675098362
2025-11-24,-4.30157290205009,0.372672278232579,0.442037817267297,-1.0929442050462
2025-11-25,-5.80229207344289,0.394004529946083,-0.297554420687781,-1.79562738084859
2025-11-26,-6.30451891792363,0.359840726113119,0.0173392829944632,-1.91786963502814
2025-11-28,-6.00706826957184,0.40658976294891,0.0311817410960131,-2.12579759937763
2025-12-01,-6.09174697780004,0.426074699896885,0.0877915499071964,-1.98900772160806
2025-12-02,-6.41399441936957,0.274413756022549,0.973274377852343,-1.91609915210866
2025-12-03,-6.84199433051627,0.358473665003332,0.462966483827001,-1.70876226428248
2025-12-04,-6.54357179291547,0.344493236997268,0.209621461493061,-1.78051377613991
2025-12-05,-5.91364900722444,0.350141930590268,0.76473590094785,-1.80232855628944
2025-12-08,-5.82754047920429,0.298779340075882,0.327730222502945,-1.9461115077067
2025-12-09,-6.37994115590777,0.477935383221472,0.615028047211334,-1.93990005996526
2025-12-10,-5.99534639889984,0.476619314142548,0.516911821468444,-1.61595471159107
2025-12-11,-4.44098685671356,0.149605069779383,1.33707644573746,-3.11370467396516
2025-12-12,-3.69556113859286,-0.357268794946461,1.31082672837578,-2.68117688293233
2025-12-15,-3.93524232480148,-0.349910147933074,1.15704927253583,-2.62047349891134
2025-12-16,-3.69226732857297,-0.354185924138592,1.21090564793075,-2.6375968562689
2025-12-17,-3.57033901679643,-0.289849543222012,1.1690592626779,-2.29877699042331
2025-12-18,-3.77795201551223,-0.31797807730695,1.29296194621531,-2.3142589264356
2025-12-19,-4.62417081878157,-0.343200516786179,1.76090917512219,-2.33227330244561
2025-12-22,-4.37021492826377,-0.341736488112414,1.58167887456623,-2.50370385737738
2025-12-23,-4.25122184540476,-0.283683053380327,2.02235492180115,-2.70266829903948
2025-12-24,-4.15947628165189,-0.280687870453841,2.14211199187448,-2.72478513114959
2025-12-26,-4.13531183800319,-0.233389388412346,2.15508728990379,-2.7082772291417
2025-12-29,-3.8062480899577,-0.20609776320836,2.31960376813257,-2.76030198118456
2025-12-30,-3.9965770415165,-0.26866976928975,2.16942113720041,-2.50954859861878
2025-12-31,-3.96262062306769,-0.270249445799055,2.00907367675457,-2.57511509561761
