"date","weight_gold","hedge_ratio"
2017-01-03,0.964122389012562,0.332109843500841
2017-01-04,0.969580533100829,0.336402997197058
2017-01-05,0.989177066626162,0.505647353349476
2017-01-06,0.991456257411865,0.426256122342978
2017-01-09,0.994776753639656,0.54909505639601
2017-01-10,0.992672451297634,0.490618039522942
2017-01-11,0.991367141958859,0.464350860789839
2017-01-12,0.994870142150522,0.444413127811492
2017-01-13,0.994042993676914,0.426506409771429
2017-01-17,0.992412679574424,0.386127155107951
2017-01-18,0.993486800088765,0.380849118416447
2017-01-19,0.992101858158457,0.358026327226229
2017-01-20,0.986850490716501,0.28323106915048
2017-01-23,0.98436809576523,0.263956395915732
2017-01-24,0.982741906500252,0.259574930995824
2017-01-25,0.981147877796456,0.265635336514315
2017-01-26,0.968126483227977,0.20334409477874
2017-01-27,0.961974032281501,0.1801248642175
2017-01-30,0.959356297800077,0.175865254777441
2017-01-31,0.956388043003624,0.17159530154854
2017-02-01,0.960499898333491,0.237973318642984
2017-02-02,0.959570673871678,0.23206257775429
2017-02-03,0.954119772041887,0.232180102960256
2017-02-06,0.955143366184622,0.235847882992114
2017-02-07,0.953440157754827,0.232649874793459
2017-02-08,0.956080307413166,0.244669669741441
2017-02-09,0.952972361451408,0.237563411739842
2017-02-10,0.98032180926373,0.366045944344455
2017-02-13,0.976614057490428,0.34285560537844
2017-02-14,0.9725405531847,0.320355919590473
2017-02-15,0.968202587201368,0.301035787089876
2017-02-16,0.959800375469891,0.272452216318206
2017-02-17,0.955655057018683,0.271253602211619
2017-02-21,0.955101449717632,0.265293339857298
2017-02-22,0.970420217566624,0.299423391968235
2017-02-23,0.963339814480165,0.273191580674271
2017-02-24,0.956085381903232,0.302138556092352
2017-02-27,0.953322915359081,0.295138699615007
2017-02-28,0.951181430674598,0.285132164974831
2017-03-01,0.949343267574677,0.275504479696791
2017-03-02,0.958497809228246,0.287506350932975
2017-03-03,0.933239017444278,0.206374428057257
2017-03-06,0.934703304904519,0.201578149378779
2017-03-07,0.933606505459914,0.204406036461943
2017-03-08,0.945257678472795,0.247402947386873
2017-03-09,0.972710404026688,0.365697051144602
2017-03-10,0.971428895554326,0.345426790205778
2017-03-13,0.983018852217406,0.431594299201776
2017-03-14,0.989744694658221,0.497431601948213
2017-03-15,0.987770709497888,0.466168397240354
2017-03-16,0.984453899308176,0.426554399411606
2017-03-17,0.957460246161694,0.196437543474168
2017-03-20,0.97543563374238,0.241428620323507
2017-03-21,0.982896769667853,0.272602761150008
2017-03-22,0.987711313399523,0.371203108504507
2017-03-23,0.989426011295536,0.385815266575999
2017-03-24,0.987534633778095,0.365088919815182
2017-03-27,0.993025866116868,0.449028497712687
2017-03-28,0.992898068550156,0.448181015453188
2017-03-29,0.992189067338014,0.430629950326454
2017-03-30,0.98975088146381,0.391938498034422
2017-03-31,0.984699584127369,0.344653246124451
2017-04-03,0.984793298375077,0.350025683572347
2017-04-04,0.983619041988704,0.343615947025651
2017-04-05,0.98069679863878,0.327004535665382
2017-04-06,0.971501366801454,0.284692856295764
2017-04-07,0.977544502062148,0.329094651410812
2017-04-10,0.973632121462995,0.306802966431766
2017-04-11,0.969334840949634,0.289086826821595
2017-04-12,0.942636273807142,0.236143147373254
2017-04-13,0.94329007778591,0.236492118337119
2017-04-17,0.945158770508528,0.222150998214485
2017-04-18,0.939781063328598,0.218963164291579
2017-04-19,0.947120880666105,0.234327380378434
2017-04-20,0.935814093554972,0.216175928248348
2017-04-21,0.940394440794054,0.22347884692261
2017-04-24,0.939731348603881,0.219860510998182
2017-04-25,0.938485690982098,0.21940258743982
2017-04-26,0.936775036874416,0.191107587237506
2017-04-27,0.937261125209986,0.188873264823475
2017-04-28,0.94823323270352,0.208322608150385
2017-05-01,0.946564680559554,0.205532430385554
2017-05-02,0.958595357634145,0.23556109872466
2017-05-03,0.978153352364196,0.314157788993176
2017-05-04,0.970157514147358,0.256514647486286
2017-05-05,0.942451009672938,0.148200671466998
2017-05-08,0.943377867322333,0.149239394368112
2017-05-09,0.959586297835486,0.167009611018896
2017-05-10,0.968931012651772,0.120545648875959
2017-05-11,0.967368086108142,0.122330781304291
2017-05-12,0.968017782302093,0.136398929821209
2017-05-15,0.979236159947364,0.150455389942298
2017-05-16,0.97820100478236,0.156677030718803
2017-05-17,0.975246583499062,0.135706262122793
2017-05-18,0.965280537551218,0.203116739229218
2017-05-19,0.964114356083014,0.19312826095075
2017-05-22,0.971698159733264,0.216183928993796
2017-05-23,0.977452580794723,0.240232135344869
2017-05-24,0.986609859808116,0.241180813098869
2017-05-25,0.986246827545156,0.228915307671207
2017-05-26,0.987053921720022,0.225327126797384
2017-05-30,0.982728394725087,0.160898240166221
2017-05-31,0.976350836296748,0.148012359762963
2017-06-01,0.976710523203027,0.180215786602781
2017-06-02,0.977684645217476,0.165047701382061
2017-06-05,0.97465330438533,0.175918323479928
2017-06-06,0.971896225367546,0.187314856583388
2017-06-07,0.986780526135742,0.38012186091493
2017-06-08,0.987252342598662,0.398125213920816
2017-06-09,0.979582644721802,0.312171290142546
2017-06-12,0.974989778898548,0.285224536160114
2017-06-13,0.969701170524961,0.258905604331358
2017-06-14,0.976798645463362,0.294227045291904
2017-06-15,0.985227760057262,0.313956551386086
2017-06-16,0.96905205049111,0.246854331380229
2017-06-19,0.969163387681686,0.248838450504022
2017-06-20,0.970588981143789,0.256092801181256
2017-06-21,0.974156451549199,0.25911065316904
2017-06-22,0.971874705393308,0.249295175258078
2017-06-23,0.968009704395882,0.237369872811201
2017-06-26,0.961788591090041,0.226744760061752
2017-06-27,0.976963933583068,0.226673749350751
2017-06-28,0.973725865237878,0.21560567788803
2017-06-29,0.97016918948288,0.20545328583146
2017-06-30,0.966351007797816,0.202009824104125
2017-07-03,0.965690028041176,0.211101613950179
2017-07-05,0.960372350929525,0.196226772716727
2017-07-06,0.955049523189665,0.186797902426831
2017-07-07,0.951806040596603,0.181903959776259
2017-07-10,0.948650260681713,0.225733024348756
2017-07-11,0.933203596458291,0.211885173779403
2017-07-12,0.969023454575517,0.292226679556558
2017-07-13,0.969028918961059,0.297690588436256
2017-07-14,0.968128478506834,0.297764102266225
2017-07-17,0.973148873041737,0.273974266641357
2017-07-18,0.982510544191199,0.255156648250148
2017-07-19,0.992475428290375,0.430838482710159
2017-07-20,0.991081391533594,0.406868407221963
2017-07-21,0.998957373307096,0.784499213281984
2017-07-24,0.997773462788894,0.647526795617605
2017-07-25,0.996530892513808,0.584788628691612
2017-07-26,0.996499900876188,0.594328235470313
2017-07-27,0.995225539873084,0.545585200160128
2017-07-28,0.99374652791924,0.526929732191033
2017-07-31,0.992591431458745,0.517213872312497
2017-08-01,0.989241712053819,0.45088975957574
2017-08-02,0.986880000016654,0.411781337187419
2017-08-03,0.984108415520713,0.383821831313512
2017-08-04,0.981933096956458,0.353991138514461
2017-08-07,0.975429838370451,0.289809961070905
2017-08-08,0.988729145830585,0.268030142523643
2017-08-09,0.987653996096593,0.25345282516674
2017-08-10,0.978748928759167,0.176854727290604
2017-08-11,0.973801404544378,0.167205604812469
2017-08-14,0.982263083041998,0.216664987701972
2017-08-15,0.991136702779371,0.319516406566011
2017-08-16,0.98659457700076,0.257544363600364
2017-08-17,0.986361831827274,0.263690552489596
2017-08-18,0.981799297192303,0.227568102776005
2017-08-21,0.982234597860955,0.236538798735655
2017-08-22,0.979791450240867,0.227435406353807
2017-08-23,0.974213810223596,0.205619604782889
2017-08-24,0.970567310155691,0.197420418403122
2017-08-25,0.97311581517709,0.194539874186077
2017-08-28,0.96774669911393,0.183039410243746
2017-08-29,0.961843292320468,0.169854738939149
2017-08-30,0.970277255995228,0.201863839661792
2017-08-31,0.963965470552365,0.188437266401979
2017-09-01,0.962984149224995,0.20371212707428
2017-09-05,0.966533550652471,0.236444727122006
2017-09-06,0.962403883458141,0.212377794220581
2017-09-07,0.969177944036009,0.207202739756827
2017-09-08,0.959471421703908,0.18228949895772
2017-09-11,0.983147041992016,0.268320536389261
2017-09-12,0.98054130586236,0.253920930656414
2017-09-13,0.97672431836242,0.23960283972925
2017-09-14,0.983386359502598,0.309344436844467
2017-09-15,0.998153945934924,0.632613260758018
2017-09-18,0.998181408460478,0.595300781221341
2017-09-19,0.99716322958503,0.513056592809288
2017-09-20,0.99628569332116,0.46831425487644
2017-09-21,0.994592738133476,0.409102937829232
2017-09-22,0.989805765779985,0.409112686330555
2017-09-25,0.988514296899963,0.391891682120365
2017-09-26,0.988504746363496,0.39594604552665
2017-09-27,0.983839455926761,0.334829107358651
2017-09-28,0.982088958053859,0.259322634340886
2017-09-29,0.980258293790669,0.249770277192267
2017-10-02,0.977043943367273,0.236525090762285
2017-10-03,0.978829176834328,0.229191332589924
2017-10-04,0.976453989211264,0.222719910258336
2017-10-05,0.974542533055368,0.214378401626654
2017-10-06,0.970976056417774,0.195371217802856
2017-10-09,0.967251435920722,0.186857506499867
2017-10-10,0.975206265564855,0.216667320196982
2017-10-11,0.973757899120011,0.236515723024119
2017-10-12,0.968001449275642,0.214234823113505
2017-10-13,0.992308779807759,0.472995660872084
2017-10-16,0.990202730083152,0.448304749675483
2017-10-17,0.986728078204958,0.407175618764613
2017-10-18,0.975816937794012,0.344012098329752
2017-10-19,0.973311861099203,0.331467482292003
2017-10-20,0.971000407944855,0.326210022113608
2017-10-23,0.972302167160664,0.298178865591873
2017-10-24,0.96459209161469,0.271226237972378
2017-10-25,0.98439440922912,0.398391090353386
2017-10-26,0.984446587348312,0.397611308207678
2017-10-27,0.978506348328048,0.334920961291633
2017-10-30,0.97719346162251,0.325348095197885
2017-10-31,0.978696423629104,0.337805289372823
2017-11-01,0.983553447313618,0.324820421940962
2017-11-02,0.983339576022676,0.34168889204546
2017-11-03,0.983966581402145,0.346845845261493
2017-11-06,0.977219104855911,0.28994945981894
2017-11-07,0.96945811192412,0.251672119606806
2017-11-08,0.96635396267247,0.250159977522372
2017-11-09,0.970727143330105,0.286534229002715
2017-11-10,0.975643362832808,0.298795183939083
2017-11-13,0.984012245271474,0.435705440601074
2017-11-14,0.98269281033825,0.456604472767502
2017-11-15,0.98586276075555,0.495989605118196
2017-11-16,0.992283311759622,0.56631942355175
2017-11-17,0.99389725400025,0.605123305192607
2017-11-20,0.985314043517019,0.43455307100111
2017-11-21,0.978780558819872,0.400270497850134
2017-11-22,0.976566828867549,0.386088706593383
2017-11-24,0.973094646046969,0.373036868415218
2017-11-27,0.970360019982456,0.368467028875264
2017-11-28,0.993782845861678,0.676230236499041
2017-11-29,0.99571854731564,0.734023747874889
2017-11-30,0.991392558645942,0.624786782080891
2017-12-01,0.988175552614601,0.55651042053181
2017-12-04,0.991927484395497,0.632297371654702
2017-12-05,0.9908408844215,0.615032064520455
2017-12-06,0.985426743762009,0.502358656843385
2017-12-07,0.999388573977715,0.92538629565228
2017-12-08,0.999330942866419,0.866491175312665
2017-12-11,0.999210695788092,0.855579838683546
2017-12-12,0.998746786771598,0.804983930590044
2017-12-13,0.998288312084938,0.744945569917387
2017-12-14,0.99743351951576,0.667331366974456
2017-12-15,0.99584017632622,0.587410810485062
2017-12-18,0.995677826103131,0.579664913806284
2017-12-19,0.996100534869343,0.595240682594964
2017-12-20,0.996526266426604,0.625038523423791
2017-12-21,0.995817353277618,0.57597698549213
2017-12-22,0.995121439538987,0.549100505277609
2017-12-26,0.996512303203232,0.536504517304455
2017-12-27,0.997665507760404,0.652547843165006
2017-12-28,0.996607017930695,0.588114672011019
2017-12-29,0.995938194405036,0.528264836768733
2018-01-02,0.992700904002265,0.432585625569049
2018-01-03,0.994068530839551,0.522897505492823
2018-01-04,0.992664216128626,0.488775005674251
2018-01-05,0.991122633740364,0.460747414842833
2018-01-08,0.995318296065392,0.565483771206532
2018-01-09,0.995142038636396,0.559365594500248
2018-01-10,0.997557016337979,0.720953623410193
2018-01-11,0.996232018654399,0.654357076516364
2018-01-12,0.99767913566922,0.719903518312766
2018-01-16,0.995569334202656,0.630860101230279
2018-01-17,0.997717899765637,0.61843081728489
2018-01-18,0.997036611967053,0.573430516172589
2018-01-19,0.994405909209421,0.452964982313215
2018-01-22,0.992938838339952,0.419843459930834
2018-01-23,0.991126345882943,0.390407948752938
2018-01-24,0.992548009449135,0.39670472481501
2018-01-25,0.986349923157843,0.350926992800862
2018-01-26,0.984115291776707,0.328526928692318
2018-01-30,0.978645222092989,0.29600131966597
2018-01-31,0.993317650094199,0.55032698535125
2018-02-01,0.991945458902971,0.519497517859403
2018-02-02,0.995224050170709,0.584435228778788
2018-02-05,0.99305720256943,0.538259067849061
2018-02-06,0.994107284910736,0.603566195325339
2018-02-07,0.993483459520036,0.599279763567426
2018-02-08,0.988103117092499,0.504893593557819
2018-02-09,0.992286430193796,0.59005790554282
2018-02-12,0.992103607006634,0.574882461506781
2018-02-13,0.990320966882606,0.543771781193886
2018-02-14,0.987749451490754,0.503600093153607
2018-02-15,0.988467106622232,0.621441027063783
2018-02-16,0.991576039309371,0.665766264575692
2018-02-20,0.990272618331954,0.640367836822093
2018-02-21,0.990487322334968,0.642745170730736
2018-02-22,0.993889824016989,0.712788303397333
2018-02-23,0.995988297198982,0.775060989190188
2018-02-26,0.994206020182548,0.715210994819408
2018-02-27,0.993337322088022,0.69606124075941
2018-02-28,0.988847558689862,0.544227647834474
2018-03-01,0.988402311385005,0.537921503445139
2018-03-02,0.983751544182977,0.445440772923198
2018-03-05,0.972348064003035,0.368708588065918
2018-03-06,0.966634881515724,0.363490734302222
2018-03-07,0.973458469286236,0.354575557261498
2018-03-08,0.984649015963252,0.461574458919044
2018-03-09,0.987650878293731,0.511548872669367
2018-03-12,0.985935945332711,0.488767342475158
2018-03-13,0.984031183115926,0.466204656843333
2018-03-14,0.980125653394759,0.428976102202438
2018-03-15,0.994711165379034,0.661495268063423
2018-03-16,0.99109817953933,0.570455130160504
2018-03-19,0.98747875466308,0.510380869371374
2018-03-20,0.983656855251451,0.469001750950246
2018-03-21,0.988756948856805,0.497141793668876
2018-03-22,0.983665710423835,0.434919984384596
2018-03-23,0.981147906761688,0.404953833172542
2018-03-26,0.959382769179254,0.309167571634743
2018-03-27,0.951447678042478,0.23849902634308
2018-03-28,0.972708886838241,0.347858414528842
2018-03-29,0.961804716281646,0.294051404433869
2018-04-02,0.986096021648106,0.444759176380138
2018-04-03,0.98472354157085,0.429064899743122
2018-04-04,0.985478636702028,0.406580519187594
2018-04-05,0.990640276710927,0.466633360696383
2018-04-06,0.985734790175138,0.403681103167178
2018-04-09,0.983494969639227,0.373289512237668
2018-04-10,0.982846404096276,0.379862641628596
2018-04-11,0.979677170303073,0.352618954240491
2018-04-12,0.970905510012298,0.315550440517655
2018-04-13,0.982887333185792,0.221865745480436
2018-04-16,0.980749488642709,0.212255862434154
2018-04-17,0.979336162536389,0.21429733020094
2018-04-18,0.978755005855753,0.215504510812188
2018-04-19,0.97795927637093,0.219208059367311
2018-04-20,0.973918006567236,0.1999337568181
2018-04-23,0.975555566102301,0.153709692107319
2018-04-24,0.96742933880078,0.134981114638896
2018-04-25,0.982423077707756,0.234689771384407
2018-04-26,0.988442946379522,0.349852647945371
2018-04-27,0.987371649738521,0.324592707828691
2018-04-30,0.986090219296482,0.307410086099722
2018-05-01,0.985169318503654,0.30732584638992
2018-05-02,0.978231218906172,0.281317409344736
2018-05-03,0.975645429115469,0.267784986302918
2018-05-04,0.979248242953111,0.311364860894284
2018-05-07,0.976210741648903,0.294415660120239
2018-05-08,0.972946787580176,0.278785483454778
2018-05-09,0.977397822364981,0.304775814619969
2018-05-10,0.973404305254191,0.284269262297984
2018-05-11,0.969602186781347,0.24560033776288
2018-05-14,0.98341703328115,0.334374893973141
2018-05-15,0.980655500694356,0.310278990052545
2018-05-16,0.94138970337813,0.211375748837256
2018-05-17,0.946206887901152,0.219976796081888
2018-05-18,0.956604333509045,0.247298981716623
2018-05-21,0.957870609224481,0.251792326672093
2018-05-22,0.958142717640657,0.253740498409522
2018-05-23,0.969779947967148,0.289602160282825
2018-05-24,0.982118298709019,0.374574977017539
2018-05-25,0.970580993551065,0.306235392303791
2018-05-29,0.969316679306772,0.30232943761794
2018-05-30,0.969209169604705,0.29984510959375
2018-05-31,0.966312158318232,0.287414279105488
2018-06-01,0.963015806715428,0.274603212273655
2018-06-04,0.956336610760903,0.253256453985429
2018-06-05,0.950870648978953,0.235774011107868
2018-06-06,0.947816580443903,0.229398362177637
2018-06-07,0.946097280057739,0.226328017805372
2018-06-08,0.944694230320024,0.224110059899386
2018-06-11,0.944756926909621,0.225792210135614
2018-06-12,0.983332524844344,0.383882574213877
2018-06-13,0.990054114278729,0.492166250658068
2018-06-14,0.988950729437765,0.472055153933473
2018-06-15,0.988733101783042,0.48844482434006
2018-06-18,0.95953452295795,0.340130130701626
2018-06-19,0.924084914091321,0.24118421927443
2018-06-20,0.934516181280967,0.256712213804922
2018-06-21,0.936565453822842,0.260325499483227
2018-06-22,0.939110563362193,0.266464461156845
2018-06-25,0.985235750551137,0.464620784558925
2018-06-26,0.983835922858469,0.449099635228774
2018-06-27,0.979166584546831,0.416405720355227
2018-06-28,0.975959184128675,0.391961389179635
2018-06-29,0.979518191451335,0.430221003102816
2018-07-02,0.984083097362255,0.476938582643858
2018-07-03,0.984654920017908,0.48751568107755
2018-07-05,0.976045063438949,0.418153374830707
2018-07-06,0.966545856101637,0.368420320778202
2018-07-09,0.963543601871959,0.354681459212587
2018-07-10,0.96212799718497,0.344681731223658
2018-07-11,0.985056673890044,0.513251893417299
2018-07-12,0.975248208308902,0.422392893087385
2018-07-13,0.976178528063683,0.425287859069819
2018-07-16,0.970744005048039,0.392687264434376
2018-07-17,0.971175221869267,0.379395996753279
2018-07-18,0.988355746256754,0.36106663534696
2018-07-19,0.986461733394391,0.341255117170648
2018-07-20,0.983343790777849,0.311486162141779
2018-07-23,0.979307511773303,0.27820462188094
2018-07-24,0.975736969495137,0.268798869122397
2018-07-25,0.991222333801651,0.389885967060423
2018-07-26,0.988333284445947,0.336110984273225
2018-07-27,0.985691668105403,0.324442195416153
2018-07-30,0.983174897762485,0.298479602934751
2018-07-31,0.979282430235852,0.273989819025971
2018-08-01,0.982669987288496,0.28864933918264
2018-08-02,0.978549448774856,0.275885171847276
2018-08-03,0.9716125148902,0.250563772599593
2018-08-06,0.969430694206485,0.239180672338148
2018-08-07,0.978931538676213,0.264938482621622
2018-08-08,0.979915387480287,0.270835082523086
2018-08-09,0.985922798214236,0.298974893480284
2018-08-10,0.984784007105921,0.285323936490817
2018-08-13,0.987401975938112,0.319440205770655
2018-08-14,0.984307592819671,0.29067160807549
2018-08-15,0.981197999253326,0.269193045327053
2018-08-16,0.961010795528299,0.173898033551045
2018-08-17,0.958614249560776,0.170165601268308
2018-08-20,0.964534225030075,0.182269107500139
2018-08-21,0.966014322607644,0.188461954922879
2018-08-22,0.961210038382429,0.182436924107271
2018-08-23,0.959870188277324,0.175768843549915
2018-08-24,0.950457091774981,0.139481644690534
2018-08-27,0.928763545063769,0.148758136831325
2018-08-28,0.902520452897585,0.133332885076546
2018-08-29,0.936493138984803,0.159111789763507
2018-08-30,0.937991691039735,0.16363263258004
2018-08-31,0.935900753787045,0.16714509097529
2018-09-04,0.937527599078983,0.17075592831555
2018-09-05,0.941087734097946,0.178208821325628
2018-09-06,0.979999386722355,0.271227130195756
2018-09-07,0.980537167276366,0.267916399600036
2018-09-10,0.976037063611536,0.250662287750832
2018-09-11,0.974707166176045,0.258879226005106
2018-09-12,0.970761722589454,0.24444286439771
2018-09-13,0.961310085512635,0.217814731300371
2018-09-14,0.961208575211144,0.210885208403409
2018-09-17,0.952360019950665,0.194051016829488
2018-09-18,0.9463331141372,0.191617397667966
2018-09-19,0.946634603293877,0.197017900517788
2018-09-20,0.943193680321886,0.192717449018155
2018-09-21,0.945858048957814,0.202286945008797
2018-09-24,0.942822201421056,0.165624268817169
2018-09-25,0.932342774944641,0.161690363976931
2018-09-26,0.951715955081871,0.190526115019303
2018-09-27,0.945559800694393,0.177783947190155
2018-09-28,0.935797284236829,0.138923609021825
2018-10-01,0.92999632706441,0.129926782817443
2018-10-02,0.924911902648024,0.121618171112499
2018-10-03,0.905184385501175,0.0990450667891261
2018-10-04,0.912297794254531,0.107552357580153
2018-10-05,0.91931704123873,0.112058298015501
2018-10-08,0.922625632265984,0.116894202014718
2018-10-09,0.924575827231452,0.118692436306696
2018-10-10,0.926688141288477,0.12203612367252
2018-10-11,0.93078825840429,0.125436435062375
2018-10-12,0.870344030565561,-0.050620386930035
2018-10-15,0.878247918101396,-0.0500025517571443
2018-10-16,0.889801120133343,-0.0546195630617714
2018-10-17,0.912666602668451,-0.0589225680739936
2018-10-18,0.915871290671462,-0.0540434397683321
2018-10-19,0.920549087518205,-0.054128521249673
2018-10-22,0.921784939993826,-0.0505669436074045
2018-10-23,0.922217229283284,-0.0475744526175277
2018-10-24,0.907159119683592,-0.0435110062727623
2018-10-25,0.9061215837102,-0.0407344044597393
2018-10-26,0.911312286037858,-0.0391658643903789
2018-10-29,0.913791489358086,-0.037247714204694
2018-10-30,0.91706060566114,-0.0371102153405835
2018-10-31,0.924693364355956,-0.0301974792787189
2018-11-01,0.908625927213618,-0.0188799776148702
2018-11-02,0.850718443162132,-0.000606614503888882
2018-11-05,0.86576290946137,0.0014907007821276
2018-11-06,0.877419412734624,0.0045997392987206
2018-11-07,0.886831679317974,0.00225381690351549
2018-11-08,0.899309854805774,0.00575977887499472
2018-11-09,0.909664526445532,0.01369401569146
2018-11-12,0.881208332657371,0.030538764189093
2018-11-13,0.856032155321396,0.0290251553816528
2018-11-14,0.876182525993132,0.0346960398768626
2018-11-15,0.96933035287578,-0.0344228445076192
2018-11-16,0.967129291082116,-0.0332340060836889
2018-11-19,0.962341193413569,-0.0340702640675637
2018-11-20,0.963480844486559,-0.0549323747607425
2018-11-21,0.992598456934162,0.0484865633952427
2018-11-23,0.991083407975697,0.0640698717734004
2018-11-26,0.988707491205678,0.0601132746129425
2018-11-27,0.990760811751378,0.00962325494234543
2018-11-28,0.987396251219103,0.0290259754270891
2018-11-29,0.990141217065358,0.122008530249133
2018-11-30,0.988427519750997,0.118302067468885
2018-12-03,0.988766349203922,0.148957928690789
2018-12-04,0.986000089101515,0.133309362231577
2018-12-06,0.983042875192754,0.108917148731491
2018-12-07,0.983627068930137,0.0777920340658271
2018-12-10,0.97965078119293,0.0548538916713874
2018-12-11,0.976354085197873,0.0726528184065912
2018-12-12,0.975595029315179,0.0821034861517339
2018-12-13,0.972693147176305,0.0830837453419702
2018-12-14,0.977215169549103,0.107646435893002
2018-12-17,0.97315022577187,0.115966418108844
2018-12-18,0.969432913397952,0.0946761679887629
2018-12-19,0.985939722287166,0.149838828721193
2018-12-20,0.982982605899276,0.142422844165944
2018-12-21,0.988761895882835,0.27878592324875
2018-12-24,0.987856995290061,0.314879165883056
2018-12-26,0.983301912078007,0.256631139268583
2018-12-27,0.977217807678598,0.219679284608605
2018-12-28,0.978849539165636,0.202725025011561
2018-12-31,0.984172616367025,0.240154400285189
2019-01-02,0.982863494196849,0.230366672057898
2019-01-03,0.980830277283346,0.224062044313111
2019-01-04,0.974824407274364,0.177670060958732
2019-01-07,0.966457008043893,0.154519345260128
2019-01-08,0.961592201232979,0.125684339435674
2019-01-09,0.958155330322606,0.119405975035202
2019-01-10,0.953436911772316,0.11478853719577
2019-01-11,0.983607311322072,0.248229599206513
2019-01-14,0.980524273921664,0.232130642107735
2019-01-15,0.977442335763852,0.217562862338245
2019-01-16,0.972818278337227,0.20304317444153
2019-01-17,0.967553215537438,0.190351030461665
2019-01-18,0.96328033857658,0.180637127067935
2019-01-22,0.950957235785563,0.16491452672669
2019-01-23,0.940907531818395,0.159550461588512
2019-01-24,0.941492010134783,0.16150860713542
2019-01-25,0.938406163563011,0.15751144090433
2019-01-28,0.906724004091698,0.124755869102426
2019-01-29,0.888068915110871,0.0985361893007998
2019-01-30,0.919056230827122,0.108085155400469
2019-01-31,0.924596162563273,0.113690937968213
2019-02-01,0.921543873049133,0.106468946352263
2019-02-04,0.924239206095167,0.107926676557667
2019-02-05,0.925765678425615,0.111471222344006
2019-02-06,0.928695163557239,0.115650855466222
2019-02-07,0.933156881705248,0.129355437829363
2019-02-08,0.934310443443662,0.132306626115457
2019-02-11,0.977035569934729,0.24769515005104
2019-02-12,0.972347225760321,0.229134332201902
2019-02-13,0.968163969611076,0.215677432206547
2019-02-14,0.964146205240416,0.205093594432966
2019-02-15,0.959854597885887,0.1969814951487
2019-02-19,0.950991409436382,0.179497419811288
2019-02-20,0.96904411739786,0.261188727959792
2019-02-21,0.965888709681935,0.252889395330564
2019-02-22,0.935414159694392,0.204787163068613
2019-02-25,0.937669979825105,0.211225883393861
2019-02-26,0.941199471072371,0.212050575021365
2019-02-27,0.95001985724176,0.231674057613185
2019-02-28,0.943148369176981,0.22006648604692
2019-03-01,0.939992936938987,0.215268740393229
2019-03-04,0.910888783710917,0.17782700039126
2019-03-05,0.892972794208383,0.171770237747936
2019-03-06,0.910541031126719,0.184271731554602
2019-03-07,0.917858016130951,0.19229316950752
2019-03-08,0.923341030634878,0.199041758543278
2019-03-11,0.910922154635116,0.180457098320693
2019-03-12,0.903847876182183,0.179575387835069
2019-03-13,0.911078480344062,0.182281838924263
2019-03-14,0.906843195088701,0.176103437863113
2019-03-15,0.889590286801959,0.158805344721093
2019-03-18,0.898675179005356,0.1691591180486
2019-03-19,0.912176097482203,0.189619046100041
2019-03-20,0.91949364814243,0.199599459590054
2019-03-21,0.921750738790078,0.201590285509175
2019-03-22,0.930082919587247,0.206203760151311
2019-03-25,0.930591934585883,0.205806511895277
2019-03-26,0.93137158092487,0.204589595554639
2019-03-27,0.926975562063901,0.203958541451577
2019-03-28,0.937624982414335,0.208030683611092
2019-03-29,0.89393009840302,0.167858646966609
2019-04-01,0.906170956298485,0.179313309857203
2019-04-02,0.915092774620638,0.189124193271831
2019-04-03,0.99530488964185,0.559657937417657
2019-04-04,0.99394692740219,0.516270672215648
2019-04-05,0.992132901138164,0.474502912199351
2019-04-08,0.990176217607891,0.439799326270513
2019-04-09,0.988241255963949,0.412972355080968
2019-04-10,0.983939673246413,0.367574612298665
2019-04-11,0.980753617912309,0.349064980191378
2019-04-12,0.970736876834346,0.359389753455214
2019-04-15,0.969303747804213,0.352467536735329
2019-04-16,0.967344708667406,0.343639264873482
2019-04-17,0.953415425482003,0.275906493054236
2019-04-18,0.95290551554589,0.274533259577767
2019-04-22,0.952440822300072,0.272838737643076
2019-04-23,0.951660104348639,0.270320364559217
2019-04-24,0.962407095224916,0.283662265966107
2019-04-25,0.960925747416719,0.270098372924749
2019-04-26,0.974304279680581,0.323956915746439
2019-04-29,0.967253096187079,0.298752649267516
2019-04-30,0.959145061081761,0.268747844262545
2019-05-01,0.95788093486871,0.268486907254211
2019-05-02,0.955398446739473,0.260595773091118
2019-05-03,0.940861052252765,0.212221156937244
2019-05-06,0.959223492760376,0.27968321846051
2019-05-07,0.951918378232929,0.260792428988389
2019-05-08,0.951109751616968,0.259251645714843
2019-05-09,0.953840169731181,0.25636645643385
2019-05-10,0.96064886086577,0.281997884226381
2019-05-13,0.965880954301816,0.302391782320624
2019-05-14,0.995927772441056,0.639260602691271
2019-05-15,0.995631494053301,0.596012271818808
2019-05-16,0.994134280517407,0.546643230504147
2019-05-17,0.990826108059968,0.498685809172696
2019-05-20,0.99171778695182,0.556281656508081
2019-05-21,0.989360343739403,0.47958844567835
2019-05-22,0.987041598288695,0.443439272122911
2019-05-23,0.986821481653772,0.439097950198417
2019-05-24,0.982198525781822,0.404887292670884
2019-05-28,0.979453331090914,0.381480221630951
2019-05-29,0.977522528715504,0.364238702260648
2019-05-30,0.97373588268169,0.340249422049202
2019-05-31,0.97582777074031,0.332262025199507
2019-06-03,0.961197513092132,0.300425740656841
2019-06-04,0.941413991880801,0.240692491561917
2019-06-05,0.983619647049574,0.403469902086734
2019-06-06,0.981662917439586,0.388669308816716
2019-06-07,0.976836040937853,0.353312237677656
2019-06-10,0.976467031968423,0.354584929596014
2019-06-11,0.975041592184687,0.342650943294478
2019-06-12,0.971710153776131,0.325905817383596
2019-06-13,0.970997177512086,0.330321023824728
2019-06-14,0.965417926098786,0.310339454105634
2019-06-17,0.97790103269226,0.369795215499777
2019-06-18,0.979773776500108,0.381813737846785
2019-06-19,0.973221233869081,0.341751539263362
2019-06-20,0.970735530654591,0.325254547106705
2019-06-21,0.854934839683834,0.188430678672853
2019-06-24,0.927738215371079,0.26418618879444
2019-06-25,0.960676879367605,0.344678051923518
2019-06-26,0.980117142245386,0.443940206063969
2019-06-27,0.990000861497582,0.54243832686726
2019-06-28,0.998211897058734,0.825318433636379
2019-07-01,0.99903496641639,0.889743528959784
2019-07-02,0.999718772934319,0.961862812425323
2019-07-03,0.99640127208752,0.706955260631398
2019-07-05,0.997487314845095,0.784638948574599
2019-07-08,0.99523495405376,0.678941959276775
2019-07-09,0.994477716597642,0.669888610809124
2019-07-10,0.995763021680525,0.710602944311736
2019-07-11,0.992893146266887,0.610094732187685
2019-07-12,0.994313035617379,0.66155232838174
2019-07-15,0.993491655151258,0.643270361277048
2019-07-16,0.99561772146102,0.691642702637689
2019-07-17,0.99950129686947,0.939376654586298
2019-07-18,0.997693231625159,0.801221256502926
2019-07-19,0.998825908648644,0.882879811250553
2019-07-22,0.997656501126086,0.805527990390363
2019-07-23,0.995978103104711,0.726833114822643
2019-07-24,0.996561594362428,0.763007731951687
2019-07-25,0.994581342040482,0.690850612393129
2019-07-26,0.989793839695022,0.578103357409327
2019-07-29,0.986612503309438,0.529541057073789
2019-07-30,0.986274415852135,0.516317089812063
2019-07-31,0.980161853601698,0.457044807612295
2019-08-01,0.982915979741346,0.466922208931437
2019-08-02,0.980299431842614,0.432328078303339
2019-08-05,0.953624889298653,0.313511197585971
2019-08-06,0.960964177975283,0.387893971220444
2019-08-07,0.963170226510235,0.399753862965272
2019-08-08,0.937422330579569,0.350714507068536
2019-08-09,0.937396992501778,0.349396790498917
2019-08-12,0.942739591499006,0.361968937552943
2019-08-13,0.961256013598077,0.42249121336412
2019-08-14,0.975707246558622,0.503895051542538
2019-08-15,0.98689991586444,0.56272702273877
2019-08-16,0.985981549461111,0.551838649312297
2019-08-19,0.981740981619534,0.504049291174941
2019-08-20,0.977055626111871,0.461217144354736
2019-08-21,0.97666380673057,0.460483510874786
2019-08-22,0.98711756378936,0.560875366163699
2019-08-23,0.981761647576592,0.500971281118071
2019-08-26,0.955105796982631,0.380041748123842
2019-08-27,0.92657934504964,0.290938211631888
2019-08-28,0.924172934723622,0.283834356724628
2019-08-29,0.952798207357418,0.351647688466723
2019-08-30,0.954990019090991,0.367762703706307
2019-09-03,0.952658423588231,0.357158417129649
2019-09-04,0.976224993618001,0.432635373715686
2019-09-05,0.973893407623324,0.416592486497188
2019-09-06,0.921599593492328,0.262307501670957
2019-09-09,0.93065255769936,0.28236865881981
2019-09-10,0.930232031844161,0.279237686481605
2019-09-11,0.941646547375434,0.315077207638604
2019-09-12,0.943943596801422,0.320286482693525
2019-09-13,0.950759336352587,0.339935325592841
2019-09-16,0.947200130500046,0.331885222401608
2019-09-17,0.943512927828591,0.323753120570188
2019-09-18,0.946779858043217,0.330690023186343
2019-09-19,0.947911687712021,0.332494248516097
2019-09-20,0.940220516761782,0.309595560572904
2019-09-23,0.939050531612167,0.301158226879762
2019-09-24,0.947480975007207,0.306202003185251
2019-09-25,0.994094064150426,0.529904292941267
2019-09-26,0.981748813989915,0.36480540415233
2019-09-27,0.98340187432486,0.37610988457793
2019-09-30,0.980116785172296,0.345811534595242
2019-10-01,0.97607598977232,0.323055223535025
2019-10-02,0.967571874242956,0.291532335760811
2019-10-03,0.954293121077365,0.252595799461814
2019-10-04,0.955248296174808,0.251667543818179
2019-10-07,0.954901793063342,0.251813836393779
2019-10-08,0.954758251780811,0.252821383836999
2019-10-09,0.953962466639862,0.25018213835254
2019-10-10,0.965470961347806,0.303875860905486
2019-10-11,0.95447887571854,0.271093836900207
2019-10-14,0.956257771823232,0.298229142099796
2019-10-15,0.945413514551722,0.269541057342494
2019-10-16,0.938174166616539,0.266563531003659
2019-10-17,0.940999178279604,0.26224548422696
2019-10-18,0.942218233516834,0.265270427624378
2019-10-21,0.946763709313144,0.279693788724762
2019-10-22,0.950085295804249,0.280946756421409
2019-10-23,0.950789941681621,0.283667337517929
2019-10-24,0.979902602103747,0.356090342361537
2019-10-25,0.974077397434551,0.318951144512352
2019-10-28,0.995592342412039,0.579989621977006
2019-10-29,0.995782812231268,0.585589473914419
2019-10-30,0.993807214486665,0.519222054788263
2019-10-31,0.99147505843879,0.459486437624028
2019-11-01,0.982670361099002,0.347720891080376
2019-11-04,0.979602110756564,0.325133460882469
2019-11-05,0.975958475075503,0.303194227119219
2019-11-06,0.941169818027119,0.200920779883091
2019-11-07,0.939520530204158,0.198632887104405
2019-11-08,0.906031051316362,0.169789853329608
2019-11-11,0.946700884143033,0.229156164980678
2019-11-12,0.947161302825061,0.229521925783066
2019-11-13,0.947415318856882,0.231924207229499
2019-11-14,0.943054156388769,0.222481999698769
2019-11-15,0.94028250097499,0.211368893135711
2019-11-18,0.949206877507197,0.236138843010111
2019-11-19,0.94650968841638,0.231937425138287
2019-11-20,0.959181780589597,0.258059610651092
2019-11-21,0.961840651304558,0.267530344906278
2019-11-22,0.972150660382491,0.345997387297978
2019-11-25,0.97927894554418,0.390558495491475
2019-11-26,0.97674168014879,0.374235200015567
2019-11-27,0.972657039479822,0.350993946620331
2019-11-29,0.974029031497716,0.335342619906087
2019-12-02,0.973678080057161,0.313870753467786
2019-12-03,0.977275480739344,0.354688286439858
2019-12-04,0.96540794701897,0.282023648034189
2019-12-05,0.962738929457966,0.27640255326945
2019-12-06,0.964718145527873,0.285601313416014
2019-12-09,0.94222787668146,0.216519128596129
2019-12-10,0.922617831556138,0.193786989910896
2019-12-11,0.942295985793529,0.218512756672961
2019-12-12,0.942250361260074,0.215684733561107
2019-12-13,0.94176570372105,0.214889060922239
2019-12-16,0.937651750283157,0.209007106028152
2019-12-17,0.946396317772177,0.207892668198168
2019-12-18,0.975099852797952,0.297164287872454
2019-12-19,0.988123380089831,0.374361215941776
2019-12-20,0.984877197953464,0.337900328306846
2019-12-23,0.980873639642108,0.30776033402158
2019-12-24,0.97700607982019,0.280683491544741
2019-12-26,0.962753183788681,0.220803974435517
2019-12-27,0.948501349664736,0.184396069497911
2019-12-30,0.947529363446143,0.18448264937278
2019-12-31,0.946296819236265,0.184332321012312
2020-01-02,0.950253659926578,0.185760441650748
2020-01-03,0.957683356074607,0.191456565439971
2020-01-06,0.952879408990203,0.251062184238657
2020-01-07,0.93560806296357,0.235766558167012
2020-01-08,0.974144814455627,0.360177984990796
2020-01-09,0.967146014069264,0.332062898702315
2020-01-10,0.968432855012023,0.343694859941004
2020-01-13,0.971864712594103,0.365723150735935
2020-01-14,0.968969230854973,0.349828770979928
2020-01-15,0.984845281901118,0.418428776970787
2020-01-16,0.980172917449591,0.375654630060042
2020-01-17,0.9771280564564,0.357533969095987
2020-01-21,0.97350301420438,0.34629705739084
2020-01-22,0.967140918268267,0.314430499772925
2020-01-23,0.964642218788411,0.306110971169758
2020-01-24,0.966228591512153,0.292927232465676
2020-01-27,0.961641890830273,0.278235509681968
2020-01-28,0.960819811721585,0.282016878865685
2020-01-29,0.981727932400346,0.319686323461416
2020-01-30,0.978432578971173,0.299543204406647
2020-01-31,0.971108639375336,0.27764733456318
2020-02-03,0.969674148986917,0.274311726753893
2020-02-04,0.965977564012364,0.261854810585829
2020-02-05,0.930510907451186,0.213467569341126
2020-02-06,0.953393630610882,0.267078555443252
2020-02-07,0.952458137802928,0.267235831150726
2020-02-10,0.951857352752731,0.266341909560981
2020-02-11,0.95272364373025,0.270096259059073
2020-02-12,0.951231269817889,0.251015383701393
2020-02-13,0.951089903568915,0.251225429417398
2020-02-14,0.948777686753625,0.240599811994027
2020-02-18,0.945820449012799,0.237656306730355
2020-02-19,0.954270979471062,0.26858998066838
2020-02-20,0.971643503097978,0.300182712996732
2020-02-21,0.965303224550064,0.273271016525568
2020-02-24,0.929889162111446,0.203636237572628
2020-02-25,0.898293262556058,0.172299171835469
2020-02-26,0.916364684637647,0.225918288786378
2020-02-27,0.955545085472178,0.312726414902702
2020-02-28,0.956287253499619,0.31486385363362
2020-03-02,0.766572597208701,0.148120563518054
2020-03-03,0.631787928445295,0.109308912331852
2020-03-04,0.623350277688087,0.109736449460779
2020-03-05,0.676812807772816,0.121986961721496
2020-03-06,0.760262775414216,0.153893023105805
2020-03-09,0.794740020755292,0.167948264720086
2020-03-10,0.946531927689201,0.305259794047935
2020-03-11,0.957553258416209,0.348347453467465
2020-03-12,0.951478105566461,0.329089867449568
2020-03-13,1,2.41066347834808
2020-03-16,1,1.44560205767504
2020-03-17,1,1.1040582565599
2020-03-18,1,1.03631704535821
2020-03-19,0.996215981027614,0.907201948555637
2020-03-20,1,1.10414614257613
2020-03-23,1,1.11582450085909
2020-03-24,1,1.12140182037351
2020-03-25,0.975857134223635,0.680951858064582
2020-03-26,0.974071563648813,0.66761560658174
2020-03-27,0.974735665917257,0.670381801704404
2020-03-30,0.974417330475352,0.669785706700044
2020-03-31,0.974873525946508,0.675487301995343
2020-04-01,0.960299046906249,0.585087516350882
2020-04-02,0.965515242655414,0.607071051860039
2020-04-03,0.93417462636431,0.497274805677928
2020-04-06,0.941097229316039,0.514449679956512
2020-04-07,0.955957930185929,0.565373001339918
2020-04-08,0.960416716648081,0.578197750358296
2020-04-09,0.966580053072374,0.605861602763664
2020-04-13,0.821677637856364,0.307858612215611
2020-04-14,0.705185265747678,0.233548662994699
2020-04-15,0.751154963411288,0.255263315337125
2020-04-16,0.804281651833148,0.29395339164028
2020-04-17,0.922545048227857,0.428965235026878
2020-04-20,0.904535397832581,0.393777519948235
2020-04-21,0.884724271609515,0.361685627127892
2020-04-22,0.905593213175956,0.399279276674454
2020-04-23,0.867187604766057,0.35602588780127
2020-04-24,0.916070293389706,0.42877282667649
2020-04-27,0.925288776552552,0.444902836360697
2020-04-28,0.933228893852178,0.459923069856841
2020-04-29,0.943346616739471,0.485703346487921
2020-04-30,0.997085273808506,0.894929285601679
2020-05-01,0.991992519505242,0.781511039957957
2020-05-04,0.990781009348039,0.76179462799043
2020-05-05,0.98802554592316,0.720965377003079
2020-05-06,0.986089754389093,0.695098207360729
2020-05-07,0.974564561476083,0.576123403848951
2020-05-08,0.973668381505335,0.609561195406342
2020-05-11,0.97204224867553,0.599186545702401
2020-05-12,0.99541738379075,0.871004696631819
2020-05-13,0.994298678061423,0.845393414158761
2020-05-14,0.996612583625608,0.8980475933151
2020-05-15,0.993308450271888,0.835668292041432
2020-05-18,0.992818555636663,0.819380648528439
2020-05-19,0.9904928218697,0.783979264881783
2020-05-20,0.987397094336128,0.742632078502719
2020-05-21,0.987279389556603,0.737590427583748
2020-05-22,0.978387561494275,0.672823969714573
2020-05-26,0.975306491682989,0.649689844118438
2020-05-27,0.972671023415003,0.6263716336018
2020-05-28,0.981608088475179,0.693544780884791
2020-05-29,0.986954640641943,0.746718767755152
2020-06-01,0.970818806314828,0.604618537024765
2020-06-02,0.966938606995871,0.593276032778037
2020-06-03,0.969916122092981,0.613768798589198
2020-06-04,0.943052202492377,0.491582539403447
2020-06-05,0.936607476308386,0.474859004679149
2020-06-08,0.871450210558565,0.364165539844343
2020-06-09,0.810892682539718,0.299427001542982
2020-06-10,0.83589779474343,0.319676686445406
2020-06-11,0.867238817315589,0.350251665888187
2020-06-12,0.945672311641292,0.469908824505235
2020-06-15,0.951958516098735,0.488205405873951
2020-06-16,0.955136927888265,0.498851626035225
2020-06-17,0.956037745722718,0.502107962564069
2020-06-18,0.958865823254824,0.512302892290266
2020-06-19,0.959959874766682,0.516745091052279
2020-06-22,0.944410858308606,0.447615453942077
2020-06-23,0.933153036327969,0.421620942023603
2020-06-24,0.938980793964339,0.441281521537451
2020-06-25,0.96203707320308,0.526207884948176
2020-06-26,0.962522796815319,0.527697812577413
2020-06-29,0.961188607631418,0.515817358764189
2020-06-30,0.958061991871834,0.498702300492881
2020-07-01,0.944854502285695,0.449142776681705
2020-07-02,0.926458054702347,0.394081441203371
2020-07-06,0.93404904306548,0.405619855479074
2020-07-07,0.938008711482242,0.416639924648677
2020-07-08,0.932864278702614,0.403750601045462
2020-07-09,0.94147095753513,0.429281722865535
2020-07-10,0.938711968415595,0.4294445155906
2020-07-13,0.943999453370647,0.442904186828936
2020-07-14,0.94828943849897,0.454962095309173
2020-07-15,0.951195391761581,0.46328875499325
2020-07-16,0.954295174120898,0.472853776990876
2020-07-17,0.946465044200174,0.448912190979747
2020-07-20,0.945821088834329,0.445077029084389
2020-07-21,0.945192229501144,0.441283871013501
2020-07-22,0.927099944578998,0.409829238266404
2020-07-23,0.921645422093209,0.403480415832378
2020-07-24,0.905520334121818,0.37327235208378
2020-07-27,0.919237695898034,0.3950116315042
2020-07-28,0.979958411085969,0.637162033211394
2020-07-29,0.993048170437977,0.811219885300185
2020-07-30,0.990980382595348,0.775743836795303
2020-07-31,0.985724974264359,0.703644866193892
2020-08-03,0.977794642046147,0.633357594640504
2020-08-04,0.967113671661654,0.562153839096814
2020-08-05,0.936095658708596,0.431122796856524
2020-08-06,0.951414858377467,0.497109072816277
2020-08-07,0.946325419534387,0.477841497787329
2020-08-10,0.908212624973921,0.396435565073106
2020-08-11,0.870753338791809,0.332188655924287
2020-08-12,0.718623115596747,0.245183221096941
2020-08-13,0.770373836560555,0.272476665527238
2020-08-14,0.807026599371834,0.298237474610018
2020-08-17,0.82683837231342,0.313162780408549
2020-08-18,0.854212715677268,0.332245207608206
2020-08-19,0.874175164010219,0.352416907201764
2020-08-20,0.852265150456925,0.337704861852108
2020-08-21,0.855119222268077,0.335426872871811
2020-08-24,0.904233956025339,0.39792644931973
2020-08-25,0.920230772774127,0.42588026924019
2020-08-26,0.942386295990653,0.489100367911988
2020-08-27,0.923474886867437,0.442035885552697
2020-08-28,0.925454146055597,0.450191832504952
2020-08-31,0.882416258364356,0.383151326886511
2020-09-01,0.840508074921242,0.334836065393768
2020-09-02,0.895041083052796,0.397989862714287
2020-09-03,0.930695601311581,0.489665522546378
2020-09-04,0.996005459122162,0.902860367566953
2020-09-08,0.995977367083377,0.900749116073226
2020-09-09,0.995329755908317,0.887343671174033
2020-09-10,0.992934558230175,0.844514586327663
2020-09-11,0.990747956890385,0.810975214929573
2020-09-14,0.982568591198927,0.715720269019622
2020-09-15,0.973746133740611,0.642706280645346
2020-09-16,0.979814915225218,0.685401606198723
2020-09-17,0.980060146512574,0.68607229453667
2020-09-18,0.964685815440232,0.586517775408391
2020-09-21,0.961939549087711,0.570317133366847
2020-09-22,0.961118202617978,0.56027339622645
2020-09-23,0.973431102308404,0.626941403764545
2020-09-24,0.935832040182292,0.4965901317542
2020-09-25,0.969597596142522,0.628762173705607
2020-09-28,0.967859255432483,0.618378329232671
2020-09-29,0.964721409600674,0.59891850899595
2020-09-30,0.953681167852714,0.550875225949982
2020-10-01,0.956273013713371,0.560102184000411
2020-10-02,0.948908782626459,0.520047583066479
2020-10-05,0.950773032449563,0.525709190031584
2020-10-06,0.95165706212302,0.524606207851304
2020-10-07,0.950036601876248,0.519353676844514
2020-10-08,0.937612979954494,0.475216473368136
2020-10-09,0.953733822382548,0.526452328006014
2020-10-12,0.922949912737886,0.443735502337927
2020-10-13,0.922754098371642,0.458665381295115
2020-10-14,0.884561070787619,0.387921519752423
2020-10-15,0.899486206333174,0.408037324075032
2020-10-16,0.917225832289235,0.438376364337252
2020-10-19,0.937635158912211,0.485679423831319
2020-10-20,0.949746583412858,0.518888822201917
2020-10-21,0.968854816223914,0.601389884789067
2020-10-22,0.995981075634972,0.897229671129783
2020-10-23,0.982406872316294,0.705302376914304
2020-10-26,0.981526426739966,0.695447365615031
2020-10-27,0.980633306420455,0.685557359832077
2020-10-28,0.989224326875216,0.777320695448151
2020-10-29,0.968454704650057,0.620237298299882
2020-10-30,0.966657258307191,0.605653053845104
2020-11-02,0.965240140857554,0.597212379312618
2020-11-03,0.96408263300324,0.591008793013769
2020-11-04,0.96059774739666,0.578517342680541
2020-11-05,0.955460961393497,0.549399530106703
2020-11-06,0.988876959014464,0.842865923194331
2020-11-09,0.989480673743232,0.847585715690602
2020-11-10,0.991982576954195,0.873933402822575
2020-11-11,0.983749138149418,0.78820594403745
2020-11-12,0.981815472280685,0.764641658315113
2020-11-13,0.988026052968243,0.822861449377866
2020-11-16,0.984299288290072,0.784994391731884
2020-11-17,0.980345432767023,0.748632945157439
2020-11-18,1,1.09744301397036
2020-11-19,0.999340075453503,0.983615011398016
2020-11-20,0.994044260073701,0.879732696979008
2020-11-23,0.997446835914964,0.942298037127068
2020-11-24,0.99350277902595,0.870876783659035
2020-11-25,0.966328177539097,0.603575296735314
2020-11-27,0.972122530708458,0.634078629441967
2020-11-30,0.972761723254604,0.636060305924408
2020-12-01,0.997198796886234,0.918525382066991
2020-12-02,0.972026372910467,0.623660334827614
2020-12-03,0.973315304130475,0.632276459789223
2020-12-04,0.97249909814212,0.626544371711095
2020-12-07,0.98364937089627,0.71208962829355
2020-12-08,0.985544152893518,0.728145376943365
2020-12-09,0.991854424270551,0.800286142524902
2020-12-10,0.957587004284051,0.51445055949991
2020-12-11,0.962792723801588,0.535890580542305
2020-12-14,0.964880017914888,0.542434578190032
2020-12-15,0.983612894882166,0.675764284121646
2020-12-16,0.972176547888846,0.589404142251518
2020-12-17,0.997258326008997,0.903778466330752
2020-12-18,0.995252549123758,0.867105785915357
2020-12-21,0.994282625513299,0.845598433593858
2020-12-22,0.992771852664574,0.815766209471006
2020-12-23,0.987856988633176,0.736877020400853
2020-12-24,0.987179744612749,0.722919939876362
2020-12-28,0.986372596957142,0.712790775602443
2020-12-29,0.998474615123859,0.944120935840776
2020-12-30,0.997298275603473,0.907666965353613
2020-12-31,0.998632208161237,0.950969045019059
2021-01-04,0.996144023569971,0.880247102065707
2021-01-05,1,1.18865479102189
2021-01-06,1,1.16538878256792
2021-01-07,0.983494366232709,0.59037863003524
2021-01-08,0.989370705416821,0.666509777117793
2021-01-11,0.918718187329043,0.287627562324362
2021-01-12,0.893781040683987,0.28607860424082
2021-01-13,0.957290540581534,0.419287136560617
2021-01-14,0.974989816373597,0.510318733708428
2021-01-15,0.97892894629648,0.536577335602473
2021-01-19,0.982254614393245,0.576442414990663
2021-01-20,0.978144194243855,0.539661437271266
2021-01-21,0.971637438514075,0.487986013323733
2021-01-22,0.995921412449697,0.799512447655784
2021-01-25,0.996213091435343,0.80173611454439
2021-01-26,0.995139005892303,0.768617692247388
2021-01-27,0.99377024845291,0.729651477926883
2021-01-28,0.996152084032534,0.80456131761797
2021-01-29,0.998144135382886,0.875607501938798
2021-02-01,0.99670302535499,0.812032717474857
2021-02-02,0.994564603920603,0.73675485157677
2021-02-03,0.982456834399853,0.491637728151173
2021-02-04,0.985944806160175,0.527991447448375
2021-02-05,0.955451749636448,0.353868387513644
2021-02-08,0.95482592746657,0.36000843815252
2021-02-09,0.975961019560489,0.485086024915201
2021-02-10,0.992621663465177,0.68500022490037
2021-02-11,0.992481363119702,0.678650817314912
2021-02-12,0.991237065181585,0.631247617867747
2021-02-16,0.989790341357109,0.605028773443423
2021-02-17,0.988428736616323,0.579685836292825
2021-02-18,0.979106099953395,0.430533607612343
2021-02-19,0.978005188454044,0.42173165625046
2021-02-22,0.988025702611823,0.521222615286179
2021-02-23,0.98582995937475,0.492366638070875
2021-02-24,0.99799491591524,0.814329707593246
2021-02-25,0.996046878537575,0.712389115779195
2021-02-26,0.992645603953714,0.637841931881015
2021-03-01,0.966121063136877,0.391966642489973
2021-03-02,0.933105042599876,0.286352021900743
2021-03-03,0.940771851795855,0.304157115691156
2021-03-04,0.946522890059309,0.304505402332823
2021-03-05,0.954305331519197,0.335833542479648
2021-03-08,0.955552099219913,0.338826145646142
2021-03-09,0.963406896820068,0.362474396792136
2021-03-10,0.964182174114111,0.431492348902596
2021-03-11,0.96655464254499,0.442519014675871
2021-03-12,0.970796241116826,0.463028029343381
2021-03-15,0.970302845425036,0.460138771612325
2021-03-16,0.971667214908258,0.463726747857805
2021-03-17,0.977199461395536,0.497506784068919
2021-03-18,0.978942499735065,0.502946567276525
2021-03-19,0.977180174823145,0.485057504004807
2021-03-22,0.972195992423774,0.453091259226676
2021-03-23,0.972316832303739,0.441660826461814
2021-03-24,0.973767478483692,0.47143038239184
2021-03-25,0.977336219816235,0.482903628280286
2021-03-26,0.975026315480852,0.473120043293105
2021-03-29,0.987251833924029,0.599072198624519
2021-03-30,0.985277700755983,0.57745306015346
2021-03-31,0.96337865033495,0.376710524082644
2021-04-01,0.938506275762862,0.299975530122349
2021-04-05,0.937335861354544,0.297032243780004
2021-04-06,0.939021326943219,0.294089621399061
2021-04-07,0.934970882133052,0.282325053295698
2021-04-08,0.956641233947345,0.337795695423336
2021-04-09,0.961619824355702,0.374020786700905
2021-04-12,0.953342551095742,0.345956179229459
2021-04-13,0.951944995414093,0.325967742389779
2021-04-14,0.970618212540436,0.423064723899261
2021-04-15,0.965011938278442,0.397784845367644
2021-04-16,0.934914813868163,0.306288638765061
2021-04-19,0.943641236455951,0.313972846992121
2021-04-20,0.971536248559589,0.377736831854782
2021-04-21,0.970732022094001,0.368932693591178
2021-04-22,0.973281234828185,0.356749596601154
2021-04-23,0.975531505205356,0.38634989001653
2021-04-26,0.973627694169171,0.377633595240993
2021-04-27,0.97024628960372,0.360407466034025
2021-04-28,0.985582567330718,0.459072846962538
2021-04-29,0.981871482291279,0.423569851786633
2021-04-30,0.979950812862621,0.414457479888865
2021-05-03,0.988892265948019,0.498891064215042
2021-05-04,0.985946639206272,0.460814836411305
2021-05-05,0.98934900241738,0.559220788106721
2021-05-06,0.993096063799994,0.647476157420717
2021-05-07,0.978073843820708,0.428293960409856
2021-05-10,0.974148805327193,0.406652066897775
2021-05-11,0.96853443342195,0.376882916828272
2021-05-12,0.96886370933752,0.379409703161325
2021-05-13,0.99784420980785,0.851795268247423
2021-05-14,0.996697109902233,0.798974117459896
2021-05-17,0.993637526711899,0.699953606163477
2021-05-18,0.995371348201104,0.719361327517496
2021-05-19,0.996029041071467,0.742994002082447
2021-05-20,0.998767336014766,0.855185931203234
2021-05-21,0.999103096771411,0.885058303348359
2021-05-24,0.999387665499454,0.92034140585915
2021-05-25,0.998260304074136,0.820791179566737
2021-05-26,0.996697835028853,0.73838712180483
2021-05-27,0.995290532723647,0.682147566087224
2021-05-28,0.993353116087379,0.628192079731666
2021-06-01,0.994783158719091,0.653207700556626
2021-06-02,0.992704838634198,0.598818266719746
2021-06-03,0.990578396935255,0.556674239579049
2021-06-04,0.96648743122929,0.294250958084819
2021-06-07,0.97216044345641,0.287438400182973
2021-06-08,0.973318104118805,0.266114626477713
2021-06-09,0.976895067423706,0.291402905413456
2021-06-10,0.989767933568446,0.399211551274134
2021-06-11,0.988279387756511,0.380231026349229
2021-06-14,0.981794743549814,0.309367472681748
2021-06-15,0.97493554545853,0.25620678373109
2021-06-16,0.976816922452962,0.244238896888557
2021-06-17,0.980442749837381,0.255512678146881
2021-06-18,0.845451849452891,0.0994448475884293
2021-06-21,0.901767114475452,0.130787617424693
2021-06-22,0.922525166855096,0.151191436614945
2021-06-23,0.94523702463229,0.184636858682865
2021-06-24,0.952645770131739,0.200946243089591
2021-06-25,0.954999077627056,0.201955768583579
2021-06-28,0.979843680012711,0.286978701944681
2021-06-29,0.983891117530529,0.314789609268299
2021-06-30,0.98124371816874,0.260807671130037
2021-07-01,0.979593593985294,0.247260428460268
2021-07-02,0.980665721419614,0.247704566721807
2021-07-06,0.977566435174507,0.235013878737667
2021-07-07,0.974040126747018,0.21875630268074
2021-07-08,0.969857550372381,0.201555127027332
2021-07-09,0.970865452839813,0.210885058482031
2021-07-12,0.96831273256157,0.215662196790957
2021-07-13,0.961861180225843,0.195980087160812
2021-07-14,0.964671719903375,0.199448887060995
2021-07-15,0.953955793018986,0.177957493658344
2021-07-16,0.961214664199591,0.188184022435516
2021-07-19,0.951191253654845,0.179203499793003
2021-07-20,0.940043869771317,0.165046400361689
2021-07-21,0.965243469545501,0.209590302692849
2021-07-22,0.978343174223023,0.217976431142688
2021-07-23,0.97514073764647,0.206682308612223
2021-07-26,0.975129951448732,0.198368193960716
2021-07-27,0.97993382565693,0.202063456653282
2021-07-28,0.989473847020221,0.264267431451154
2021-07-29,0.986832918215375,0.241511445724759
2021-07-30,0.967213275712256,0.156729280016187
2021-08-02,0.965536720569411,0.119230846891264
2021-08-03,0.966022792868974,0.153110220268859
2021-08-04,0.972761299023128,0.188496299846369
2021-08-05,0.974687831152824,0.195116344007391
2021-08-06,0.972960536417732,0.18402615082534
2021-08-09,0.928995910016597,0.0520526700103913
2021-08-10,0.900448273269019,0.00904162043826201
2021-08-11,0.907962256164682,0.0122593118584934
2021-08-12,0.901519358799237,0.0129830357954296
2021-08-13,0.91712462697789,0.0180809000313947
2021-08-16,0.945964868042916,0.0816116322284775
2021-08-17,0.935288130717003,0.0618574817122771
2021-08-18,0.950148462524421,0.0765069258574827
2021-08-19,0.949373686606309,0.077898083475914
2021-08-20,0.957772549180437,0.0831443942611229
2021-08-23,0.968161747711471,0.0964443079211343
2021-08-24,0.965279341062546,0.0949631512227958
2021-08-25,0.967386448238612,0.098269038294058
2021-08-26,0.955153316595219,0.0638731642835861
2021-08-27,0.96358771078906,0.0671222133535824
2021-08-30,0.957122427106137,0.108257983381867
2021-08-31,0.941994216746685,0.0800185906305767
2021-09-01,0.946478157837226,0.0810574663971354
2021-09-02,0.953441525757085,0.0843448385793274
2021-09-03,0.95065070580405,0.0820059105997838
2021-09-07,0.934215177835916,0.0828199727067811
2021-09-08,0.968021694617683,-0.00176922397214748
2021-09-09,0.966251763183397,0.00611971316610916
2021-09-10,0.963222296775856,0.0102691492141038
2021-09-13,0.964044896502526,0.0291714830763459
2021-09-14,0.95881425535059,0.0261027688718121
2021-09-15,0.959427674062254,0.0494711941507247
2021-09-16,0.952597906294045,0.0347006430450733
2021-09-17,0.898577438328391,0.0376998574255537
2021-09-20,0.907129708940793,0.0434496174513099
2021-09-21,0.922279065816401,0.0553027078217878
2021-09-22,0.978751622861045,-0.00805621656638046
2021-09-23,0.981618630125541,-0.00526989056332931
2021-09-24,0.966796774326283,-0.0279911298177467
2021-09-27,0.970468853220852,-0.0266333625695851
2021-09-28,0.968631920199753,-0.0218588097686163
2021-09-29,0.967007833613959,0.0103495216278772
2021-09-30,0.958953420651836,0.00600026769688281
2021-10-01,0.946383292175497,0.0643322937270049
2021-10-04,0.973079543913291,0.0939017125715454
2021-10-05,0.971593149561105,0.0942592777658537
2021-10-06,0.97599862305145,0.0848579556436475
2021-10-07,0.981441509540127,0.097995188100986
2021-10-08,0.980131180793033,0.103651622325459
2021-10-11,0.976893696684385,0.0993567485788123
2021-10-12,0.975426463221647,0.0945301718003665
2021-10-13,0.971357272550767,0.0910156347071723
2021-10-14,0.937287791314588,0.0930458877664703
2021-10-15,0.938459439389414,0.0953369031993033
2021-10-18,0.943805976603026,0.0150480147784443
2021-10-19,0.920809958556203,0.0172351038280085
2021-10-20,0.938368132924018,0.0260429452435916
2021-10-21,0.939447960226358,0.0378539242492403
2021-10-22,0.960942401598832,0.0600012945760086
2021-10-25,0.95775390051153,0.0474539549647784
2021-10-26,0.952954513185954,0.0550346213129357
2021-10-27,0.94998377719037,0.0700887779661213
2021-10-28,0.955790329651413,0.0709828951739554
2021-10-29,0.960579564246867,0.0814026113400355
2021-11-01,0.947504596069941,0.0504587083831457
2021-11-02,0.935181535970711,0.0589072168690001
2021-11-03,0.940896119923098,0.0552042777673339
2021-11-04,0.913729961887858,0.0524053876764129
2021-11-05,0.896908501986156,0.0260960093220244
2021-11-08,0.885802381904596,0.0219942862722651
2021-11-09,0.91510230736793,0.0595614275342902
2021-11-10,0.937783437646648,0.0734410162305152
2021-11-11,0.939088556083508,0.0589619456450884
2021-11-12,0.933063421817168,0.0567145386815468
2021-11-15,0.93598308736799,0.0582261135213075
2021-11-16,0.935860705558385,0.0606015781565857
2021-11-17,0.96840684159,0.15068487243575
2021-11-18,0.960225222374882,0.137195297242417
2021-11-19,0.972567501348564,0.193913281632289
2021-11-22,0.96784710472838,0.173126275938861
2021-11-23,0.961592994445691,0.160572439627232
2021-11-24,0.942636692612425,0.145409862950639
2021-11-26,0.948783874178167,0.155263336543911
2021-11-29,0.97366595453975,0.213558220042704
2021-11-30,0.978787429750693,0.2340386971309
2021-12-01,0.973144143410261,0.209693951040509
2021-12-02,0.968490434539825,0.196888389564471
2021-12-03,0.951348007375263,0.175703314876773
2021-12-06,0.956126281960504,0.136137424582522
2021-12-07,0.967052190695426,0.0891591669424064
2021-12-08,0.966183020465442,0.0928695606943974
2021-12-09,0.964105928698141,0.092788632903028
2021-12-10,0.973046436669184,0.140497931089353
2021-12-13,0.969218590115849,0.130529094864275
2021-12-14,0.96856937938387,0.14144497934028
2021-12-15,0.968302107529874,0.183309348531858
2021-12-16,0.970958762427121,0.171941058006523
2021-12-17,0.943123074075342,0.0917793884746245
2021-12-20,0.94992580507944,0.0933410925623408
2021-12-21,0.949254042222488,0.0968625504817308
2021-12-22,0.95804654354976,0.0944925479461612
2021-12-23,0.951151821552993,0.085057318969296
2021-12-27,0.959741273992054,0.112580366915521
2021-12-28,0.954916626041059,0.10607506444587
2021-12-29,0.97298121995951,0.13385569391894
2021-12-30,0.971216019562156,0.141118136606635
2021-12-31,0.967280361683501,0.139383338302932
2022-01-03,0.95949992915216,0.112258490426141
2022-01-04,0.952604217282872,0.11646560644171
2022-01-05,0.950386554408261,0.0953030142407265
2022-01-06,0.963684446968,0.0832970725670486
2022-01-07,0.921706238419762,0.0719240230537069
2022-01-10,0.938750325387183,0.0743957487258907
2022-01-11,0.938167011837726,0.0768731971955163
2022-01-12,0.931164825889119,0.0874671536783752
2022-01-13,0.939099120852369,0.10177635408123
2022-01-14,0.94910439362704,0.123516527534805
2022-01-18,0.947185127948123,0.120151599139634
2022-01-19,0.946332317775977,0.124593032108792
2022-01-20,0.911083399616794,0.0752794298429114
2022-01-21,0.928894070066233,0.0880230739217936
2022-01-24,0.982809794015344,0.265539179279509
2022-01-25,0.979161121309145,0.251669797054289
2022-01-26,0.976835176317435,0.250090633601552
2022-01-27,0.962348152398707,0.204881650827935
2022-01-28,0.924509167285194,0.140343937160006
2022-01-31,0.927873050878599,0.140864437919602
2022-02-01,0.928547335678197,0.140084386246501
2022-02-02,0.9329943554203,0.14714085669713
2022-02-03,0.955232660589418,0.161482041407539
2022-02-04,0.951770860243313,0.155988997640481
2022-02-07,0.98648650646787,0.289987966014996
2022-02-08,0.984658761787317,0.278790135801848
2022-02-09,0.983432475686343,0.278635849915443
2022-02-10,0.979118073738277,0.254510072404038
2022-02-11,0.976662334918366,0.244058758533901
2022-02-14,0.975325041229661,0.233901575553962
2022-02-15,0.97077234608407,0.217497632575227
2022-02-16,0.970507865107204,0.171921045987719
2022-02-17,0.962189520200918,0.143303862660661
2022-02-18,0.96449364990515,0.0161533213817738
2022-02-22,0.963355092434526,0.0210569472873245
2022-02-23,0.961164789248205,0.0249216602714329
2022-02-24,0.962190173130434,0.0262493757884843
2022-02-25,0.957574301578697,0.0453223486828168
2022-02-28,0.911718378650173,0.00467172568584835
2022-03-01,0.873728070272537,-0.00942010824153595
2022-03-02,0.942293818247723,0.102988125982651
2022-03-03,0.937737110424825,0.104250069514378
2022-03-04,0.94412596754167,0.103587611133633
2022-03-07,0.957043364966521,0.0605969076123535
2022-03-08,0.945686099855426,0.0477406297505342
2022-03-09,0.915851187999113,0.0399236006311168
2022-03-10,0.913111847036866,-0.0253899155493764
2022-03-11,0.9357875703644,-0.0362425354324566
2022-03-14,0.935810479286438,-0.0285477981424408
2022-03-15,0.932921966333419,-0.024429233555457
2022-03-16,0.913636351289855,-0.0258025468088885
2022-03-17,0.921985994499366,-0.0447244692490604
2022-03-18,0.900003531012039,-0.0404427177392133
2022-03-21,0.903753104972584,-0.0444911868589731
2022-03-22,0.903580511778896,-0.0383972155808017
2022-03-23,0.910793728269915,-0.0422503422777703
2022-03-24,0.909269304067262,-0.0342068599048613
2022-03-25,0.903486706616587,-0.0127327906215464
2022-03-28,0.906685828078747,-0.0126095530655587
2022-03-29,0.929293233096157,-0.0266135441596519
2022-03-30,0.908310990001828,-0.0474174217839354
2022-03-31,0.899683289693682,-0.0486966845850784
2022-04-01,0.916485484109264,-0.0684118097762589
2022-04-04,0.887479617276133,-0.0675375598552583
2022-04-05,0.860525179927809,-0.055627697665055
2022-04-06,0.880671324631918,-0.054551755369235
2022-04-07,0.93253120130573,-0.0580044900794342
2022-04-08,0.92739252769051,-0.0501760552577035
2022-04-11,0.936491422098513,-0.0582720866381116
2022-04-12,0.93851553435803,-0.061481981410215
2022-04-13,0.92651636991733,-0.0923491268538779
2022-04-14,0.931957937763233,-0.0857657748100947
2022-04-18,0.938937438735022,-0.0703750783693666
2022-04-19,0.934191712369847,-0.0600923813767817
2022-04-20,0.913302513860495,-0.0783108772679561
2022-04-21,0.916011497392152,-0.0754895177720914
2022-04-22,0.923664954460776,-0.0673484930274495
2022-04-25,0.923225169366995,-0.0486715733705181
2022-04-26,0.91490752163068,-0.0426144730068411
2022-04-27,0.941193398676323,-0.0653712044243102
2022-04-28,0.935683433398038,-0.0800506487303609
2022-04-29,0.936140358782373,-0.0757642963937893
2022-05-02,0.930947222941516,-0.0993186079497566
2022-05-03,0.917997371132701,-0.0955850360492655
2022-05-04,0.921559442388571,-0.0979392233447038
2022-05-05,0.946317490884389,-0.124969443700814
2022-05-06,0.971225450629576,-0.204565492900931
2022-05-09,0.967543452260526,-0.189737384465622
2022-05-10,0.976928226972813,-0.256199907462626
2022-05-11,0.977219082261493,-0.158400570602047
2022-05-12,0.978513323053399,-0.200789991944003
2022-05-13,0.961734965612143,-0.140147525726509
2022-05-16,0.954236531404974,-0.124968078843752
2022-05-17,0.95065615927422,-0.137123168859007
2022-05-18,0.949129502854538,-0.130126699733234
2022-05-19,0.962896006855179,-0.136872527185619
2022-05-20,0.959152891121781,-0.0657420333267741
2022-05-23,0.963004882982359,-0.0633809660695816
2022-05-24,0.961023975954284,-0.0576068123081024
2022-05-25,0.950889660009838,-0.0474461107372453
2022-05-26,0.936069010489594,-0.0332276308930383
2022-05-27,0.937317013378539,-0.0302550479313885
2022-05-31,0.942144241348976,-0.0313358891181625
2022-06-01,0.962453003825893,-0.0251138051174969
2022-06-02,0.974575271169698,-0.021977839723077
2022-06-03,0.962001004498268,0.00815997327796836
2022-06-06,0.951871093316112,0.0352314732960639
2022-06-07,0.939018741708971,0.0179168883200232
2022-06-08,0.942711977524367,0.0271164068746654
2022-06-09,0.950112373544565,0.0275058117126724
2022-06-10,0.947816232646855,0.0307456438881849
2022-06-13,0.940620526965948,-0.00748931756237737
2022-06-14,0.973226000545638,-0.180830353633571
2022-06-15,0.98684752365354,-0.0763685912382347
2022-06-16,0.985627090251443,-0.0637242980464176
2022-06-17,0.981426104913044,-0.165582313655662
2022-06-21,0.979122331734555,-0.148854819915744
2022-06-22,0.976811077618024,-0.145712869381568
2022-06-23,0.976677304231297,-0.135891543347427
2022-06-24,0.976098276696074,-0.151448092889685
2022-06-27,0.973445722621395,-0.136700892491002
2022-06-28,0.970338238557732,-0.12247846891303
2022-06-29,0.971162363742782,-0.105792808735378
2022-06-30,0.966903164332714,-0.0894902043677211
2022-07-01,0.960858844593093,-0.0647220872315401
2022-07-05,0.960345380137426,-0.0480038737114599
2022-07-06,0.959051643072015,-0.0546407861116101
2022-07-07,0.925866850057613,-0.057348344486964
2022-07-08,0.948285433164537,-0.0611762502131462
2022-07-11,0.94641249220318,-0.0560184337732016
2022-07-12,0.957878813936257,-0.0632238013154761
2022-07-13,0.974511316516208,-0.0285765384500987
2022-07-14,0.974010254960528,0.00141095124977671
2022-07-15,0.946672145245866,-0.015958395634559
2022-07-18,0.946598255616246,-0.0139951785451809
2022-07-19,0.950487318407227,-0.0154229331656771
2022-07-20,0.974069567046059,-0.0191930684099455
2022-07-21,0.968178362853914,-0.0078697670365539
2022-07-22,0.961066743316003,-0.00632068474070308
2022-07-25,0.954612037096687,-0.0166099406944069
2022-07-26,0.950276036820007,-0.0305829118400687
2022-07-27,0.959641428237181,-0.0235418861886216
2022-07-28,0.975266139720554,-0.0243288230382487
2022-07-29,0.957889514688066,0.0357367122047482
2022-08-01,0.95358878508237,0.0353450056312664
2022-08-02,0.950138535157899,0.0291100335332991
2022-08-03,0.951971908244621,0.0317253964556811
2022-08-04,0.943194390929243,0.0366371271491996
2022-08-05,0.909895672366477,0.0177201686602137
2022-08-08,0.913191671614678,0.00485041979945239
2022-08-09,0.905454091189981,0.00733712901753069
2022-08-10,0.910713960946117,0.0079243654612578
2022-08-11,0.930469456394149,0.012023563177606
2022-08-12,0.928606662906137,0.0149200559035821
2022-08-15,0.930888898293259,0.024307585668866
2022-08-16,0.928512683398028,0.0234693631978607
2022-08-17,0.930857063284008,0.0371063591130721
2022-08-18,0.932004801836258,0.0607292619489671
2022-08-19,0.931335915263539,0.0648732698350887
2022-08-22,0.984427839259168,0.234228202586966
2022-08-23,0.980715037351825,0.20583516719693
2022-08-24,0.974859696040153,0.187062650293996
2022-08-25,0.971851237375125,0.179555248411315
2022-08-26,0.96627557318119,0.169984613427185
2022-08-29,0.971602798597397,0.270083116387836
2022-08-30,0.958522386631908,0.239586644769354
2022-08-31,0.952795357781533,0.231359301185636
2022-09-01,0.948565096356465,0.218329412074714
2022-09-02,0.93647389538502,0.196529442261448
2022-09-06,0.933012031427279,0.187346875122047
2022-09-07,0.957430450256269,0.196495074193099
2022-09-08,0.953783142923552,0.201371677002484
2022-09-09,0.949939117845917,0.194670685550853
2022-09-12,0.985265321336293,0.371871008240463
2022-09-13,0.983131948763048,0.359585618054024
2022-09-14,0.984741195097023,0.452854836911883
2022-09-15,0.981627943946886,0.424047771321802
2022-09-16,0.963022984714659,0.343894208503703
2022-09-19,0.962540694935523,0.341854241780568
2022-09-20,0.961564594339873,0.33696256901672
2022-09-21,0.97061018548002,0.386157484428355
2022-09-22,0.970385555042888,0.381464593463687
2022-09-23,0.977031702123334,0.428147357686042
2022-09-26,0.952017584159543,0.323736608423059
2022-09-27,0.931647303777461,0.288977166784712
2022-09-28,0.936105475463272,0.297356428503691
2022-09-29,0.897220017455668,0.249043655976492
2022-09-30,0.90891916878139,0.26242554482182
2022-10-03,0.919770766189753,0.276580843044794
2022-10-04,0.92758926655654,0.288130990295025
2022-10-05,0.942970027161,0.367138471938315
2022-10-06,0.943290036044623,0.369704668560328
2022-10-07,0.948270193340353,0.38272596946251
2022-10-10,0.951095597321625,0.39934808207795
2022-10-11,0.94825032173908,0.394453029441777
2022-10-12,0.948516280216754,0.38662562453786
2022-10-13,0.945242919028813,0.374365185942513
2022-10-14,0.948691152973646,0.382345654489231
2022-10-17,0.904084812817052,0.302874405792694
2022-10-18,0.86547255187107,0.253014276910223
2022-10-19,0.88219176328272,0.26850001789917
2022-10-20,0.874316483727107,0.266291655822227
2022-10-21,0.895801983183185,0.289052996016432
2022-10-24,0.887794117542045,0.280030147809092
2022-10-25,0.884211374848485,0.279134096743026
2022-10-26,0.932826048598702,0.355112187969618
2022-10-27,0.94952021869397,0.407151196033904
2022-10-28,0.959053082133168,0.442905485847918
2022-10-31,0.936710341452317,0.359844505602907
2022-11-01,0.915476887448554,0.315356143432547
2022-11-02,0.923118933501504,0.324650184351396
2022-11-03,0.937140880115954,0.352288723569927
2022-11-04,0.91839683397847,0.312558958456632
2022-11-07,0.887470278162974,0.32137031383971
2022-11-08,0.825585718603516,0.249608610285263
2022-11-09,0.957632864997556,0.347538635484299
2022-11-10,0.989302244726868,0.568503877209746
2022-11-11,0.988185154182233,0.587233441573326
2022-11-14,0.987598795003299,0.573093334402129
2022-11-15,0.986374190724777,0.550773225997223
2022-11-16,0.986157938183093,0.546956320734105
2022-11-17,0.985545275776673,0.539192381587356
2022-11-18,0.981567842091571,0.496705322290829
2022-11-21,0.978106817304596,0.467243423834124
2022-11-22,0.977416294313177,0.469040945722539
2022-11-23,0.975520580080059,0.455029578248611
2022-11-25,0.975323578784763,0.457094279687306
2022-11-28,0.971770561082049,0.432780875484281
2022-11-29,0.968528761372321,0.41194040156199
2022-11-30,0.963652832005477,0.389438185941148
2022-12-01,0.973741094544622,0.429519516216238
2022-12-02,0.866910965026716,0.181604365643175
2022-12-05,0.881977414194083,0.192234610249752
2022-12-06,0.895433208145129,0.204878311306345
2022-12-07,0.907172136542739,0.216918492670674
2022-12-08,0.910799608313296,0.212507456734919
2022-12-09,0.927664849013305,0.235485950765976
2022-12-12,0.929583064888206,0.235659046940924
2022-12-13,0.929736490700377,0.235236153901471
2022-12-14,0.913856974726011,0.254372937524594
2022-12-15,0.919253623704018,0.261523972163826
2022-12-16,0.902496007650965,0.262334509424015
2022-12-19,0.938614082867282,0.30490324404074
2022-12-20,0.936960764365859,0.300259300677016
2022-12-21,0.915758550008793,0.27073018672044
2022-12-22,0.924536344418506,0.284097417701674
2022-12-23,0.88958301480239,0.237121805274044
2022-12-27,0.901275311176646,0.248590738851069
2022-12-28,0.912972025351958,0.260106528953091
2022-12-29,0.922161077120599,0.276310810913192
2022-12-30,0.923550314076995,0.279015043251296
2023-01-03,0.930274921564478,0.290274393392136
2023-01-04,0.934756784646021,0.298183598005838
2023-01-05,0.932568154877245,0.297755394948728
2023-01-06,0.916051618219267,0.271368466741724
2023-01-09,0.882274175320807,0.233926469305967
2023-01-10,0.859337802613959,0.216872607167086
2023-01-11,0.89591160937236,0.248524709470426
2023-01-12,0.926079570451399,0.290490670880034
2023-01-13,0.954798199679537,0.390443025066151
2023-01-17,0.967316769885366,0.47061530075411
2023-01-18,0.95604485103525,0.422325224435083
2023-01-19,0.962290259279561,0.447957317731728
2023-01-20,0.957926003449782,0.435659205466605
2023-01-23,0.985366351242806,0.615188160052489
2023-01-24,0.983020537034296,0.588318822063617
2023-01-25,0.980032526579731,0.557014003351861
2023-01-26,0.978518423639587,0.546329261317374
2023-01-27,0.970754137462099,0.494003851574546
2023-01-30,0.968397478947184,0.479556016015722
2023-01-31,0.966085599742367,0.466069784650975
2023-02-01,0.962992721390626,0.448903886036756
2023-02-02,0.966750444215786,0.460968865150018
2023-02-03,0.960109608976427,0.436563343092217
2023-02-06,0.833234173143366,0.229685828023315
2023-02-07,0.772344121318113,0.207657084049521
2023-02-08,0.815504934686188,0.231858659282815
2023-02-09,0.857884071163425,0.261651081792158
2023-02-10,0.935257642217029,0.381152018634377
2023-02-13,0.941101818727552,0.39532095461028
2023-02-14,0.944701982006246,0.403080719763564
2023-02-15,0.951493214667621,0.422604518683344
2023-02-16,0.98043704895971,0.485266237864843
2023-02-17,0.980378807827886,0.47799526216174
2023-02-21,0.981978883507519,0.487224061975967
2023-02-22,0.979470671316358,0.465700792557738
2023-02-23,0.97702113347068,0.447597495313439
2023-02-24,0.968084228560447,0.401589853471345
2023-02-27,0.971188554241496,0.430242262884613
2023-02-28,0.965245276605483,0.396399165608881
2023-03-01,0.960474155427149,0.369513775281901
2023-03-02,0.961061909774975,0.37671042488006
2023-03-03,0.95916308196309,0.371023143748929
2023-03-06,0.970839266282467,0.382989167042452
2023-03-07,0.962667839259437,0.345912381359281
2023-03-08,0.918229961649525,0.254398645295974
2023-03-09,0.934862053826737,0.28273190544129
2023-03-10,0.965338939335699,0.323036002535376
2023-03-13,0.940339032809798,0.244426694031792
2023-03-14,0.974462584260066,0.435255800194013
2023-03-15,0.988152300491843,0.546662898439251
2023-03-16,0.984127915031363,0.489694751802142
2023-03-17,0.982964081120427,0.472384405596596
2023-03-20,0.977123781136131,0.504947915323354
2023-03-21,0.953029390818515,0.386182312118785
2023-03-22,0.934185283643621,0.326383419820595
2023-03-23,0.944837478500762,0.34741413791257
2023-03-24,0.926706806540265,0.323459868602936
2023-03-27,0.938779004631966,0.352345220004177
2023-03-28,0.939585207531709,0.353173443751998
2023-03-29,0.936690052840794,0.341069429497606
2023-03-30,0.952334951212713,0.37477501521838
2023-03-31,0.95099762553734,0.365449586841119
2023-04-03,0.949358187628982,0.354735487251448
2023-04-04,0.948560874476823,0.356342005613064
2023-04-05,0.905678720261159,0.269919205619707
2023-04-06,0.915847234271077,0.283669166579102
2023-04-10,0.921286181341568,0.293275136926726
2023-04-11,0.934418074189459,0.308036953982079
2023-04-12,0.965072020590394,0.422160766463932
2023-04-13,0.963545130535282,0.413606207229099
2023-04-14,0.938584901173521,0.338121362725613
2023-04-17,0.888928367801861,0.25574258219502
2023-04-18,0.859854080209776,0.238360771333249
2023-04-19,0.879327629357029,0.257329994036392
2023-04-20,0.945125794435212,0.377376542785386
2023-04-21,0.949813033339728,0.384143680466172
2023-04-24,0.947080526835612,0.397487353765466
2023-04-25,0.928769773006304,0.34344198013863
2023-04-26,0.940994963281759,0.371186983048317
2023-04-27,0.941711619966217,0.371262307771321
2023-04-28,0.959159080296125,0.426779223429799
2023-05-01,0.959542371660707,0.427304620659899
2023-05-02,0.962757705156972,0.439881389136788
2023-05-03,0.93187451969783,0.334485301564959
2023-05-04,0.933028484592591,0.338901959036139
2023-05-05,0.926602251231685,0.320152707183727
2023-05-08,0.902994382954057,0.259737358189513
2023-05-09,0.922705416434325,0.319658512674018
2023-05-10,0.937794559170793,0.343811652369462
2023-05-11,0.94036345828308,0.34942451384378
2023-05-12,0.944401566318709,0.369536089136778
2023-05-15,0.948158804976738,0.37934725463585
2023-05-16,0.949846865663171,0.383045068850851
2023-05-17,0.913671769259339,0.301101272001458
2023-05-18,0.922446410976492,0.311333496113891
2023-05-19,0.917667224383522,0.318649654745545
2023-05-22,0.90901883092137,0.303214419081858
2023-05-23,0.901605277763124,0.290300818656301
2023-05-24,0.916365500115153,0.309867921939987
2023-05-25,0.946518929374163,0.384752573975108
2023-05-26,0.931797021464995,0.343981258460732
2023-05-30,0.938082273198556,0.356815840743685
2023-05-31,0.942002703248372,0.365334162308364
2023-06-01,0.950371155762806,0.383339077799129
2023-06-02,0.94819723979485,0.365579411186287
2023-06-05,0.92087823801458,0.288216762320453
2023-06-06,0.914862480429843,0.296827707269241
2023-06-07,0.930771826036142,0.326879604949826
2023-06-08,0.939307382523689,0.36921373435771
2023-06-09,0.930852504875992,0.350005227930175
2023-06-12,0.936457833825025,0.361510563265979
2023-06-13,0.95042501324194,0.399560489454853
2023-06-14,0.946076076639879,0.385422388828343
2023-06-15,0.95896672152315,0.412515272503665
2023-06-16,0.961145435760416,0.420349107712499
2023-06-20,0.967297313759919,0.444978224048571
2023-06-21,0.985845688660937,0.57822654894179
2023-06-22,0.990033301704914,0.626998434510257
2023-06-23,0.977978184216271,0.491850480825071
2023-06-26,0.977808809846224,0.493025838437205
2023-06-27,0.974857586831139,0.468911006785696
2023-06-28,0.968352773372665,0.427046902154463
2023-06-29,0.969682518751639,0.435329609342229
2023-06-30,0.966794343724497,0.417659843100508
2023-07-03,0.959759878588166,0.385966622518394
2023-07-05,0.954652770388819,0.370671284647478
2023-07-06,0.950327008489729,0.350438100920202
2023-07-07,0.952391805593774,0.367710005119293
2023-07-10,0.944506987953423,0.3520100737339
2023-07-11,0.934812146222439,0.324845518924869
2023-07-12,0.939411089663776,0.335749056891013
2023-07-13,0.917916166099216,0.282602576647308
2023-07-14,0.946664569458163,0.340123441562677
2023-07-17,0.964920226345453,0.400183808303225
2023-07-18,0.963171864021551,0.391955744185089
2023-07-19,0.943305913442479,0.311898211527257
2023-07-20,0.944881380150137,0.315074751026135
2023-07-21,0.942207921417755,0.310564381829943
2023-07-24,0.942489979559494,0.310055933966665
2023-07-25,0.944477128100665,0.316530934642325
2023-07-26,0.950435689879088,0.330602759247711
2023-07-27,0.948573610862048,0.325430854150299
2023-07-28,0.920782756897987,0.275026378139737
2023-07-31,0.919096722811948,0.272231575112063
2023-08-01,0.917572334049968,0.267033364820549
2023-08-02,0.880374886085594,0.208274802833947
2023-08-03,0.908969122028635,0.23995473395303
2023-08-04,0.916381666007527,0.249428831413037
2023-08-07,0.922894729222262,0.256830619787939
2023-08-08,0.926941099506096,0.262225921433251
2023-08-09,0.934654574524071,0.262412632221738
2023-08-10,0.934336483035898,0.265718535048945
2023-08-11,0.937738204625218,0.272550212568224
2023-08-14,0.939327050193527,0.275850335144018
2023-08-15,0.940390593837643,0.27817545828783
2023-08-16,0.93856649390029,0.278820993013195
2023-08-17,0.944374446269294,0.298857942193321
2023-08-18,0.984715139590198,0.553765334724814
2023-08-21,0.983743540494405,0.540901855966971
2023-08-22,0.980292928743619,0.506913141764321
2023-08-23,0.976640850538762,0.476682395628514
2023-08-24,0.961587831462686,0.405973761795632
2023-08-25,0.961892135927943,0.40684565409351
2023-08-28,0.958220209239815,0.393701908053603
2023-08-29,0.95413063952425,0.378647385040886
2023-08-30,0.978381100299607,0.546027931051575
2023-08-31,0.976418020208184,0.525065969338859
2023-09-01,0.986348250950876,0.630268963742387
2023-09-05,0.983523942628928,0.596190336156564
2023-09-06,0.980349334114691,0.563991766382997
2023-09-07,0.974284775532559,0.51675333343343
2023-09-08,0.973245571492431,0.506546687931264
2023-09-11,0.972038046851358,0.49760187691185
2023-09-12,0.970363275714942,0.486372301552695
2023-09-13,0.95997168781154,0.430042800946323
2023-09-14,0.960238112839937,0.427005311200621
2023-09-15,0.959942829351478,0.424082887835516
2023-09-18,0.951269990946587,0.391517313297369
2023-09-19,0.944136560060597,0.367723443155479
2023-09-20,0.953138694520405,0.391451298986925
2023-09-21,0.946140653507866,0.365269986421661
2023-09-22,0.927446282110183,0.347257262523902
2023-09-25,0.93316605794556,0.357648504271568
2023-09-26,0.939178387058853,0.368195353868382
2023-09-27,0.930169654949519,0.351521269722031
2023-09-28,0.890688006839972,0.28156289544028
2023-09-29,0.913396045741034,0.300105319705087
2023-10-02,0.915335581453617,0.304575294015528
2023-10-03,0.923540312989895,0.305873797950686
2023-10-04,0.92869206738026,0.315398776229437
2023-10-05,0.933830179853888,0.320418328033955
2023-10-06,0.942830527268876,0.342044782692121
2023-10-09,0.943582031048579,0.352812277936771
2023-10-10,0.938185151079966,0.334093949648918
2023-10-11,0.941608770654417,0.330946162130371
2023-10-12,0.94539144535628,0.326835935149718
2023-10-13,0.946081438708113,0.329284055010135
2023-10-16,0.804704438049034,0.173324833349467
2023-10-17,0.747322294549727,0.166357786374061
2023-10-18,0.831065947500976,0.206310155938587
2023-10-19,0.824149515760735,0.198207808190308
2023-10-20,0.852884934350609,0.218840587577112
2023-10-23,0.898425893802874,0.268710370184656
2023-10-24,0.936520462417709,0.341518187035328
2023-10-25,0.98191536046343,0.52484631217968
2023-10-26,0.980413816564319,0.512701524211105
2023-10-27,0.978942768282251,0.498631874840595
2023-10-30,0.976939639852341,0.482213710530004
2023-10-31,0.974888558838474,0.466828328896173
2023-11-01,0.967626902057537,0.420611615426995
2023-11-02,0.966269372984622,0.405661502672141
2023-11-03,0.965030039867152,0.39477790692886
2023-11-06,0.96225172994954,0.380482888427979
2023-11-07,0.959737934107295,0.371574376093305
2023-11-08,0.947296628991702,0.323527128050038
2023-11-09,0.93542700998282,0.29189096625182
2023-11-10,0.946756080736446,0.329638417453358
2023-11-13,0.906057882535586,0.234229698633828
2023-11-14,0.878809817955156,0.217102543838645
2023-11-15,0.920048265545433,0.244229641752576
2023-11-16,0.962137086899033,0.327262929425491
2023-11-17,0.962371993553227,0.291131464512708
2023-11-20,0.961838012945333,0.288346455443216
2023-11-21,0.961230338055436,0.284736890507298
2023-11-22,0.958163743318869,0.242331025964354
2023-11-24,0.96488418017784,0.245291689078388
2023-11-27,0.960918772250377,0.230898447833924
2023-11-28,0.956859914754276,0.224424706333982
2023-11-29,0.934620008213713,0.190794816632381
2023-11-30,0.935500745051005,0.192237154443838
2023-12-01,0.933880606644642,0.192869523177036
2023-12-04,0.913850922694608,0.196425102194164
2023-12-05,0.926497029731874,0.252617904924189
2023-12-06,0.973237238096919,0.359558368405431
2023-12-07,0.970405413256789,0.342262021359674
2023-12-08,0.969460271947655,0.338572711262504
2023-12-11,0.944312408950531,0.241153685848423
2023-12-12,0.932046758744866,0.243726943890215
2023-12-13,0.948766919543409,0.277206121274333
2023-12-14,0.957754047010279,0.303428712513385
2023-12-15,0.904208845552204,0.206880738340713
2023-12-18,0.922293632564253,0.233938001705057
2023-12-19,0.924645638140415,0.236672018370749
2023-12-20,0.926311154043903,0.239561902034731
2023-12-21,0.942867107073553,0.262168102486305
2023-12-22,0.943853639172055,0.264424666486456
2023-12-26,0.934913103410251,0.247242971311532
2023-12-27,0.935775833775584,0.231549874763175
2023-12-28,0.928799102671859,0.23549030647495
2023-12-29,0.937650898253614,0.256841447359569
2024-01-02,0.937892775090587,0.263767746047492
2024-01-03,0.957301320445256,0.280583932442765
2024-01-04,0.956711320764517,0.334566272214581
2024-01-05,0.962053925269526,0.357234720232232
2024-01-08,0.961193433050848,0.35356810728294
2024-01-09,0.961987695206903,0.354959105329201
2024-01-10,0.96484332985973,0.363509027264577
2024-01-11,0.961627091981856,0.347907800452736
2024-01-12,0.957380070988035,0.335573214982537
2024-01-16,0.967068203559263,0.217748204578295
2024-01-17,0.950258191353366,0.193188350876529
2024-01-18,0.939064379209469,0.182720580225509
2024-01-19,0.94669938802401,0.179351964742923
2024-01-22,0.946594334621291,0.181280429561744
2024-01-23,0.948709802471127,0.181070242510232
2024-01-24,0.954928875454108,0.190101554997136
2024-01-25,0.949149285508363,0.178607670816627
2024-01-26,0.948025153295136,0.177362152096687
2024-01-29,0.963811365373829,0.205509123494021
2024-01-30,0.961529303097015,0.199777536005907
2024-01-31,0.957899073242826,0.195034983908748
2024-02-01,0.946857617841024,0.166401101241572
2024-02-02,0.946168501000611,0.167946850549224
2024-02-05,0.930992723231742,0.148791275348189
2024-02-06,0.92266501928899,0.151323515014685
2024-02-07,0.925080716491041,0.156337388282378
2024-02-08,0.940455295863086,0.173946558848283
2024-02-09,0.944965920278195,0.176345071556991
2024-02-12,0.955089328520602,0.16975057495321
2024-02-13,0.956199427097064,0.155163231408514
2024-02-14,0.932898315047717,0.101839730553665
2024-02-15,0.949401364495298,0.111091400016103
2024-02-16,0.94452703397184,0.1078678837651
2024-02-20,0.941301634743687,0.107366849119202
2024-02-21,0.938679960497316,0.109131997773562
2024-02-22,0.938248656983275,0.11410215994467
2024-02-23,0.939528661603981,0.119698659676478
2024-02-26,0.927919532703957,0.0977236348583225
2024-02-27,0.93863610351803,0.139558443668182
2024-02-28,0.976998255810333,0.239495791949415
2024-02-29,0.987219112171744,0.293921630502933
2024-03-01,0.98346036383419,0.253382152356169
2024-03-04,0.960320978849926,0.192712102700436
2024-03-05,0.941696925489917,0.186650762093552
2024-03-06,0.941212870105379,0.182800155209372
2024-03-07,0.947878764439018,0.205854995988127
2024-03-08,0.94870690709832,0.209599501951474
2024-03-11,0.944561159469323,0.212356588735529
2024-03-12,0.942066647479181,0.21984284775411
2024-03-13,0.933089670262504,0.190237856056222
2024-03-14,0.936793058573848,0.203838673612993
2024-03-15,0.942433770129665,0.224769151580909
2024-03-18,0.952578964794721,0.253297491756261
2024-03-19,0.962278005731833,0.290005778049228
2024-03-20,0.985661824432133,0.445706144404505
2024-03-21,0.992783843921161,0.556732955307455
2024-03-22,0.986712452029735,0.422975471403183
2024-03-25,0.979861044370589,0.380257975035745
2024-03-26,0.974595439320168,0.310467377404713
2024-03-27,0.977223632939998,0.323922037714303
2024-03-28,0.972750777309106,0.296904257591653
2024-04-01,0.962215127301227,0.269231469832053
2024-04-02,0.949301332868411,0.237398470509339
2024-04-03,0.96699928625072,0.228234972859514
2024-04-04,0.95225280992149,0.196931764448528
2024-04-05,0.958519629141486,0.20409385588778
2024-04-08,0.937653650293619,0.158126939599397
2024-04-09,0.927621438046133,0.168447294351918
2024-04-10,0.931343343752993,0.170425695480639
2024-04-11,0.932786938918247,0.165345599875719
2024-04-12,0.923474944819155,0.149582115717311
2024-04-15,0.949378787442499,0.182921134210815
2024-04-16,0.963539415812205,0.213494358222795
2024-04-17,0.951853505417301,0.180512300703658
2024-04-18,0.95833072401188,0.222929358834254
2024-04-19,0.9633592994423,0.246012026536948
2024-04-22,0.957621202695535,0.232252296743371
2024-04-23,0.957575164408821,0.244556334006922
2024-04-24,0.955672088955837,0.237823498347519
2024-04-25,0.963800439706733,0.267203281895284
2024-04-26,0.960401121391769,0.257488019560628
2024-04-29,0.958674175624505,0.250982008704336
2024-04-30,0.955645159663374,0.242547166243211
2024-05-01,0.922420059429733,0.277672752584341
2024-05-02,0.94724572332034,0.320321447426182
2024-05-03,0.950366972246384,0.327293950618953
2024-05-06,0.973755723601049,0.414192277968259
2024-05-07,0.972220345754174,0.404164700871117
2024-05-08,0.972157570420975,0.408680611043061
2024-05-09,0.971970826239982,0.408966541872166
2024-05-10,0.969765737914688,0.411901646171888
2024-05-13,0.955271923672303,0.307229892909429
2024-05-14,0.936663785772797,0.272143002319639
2024-05-15,0.934696890575309,0.266186433528389
2024-05-16,0.966248676635307,0.415448958161424
2024-05-17,0.966589017527775,0.419251041091291
2024-05-20,0.958264103714893,0.397712328570566
2024-05-21,0.946991041336933,0.367906246230088
2024-05-22,0.951968479180388,0.373794724971101
2024-05-23,0.936111790729017,0.341163215179968
2024-05-24,0.887378439011432,0.278769760285729
2024-05-28,0.901927711797469,0.295503160751173
2024-05-29,0.917023870345872,0.317983083497362
2024-05-30,0.922510124540035,0.330407749054529
2024-05-31,0.931936323217559,0.347999338798278
2024-06-03,0.929601556602839,0.349614815871098
2024-06-04,0.922507129866101,0.3298766993463
2024-06-05,0.935873457110785,0.331286978568259
2024-06-06,0.922034269463672,0.305940117688513
2024-06-07,0.924165372238941,0.306044608158673
2024-06-10,0.833947047360438,0.234160380387887
2024-06-11,0.755668776569258,0.187409338830362
2024-06-12,0.845419237145547,0.237997156242138
2024-06-13,0.856456867310452,0.249272366924797
2024-06-14,0.86463186403663,0.266698460227262
2024-06-17,0.867980588174497,0.262704690824972
2024-06-18,0.865796824975781,0.26098441446927
2024-06-20,0.893013304170565,0.282172359041332
2024-06-21,0.900163220704663,0.288678504532502
2024-06-24,0.876944513039138,0.269634689339665
2024-06-25,0.879149913153811,0.287175434514408
2024-06-26,0.897324247612594,0.311343102945305
2024-06-27,0.910882918056181,0.336118332781436
2024-06-28,0.910006078219194,0.337868163487072
2024-07-01,0.933199690200439,0.37946772252073
2024-07-02,0.951524034926475,0.42856674059341
2024-07-03,0.952397478718463,0.430623048414741
2024-07-05,0.936085633047351,0.344834587735038
2024-07-08,0.910769800320867,0.290164216557852
2024-07-09,0.888883538777333,0.262346258135788
2024-07-10,0.910542179871292,0.28968365101831
2024-07-11,0.918380890400257,0.299048357190964
2024-07-12,0.880319204788076,0.23947535174354
2024-07-15,0.899069915777423,0.258413001694707
2024-07-16,0.962270000884802,0.380836886238019
2024-07-17,0.963691638872502,0.428989346141839
2024-07-18,0.964772512308838,0.435340689585192
2024-07-19,0.964162139989279,0.431828747435276
2024-07-22,0.920317949721531,0.256297736148982
2024-07-23,0.872768981230718,0.194259623354689
2024-07-24,0.899109442498668,0.213179140471178
2024-07-25,0.909820688895915,0.223530645498716
2024-07-26,0.83483427831002,0.158745715052268
2024-07-29,0.869256801534022,0.188900870416881
2024-07-30,0.870799534277113,0.187218779397727
2024-07-31,0.884777529201255,0.187454951645082
2024-08-01,0.903427805226422,0.194173199532512
2024-08-02,0.913328523253775,0.205824773875379
2024-08-05,0.96278947515202,0.319064908094848
2024-08-06,0.978962972231922,0.417719816843567
2024-08-07,0.977778940437104,0.418481988019801
2024-08-08,0.976961644649719,0.412416636696624
2024-08-09,0.993735760320361,0.714886872642351
2024-08-12,0.992025113466994,0.672451005925144
2024-08-13,0.990158596702378,0.632295000032655
2024-08-14,0.988151860736041,0.599952200808288
2024-08-15,0.981243238869567,0.539779710701011
2024-08-16,0.979050600255292,0.513302631548769
2024-08-19,0.956047786486945,0.406322583677919
2024-08-20,0.928676354962481,0.332416186945892
2024-08-21,0.933621803281314,0.341068084883518
2024-08-22,0.951737763292969,0.382865247706557
2024-08-23,0.939233279675542,0.355671584818775
2024-08-26,0.96488733950673,0.469369106000545
2024-08-27,0.954574632002869,0.421636549214766
2024-08-28,0.982528373161052,0.581957218977646
2024-08-29,0.978685405265299,0.548464140896121
2024-08-30,0.970908702774066,0.494507044129111
2024-09-03,0.9539891816699,0.419961066839821
2024-09-04,0.942660368109255,0.394484209041682
2024-09-05,0.946950772439611,0.405534113568824
2024-09-06,0.956938363702539,0.423651574871164
2024-09-09,0.968159151406824,0.488653190169579
2024-09-10,0.964743492949102,0.459111202096781
2024-09-11,0.974168772541962,0.516392805971021
2024-09-12,0.972616122227903,0.505337180150507
2024-09-13,0.948766518771897,0.408230347873566
2024-09-16,0.95719967273206,0.456080794916556
2024-09-17,0.95182691648731,0.419607340113472
2024-09-18,0.951353261041489,0.409962839998414
2024-09-19,0.957358715666609,0.431205342719704
2024-09-20,0.95799665842246,0.438349283969972
2024-09-23,0.940997209954875,0.383066393921418
2024-09-24,0.92583791596432,0.347721108217801
2024-09-25,0.924994740442575,0.349457650440819
2024-09-26,0.939608305784581,0.377175448239609
2024-09-27,0.955981776737688,0.430759028418524
2024-09-30,0.941612709889729,0.378604201993466
2024-10-01,0.934299583933721,0.367941832927095
2024-10-02,0.966902945438224,0.413361995862159
2024-10-03,0.960466045798523,0.386744091313021
2024-10-04,0.959234441952047,0.381184188035277
2024-10-07,0.958871590935445,0.372128426082772
2024-10-08,0.954932758569063,0.356619797296141
2024-10-09,0.935472556673601,0.309525618786412
2024-10-10,0.948573386885868,0.346896402115356
2024-10-11,0.946742913893987,0.338378963829224
2024-10-14,0.943337476707044,0.357974650587989
2024-10-15,0.93377891080479,0.349322986042337
2024-10-16,0.959900388635545,0.433472549390673
2024-10-17,0.958956354139916,0.429640379108468
2024-10-18,0.955343384789634,0.412716425981375
2024-10-21,0.950798398179855,0.40194870134005
2024-10-22,0.943786847270869,0.377091596361234
2024-10-23,0.94225158107974,0.363633414802327
2024-10-24,0.930593240409843,0.346621380120086
2024-10-25,0.940977500580515,0.378552641155092
2024-10-28,0.953145557423635,0.409829555252718
2024-10-29,0.960131817559772,0.436049469399571
2024-10-30,0.981620659768687,0.600504704476782
2024-10-31,0.975800333906157,0.547772912477779
2024-11-01,0.952382161092745,0.45894488312188
2024-11-04,0.956571048078365,0.472902888757377
2024-11-05,0.960445281708536,0.487257671470759
2024-11-06,0.961819010384355,0.491894737467787
2024-11-07,0.941877958863138,0.245029023279268
2024-11-08,0.936832467589716,0.236048068420751
2024-11-11,0.938323612104968,0.237521736416383
2024-11-12,0.964858456801219,0.2845341304575
2024-11-13,0.976191086439928,0.313436434294751
2024-11-14,0.972291462285558,0.281851241604311
2024-11-15,0.97405479290238,0.303321280571896
2024-11-18,0.976664276588086,0.312192585913786
2024-11-19,0.974233759087872,0.301327557650582
2024-11-20,0.970735502861472,0.294436016528791
2024-11-21,0.965370103784755,0.28479005997019
2024-11-22,0.968003247086003,0.321081408845159
2024-11-25,0.948475968579475,0.262449187734986
2024-11-26,0.937648983699911,0.216096796681321
2024-11-27,0.958699988138532,0.257471211763684
2024-11-29,0.964504086920626,0.292244706137649
2024-12-02,0.960963367982878,0.28736623139812
2024-12-03,0.955559504325718,0.266009358870418
2024-12-04,0.953848065941459,0.260033941210094
2024-12-05,0.958753897948412,0.278905480724443
2024-12-06,0.949346063981985,0.274992205078821
2024-12-09,0.958307725391582,0.307562325864829
2024-12-10,0.95526322115221,0.296365638704328
2024-12-11,0.946136920791452,0.241910659242733
2024-12-12,0.950788560271611,0.289047837948638
2024-12-13,0.921180411309642,0.243229512841437
2024-12-16,0.91072166246141,0.221984487192712
2024-12-17,0.906886629725626,0.204134317732097
2024-12-18,0.920200424529526,0.216202847696964
2024-12-19,0.962347298893351,0.315471954980391
2024-12-20,0.942478681761896,0.284832509767405
2024-12-23,0.928180557620573,0.257089485807031
2024-12-24,0.920746820501332,0.230886581583838
2024-12-26,0.937014608364944,0.258906439076114
2024-12-27,0.953287499058667,0.289106652886081
2024-12-30,0.94910106573313,0.287754119465534
2024-12-31,0.941111686122465,0.272319008734732
2025-01-02,0.934708397528061,0.256408290339805
2025-01-03,0.938383012913151,0.27487528289173
2025-01-06,0.93708726165767,0.267496473402374
2025-01-07,0.936300700941984,0.259912305062647
2025-01-08,0.944442514300748,0.260312885959017
2025-01-09,0.950104869831902,0.268553730881208
2025-01-10,0.952547600715603,0.256128948023826
2025-01-13,0.948445959488684,0.261216136256749
2025-01-14,0.938301274090054,0.237766002759958
2025-01-15,0.945178367230689,0.251810595737748
2025-01-16,0.947191685998739,0.293629489466016
2025-01-17,0.931436416926722,0.25320511105837
2025-01-21,0.956424194359308,0.302081782104224
2025-01-22,0.963628508119204,0.321306620110676
2025-01-23,0.96446034305148,0.315793189331521
2025-01-24,0.96136133477458,0.304606490862074
2025-01-27,0.956873444370415,0.292752519397804
2025-01-28,0.955286442904463,0.280085921810352
2025-01-29,0.943105668717906,0.232166335762912
2025-01-30,0.949341611069483,0.244791024320692
2025-01-31,0.90035663567825,0.185519379520331
2025-02-03,0.92070980239591,0.21342692843939
2025-02-04,0.935992671735612,0.243347121377308
2025-02-05,0.940003131097698,0.239697916892987
2025-02-06,0.939611311561988,0.232156994916703
2025-02-07,0.935243327679738,0.22577480339364
2025-02-10,0.935633552716975,0.225716211482976
2025-02-11,0.935601734969825,0.225967787888562
2025-02-12,0.940249920629521,0.235660679967392
2025-02-13,0.946525299791491,0.243195666272875
2025-02-14,0.944163166478922,0.229774261804413
2025-02-18,0.903485080533734,0.165784347355082
2025-02-19,0.878941828743053,0.158741560228684
2025-02-20,0.892736199321372,0.166087912704833
2025-02-21,0.905290500659347,0.183316845677105
2025-02-24,0.927949824458219,0.211788424862003
2025-02-25,0.936288319202964,0.226408480820271
2025-02-26,0.963473940401091,0.388166316251907
2025-02-27,0.974915928134697,0.433450402126787
2025-02-28,0.961562041739596,0.364205060174383
2025-03-03,0.935887160901056,0.295910768531963
2025-03-04,0.934830245915468,0.251797084349325
2025-03-05,0.938525516321206,0.253190482589729
2025-03-06,0.952630763206091,0.285603669242569
2025-03-07,0.953692522927094,0.288429623157628
2025-03-10,0.963409864857164,0.330795670986402
2025-03-11,0.97881499261806,0.430776674037241
2025-03-12,0.973534304375069,0.40012691864989
2025-03-13,0.965696899455004,0.364729532798898
2025-03-14,0.950342216880981,0.276488519318442
2025-03-17,0.959160187362577,0.305541516470452
2025-03-18,0.957672880021671,0.299718638992012
2025-03-19,0.94370517977037,0.252998454641128
2025-03-20,0.963685604799876,0.302658891477863
2025-03-21,0.968603408451264,0.319329229446227
2025-03-24,0.959456191798858,0.288136058353475
2025-03-25,0.952741806393679,0.257043786274528
2025-03-26,0.954153410096717,0.264407838881039
2025-03-27,0.953217753663241,0.26342072619708
2025-03-28,0.92973731526944,0.218673948193272
2025-03-31,0.941025457606504,0.212696355895406
2025-04-01,0.940415074768483,0.196361424901208
2025-04-02,0.950548033546184,0.209138913732251
2025-04-03,0.954983529551726,0.199223082377877
2025-04-04,0.927186845317258,0.152028735625589
2025-04-07,0.828940493028413,0.0866168726841785
2025-04-08,0.828722396780179,0.124939473899041
2025-04-09,0.897227521346577,0.154838757016528
2025-04-10,0.917299910614963,0.234074162135384
2025-04-11,0.882760307434332,0.175022396883822
2025-04-14,0.891807944486765,0.19616097250916
2025-04-15,0.877691453705701,0.18750168665521
2025-04-16,0.890212226747903,0.196828324851444
2025-04-17,0.816194762009724,0.150015621159372
2025-04-21,0.836617970571573,0.158850467803256
2025-04-22,0.858855010930353,0.169012260250307
2025-04-23,0.950352958478012,0.263816841840966
2025-04-24,0.858807297266457,0.155327011249107
2025-04-25,0.85380502921153,0.152419711941532
2025-04-28,0.848821619778966,0.147566352660142
2025-04-29,0.84282492508889,0.145944623328241
2025-04-30,0.860167773832985,0.155868860113886
2025-05-01,0.874841719649211,0.165625502840152
2025-05-02,0.792255213340337,0.102821083314862
2025-05-05,0.818097474994607,0.111655184476604
2025-05-06,0.855928854721618,0.122360057402629
2025-05-07,0.780255836169324,0.109879518508424
2025-05-08,0.802295078965444,0.116894659442656
2025-05-09,0.852157418293958,0.080629057729664
2025-05-12,0.856363056829569,0.0814460375849908
2025-05-13,0.860042479005308,0.0853851372907035
2025-05-14,0.871804920242898,0.0905483047002003
2025-05-15,0.840780595737511,0.0861525750413852
2025-05-16,0.843204239717834,0.0873755722836355
2025-05-19,0.841094928424821,0.0894183603335772
2025-05-20,0.843810075532838,0.083571907072125
2025-05-21,0.839116089665522,0.0913744544862949
2025-05-22,0.873031762715503,0.113519096289576
2025-05-23,0.889276343646852,0.117716008173947
2025-05-27,0.879858293512484,0.0645940563177844
2025-05-28,0.840644564765969,0.055831461269519
2025-05-29,0.864032710312818,0.0632682996326538
2025-05-30,0.885456953320468,0.0639597761535614
2025-06-02,0.892158399842758,0.0756462045887897
2025-06-03,0.89157157354458,0.0707857999650165
2025-06-04,0.894274322705347,0.0736077602555634
2025-06-05,0.89892007446532,0.0729547996543289
2025-06-06,0.921769315663851,0.104107073390488
2025-06-09,0.92255039717803,0.0882510231449675
2025-06-10,0.922546305402743,0.0727142593704746
2025-06-11,0.932175797210763,0.0712180365272206
2025-06-12,0.936704397290837,0.0764581090270517
2025-06-13,0.905752540318993,0.0266987264378001
2025-06-16,0.884543957016717,0.025060173654868
2025-06-17,0.866417671634922,0.022106199358995
2025-06-18,0.885094228809476,0.0287211275424165
2025-06-20,0.895779416110068,0.0321085233097115
2025-06-23,0.909673803896091,0.0363212587694783
2025-06-24,0.915447371689827,0.0394935767885868
2025-06-25,0.87606670690426,-0.0080407847331231
2025-06-26,0.889976508886019,-0.00502189720551491
2025-06-27,0.899542969346425,-0.00350932380540953
2025-06-30,0.846197399973874,9.51504580173577e-05
2025-07-01,0.808455866192317,-0.000861903725760731
2025-07-02,0.829381651863008,-0.0102249552870126
2025-07-03,0.874587871585955,-0.00618619953179123
2025-07-04,0.88235430487975,-0.00600194885738914
2025-07-07,0.900116538854804,-0.00370088917879007
2025-07-08,0.906978466951043,-0.0015832761638226
2025-07-09,0.899320759717307,-0.000157525774217421
2025-07-10,0.915147518885029,0.0035362287947755
2025-07-11,0.94166261460152,0.0120164787360592
2025-07-14,0.924758805885408,0.0241309038797584
2025-07-15,0.910228200402465,0.0315568683802624
2025-07-16,0.909549654885549,0.039372885231411
2025-07-17,0.909519715406451,0.0441885715529197
2025-07-18,0.911313309273855,0.0455100155985452
2025-07-21,0.917767531868068,0.0453024055504787
2025-07-22,0.919645027222762,0.04593501825473
2025-07-23,0.912168072029561,0.0647801467813777
2025-07-24,0.888223717062547,0.071735724019988
2025-07-25,0.890354462180204,0.0764823846279646
2025-07-28,0.879066837161345,0.0802041121763878
2025-07-29,0.868337648089302,0.0736856301796063
2025-07-30,0.883963390646341,0.0784598862457846
2025-07-31,0.881556449416554,0.0804503155594522
2025-08-01,0.906349207991846,0.0947151960421507
2025-08-04,0.883127514420261,0.0558532223885807
2025-08-05,0.855790514347403,0.053591825801749
2025-08-06,0.873981819689897,0.0590785265009937
2025-08-07,0.88928909378647,0.0642887589115745
2025-08-08,0.905829500420415,0.0799127183766871
2025-08-11,0.893891691763741,0.0683329278139683
2025-08-12,0.887455917892921,0.075726732786078
2025-08-13,0.903988390500594,0.081342078178497
2025-08-14,0.923464223740383,0.0977130287272639
2025-08-15,0.946080571191916,0.153380732171012
2025-08-18,0.946429360759245,0.155499061446836
2025-08-19,0.945410573701701,0.155538947743397
2025-08-20,0.956614706392238,0.201890052890004
2025-08-21,0.946829313120264,0.192040764715269
2025-08-22,0.949325825026448,0.201614788655268
2025-08-25,0.951123146473999,0.241770828702224
2025-08-26,0.948484792329983,0.204040836163435
2025-08-27,0.94800500816149,0.200230867510688
2025-08-28,0.945747354928266,0.194453473394951
2025-08-29,0.939413003785385,0.191013308598642
2025-09-02,0.939808096213987,0.148390692078097
2025-09-03,0.930583903729635,0.155169702591981
2025-09-04,0.915767939991511,0.143139464496221
2025-09-05,0.914056138344553,0.14814438307183
2025-09-08,0.896405208569531,0.132607185348166
2025-09-09,0.882063798099245,0.125874732952733
2025-09-10,0.895744531412175,0.134889300158075
2025-09-11,0.915598968574808,0.149497244487142
2025-09-12,0.922752204025018,0.154241182910634
2025-09-15,0.925522631261966,0.158548239313801
2025-09-16,0.927980699530428,0.16006613875654
2025-09-17,0.931785003182889,0.166140338374996
2025-09-18,0.932460297027151,0.169308740120411
2025-09-19,0.908976156427864,0.141530029663671
2025-09-22,0.912010408179782,0.13463656034184
2025-09-23,0.912167763995044,0.127643610658715
2025-09-24,0.913364004733313,0.104752578369632
2025-09-25,0.888580256334334,0.0821844545237818
2025-09-26,0.930863193492239,0.103917445740111
2025-09-29,0.920288072639748,0.100662836080114
2025-09-30,0.918497949108624,0.114594634303067
2025-10-01,0.924584439180342,0.125729248442359
2025-10-02,0.943414860713016,0.167300869180595
2025-10-03,0.936976613452773,0.149399696268033
2025-10-06,0.926373324762253,0.147588410873918
2025-10-07,0.916552353350825,0.145376434454828
2025-10-08,0.922002590257464,0.140924824222455
2025-10-09,0.892705438435024,0.134402681980455
2025-10-10,0.824153002213901,0.119789719886452
2025-10-13,0.933866592442882,0.164903268059923
2025-10-14,0.933054019539333,0.165338659798953
2025-10-15,0.931969003347223,0.162186013578843
2025-10-16,0.932079613092129,0.151295358354926
2025-10-17,0.880870041248292,0.0827785394399564
2025-10-20,0.848816679987312,0.0862642148872472
2025-10-21,0.822865631729477,0.0663120358235602
2025-10-22,0.56234264728762,0.0392658509530089
2025-10-23,0.614174366833432,0.0450331208134835
2025-10-24,0.660416965473005,0.0548885084061852
2025-10-27,0.71171560372613,0.0617414711737902
2025-10-28,0.773214354154577,0.0713971595138859
2025-10-29,0.797286149283566,0.0785906682407813
2025-10-30,0.8540464648206,0.0912244326981874
2025-10-31,0.879139135295332,0.0987610958431594
2025-11-03,0.889684574495025,0.101726955871842
2025-11-04,0.897074252560134,0.10853271636941
2025-11-05,0.954233570093056,0.251178885272739
2025-11-06,0.953025526411354,0.255837798767243
2025-11-07,0.958436201767481,0.27117614306844
2025-11-10,0.958447668607595,0.276147374883239
2025-11-11,0.955684805502831,0.270638528998767
2025-11-12,0.956164322147421,0.274255022329757
2025-11-13,0.888877433091258,0.152166059019051
2025-11-14,0.907493837095979,0.172019827993717
2025-11-17,0.90978589955546,0.241087855515938
2025-11-18,0.863868104372424,0.199794256790952
2025-11-19,0.882684826538703,0.215507313400925
2025-11-20,0.901293429488661,0.231513067017944
2025-11-21,0.948613661494699,0.323572922574327
2025-11-24,0.951768904530054,0.327481597644638
2025-11-25,0.953189686329203,0.334158919164169
2025-11-26,0.941284446008688,0.306164984275183
2025-11-28,0.953850384161005,0.348569691999808
2025-12-01,0.950695993099978,0.3361253988507
2025-12-02,0.95197475091396,0.330131797442818
2025-12-03,0.934077798515385,0.266019397837507
2025-12-04,0.943500034577111,0.287263184233562
2025-12-05,0.947781027579074,0.293817595615389
2025-12-08,0.959850489962205,0.328278279412501
2025-12-09,0.958219519868132,0.32227937810742
2025-12-10,0.961982503484705,0.343692721157613
2025-12-11,0.959141137719298,0.335765609931028
2025-12-12,0.896937075202327,0.222410212115322
2025-12-15,0.922579852700444,0.249146671661625
2025-12-16,0.936825643361232,0.267974561083893
2025-12-17,0.940033183049085,0.274557066682306
2025-12-18,0.93540945820402,0.248534859639775
2025-12-19,0.938705708808525,0.256229569905522
2025-12-22,0.950144382366429,0.290518711790978
2025-12-23,0.946975374355335,0.283232234095038
2025-12-24,0.939669064194541,0.256592781006509
2025-12-26,0.940732212170898,0.258516848917685
2025-12-29,0.941371858388272,0.259816934073567
2025-12-30,0.941642345940745,0.260079826279564
2025-12-31,0.926418158017888,0.239965375904586
